DATE_TIME,OPEN,HIGH,LOW,CLOSE,RSI,MACD,MACD_Histogram,MACD_Signal,EMA,Stochastic_%K,Stochastic_%D,ADX,DI+,DI-,ATR,CCI,WilliamsR,Momentum,ROC,day_of_month_sin,day_of_month_cos,hour_of_day_sin,hour_of_day_cos,day_of_week_sin,day_of_week_cos,day_of_year_sin,day_of_year_cos,S&P500_Close,vix_close,BC-BO,BH-BL,CLOSE_15m_tick_1,CLOSE_15m_tick_2,CLOSE_15m_tick_3,CLOSE_15m_tick_4,CLOSE_15m_tick_5,CLOSE_15m_tick_6,CLOSE_15m_tick_7,CLOSE_15m_tick_8,CLOSE_30m_tick_1,CLOSE_30m_tick_2,CLOSE_30m_tick_3,CLOSE_30m_tick_4,CLOSE_30m_tick_5,CLOSE_30m_tick_6,CLOSE_30m_tick_7,CLOSE_30m_tick_8
2025-06-09 03:58:41,0.15410126145047862,-0.5557492556366982,0.771690003722899,0.4474149253690744,0.6910394054356964,0.2582676584342584,-0.20902249181573107,-0.1740615175682082,0.21536500782937432,-2.2968600295129242,-0.8598817574091236,-2.4287940978285367,-1.3587956797683272,-0.44894983639585767,-0.0833702499166127,0.6984962377101082,-0.20395754956514725,-0.10826870427201842,-0.2846872583990163,-0.28395368033788265,-0.391467476069848,-0.15005373408290848,0.964296169093646,0.675593113160381,-1.2157668545776685,0.39384931885916763,0.40992068412466537,0.5376819400387007,0.5383955760803393,1.0498987597877503,1.9006753976827573,-1.2798252718319298,-0.6185153282470955,-1.0561153890187536,0.3602976212416709,-1.4340729463634785,-0.5905847402456473,0.02296830324773639,-1.8222345221719032,1.107507472552177,-0.25750483141165004,-0.32353752237852046,0.2822557256394058,2.0387941466319273,-0.45352800977017044,0.12718180137539115,-0.1612984103742684
2025-06-09 04:58:41,-1.107267373485958,0.5274153345420179,0.2817627528048475,0.39881835179478486,0.1953975846843965,0.3404226491553664,-1.0547675658390505,0.9177240060966119,0.8420024613260955,0.1820090529912983,0.2599248455242127,-0.4809502608688948,-0.8016430618407102,0.13521184429734,1.733311699388012,-0.10682457745738914,0.49553942271888407,0.6586949376658364,-0.5951972625652485,-0.7933847241984312,-0.7429851762330714,-0.27338704673083414,0.0031484229827482865,0.46549184689448125,-0.9981162830309552,-0.6373832342857156,0.6604388686280427,0.5868511707170044,-1.3679203067958332,-0.6242148621285312,-1.0436692628138078,0.44286570526962066,0.8711674122676101,0.3358173060075515,-0.10556660274994618,0.05767439533220603,3.0093062317728223,-0.29083218277105416,-0.648400966156732,1.4436319824256587,0.34503768516348415,-1.8947545983422742,0.8154765468896892,-0.052246663756459984,-1.3320730324053338,0.7142906227066613,-0.39770674205955137
2025-06-09 05:58:41,0.9432237667230273,-1.4526999109225331,0.5214716714397601,1.2140410436599398,0.05636036791469543,-0.8620293292756623,-0.12832570196658144,1.3075911711916914,2.043655659610634,0.7311207974838053,0.35028232231631234,-0.28419267584469077,-1.2078908487597484,-0.20394792737948722,-1.0248255874830121,0.4387471202142764,-1.4215351653936563,0.19065932233477864,-0.7975183367614607,0.9415847969400217,-0.6621427767304289,0.4339783641799476,-0.7815132942244936,-0.2880978496274777,-1.9488620379189705,0.09620042276747925,-0.15416300239521463,2.0409016669724487,2.043328293603489,0.5152351037672297,-1.1647809878479656,0.1743423038711148,2.1299133614270316,0.25037844909019424,0.48350219315841075,-0.7219303053548486,0.6840914326796471,1.272339609237471,1.5175481091335257,1.642500361282188,1.558939919959236,-1.1764347803393764,-1.059771657509938,-0.9235001071263832,0.8074366195890926,1.9537632272399408,-0.707832572457239
2025-06-09 06:58:41,-0.2690583942187836,0.2484438634189046,-0.007881193714939873,-0.7150848755701211,0.5771247878415063,-2.682055047275385,0.18335528802690043,-0.05789199951346918,0.948047354132728,-0.35031659193376724,0.396409029376643,-0.6338348106060593,-0.6108473421385621,-0.07108198636203425,-0.16844766244693918,1.8675101840145099,-1.0562897737466097,0.42715595871126905,-0.3319628010754372,0.31948943791983697,-1.2727622305348434,-0.22362774454242404,-0.12245106107334063,-0.6735295547982465,1.4789395298446042,0.4655054583453416,0.004334736427625514,-0.9315631916170217,0.054030409347427207,0.3384299219962909,0.3997847006449139,-0.306878312011873,2.0069074500917887,1.3104924479716966,-0.4409719852592547,0.9914825190220846,0.9046832009558865,0.46278291064281035,-0.8465078757100863,1.3408849689260518,-0.0017350491661168675,0.2605915076142011,0.8991625346695555,-0.04338557901598131,0.7906083509710126,-0.8299725652616837,0.0832047803386873
2025-06-09 07:58:41,-0.38846310419906704,0.20540876416235532,-0.5805040973859134,-0.520690493315439,0.7919148149758487,-0.7347803471665361,-0.5846250116849291,-2.566247231718917,-1.3182060768485375,-0.039234664999229785,0.8837483849430938,1.2246520171892161,-0.3895778484185735,1.1032847225727331,-1.4589398407165515,0.5392678133589894,0.12882663138561726,1.4745284304974924,0.066666460604666,-0.7771357250756449,0.7918554437057375,0.7294346770787224,0.7653145717915615,-0.5357045485264506,0.5036332391362961,0.8338930648434272,-0.08401183699180208,-0.790844855075427,-0.1280044855827582,1.5543918263917078,1.6768591042808183,1.1845206045920251,-1.8029263101193946,-0.17162086419611605,-1.0087129998263251,0.39476015351190413,-0.9912641218379235,-1.4008025073393475,-1.9055687157766477,0.4252608193183677,1.0759121035085681,-1.792914849172851,0.022654142463658385,-0.6089783736187716,1.1300233754128837,-0.01846523909682718,0.24023152560702138
2025-06-09 08:58:41,0.86139751683868,-0.9236506766402804,0.03420768220057905,-0.790723796435166,-1.1758944923461132,1.1847609722826509,-0.12251838554826829,0.7623841520819709,1.2420061291885385,0.5076577149548909,-0.9911764379278372,-0.7791169893812182,1.4143459115360735,-0.952741577361485,0.33025535344942614,-0.11197399491291529,0.5972396364050732,0.40749009035827216,-0.5004832238168383,-1.3003035002503474,0.10991012356850084,0.3870194732144897,0.6327809549182289,0.0365194303040936,0.19429214514531903,-1.6332872348040512,0.5629781471302279,-0.5219618090716843,1.0588086142048427,-0.7915223439197583,-1.0911845066122459,1.9298513478830763,-1.6776554505474779,-1.2201059676709194,-0.7210062632948019,2.7201878410616978,0.4900161587746497,0.5407036684057881,1.6282539390537814,-1.8695401524878668,-1.3196268039959551,-0.6992940700831072,-0.05864398465308073,0.1472037134472202,-0.9842556710347802,-1.1618712435970724,0.9623340240438911
2025-06-09 09:58:41,1.0784500756783555,-1.1299652711224335,-0.09963199562621329,-0.23593178545000656,-0.3509852132237633,-0.8266203271190484,-1.0412291356975718,0.6612737949399456,1.0115151234897,-0.6592288165856375,0.062489451430389,0.39675696391114107,0.48438793514491424,2.980254727912841,1.2448583619463915,-0.42356097383377533,0.7929562580100141,0.6090249375401517,0.018761697193837433,-1.2328173357605574,0.3098878468571471,-0.5546357869912648,-1.6029309821444597,1.0479560431032797,-1.41819829692996,0.5770493984557016,0.4907834490549268,0.14299661613110143,-0.9483342159787349,0.8079397548358088,-1.1384214555789316,-1.3124348897139582,-0.6477784902189374,0.16432984784555657,-0.001387056662823505,-0.4249197565548633,-0.13230584327675943,-1.1422508261791302,0.1644223197522967,2.0093804736391716,0.16137307124759814,-0.2123897387239457,0.2671190302757179,2.2367310740237687,0.1464774233702179,-0.9506296821595028,0.037412180055568935
2025-06-09 10:58:41,-0.07166734160521918,-0.15024703118628335,-0.6250551732024653,-0.09315213435965149,0.323239532618463,1.532147766428159,-0.29894273748655364,-0.6784806363038921,0.32269229877143324,-1.895406687528233,0.19508978838950083,0.11002334829966277,-1.3834288681702624,-0.6928817430293422,0.703391919510603,-1.206552293027464,-0.3827982938224094,-1.5133602752921809,0.0018412817328262922,-1.6691003551025376,0.08320858046441458,-0.9194314120708041,-0.37521292514267385,-0.7452504815855467,0.10781187801648473,-0.0699099100882772,-1.0139958416166872,0.3102655823457542,1.0680001123040908,-0.6747224357451648,1.4839847848490357,0.6543773623375895,-0.5363032791842932,1.0087131747969018,1.2336867660382613,-1.109459332332052,-0.11814728090230414,-1.758192876352452,0.8435823907513968,-1.203169920170171,-0.1868511920785722,-0.03867877842981631,-0.3724631448405762,1.3751043514947345,-0.8285996519295579,0.21060446158890458,0.39903793570965707
2025-06-09 11:58:41,1.3453204018383391,0.7471538253079891,1.5608731052264548,1.231130239033989,1.2000972780618127,0.3291540261599028,2.508752929208451,-0.1032220797939053,-0.8315799906497449,1.2185892317804063,1.1236255250752178,-1.5810466852104683,-0.31476682730145267,-0.8491532674886102,-1.452899838886434,-1.2088300739552436,0.14555438979248614,0.17765429198682206,-0.06338965244304931,-0.34568580959451833,-1.145333447056753,2.7005883666882555,1.3639744883861535,0.6608442373407214,0.5906773980694501,-0.7592032744980874,-0.7237738548959912,0.5710951150577748,-0.03669262865411033,0.184587234169218,0.23918747211161856,0.7383215911198371,0.010795367931569084,-0.5491790103043181,2.141373602841645,0.9871911573113781,1.8804464612929235,0.4267289578317389,-0.10014262703969946,0.4318872223613392,1.0845107770370621,0.30290335164927334,1.3008330422358005,-0.5336339729155324,-0.7378736843985202,-0.33431360116254805,-0.6137485556776638
2025-06-09 12:58:41,-1.8934303201695832,-1.1409491244532854,-0.9456944538330987,0.22768417887409959,0.958665222645823,-0.45356003272264284,1.1703533163708124,1.9049475214455607,-0.4792714690885542,0.46878792730579233,2.3982152672371226,1.4280458710321575,0.25289062284665903,0.028817762027838863,0.2787475309860185,0.3109189752716954,-0.7384176381308294,-0.5439179672900928,1.3582103238301027,1.4567310863541993,-0.3905225053849993,-0.37371584075084713,-0.42713529671921846,1.2483135691384362,-2.497455875039941,0.2832085531930198,-0.10780666918850886,1.163004202384193,0.6235210329776358,-0.08631599449014835,-1.1660263968122377,-0.4197649602417261,1.0106142711443493,-1.1455673250673737,-0.7897690400824008,0.5502120678091641,-1.944736576514382,0.16329047538575395,1.2195909411411818,-0.30467147261386035,0.8048756488448091,0.2321374275230542,-0.5370859453026547,0.9190499733653734,0.11212894622561971,0.8670803065308347,-1.3020334548144246
2025-06-09 13:58:41,-1.0669913014878245,0.42121803387060347,-0.8480100738807884,-0.06705484533833413,0.915045433416499,1.5433383094771305,-1.76471805426067,1.7619464135813312,1.4328558918633527,1.3131915371392875,-0.17926672187416523,-0.08363792883504541,1.7497714108300895,-0.7642013464905403,-0.7693740737044062,0.3143367813446569,0.27301293064877385,0.43669788360031886,-0.7149168891341856,0.1611568527155472,0.2310779299247298,0.05726124522786809,0.020890588667968123,-1.4147205131841865,-0.006412458559969387,-0.5124743758778916,-2.1499754639161255,0.4665183953520459,-0.15908110886169624,-0.48763750755719626,-0.5578089152622793,-0.21112898424664744,0.07614506793985484,0.2420095585312687,1.2620090400023087,1.1195573451873642,-0.38352280322799004,0.7302932291594862,-0.8845350276854642,-0.7138714364434539,1.0168965088521387,-0.7452473979730198,1.145162313941588,-0.24973925477538766,-0.10620536198396507,-0.589771241172354,-0.5066180650599814
2025-06-09 14:58:41,-2.5788896638098744,-1.4414406893480045,-1.2308208763096413,-0.6854780982139445,-1.1942102934318968,-0.18667374936769654,0.8094380226706095,0.3688729420160967,0.43788729312785024,1.2486213182056292,0.35561166854942644,0.860142111846105,-2.402126845489826,0.48474632176097415,0.7367869877127577,1.490522028955604,-0.5486998302065782,0.08712596259776093,-0.3335147970380887,0.5965232621412955,0.6601005246004807,0.4581744649593417,0.7840542795303644,2.369312007699404,1.934226316869925,0.08105302769064175,-0.6123078984298935,0.10176335780453535,-0.21337420984872046,1.1269125585957342,0.0076505449520398346,-1.9239765368208077,0.9943140657439499,-0.4971585128852026,-2.5206517238061283,0.6760256094549708,-0.3252366946201831,-0.8312826831200376,-0.12966749904690358,-0.6901541552538989,0.41872784836367666,0.4109166026312675,-0.06422193624494393,-0.2141882187719038,-1.2014429932585666,0.496461123307455,-0.9103969274723186
2025-06-09 15:58:41,-0.5611592626883706,-0.5341874929585726,2.1546765030879484,-1.601630789925313,-0.43490372391139,0.5769036189427721,-0.36253245886154345,-0.3618604440961436,0.00580093686743532,0.0437766060984793,-1.6573132850594925,-0.1897967041166099,1.184868951138811,-0.5832461211063622,-1.3749698018082805,-0.08938341508951553,-3.033459281876045,-0.39586649430690135,0.09559430046834716,-1.5929110580213093,-0.45133614451803283,-0.38014819157082863,1.4411476591148333,0.6227549885957135,0.02619253482498864,0.8969450970994552,-0.7662263412556791,-1.9196762638222264,0.8404626784181892,-0.7669805591391776,-0.3373361090550228,0.37063166174475276,0.37134239525506774,-1.6562763444209105,-0.7494146036662067,0.6263635250963732,0.08816282608708596,0.7189127772199556,-0.3066776146588447,-0.2233063190102357,-1.1857354174111139,0.034179008835286594,0.48591590179500055,0.25225108222598863,0.1617054405868031,0.2924751602077959,1.282226440251114
2025-06-09 16:58:41,-0.08957038933661592,0.971096574582598,-0.38727503515478495,0.34324125419336093,0.3223436010581501,-0.04395773452711569,0.2935511054208808,0.3014601320029919,-0.8428219959676856,1.1860468866592933,-1.1010896186200712,-0.08704041497517212,0.3701433545321932,1.386705613117894,-0.964114430183617,0.8882670992818623,-0.6809812273712401,-0.19993299572563505,0.889752477853813,0.012199364308605307,-0.24369556889175675,-0.023787839792220645,-0.6287616680840958,0.6221480939362983,-0.37524076070144297,0.9797720125071216,0.5691983225643795,-1.0431399459805026,-0.5345148507083807,2.5640833943696566,1.0788799789560213,0.5449864019064138,1.1401407980630218,0.2856890905638092,0.07817875613138882,-0.5120101601851336,-0.7840937842099338,-2.1386988487583527,-0.7634402261108914,0.009992369867651939,-0.7137789490973221,0.7647913089623706,-0.42588430583269643,-0.653601348951386,0.3979706462630778,0.456513704866458,0.4679398292663788
2025-06-09 17:58:41,-1.069617675174212,-0.5006025919092971,1.5310315758320157,0.17543707070189227,0.45299943132057124,0.6880940915387616,0.49594341104942624,0.43264810620618815,0.023632807836179267,-1.0604238671445874,0.9625030436469669,-0.9759697888523985,-0.8375771872775004,0.885617540928868,0.8375803236037115,0.2628140320257598,0.45134281496158973,1.110032450333077,1.1235723475789283,1.0872923622222388,-0.9584888162131389,2.2928694528082536,0.2061054869749694,-1.1963466227803579,-1.232463052139385,1.7849861131199682,0.9609940232632226,0.3361246486012571,-0.49413526738945185,-1.0178648855106929,1.5879723872508664,-1.0392917041386545,0.4832374451135503,0.015468679790239755,2.032313839750206,1.2092283339232217,0.31321531914659856,-1.4658418301115557,1.3307264538811077,0.24138467246301484,-0.6301110069009757,-0.25788553431222977,-0.4671380222415712,0.43518401354641933,-0.5901415427537169,-0.18567724533572755,1.326100870753973
2025-06-09 18:58:41,0.25326013574583,2.547800563983923,-1.2687759610706577,1.0750396738720975,-0.27432418696871597,0.6423678015685598,-0.881929928364597,-0.94722975739151,-1.5144645937563272,0.09124756899712454,1.171636472680715,3.335269336702519,1.2420605131353262,0.7413699615427438,-1.0089863493376852,-0.7336685146298014,-0.6717127717421774,-0.2715802977909879,-1.651290348792423,1.4768259534836614,1.3755666958094874,-0.009625907885980185,-0.9968194261148922,0.995629357826522,-0.9582949943633666,1.3726702306796212,-0.2637763439979896,-0.1491550089908905,-1.938842952336461,0.48443293003757554,0.5319808855732249,0.29505650858515964,0.08785255400851907,0.7919264017267453,1.8396301804547703,0.4230206636172698,-0.8532369966565005,0.8063430460933121,-1.1240888863222267,-0.13051942492983634,0.553655127882767,1.1864641179587618,-0.6366500130447545,-0.07273202530452957,1.653237156114965,-0.05562011982008635,-0.7805845607378233
2025-06-09 19:58:41,2.505573207591308,1.5495022856242755,-0.042866451927774635,1.6442488305570397,-1.003995917205308,-0.28901412871682974,-0.5051658363834991,0.04778275601780661,0.6780855064013099,2.1753445367136823,0.46654792551293695,0.5886789542317336,-1.3080440354885527,1.925211278585512,-1.801719194643353,0.1567048820775888,-0.3712650074699497,2.1135494992397055,-0.06632634551831858,-1.2290338202010778,1.1300037550751667,-0.8060598480091202,-1.2179763504982286,1.0687782365745435,1.486608036501435,-0.73769606635701,-0.2896581450876897,-0.7235735576854982,-0.2588930658267265,1.4923891619614313,-2.8327932412807124,-0.6165913456472281,-1.01973544318102,1.175521973313501,0.7063700147751594,-1.6735555030005842,-0.2709339572463706,-0.37712178157908255,-1.853081275036799,0.3143567998689649,-1.7229057430279526,0.17212832810711556,1.4480544801213022,0.02074123588572861,0.25974894905028995,-0.24332580674900414,0.3413536319838389
2025-06-09 20:58:41,0.36783599058698907,-0.21695311121596994,-0.904077926199456,0.7317597036153064,-1.510505914939035,0.43017804069015836,-0.7167931019470438,-1.0396060091904165,-0.28496596914235645,-0.13271876334284005,1.473890250022225,1.3802952676270819,0.046911122710661536,-0.1402442164994113,0.3407604155659411,-0.37829501014363753,-0.20155650361890778,-1.014788109438423,0.9714813614515304,0.44973711007015327,-0.8445835908830687,-0.11134861756699528,-0.04716380797777508,-1.598926297250513,-0.7093087336455256,-0.09047885031242715,1.6057535252584765,-0.12233497012134298,0.2113761206740561,-0.3626752718577334,0.3367801860189724,0.08849946341191907,-2.3256145148673313,-0.36583725722298643,0.9380136267690609,0.4291748090492661,0.33362583405952434,0.24568543803253287,-0.0964992394338103,-0.04594252241128841,0.20300988430811315,0.6530362887604059,-0.5619035086816917,-0.6868540648071711,-0.2776958848534426,-0.5934594424386643,1.1746339233408902
2025-06-09 21:58:41,0.5691843168935443,-1.189361862140049,-1.413687268940208,-0.18179862402858155,0.6277613110449847,-0.1634220328214285,-1.2131494257948991,-1.1020450716884522,-0.5068043475824,-0.27854745698650674,0.5031235100979657,-1.339959794239601,0.3971639780722014,0.8708626201103568,-1.3735906011411765,-1.9151114613465972,-0.06236900592799496,1.1355982469236252,-0.7891477225199057,0.6158112203155033,-1.2225216160046413,0.24158171147502538,-1.1624919035617538,-0.10470034890365333,0.18344738864410576,0.7729200093898896,-1.1071177736302675,-0.8599968751643294,-0.20922280729702505,0.4518853356825399,-0.1066886614831731,0.5817134294348846,-1.2516990272457706,-0.11123464090560925,-0.3473639915742436,1.0080984463577076,-0.471813117335933,1.2628081654585845,-0.7356310187053048,-1.2103747042455095,-0.9177174771654626,-1.300094533592285,-0.747363127518792,0.7222088719191759,1.900800850830048,1.9485110550285658,-0.5445142055797022
2025-06-09 22:58:41,0.8629588903556674,-0.3884388235249962,0.8336740668479525,0.8500742632969209,1.1813995129408095,0.8979402136580394,1.1923943333555136,0.6405871709496681,0.9153814379753671,1.2555500286153647,-0.00645577553677985,-1.119794152082026,-0.6296043896583028,0.8507075990560642,-0.2826535959353571,0.20364568406512043,0.3216481818854889,0.7291213086642118,-0.3460399851022412,0.5155149864610469,0.26270489477033065,-0.9591294264043962,0.08542669234397174,-0.16203226885618757,-1.2794499398080486,-0.34898424282731194,-0.0497433835437613,-2.6784281746065153,-0.8884097817722864,-2.748588240824241,0.9492987998916903,-0.003867836071669063,-0.7972525558638909,-1.6669593722973408,0.2711268736347846,0.19765012329395396,0.16338074732872884,-0.3051728516580468,0.8735785087676107,-1.4953864655608715,-1.6922064886593065,-0.5064963421621714,0.006733169495145373,-0.5119309482074051,1.747254885623691,1.4574694728321862,0.14100330985218
2025-06-09 23:58:41,0.9830665331472501,0.5368201238509106,0.8789479125114078,0.9917209781585948,-0.4860173013230277,1.1128592666774115,-0.37252574645690717,0.4395075128972391,-1.0516597706467192,0.502399975800273,0.03935228729533921,-1.0457808474059755,0.16367587983248882,-0.36652477928578886,1.1741847989213492,-1.2328676061425912,-3.2334239602170967,-1.2872716049049817,-1.1305747330412224,-0.9604996344397031,-1.0667812890159853,-0.49982704890503343,-0.9232743162182581,1.1691563626197274,-0.46160540641239356,-2.1242498314291387,0.25391828963014584,-0.18687618382415852,0.3296976577622019,-0.03379466558784498,0.9344154163834316,-0.26870406909215233,-2.209395700548942,-1.3870735626733437,0.28425911415681115,-2.028727865698704,-0.8683472733871249,-0.8199635942766412,-0.023168056870837863,1.427956942328166,0.4035439191899298,-0.9348887726076898,-1.064033770593389,-0.014626488043910854,-2.736543578191791,-0.7967561458422374,-0.7078978144042827
2025-06-10 00:58:41,1.1114253619183543,1.037950292391156,0.0008968237367992013,1.4073989474616724,1.2455330670498619,-1.4345279798887598,0.6453622185119399,-0.9451870900125051,0.5502727781716795,1.2722746282812445,-0.22116275235417174,1.508717909046728,-0.7700685381563809,1.4232427692522003,0.9786360884732161,-0.17571263127052764,-1.5047277819061236,-0.1045640099978954,0.02284323954308711,1.0715983722743505,-0.31197304165400325,-0.4545453288581395,1.0372508631138508,0.5232425822834861,-0.8242564500501743,-0.016763135440040582,-1.4592221892677826,0.006471107671876239,-0.33907269258323286,-0.813538878973274,1.2373855817963975,-0.840560298883682,1.8745411732674357,0.05570882346547632,-0.10706774826246537,-1.7556180135094486,0.1679711665761895,0.14136848754125694,-2.747467623332285,1.4151627554529151,-0.6736229985059524,0.12400984330104127,0.18792993517859113,-1.3986279272182194,-0.4132316992359528,-1.1330811862581636,-0.7867248804208552
2025-06-10 01:58:41,-2.2179701573146593,0.1505703426001332,-0.8770718890835911,-0.13388809025976434,0.7403936507000467,-0.31460812987405135,0.08574728281232974,0.5399831297638658,-0.5915330529286495,-1.4620193788401736,-1.3072133137601067,-0.3925830411004428,0.7535262605923733,-0.27128045972051706,0.10113937018424823,0.2676127938664269,0.3784101685524683,2.946021335732185,0.776642154915209,1.1274059556490132,0.46518569474474375,0.3140168567115552,0.9506412826655526,-0.014496906520418282,0.7595988270703771,-1.4886459141520718,-0.07918733532642103,-1.3530960143431714,0.8192388881651145,0.11334299879257691,0.087044665455529,2.1446527220968084,-0.09822886364499545,2.292262676161531,-0.5455166050968661,-1.2394702329627494,-0.8155528870390631,-1.0398172074865475,-0.04889667428981391,-0.5388971652750305,-1.6030474199621383,0.8720149864723933,1.424600272579996,1.0551938901317437,-0.29392609598916825,0.08075702891070383,0.1568109342279434
2025-06-10 02:58:41,0.5223797242296546,-0.4998790615684506,0.007196718605581549,-1.5369866364977072,-0.9724080755738601,0.5287972112848163,-1.3531850214519665,0.6376685867431153,0.14500419826468125,-0.5733438105698815,-0.25843508207709215,0.6445505274587017,1.4835598483544523,-0.43488511026013527,1.7351555356182475,0.2652829637189799,-0.17946639909318302,2.054246310911408,-1.2966999039176845,0.248366754359493,0.9190520276282961,0.27278407437058283,0.3750969357255416,-1.9435196813667124,0.028120197710649223,1.8128173024895,0.13360816824969868,-0.16419801957317828,1.9142836157608714,-0.3889292598445279,0.17621742345741667,0.9954272925556805,0.622978907753634,0.610375051407802,-1.5517976724452396,-0.07824027270324434,-2.1776112479693706,-1.0251759512945997,-0.5930078120100902,-0.7380690635378608,2.334281125566336,-0.6950398036221109,0.2897259384910017,-0.35953754719229636,0.08970719596273906,0.8321603864011664,0.48115356447796986
2025-06-10 03:58:41,0.2379517988226073,2.1133305632906523,0.08235488356397723,0.5180713229020771,0.01694762083223008,0.23438600273548685,-0.19028796018026328,-0.08509435422094618,0.18955296048422335,0.9033412981675961,1.6236276188870773,0.19951012847557456,0.5210309090130837,-0.72632660177552,-1.156456849530705,0.687708035578139,-0.5548145143468864,-0.24402531405410285,-0.0645513358670185,-0.5249492130791539,0.7468587455483023,1.0487391054959143,-0.186090265768548,2.155362335223682,0.05124533701054504,1.0149941263449618,-0.164693867317894,-0.32052223881508873,0.11006105407512437,-0.9478337133062249,-0.7215208764039994,-1.3514014757526296,1.3460590581783938,-2.148765891779342,0.16299409670497889,1.0238495301422574,-0.5079832025997593,0.6302688241339939,-1.260647796722997,-0.9909034998837225,-2.4037259315669988,1.6733500636367709,1.0033940669686912,0.9025591650344805,-0.9700302393377934,-0.5472592521011573,0.4966297361270789
2025-06-10 04:58:41,-0.4049253970751707,-1.2226761053678648,-0.3136582187969803,0.2607687968846011,-0.5077884146773655,0.5898552567785098,-0.48665421672359577,0.21107704303727706,-1.3125896746922294,0.6725595357648599,-0.17424436695722928,-2.7078509388383343,-1.016940568662979,-0.20967728439618372,-1.4219742826148678,-2.6430173319298174,-0.5428943237167739,1.3176348257633763,0.05269470680162682,-0.834844645108678,1.295457885051534,-0.29430292401338876,-0.6441435618619754,-0.03603182692548692,-1.1610218280584486,0.8126831361194589,-0.5521646676300783,0.39401564563103164,-1.6271553543985129,-0.16510080643634648,0.2582964702452139,0.06488872060186006,-0.6727977942120973,-0.8609058880688061,1.1369523814868547,0.012336054613671805,-0.9330638575005026,-0.5936542768600634,-0.46950080270883,-0.5860808358933773,1.0614937717370356,-0.93941698578343,0.1077610027946718,0.28473488875071035,-0.5798611427300143,-1.17992940101893,-0.5705207306148542
2025-06-10 05:58:41,-0.7354431812676909,-0.6504351767465902,1.386893411768217,0.7170768293542361,-0.5478679108992107,-1.7250630781478278,0.21687378691015086,0.2964178144565825,-0.13042056090382473,0.08662578065548857,-0.3200623895181549,-0.48127114114911707,-0.11190187143177953,-0.4687613523936902,-0.3203540876326793,0.04989233574193267,0.33032996376450185,0.09171819255919283,0.2587948175357653,0.24388253430414994,-1.4564288196115847,-0.795500508371175,-0.3807704449341086,2.1997536283575205,0.1642338149395025,0.5848321765016973,-0.9984179763773516,-0.27490324336730565,0.14966885351068535,0.11038386623653636,1.3168461212427927,0.2648140410189571,-0.36090531707347323,1.7481956358790065,1.3154451130568758,-0.11405650788647885,0.05520397638561002,2.212000847298728,2.314430483772971,0.7041908016541074,-1.1878491286792425,0.4965667639319838,-0.3222047597670049,-0.10179120839410999,2.2858604517993744,-1.2788494556513237,-0.11518121158042949
2025-06-10 06:58:41,1.0439319309422088,-0.8270018360717802,0.4337080514653023,-0.750278866556,-1.253239872566263,0.9925795770052125,-1.4161985800723305,1.1518245996310041,-1.222670456459612,0.2109523194638215,0.11058342538517806,-0.037687704929183566,1.4962622348655057,-0.8667582148972189,-0.35225462048046996,-0.0604472481557039,0.11854983218021149,0.4387180096047036,1.7362682373702047,-0.08600995379036765,-0.27132311454304814,1.572082700071767,-0.1786686913263996,0.685876481959644,0.6831477980555509,0.12489013607353039,-1.739476699035497,0.04608221070461675,-1.8106915787745046,-1.6027274581931035,-0.4688758108071965,0.45851506204070624,-1.4175929575662904,-0.024914730293210216,-1.0195889387759185,0.2119503299750914,0.9203190718955726,-0.6370307746772688,0.43176445049550494,-0.21979854233627705,-0.7558858598854329,0.8948594956410435,-0.05097573609857885,0.9761587721065693,-0.9712685678404047,0.07622500199644924,-0.18085801699521933
2025-06-10 07:58:41,1.023912650007618,-1.768138624837595,-1.7700392927542532,-1.5594447190185676,-1.449160738236211,0.4162381038582643,0.03871714061785814,0.388264379507319,1.3073693990131003,0.1706728259928336,-0.9100815010803567,-0.9981359552109151,1.756778513067267,-0.9635886343376254,0.5924808579402058,-1.1043362794113922,0.13658387287474155,0.9824100768648022,1.147610595646017,1.5520436976166527,-0.28018473051107257,-0.3242033051087302,0.07458892574516462,-0.04060413591957138,-0.13415877907432808,0.06819992474003533,-0.4687331223123263,1.1881726914726338,-0.14359784140149048,-0.27990626907326904,0.4779853819883179,-0.2709230134974058,-0.7791244303554559,-0.3652848060143807,-1.0704806537498581,-0.57438543817217,-1.1217890031103983,0.4376099552553441,0.5849184524463066,1.2551964725397873,-0.0088160495722959,0.8266544087047709,0.7004318006493604,0.3218606498896986,-0.7589046834557167,-2.201139690440084,1.5044032528925604
2025-06-10 08:58:41,-0.8017276209743311,-0.8966964961622929,0.9964502928765497,-0.7168691974786983,0.808047552739445,-1.289610486125618,2.355888969730197,-0.07522327460602798,-0.9244632822365437,0.056512290813950344,-0.2386204985973576,-0.3608634022226904,-0.6744646834761966,0.7493180017139892,1.7618916895956245,1.2241135385738156,-1.6299243260906622,0.6054184051400157,0.7046154753868559,-0.32658236993519396,-0.282338500564272,-0.15291804962565037,0.41336909675751465,2.197915502283579,-1.234331576343192,0.54109390380039,-0.06911410636441746,-0.6833475496208269,0.4375551664329005,0.49753063146021587,-1.55201109990361,0.031865861376248444,-0.47630047546189097,-0.08203808573012168,-1.3804602242918276,0.6514438245676153,1.1030639829164057,0.07792792232800147,1.2532603369492934,1.0281137973479093,-1.1115733230705638,0.7400478254107766,-0.03598940566327625,-0.3032881843417589,-1.2404241799365647,3.425901512162217,0.04351867334193063
2025-06-10 09:58:41,1.5487537998687857,1.1968552715629022,-1.0153189297747909,-1.1928732979789198,-1.023954259707806,-1.3927890526014501,0.30550326525605903,1.8102023481683742,-2.1941943941974738,-0.3691517267580586,0.22199450700349835,-0.24945714971547642,-0.5948723086445354,-0.12471329191431192,1.552332774745475,2.363429057795635,-0.12279571025708923,0.7270836132880598,-0.9650366431421169,-0.28379440072698225,0.7809051127351778,-0.9997752989572952,0.1446370189134508,-0.813590550577825,0.08519942376053027,-0.14721329689143747,-1.5910638295961075,1.1978804968477366,-0.6297376672321396,-0.11415339231085911,-0.9656000006311265,-0.27926778955029163,2.121833950278337,0.07757263346671409,-0.2436751640344239,-0.024189641373156965,-1.636431543611416,-0.9626153288080431,-0.810851160191058,1.1545990944937414,-0.5664115205939666,-0.3889893866079246,0.8550678824044523,-0.8559777108008678,-0.05499301597870793,-1.7665896586315843,1.8067751702826218
2025-06-10 10:58:41,2.0674245628328514,-0.512264682863668,-1.289572698519112,0.001043897163165572,-1.2192224958005107,1.16392113823362,-0.08820125052266743,-0.08101248697575801,0.8489465161869407,0.48913972241095816,-1.113380480685408,-0.753298602784646,-0.9492743579800543,-0.04720380498918959,-0.9771875068152617,-0.05505633486036471,-0.7619103331616328,-1.764876449775023,0.4624894562844105,0.24467036725134564,-0.548824479194765,1.0860059204406454,-0.6814453508976367,0.6878412846495466,-0.8007399864465675,-0.6408838597278161,-0.2332249532191821,-0.4890061369471271,1.34606517788634,-0.272322877156712,1.1194098364250995,1.7359521886442202,0.09106559829986771,0.5606126441965381,2.169306134258048,-0.6242183836466608,0.5335980733008715,0.6532139918778117,0.06734588061592674,-0.4827960408241335,-1.0526067542975313,-1.8318193753366374,-0.22282360547411234,-0.9594462274803068,1.2596962768896665,-0.34168515599823684,0.571597534192818
2025-06-10 11:58:41,-1.0362228862440734,-0.34969523299324795,0.06436189177345401,1.3562074713612404,0.5966366462374172,-0.5385493390519598,-0.6304328466452574,-1.0792704750915862,-1.6704557979512429,1.5872339681953085,-1.3200443267188648,-0.03268170641155196,0.4680486935998002,0.4912416718227276,1.3991457862890748,-1.0211681808815787,1.1339403081287063,0.49330493334582654,1.7011769648657626,-1.4191116065576772,0.961318430088675,-0.12783276524703854,-0.034109010533443444,-0.5561613787533288,-1.9738310925650022,-0.29282125638330275,-0.4896935106824484,-2.263966123311901,1.3983825819899458,-0.38659836832281813,0.10588994642370878,0.7104377917679825,0.14966799392626565,0.28513349896825796,-0.1975798839998939,0.10177901651670505,0.9825195033148012,-0.6022726572133379,-0.2129343928806856,1.7486664521460025,0.514771980986039,1.1333541378817067,-0.09027448510071184,0.6825078402914035,-0.6094841646963431,0.3166927329215772,-0.1487657316314732
2025-06-10 12:58:41,0.06832115275936429,-0.890221065224101,-0.21220261779024574,-2.2432976237604847,1.247595694876799,-0.46091477454805946,-0.3167297090090043,1.3960928672968955,0.4933129452182252,-0.16732873619710661,0.890077316119922,1.1325860670593157,2.277722074834572,0.7308767100894505,-0.8662541577708476,-0.3192579646020146,0.22960580427144853,0.17004179705033237,0.5764308516248241,-0.2733923142769302,-0.47552520840430457,-0.7206051956198934,0.005945758132229152,-0.24990730652385235,-0.6213580991162588,1.3531646545259166,-1.702633202133237,-0.4264392446446093,0.11919545741190235,0.6074521521543951,-0.7476269993394637,0.8490251258545203,-0.1860408490859621,0.3535763422874363,-0.3612725665877407,1.9356360461964655,0.06260522173054915,1.9291807819541398,-1.0840506516077006,0.3768706662423142,0.5865120131063551,-0.9535123069867991,0.6139338317543344,-0.820241449621936,-1.3386012492091974,-1.0863121253249444,-0.07141559770385242
2025-06-10 13:58:41,0.09280132528419387,-1.2118009984733609,0.023529972430033068,-0.044542013586422104,-0.14353287466633616,0.8799954353952559,0.8769265144520793,-0.37151349934546407,0.38133305297347614,-0.5276365452365787,-0.7557699831503748,0.599417589277668,-1.7639029294091533,-1.4346645778762381,-1.126757200898893,0.6706891842956418,1.1606812736587109,-0.26894883778206913,-1.2679788878964446,-1.358387719405238,0.43953418938824723,-0.1576172463732013,0.7128065861925633,-1.013783994479186,-1.4324855423271585,-0.7314681671954094,-0.21882154869535367,2.5808887750691665,0.32122984836475843,0.5923432934211106,1.6985408614551931,1.0429762034815102,0.23041557786920108,0.40131525819486324,-0.20164300880709676,-0.3563043609810015,-0.41132189419840665,0.16434393088618046,0.02304501838873722,0.2722340475346056,0.005360770991660166,-0.7715470683856692,1.1353896931928802,-1.322128116943975,0.4266320980250733,-0.07693289959809943,-1.5394374922863188
2025-06-10 14:58:41,1.9701305918957128,-1.4320565225599258,-0.28438423175713723,-0.046022980240468025,0.502821118794181,-0.3661627582395046,1.2324692970843445,0.9852650098433144,-2.0253297766730043,-0.5964881288687557,-0.419827550767861,1.511707840911708,0.1690292936432268,-2.7013726555166753,0.8448334999523331,1.73548064331892,0.020603585815681072,0.48685816328137344,1.333012028958438,-1.1491470268698492,-0.06253949334163622,1.049281905421735,-0.6543416260687598,-0.19288176172594074,-1.7536258438149075,-0.8629161766943856,-1.5827169796010445,0.7676185035108491,-0.7920387314066224,-1.319866923161069,0.12481604815018321,-0.908622764218998,-1.4211748705147038,1.4618864000680771,0.4139561319176099,1.3920790359880695,0.04348806075525424,1.4708559759579471,0.419121162887884,0.493787149266737,-0.6169949491430513,-0.07951638449533457,0.7640085713059706,-0.1821807457484573,0.9046767166141876,-1.0518213792127982,-2.3751418323475293
2025-06-10 15:58:41,0.786070422088396,1.1547348912117246,-0.5482037722506492,-0.014952660258084154,-0.7347418929562712,0.9277149792317582,-0.9676522524348935,0.8304566032068178,0.30136046848238196,-0.10967603658474605,0.4487542753797799,0.5268976216815465,-0.5480999726161621,0.15070568861781963,1.3749353248786884,-0.4569171741823677,0.12123316712192003,-0.5243571274031888,-0.255228608460493,1.7626662021529833,0.46518951787952906,1.1755672672146784,-0.8373372363922242,0.057155338411091584,-0.7282206090051196,0.0754323004428718,0.7017232109246793,0.45139718541582796,0.48654095699722016,-1.2066896357674166,1.642411771449434,0.08719498663553915,0.2680644592619334,0.04070204117650359,0.05110520361838911,-1.1843976180520912,0.3353954191665083,0.3290247066238516,0.9560797226126755,1.0798296130375908,1.5032335415407145,0.8265634050194376,-0.31902494933569425,-0.5765060370589439,-0.2452199562660671,-0.6711713777787777,-0.3119172822240484
2025-06-10 16:58:41,0.09538435772953484,-0.311844239247293,0.10717686049460781,-1.1695828842585736,-0.16347450143017472,0.4456742202797018,-1.1417610882180937,0.6488790889656605,-0.6879064546281594,-1.0526926089301274,-1.2114544052151122,0.31046415020222473,-0.21880342120150895,-1.1229074378846093,-0.4298434526184967,-0.5764433750553524,-0.9266371110793871,-1.4308283399118493,-0.47906068528243645,-0.8528669988231561,-0.8710473695209372,0.5621312179159746,1.2016286120919228,0.6426244486180184,0.2616524100592289,1.0984919739466004,-0.438977039989648,-0.3711921714606102,1.0754722651924504,0.7604816788988097,0.7599406865624675,0.6982054970773853,-1.87454467512345,-0.9852102080134633,0.025125254096524538,-0.14478950275388913,2.322280712762299,0.5250967216224312,0.09009205660497459,-0.22982367853594018,2.0030853306240357,-1.220944056167399,-0.8040684503279296,-0.09763236396476245,-0.5310381064457946,0.2110894797573954,0.4081252532800279
2025-06-10 17:58:41,0.332156797382607,1.1775094799148451,-1.2653749522508277,-0.09771774688861175,1.4700158216018162,-0.3515797844582696,-1.2887264813690937,-0.35704571934584445,0.516249806108716,-0.08591018350711167,0.08779787875190913,0.9543517634427217,1.1813926462600957,1.0421744960011872,-0.849467803548735,0.6004816095552608,-1.124484741607149,-1.0967741561980178,1.0545859461696787,-0.9964626862877666,-0.6125193598841123,-1.0332450659128396,0.5447668329864664,-0.6921073591343218,0.9726395407588754,-0.6298324192758046,-0.11038342495590604,-0.3855598832240359,1.3356170388646738,-0.1967805195946892,-0.08299087308206049,0.5731289855005538,0.6560235159693067,1.166588277012446,0.7019577397801979,0.6534697274298192,0.9429037842704944,-0.07026980344694145,-0.8193307467462309,-0.9271340081553373,1.1197776990280162,1.0861306077031414,-1.2677663108016812,-1.3533010207055265,-1.1603938941006435,-1.884813800422197,-1.9898902709970767
2025-06-10 18:58:41,-0.38856007184693603,-1.5697390599410308,0.23127178127447434,-1.6057769719154245,0.7384560684422486,0.41006286753103943,0.6735500316246834,1.1310988487994942,0.8031993588905706,0.9077771937675649,0.42436993126349376,0.4574608011656178,2.5228084449956887,0.9069212671912663,-0.7775949183858082,0.2839053847227186,-0.24908047922695561,-0.3180701167690563,0.6593390545877831,-1.1906295946121432,-0.3565475436191547,-1.3293875043497854,-1.653103179700067,-0.9756744845106153,-0.22594665483578577,-0.05428838168094831,-0.565795171170975,-1.2409808024698612,0.49546557017346293,1.8135932546894111,0.9283819558926452,-1.3796387776928232,1.5537766724890099,0.5924013677287499,-0.6004790768392759,1.7782080957980406,0.2240210628612227,-0.8631778828640804,0.5789772783011874,-0.8995036778087057,1.0869324666916986,1.0122917954748745,1.313390160203692,-0.8286282260087123,1.211888091397041,-0.9462408604388661,-0.49387148153450877
2025-06-10 19:58:41,-1.268329327599527,-0.4770978160259719,0.2313868364663842,0.23143409978122792,0.9811115542835566,-0.6724040588816277,-0.013164703376449361,0.06571724055801216,0.049320028791485296,-0.5117338991820033,0.9849332820005917,0.20138219275738828,-0.016614781603456252,-0.2750389993369148,0.4079724668552867,0.2913741743437348,-0.3531039872050249,1.2051885225204344,-0.5352244637026053,1.1889894543969846,-0.5934491133224448,-0.004448942707064697,0.50682563437337,-0.839834741572618,1.8840380328065112,0.7200525362300645,0.23647044064719716,-1.7227632323587372,-0.12035217355245098,0.11721833436948446,-0.1578070792298971,0.8304468570714959,0.24992433375868328,-0.02996762567507576,-1.8411548309933006,-0.4536586229159235,0.2810019104416212,-1.8386373567584915,-0.792600740318644,-0.09562268904891505,-1.1345728063575502,-0.3630428820849067,-0.9194474659173612,0.47842294665223717,1.0122405066500832,-0.505089282774298,0.7928459587231182
2025-06-10 20:58:41,-0.2513828664363571,-0.8520239904535362,-0.8044599787244765,2.0106422182224493,0.8490659344680899,-1.582108255251664,0.13385470793193674,-0.5044674265119526,1.392157349609473,-0.16486824423862373,-1.8923841815364186,0.07188315821285923,-2.290215721676199,0.41109553903683643,-0.12167468094837999,0.21278428681010683,1.7404468665303265,1.2871072783368729,1.3755446027294,0.6406986155144038,1.0801464577047928,0.8094603954522118,-0.9663617171784702,0.39481408086919956,0.6351887529401561,-0.26398306550253964,-0.1488884375859249,-0.9193658843798674,0.39638546522213686,0.38152652255329983,1.3927077173111664,0.8238417963321752,-0.5012973815092925,-0.24045126040151776,1.8557082712007809,-0.1885680032509638,-0.4880171676094614,1.9028557190353614,1.4600211505252796,0.5111974232541205,-0.48439879550883985,0.7397657828219376,0.09772378075384332,-1.2484416161149183,0.6127024221907023,0.7643955294708458,-1.3554309666540794
2025-06-10 21:58:41,-0.9132199072101521,-0.819825581866703,0.0344818887830631,0.651032349883987,0.21039937869574526,0.9256349897424803,-1.9068067268605946,-0.28443421123973034,0.027784908124517647,-0.302223115868887,0.01890705383686205,-1.8909647239663083,-0.4742602172265296,0.21663702502829588,-0.17450504749435752,0.1689257380719091,-0.5885533094889533,-0.24146065371379882,-0.7889387363660132,1.4963913047722173,0.5524528593290966,-0.12197457473139092,-1.867070425282933,1.618668726864656,0.4736559662082866,-0.08500216887231768,1.974906331310669,0.5573225523252044,1.0854093126601538,-0.8650372463528292,1.1283181485686224,0.17186929861836983,-0.03350131553691864,-2.509122059550497,-0.27861425474029317,-0.0011256204499670267,-0.6159275837526295,-0.7352341593665718,0.3158843839806925,0.17889754832498023,0.7372022522362272,0.4812710743437363,-1.5621941923433633,-0.010493911150816798,0.03435215144563358,-0.37364737213659255,-0.04799874625022695
2025-06-10 22:58:41,-2.9784264749954144,-0.4019598245556976,-1.2431232077257108,-1.0593428338942255,0.2812673793527904,0.49116308031466044,0.9537560689104433,-1.2065107911354107,0.17209317306486288,1.0520211428021153,1.1256171533542279,2.6219656231903032,-0.6401947363681582,-0.2544838733002991,0.5653716576364112,-0.5169391487567958,0.6861854793882733,0.674082387641114,0.2856145301927522,0.9913552351580428,0.5317993950421579,-0.6399786137621228,-0.20677364687160427,-0.3170976331625702,0.9781598174962658,-0.7985431265860528,1.356824518808229,-1.793947450331461,0.8164469544370538,1.014235217772434,0.28863084143828815,-0.6783731091189957,-0.06235668199010118,-1.2116424912286983,0.9148380657547368,-0.6397699661648056,-0.35837934236034136,-0.09103799315761217,-1.8279650593649648,0.37245083655190603,1.0656098610813876,-0.9212766225808453,-1.3986548673646182,0.6449533107823803,1.141608160486658,-1.4799037768262593,-1.0009748885182845
2025-06-10 23:58:41,0.19283663002715581,0.15759849469036408,0.5372392009849164,-0.03847198841565287,-0.34650132870923084,-0.21626024560436105,0.21634087039916017,-1.5451945831429286,-0.45148727780199965,-0.6913799341215506,-1.784215932391844,0.8055352606932562,-0.5807687900244245,2.0497750105767425,0.975113119490559,0.4362304456146888,0.45897697868316323,-1.0255588802229865,-1.8322899367814496,0.07742876533715394,-3.694642620688178,-0.889549562314538,0.11979445713702672,0.5734738537081682,0.29067995675825126,2.016037171592838,0.6030468100669139,-0.0875786396909066,-0.01816636391597134,-1.8929948183422565,0.11803531217537036,0.61849621868804,-0.619783428941848,-0.4579628962023334,0.2780744580177464,-0.2931950131950828,-1.050333473660442,-0.4372873800457752,-1.7762394719858172,1.0142373812885124,-2.170948916006679,-1.0167289887886959,-0.6711848617461422,0.39592564976453126,1.273846767873783,-0.3467504562059998,-0.3300316680648832
2025-06-11 00:58:41,-1.6468462009957636,0.8589671238437986,-0.019384499807164533,0.275053774947006,-0.3317229879305421,1.2533427587302823,-1.1972828039971477,0.7893591398367146,0.835686570181635,-0.7996236385032812,0.7957404724728947,1.8072228872842098,0.65582395424321,-1.7154957962198756,-0.8467124346446013,0.4571323636934951,-1.084785330066855,-0.08249772404290562,-0.4638968826681286,-0.05847146566687666,0.13251560771743837,-1.8674275305858428,1.3037868952981935,-0.2943184661311369,-2.1367803892731683,-0.8571059256893057,1.464929096702018,-1.3713682326420138,1.125449929072204,-0.19417700244715,-1.3870026887584028,-1.2916508970719578,0.6082810957234374,0.24584660076925074,0.9422501288437254,-0.4930615674522285,1.0001708085864578,-2.409407045678642,1.7061636208790307,0.14959022495266802,0.7160219478834576,1.07829165840009,0.9991373797855772,0.9341604840627193,0.7590004201346601,1.2526898179320198,-0.31834864647364036
2025-06-11 01:58:41,-0.7702008401011746,-1.053397464589484,0.05054455480998089,0.10032552807242737,0.9773448475012314,0.29250303947023176,-0.0992037919404654,-0.07103735574769562,0.01621826203017125,0.26215332086930365,-0.4069206340523398,-0.24015394256244624,0.056820058876438526,-0.0896443692195164,-1.4541091420808918,-0.3469709125512001,-0.8236470707202762,0.055077662730268935,0.6050445676449427,-0.5439063104707983,-1.8094335628098368,0.11920154153061983,-0.023919239488091854,-1.2521195253721933,0.8867767937695317,-0.724969346027425,-1.1915533041094684,0.15133883876897708,-1.085159376368538,-1.1282383624482983,-0.6498973784754793,1.4154903781967705,1.8318891181696522,1.1145610914435418,0.9231370854809946,-0.3065130338586427,-0.5364144095781213,1.1698932302671001,-1.6456924674640792,-1.39326911100939,0.4324311388910662,1.7390739575200673,-0.3985939364642436,-1.291310902310234,-1.2879112716490702,0.18392877756931497,-0.3970754695891613
2025-06-11 02:58:41,1.4577560610804323,-0.35243988728897807,-0.23735603071294653,-0.27855449936924404,1.8299625644024535,0.28706730905943206,-2.752427064675558,-0.20404172481695698,0.09547622068002629,1.2188115885381834,0.4628340818362571,-0.2453217499076648,1.3206840200059788,-0.6897918258172309,-0.9358158222013302,0.25020397017012996,1.136672111549183,-0.5504503436302132,0.8422047799565818,1.537741155227672,-0.19687576605002163,0.7101416165214237,0.3589005436744933,-0.7559827840612878,-0.49519563729095695,-0.47306274655113917,-1.5221811420534836,-1.309020876462409,-1.2439500318282777,-2.5914946093443096,-0.9061093071213048,-1.1708820390838317,0.709562522231038,-1.905629903416783,0.27329104820713085,0.7219926041107271,-0.08671148138021444,0.5501004018472391,-0.9408105763892455,-1.1774156787693384,0.24732716854240563,0.810924811756773,-1.0202862586459251,0.051103946339036414,-1.6532728595405344,-2.422022314176904,-0.2235131209297064
2025-06-11 03:58:41,-0.7485778310702584,-0.2632273310648064,-1.2545509798196819,-1.202316457909774,-0.20643563411784568,0.3605082893200236,0.3975831366744177,0.3902323168032707,0.9252466342735884,0.21161033969558,-0.18102156544583364,-0.3612677579543969,-1.6700508014878592,-0.402002774498457,-0.5116614700771143,-0.37289564160282224,1.395242179116233,0.6746990173707055,0.2386057951284485,-0.7082826651708137,0.5617362870851306,-0.4683461701580375,0.21959494365283233,-0.7828290284840366,-0.10194344026078897,1.1072543187156596,0.4572484852115773,-0.9034099237067106,-0.4785982730258612,-0.3189111295142473,-0.39192626777113665,0.07356214396758676,0.1995861669640708,1.6856685845383794,-1.3207060426166035,0.3544044917265708,1.429932393900964,0.5945562762241667,-1.880791171207213,0.583107111800071,2.275253158278076,0.3802883680588353,0.8671420833483787,-0.3963668208832726,-0.6321077199032301,1.4569414477755647,2.438812395991511
2025-06-11 04:58:41,-0.24131492882468727,-0.08094400443344335,-0.24142247854985527,-0.36994389871491556,0.18223240463275348,0.15115475631313147,-0.6910588355450407,-0.20502578286883047,0.45090081924463077,1.1363538035955765,-1.1871053098566036,-0.21091215703807,0.4846161616242032,0.7470301752512011,0.6951819916714694,-1.6241870311511883,-0.27652070993133687,0.6296609398341281,1.8487656618500683,0.9137740390945425,1.313392722541905,0.9553895201280072,-2.3416987576995605,0.5847157477323618,-0.1519494953911505,0.7254815691075643,-1.4083672267973426,-0.34211468146622986,-0.7058711657932976,0.1301219354923809,0.11012554258391703,0.8513012575886051,-0.41393892210140576,1.9382534561544162,-1.669994490533494,-1.2264987202126345,-0.9284349602579642,-1.1203757961086263,-0.40366935594628206,-1.1416652551210635,-0.8400303120124631,-1.0082744505147665,-0.22059269151471453,-0.23816175808676077,-1.0253486200972461,-0.31728965219514993,-0.3473902343180475
2025-06-11 05:58:41,0.4551647720860019,1.7359357194816756,-0.8971648936047489,-1.2014689144499138,1.868781899593358,0.5020697753149898,0.08033138927959911,0.390121890194789,-0.12241414064587129,-0.7660159549288655,0.04532679095402122,-0.13539430591613,-0.6611387362040695,0.9687691712830314,-0.8066201327159194,1.7734154526826247,-2.4834630063472125,-0.8937678578813493,-0.12973598863900476,-0.20543308644291866,0.7380139013879925,-0.6391522651281345,-0.6435433352318116,1.2377089831438397,-0.0455081479493708,0.8258713269762338,-0.25430581652846856,-2.2978647088465025,-0.04268687080067061,-1.0406662573788543,-1.0754414046450007,0.34804465738854606,2.5658012064289477,0.9911888479977206,0.5064755693241735,-0.5623527484659621,0.4717237342895154,-0.48052514038841493,-0.29074506120099647,-0.6362595811501871,0.21857771174554397,1.0555872435268032,-1.200674469719774,-0.815625328726444,-0.4226781632502477,-0.6052199534110089,-0.5646785165279857
2025-06-11 06:58:41,0.9945613344236053,0.7098778433892996,0.8880662472357065,0.2975969089215947,-0.11579714321389344,-0.09385254117660538,1.16479513268528,-0.7856320106010547,-0.15982304410549267,-1.5033280987867028,-0.04626980471613913,1.7815689994932786,-1.0010298069414096,-1.7003489709042996,-0.22621530703645276,0.668232084353922,0.9881477122110238,0.08580591118496707,0.4337398688020054,2.176231012001589,1.2323607204601403,-0.9988237324584349,0.09441566859430674,-0.35142415905983077,-0.1605942975325441,0.5746351755820897,0.161125610036561,0.009705113383574885,0.523605092016711,0.5292296726951443,-0.4491933186258418,-1.4668606815404601,0.8075265755127079,0.8307892979258638,0.05292013981943216,-0.039895304068229026,-0.4634347014356928,0.21528759473083248,0.49812291147588733,0.4694009562357945,0.6396952274406318,-0.05815052849754464,1.5355379963058522,-0.6547278769994355,-0.08642753890101314,0.8239885283796355,-0.624273030383616
2025-06-11 07:58:41,0.9727433437079314,0.9727073785586575,-0.25836987451121046,-0.2602810002626323,0.6356211491621653,-0.5407502216216633,1.6847968032054388,-1.3934122722714923,1.904261278049163,1.052366914267748,0.37763022754390846,-1.465701261785941,0.6230506488407226,0.0971758406565533,-0.2597606025234999,0.2763747405275938,-1.4464166732651182,-1.124546051134059,0.44637586171289456,0.8676268635560044,1.9889901507199994,-0.7388193461123892,-1.1279176703407152,-0.5723418457781217,-0.10787484738586846,-0.3828363286724926,0.5865154135752754,-0.3655171376962923,0.4914928915195438,1.297210524558325,1.279468844624083,0.9981963727035594,-1.54779573795352,0.20079334927716222,-0.6441152344488317,0.571132660519368,0.9368965769640526,-1.091455976932248,-1.8235936046918295,-0.4243679749425263,-0.3641075450322349,0.23754504185979264,0.06582745792867113,-0.08856097639800933,-0.7684530846802593,0.5938547142834066,-0.17821204486218792
2025-06-11 08:58:41,1.2331546771873165,-0.12270947733365353,-0.7613181651810385,1.533421471609257,-0.7536558202105931,1.1763786602047102,0.846392250006805,1.173179261481333,-0.8048913230014819,1.0209613814686993,-1.4062336950689533,0.6680659126761248,0.32588044452600057,0.18894498332860124,-0.3265621374278008,1.0730193407321749,-0.9420300824437242,-0.7787329945942629,-1.4201147290550455,0.9446707552125821,0.5353783532645112,-1.3364142321621357,0.5340232078864461,-0.7625269376980041,-0.10462412999729931,0.2774790483667433,0.5831996654837787,0.19901396713268063,-2.8953518924296815,-0.7220031426903348,0.2070481375956335,-0.35532833591176616,0.4867725132425986,-1.4867401275778596,2.4593362647332095,-0.7759325926804765,0.18358150012411373,0.5351373081109407,-0.1406024796099418,-1.7244746607367654,-0.30924778272249226,-0.4198757840341899,0.3896702640306063,0.2086363407987447,0.5223977736380073,0.004674457462899287,-1.278014193713802
2025-06-11 09:58:41,0.6832791557818242,-0.9299755796634632,0.5448653044250672,1.3181038669957124,1.9890210596640934,-0.5365951581616459,0.6755880525313174,0.844567118716035,-1.913687941256658,-1.078902754801865,-1.2860913356086705,-0.42773086732934545,0.5998290727757513,0.041845394608443366,-0.8873247901498033,0.7080530098357627,-0.4115070118129181,0.7882270940717618,0.14627310776586824,0.28370302026662936,0.40791679780341245,-0.9899145987532407,-0.3389351424460408,0.700025577581798,1.4905552419599393,0.02723163319348775,-1.5342924363005719,-1.2890768975070057,-0.9067909280417528,-0.12408747362597916,0.02580695670768572,0.13227245921469385,-0.022405231541194393,-0.7017353761295242,-0.3226146047857583,-0.09146744806720745,-0.37072370628681917,2.9651006840463916,0.10453836298838322,0.3211449340851491,0.9744811160831238,-0.8444791675721042,-0.15089717822953785,-1.1224380034191863,-0.26593744112570195,1.8608976518965266,-1.5475893940046916
2025-06-11 10:58:41,2.4740085871116824,0.8584625040670787,-1.1769263048837637,1.1916442505773008,0.9042045839327904,-0.513449396601292,1.1051812801541767,0.37693861970546033,-1.3000748358251244,-0.29546261665941004,0.5239503229794136,0.6019408073176392,-0.3227047980773269,-0.16761210957415057,0.6456192701020995,1.5729349220585416,-0.15395238733101324,1.2265952330085999,1.1334250766755836,-0.06605108690883574,-0.032515752604919686,0.16465317920140785,-1.40892637154676,-1.7411566288991616,0.9989408963202672,-1.2978423810700828,0.6284996563788139,-1.0599742694722434,-0.4632815218968064,1.1565251878304474,-0.665284703205791,-0.3707516706446061,-0.6134869292965794,0.0798843054367569,1.2993640750576736,0.5893864915119947,2.4243528031080572,0.5789109403036102,-1.5731925928389,0.031356168010580415,-0.9293086764937946,0.19441845052627846,1.2296734319087563,1.439545233486625,-0.8940230731701682,0.4048596181874118,-0.4394328098093805
2025-06-11 11:58:41,-0.97619196304053,1.5638480269280732,-1.8824300005620076,-0.6117214709565831,-0.7427596041999878,0.1741308265469903,-0.28320502803798336,0.008045383494648154,-0.6112096081851468,0.4817726942408296,-0.7001110876970544,0.7838738940981363,1.3123119118664932,0.6722195222425844,0.3638390838709746,-0.2900390046700517,0.032018165192492926,0.9895246627397083,0.7286298679419883,-0.10321004516814912,0.5420513281196342,-0.4736488926953474,-0.21047628175388416,-0.10730842575236935,-0.3877309475015205,0.43837378450928605,0.8625571513274324,-0.5553521966203053,0.27002477314690787,0.3515612547662488,1.1739142591905258,-1.8731049731096154,-0.8435203339447567,0.49633879835896794,-1.2751356243554957,-0.5124241780750017,0.15465093769420213,-0.5132237731716054,0.21704262610529584,-1.149425441606286,-0.9023708887792563,-1.636858151612242,-1.8583950218809717,1.467972380901153,-1.0245697406437462,-0.38375670746392265,-0.5630920356531813
2025-06-11 12:58:41,0.4019098199540234,0.810483313881196,0.45464926869036165,-0.5332602040517069,-0.5721220323452029,0.6805285663340997,0.030789934786787695,-0.16027836685526595,-1.0089508271896734,-1.2840749444789594,-0.870754155228852,-0.34386788486195247,0.4041016717729398,-2.4497800135255754,-1.8616382445676791,1.728823221454133,-1.1176047420025859,0.14925036580818038,-1.9360973480341142,1.841935802158987,-0.46154752643868363,-1.2941893601910215,1.0977333669039835,-0.8377932755440518,1.3270869671120236,1.3133722605379698,0.5546950940874743,-0.31499835858612807,-0.07191528078487272,0.5370978517728427,-1.7256978042576328,0.350337932470217,1.97514504700889,-1.1341173108804046,-1.7383478360882554,-1.8543490922267691,-0.2941904630535052,-0.4388115377893623,-1.131009865970127,1.5443150796486775,0.6399814548656511,0.8836253695001282,0.47917333125934725,-2.1916260651948427,-0.38684301696996143,0.9578007894864651,0.769076759607853
2025-06-11 13:58:41,-0.6575947744445302,-0.5578548428526334,-0.19867482467086503,-2.2552159246947294,1.2800430857049148,0.5698825459074841,-0.42036143510713375,-1.1118578396546686,0.9010134631687821,-1.2823877289033005,0.6456972091076362,1.600662701859023,-0.16854434123250897,-2.409262304545806,1.1051083416867395,-0.5289149721661704,-1.2814669176607336,0.685855148765382,0.9577563283639964,1.7067362143724514,-0.4663754248360884,1.0425826080773668,-0.8480713563901577,-1.9415122826970668,-0.9812820344236719,-0.38479309198852135,-0.7676668914399546,0.11929922018148198,0.7626449625985243,0.06864885685921583,-0.13529250513451077,-1.612595451709984,-0.21903113946773267,-0.5783421793852482,0.8247263451628802,-2.553366322197471,-1.2926488004237915,-0.5587919297960158,-0.6286266938691226,0.3474271164567483,0.226321892235448,0.9494475535295595,0.5060275744616634,-0.13196813453472422,0.3976800386563877,-0.8530638832047904,1.5978541279543794
2025-06-11 14:58:41,-0.24352743810382313,0.2940549616462297,0.6589306656388957,-1.2406172703131144,-1.0378576893431435,2.330114855407726,-0.7185790962575764,2.1953169199233207,-0.8869809315984527,0.4574824714787971,-0.747235239434919,-0.2638248798706276,-0.626012637588494,0.3345777863638165,2.15616435051908,-2.1819073632085964,1.6706489794695967,-0.4753412715498693,-1.1260658546924238,-1.7569845240867188,0.6824270704534439,-0.5727169282670359,-0.04605423788527565,-1.1562138205224286,-0.3660355415834059,1.5399248170739384,0.6362175841648882,0.7529519387719541,1.032067153151131,-0.12778283843132798,0.018764199160441385,0.23142613710961252,1.5195551619645329,0.2550144050191163,-1.219427479550419,0.1984231460117266,-0.3913978551897642,-0.5912990637032066,0.41016644552956033,-0.19643709678180535,0.6660162788103982,2.4555708015532263,0.8555163755591983,-0.02648267604359,-1.3663214409822966,-0.40495830783269704,1.3862307211841198
2025-06-11 15:58:41,0.38323973413647827,0.3404250945546915,-2.207273149606547,-0.6515661887271992,-0.30610838654323896,-0.5476265342377371,0.11299284149180844,-0.23924336338533467,-1.7670030812156041,-1.5444115951862034,0.7311553628331263,-1.7831916714817602,1.1661731182278279,0.10826656206914007,0.18004509982928735,0.18763534743024426,0.9160888354344707,0.0016692991339143696,-0.6652060048502177,2.2047818745218026,2.8996104269470795,1.0978854392764887,-0.38086382942483005,-0.9681070697384635,-0.6252328594316058,-0.4569896392096273,1.5382900635638637,-1.0572000122635532,-2.6713458965976558,-1.9513969940317217,-1.4614028001067598,-0.840015367994838,-0.26944650795662495,-0.23798594945614843,-0.0566636953687872,-0.06282667823330458,-0.018344670183769743,0.957182182214646,-1.539153461079888,0.7680076242870895,0.015494611280638273,0.35585339822889767,-0.12653281144639159,1.305535301899193,0.06546168628892997,0.7626248101680305,2.038115034158879
2025-06-11 16:58:41,-0.47131930241570824,0.6023553984082184,0.1586352099564541,-0.6129528878894266,0.4808153563672428,1.0362895697579724,-0.6884599384426271,0.6951416752565036,0.595977961171134,0.40806103912294345,-1.0540009960527508,-0.4195841857203545,-2.3619857872553185,0.860984465386027,-0.18112917293343825,0.3816656898724939,0.07330008671925312,-1.2195160184481113,-0.5936760334057926,0.04356055105722755,-0.47291129866154064,0.7546188229525153,0.323809373848529,-0.37782551392379055,-2.25675243428652,0.21608474572012207,1.2818917066289726,-0.7900735334816019,-0.7239680128135234,-1.2970635554018601,0.4378007734966057,-0.6487913050791327,-0.8151559320307273,-0.0032355052649599473,-1.4157005053971454,0.023947421706126047,0.10334671144419157,0.10865129201478427,-1.811440649421554,0.29014101784518304,0.83620193422887,-0.26069207443507475,2.0300792759508144,-0.1263112979052099,-0.5624756552243819,0.16419421628119288,-0.6937831440498943
2025-06-11 17:58:41,1.5618169141407099,-1.1407543916686456,-0.8816360010368639,-2.647686373398889,1.2009914108159758,0.41626310684061296,-0.10959266642104938,0.24278496554011847,-0.9044824408623712,0.562724023813892,0.7992977833040945,-0.6665668195880727,1.074107095232597,-0.8245366231844137,0.47996787655058976,2.6140846509732993,0.2998513228682022,0.36928516641233067,-1.1075126038688103,-0.3219931322399435,0.03708100272677885,-0.7688576552012101,1.1612553400943368,0.6429616064542807,0.10448840225466981,0.5939387863653592,0.7617434500453781,0.8590426234992264,0.6928459177915554,1.2523365094793657,-0.6980947184381064,1.125699129706262,0.11814122999820226,-1.5740953497690962,-1.0101754047183606,0.5362879522121842,2.28494207314615,-0.5686348919685386,-1.191960873590328,0.6668276942119967,0.8279974349390363,-0.7692749106545933,0.36836257865309574,0.9104915718277145,0.6572498598419684,-1.0324121692311168,1.2675880862984892
2025-06-11 18:58:41,-1.7035528336604187,2.2018387009392084,-0.9398486129265086,-0.6535030997190332,0.6110665246665973,-0.17578813834693013,-1.046718272421832,-1.4925242252754258,-0.8283273223243296,-0.49204061757167483,-0.3762402206341545,-0.3270983361230072,-0.7452183312463524,0.38289634090386276,-0.5646291500825634,-0.40931869657673,1.033627382409246,0.6901583003798597,0.18139278069185572,0.7625758489986864,0.6144676812595411,0.21176148021329616,0.7711637234505465,-0.1381103257446323,1.6402451248833463,-1.0025456963833965,-0.8427944461588401,0.8874881835250759,-0.7699574604502855,-1.163200334170697,-1.258219313847734,-1.314753497120768,0.30987977645991166,0.6402777006100854,0.15378828602223812,0.21437206228985795,-1.3931414079545024,0.4779445200051315,-0.7342397414385438,-0.5683961968913567,1.2366961943746382,1.5877895097526655,0.05683239638626213,2.072764156930247,1.2039020590542024,-0.8531993181979176,-0.08160483543001153
2025-06-11 19:58:41,0.514964357259287,-0.057306646016293136,-0.37994438166866196,-1.9601152503457753,-0.11869738701390391,-2.5105102558975942,-0.8969132430478877,-1.6759549223869183,-0.5287234335378068,2.8282406864712835,-0.6536009584655583,0.09474631691234181,-0.10528541183235747,-0.5044309624200791,1.0973897908873083,-0.04425658396542882,1.299853025781046,0.9174880060278986,0.038941808288632924,-0.19354452326100882,-1.5736671202754349,-0.024900641598799476,-0.05377687059753077,1.6482726367062366,1.5172953684394035,-1.583278762521074,-0.6553559655094431,-1.3150089236186273,0.5931101354760268,-0.32728618959110667,-0.941537906837726,-0.5407630034410197,0.9482511566364625,1.6297943692936716,-0.4422969029984851,0.5710998965229094,0.6637526533881777,-1.404727075622851,-0.3623534279422025,2.0399386995197917,-0.3973661954654772,1.0333243789289057,0.6552338569540587,-0.8195203510170396,-0.16833418746138043,0.955829413672075,1.2483163086796747
2025-06-11 20:58:41,-0.5526198183329831,0.047056345952547034,0.3104350061981263,2.6152505108978783,-0.1902436692037727,-0.499370275241137,0.8247530174826722,-2.129483365976498,-0.2972052927945398,0.3886111356460696,2.0643990122119087,0.1425226946555968,0.4153510572548406,-0.40402125972221653,0.6892548957688516,0.9809169023936015,0.311257859597734,1.05615950498094,-0.5922840813215858,1.1333951369167412,-0.9695199234211865,-0.35925201896524,0.6047858967347904,-0.24667619844870112,-1.4942285360994412,-0.4929071869461241,1.5056956150543064,-0.34895612981201735,-1.9168547401413278,-1.005696518612914,-0.9331907289290594,0.1555157083271391,-0.37905678299841133,1.4332046701247962,0.4604896151605295,-0.0782438886459486,0.43281696963296257,-0.18782497424230138,0.8411982253437539,0.11490310648156245,-0.5200423964424989,0.036745915088284425,-0.5526778517903543,-0.8622163324536464,1.7927116888365042,-0.3659613321444766,0.582807218043286
2025-06-11 21:58:41,-0.995148081127104,-0.4875318166120233,0.5185899341422854,1.0496721995804168,1.2788096988641868,-0.16744593889097142,2.447118080601856,1.1992398981597203,-0.36300405343550085,-0.06101041241812502,-0.9799640661210037,0.47892665504202614,1.6461795339977987,-1.0180294516359718,-0.13036245330410473,-0.8643878570009098,-0.5902777327077898,0.7278732457815629,0.018055138712533572,1.57707230089167,-0.9131931096181367,-0.826185460094701,0.346627463123839,-0.44508614486428927,0.2557837394794576,0.03806178807056189,1.423798476459316,-1.870939666476063,0.6778375575477738,-1.8983508243802736,0.9473550314212925,-0.5771532203358424,0.312006680539972,0.41508073526433836,-0.7429635381331521,-1.2951005526234312,-0.4149849296363632,0.26851800237657136,0.46417627969849395,-0.1039789054852735,-0.005173077846686754,-0.5688559208654189,-0.10410297703008026,-1.6119693286056205,-0.5403052900352123,1.9841281687498027,-1.4091595194561901
2025-06-11 22:58:41,-1.2883594437411632,-1.2256239972469214,-0.502675539971719,-1.2302965801922376,0.2459632859491563,-0.028090627547358714,-1.2326674245946305,-1.7938906400415675,-1.2703343840533035,-2.2938622096487196,0.39405737563798926,-0.9496693905808805,-1.3942706848817012,1.0025527756637664,-0.2583078993438291,-0.9622340694837543,0.20669768655795773,1.1637807414061225,1.331627901316433,0.750851872866744,0.8782595530898455,2.408429537016421,0.8993602123258821,1.9911449299080761,0.14882541939708674,-0.6615574447491276,-0.8485021620395242,-1.0240346026649003,-1.5944341753804152,0.8962061916474245,0.13704621712756607,0.0754563484285251,0.80305169214818,0.9736960005491345,0.9744785926809207,-1.3927212624761323,-0.06773906844912841,-1.2342060985603238,0.7717715009364505,-2.121785556587813,-0.6539391246725521,-1.5917593828042447,0.10048582438417086,-1.4828730910079428,0.3013622543224342,0.89210150384013,-0.8045819077880667
2025-06-11 23:58:41,0.051762213784849895,0.3752815625682893,0.7379187742749395,-1.2502077975833474,1.1915212468218825,1.1443585039096813,-0.842283932091403,2.5846816346295967,1.183798533811458,0.38951710562887853,-0.47955480751623547,-0.06147336367152475,0.15207635065036584,-0.8791751076965216,-1.0524782858731376,-0.3715314328403126,-2.295425685367471,0.7253128136446421,1.077128389843428,-0.524248571034985,0.32582608259786255,0.3696107762219648,-1.1801849509445086,0.7129073177798416,0.5330086580146778,0.4434811249839026,0.8229103852704078,-1.4579189594426172,-0.4934503582862774,0.15357655141631976,-0.010499262506045283,-0.1813171887446682,0.9619641298643973,1.2412574368911362,-0.37018946404287983,0.11341164863312898,1.2996153871432572,-0.27755136146485915,-1.1071848687339287,-0.48859754115342313,0.4848242674561345,1.7840613788083046,0.7490456343048166,-0.8660389245946629,-0.18307767242182443,2.8886148304930837,0.30917284566286246
2025-06-12 00:58:41,-0.6190423433895125,-0.919210762662199,1.9523734210250707,0.19222669616774804,-0.21328889319633973,-0.8021850800334004,1.2662937503622416,-1.8422378208622034,0.38373644648687033,0.06798265727940042,-0.01726553640791976,-0.14973621818095306,0.47420062354396286,-2.200441932153238,1.936703693889829,-1.2182419276476049,-1.4831980509162024,1.1599858994850305,-2.1754866397089665,0.16167177968054952,-0.6336873829356068,0.03783949552647273,1.8433878898629936,-0.22360592889292585,0.6949247278716582,0.6951950387469197,0.34082939167029996,-2.7090256387985914,-0.31472612379000336,0.019212799605247917,-0.7538611429307646,0.3688305837417513,0.4406520414614375,0.017779028670075088,-0.5039930417637575,-2.017612848438384,-0.8480975582087431,-0.18479777041301065,-0.050103956843655435,-0.11536499808431243,-0.4240013027725044,0.5247002867509315,-1.1932756570501415,-0.02602512728555142,-1.1253906261638478,0.0096384802956155,-1.7016777346460517
2025-06-12 01:58:41,0.4697795791121655,-0.5876115163387333,-1.2287312462595097,-0.28667998098640707,0.7431787983554731,-1.4806650730323574,-2.4515747060262543,0.34362889388999973,-0.38274065699203025,0.8363284414238007,-1.4416114061457905,-1.5618129921354513,1.0164081049428697,0.11645610508854697,0.237446037354658,0.20451109537411874,2.5361398839205047,-1.4928052086878947,1.3506192767046332,-0.25692995892597803,-0.7195453511219776,-1.1864479410949522,0.23477672180494671,-0.4197396037531591,-0.29601793007286753,0.12149479108775202,0.4870759103080138,0.843342101427997,0.9140951656200031,-1.7266734058443516,-1.092746711277227,-0.3786107123164805,0.2964452312305057,1.0529513518037859,2.6177888515213374,0.1319564050145189,-1.8499347040147733,-2.0626953172632105,1.2550317058748355,1.8531174846249987,-2.8180730061550108,-0.8297414115990397,1.46082183951814,-0.5962473037658791,-1.4298068809129003,-0.2792820783358568,-1.3156010426749938
2025-06-12 02:58:41,-1.092267646299803,-2.2026879874015095,0.17291802539113493,0.8940857556062004,1.415920564383605,-1.893920146038633,0.4454207264545508,-0.7521558224014482,1.164925591026767,1.2237646267303255,-1.4100548717875356,-1.6203668435746372,2.3712101741943017,-1.5350828942358945,-2.0878907728295366,-1.1673338123017187,-1.0487474599928317,-0.8576889730334725,-0.9187832445288909,-0.7634049302303636,-0.9771055261535702,-0.018911818534864157,0.4690340086164201,-0.19594448813812768,-0.08825021842306482,-0.9767576217628982,-1.5619319332158055,0.11293240457202149,-1.6830402852400521,0.9351505850988099,1.0636903613309387,-0.15921675421072856,0.026541791224082043,-1.802769208167696,0.8337725285009573,0.1815599575128274,0.5591045631590661,-1.3844441853740954,-0.9040478298936363,-0.5772443859491406,-1.0640154697103321,-0.4524214411119034,0.68063355077378,-0.4199102448467972,0.07859972717872533,-2.158038726299275,0.26132760132024013
2025-06-12 03:58:41,-2.58395791345458,-0.967628394568806,-0.6307723008082772,0.6067254894516492,0.13195321170965654,0.6350908650952768,-1.0345001949442467,0.4799873110285961,0.2328969677879132,-1.0864676342678394,-1.2420806159650801,0.035348310182249466,-0.6812261382298078,-1.1223197970257814,0.720425071196956,-0.3222021168640432,-0.18217425247619146,0.5738328491538354,-0.46812139999819946,-1.3379393545272675,0.4635953260520073,0.02673227244870183,0.35731073008669334,-0.6695665324539193,0.9197154705267757,0.6339184857423719,-1.611159373908018,1.0935369627369742,1.2714102093434803,-0.8519560245136732,0.20153679821897913,1.2647959137764,1.3772181131140362,0.01583841510642252,1.32074011323682,0.6875626256678106,0.9878661475041071,-1.6065978270589296,-0.1742475990310572,0.07059956362523971,-0.8952866102891317,2.746346854402631,-0.388479479187688,-2.36067959205224,-0.7122906006011239,0.944154349635097,0.088705967429908
2025-06-12 04:58:41,-0.011584234997454736,-1.6442309369505297,-0.03941682253859687,-0.07055307455927938,-0.3782881398664436,0.8668630131012807,-0.30724022790984185,-0.825034724254566,0.6141065898335774,0.10339922832112064,-0.46872474664542535,0.7364959458880984,-0.23759316683269185,-2.6108448581176344,0.30843337505489227,-0.511735453604775,-0.9434243295098371,-0.9599436061768453,0.43030810458160623,-0.20933855919839847,-0.33571715928525986,-0.7328295338981561,1.01901613966171,-0.4912943200414359,-0.16081143324040928,1.4377580200421107,0.15748678797223523,0.37323154095273575,0.5077870106632346,-0.3238655785170365,-0.5568368826368523,0.30176201550648935,0.15962677188782262,-2.053242280474902,3.1464226343609996,-0.8545938753401199,-0.9722533302796603,-0.17297466419881796,-0.403755920930814,0.30552663129282603,0.6171734202494926,0.04084451009042052,0.9549179251853839,-1.3300517531647384,0.08833349909859109,-0.7981870385969037,-0.3146943538159979
2025-06-12 05:58:41,1.3412354369512245,0.9899969147588245,-0.9057748755508277,-0.41024015543715475,0.01262336350635814,-0.06497914791453274,2.030041002712152,-1.0696806993915198,0.14733998208296933,0.7343351640699686,0.2430986432592103,0.38151408414577653,-0.16250962408809325,-0.01604167684995278,0.2630128134997921,0.5244273963527799,-1.6121919020466111,0.8407028155728941,1.3895347096398032,-0.2273792450844535,0.07829965756725936,-0.0094270027247175,-0.4090524602440797,-0.24307931651466821,-0.1872755714400913,-2.535358680565511,0.009971180109053193,0.9149153246371103,0.9937711359899332,0.3332035878505211,0.5691149959584609,-0.1619147223121974,-0.1655189290870756,-0.779122180229283,-0.8493110334925984,0.1830501926807759,0.510502535876786,-0.17278516151384757,-0.23613765050524707,0.44886571781027096,-1.508880380859765,-0.5848833411232478,-1.4509232577871716,-0.4634340154801172,-0.7983683364331646,0.8144788165389046,1.443159915817987
2025-06-12 06:58:41,0.7074458967830008,0.07583341781111579,-0.016662261089864173,-1.864213110376207,-1.4477324096616757,0.7541497351098041,0.5352931059322893,0.020864303462572065,1.1664893273836063,-0.6405620467694503,1.290590374439811,0.0320132048893515,-0.36620158163427213,-0.9149339219567616,-0.03824578534996468,1.3123772285549582,0.6137279784677726,-0.0814443498895494,1.2597305151386116,1.475545718080085,0.6532352501122711,-0.2573629629439734,0.5431621602128303,0.05839069056003077,2.212065055765159,-0.5595587659248684,0.5322832832618998,0.10269439310113156,-0.16089703442953412,-1.166832627378978,-0.3983290759088649,0.4473823324890027,-0.3564147890847786,-0.4204105020375675,-0.43135596697745643,-0.8741898010301273,-1.3795272014131954,0.453722299435042,-0.7901109464237442,-0.9595416814933045,-0.7929128457686879,0.4111575561718473,0.9326720911010107,-0.13179244560804076,0.32571190014457035,1.0682435202482623,-0.3976636668831738
2025-06-12 07:58:41,-1.7657784386321047,-0.33077115250368805,-2.2436037346979805,2.877648023620107,-0.6244057104099413,-1.4006384798337228,0.4286159239551816,0.8609906741744189,-1.5788506693551383,-0.34470634893638746,-1.9625664147387183,0.6900106001979286,0.06895703450858894,1.674179409776794,1.1989490137933032,-2.2932084284506007,0.3493402404520362,-0.6188303453969446,0.2987003865382961,-1.3470107500837711,0.9378620533345837,-2.474418056417106,0.3137533444722799,-0.2732818867791151,-0.3618527047535642,1.1817792973490997,1.0587189529380443,0.6104195043118099,-0.7272124164361533,0.46127426244398206,-2.7852269818941657,0.09568635988742369,0.6969920189351951,0.6115073400573035,1.8509191244526826,-1.3164467886720834,1.2047243391919504,-0.2001473777539005,-0.8308320924653345,-0.5298487754031255,-0.9490493208313201,-1.199717981691061,0.9794264231452592,-0.6240551075766579,1.4083685990663144,-1.1192608909645674,-1.4208159089555035
2025-06-12 08:58:41,-0.8597735755372325,-0.8260495135735562,-0.647936724187901,-1.5590630703609183,0.3265473552653714,0.11445440495248209,0.6681038105192738,-0.3623975498189545,-1.936038766711403,-0.05433730520095032,-1.6001910790558376,-0.9384167822770874,1.1745579488374227,-0.36856769280757334,0.079750657097444,0.9610946550807984,-2.118446199615832,-0.3659954599923687,0.7398801337979675,-0.9517385745942366,-0.33326483511173954,-0.42213768528169143,0.2811880089629705,0.09539205451406924,2.7443861383202623,0.07089287972213142,2.80318310248756,0.4792512801377774,-1.455621767600595,-1.365956532327255,-0.5928860640661402,-1.9639763723063626,-0.5896657350062063,-1.6008816328558386,0.019290877624161405,1.236719780888899,-0.3116948558901341,0.907889489414342,-0.7573210536159226,0.4656319378212216,0.6852022694274988,-1.2221990964251679,1.4641270927257746,-0.21415261897270113,-0.9969615764134622,0.13024791037636604,0.019318215532868048
2025-06-12 09:58:41,-1.875794368811969,-0.507706000433766,-0.5217219550254586,1.9362273725147654,-0.1942916506892886,-0.06664423432338987,-0.1540889005760239,-0.9369462155702329,1.5687303766131744,1.311551001222415,0.22627173794365094,-0.2138855881507779,0.8321150570206446,-0.711225839084928,-2.854177198427887,0.5555262882041322,-0.8639899526362433,0.9140830572200122,-0.102794376135354,-0.9344894695818871,1.4650940962462358,-0.3522311895551986,1.5947748161561084,-0.03678805641699179,-0.7863838980004095,-0.8541158832760649,-0.877674291855341,0.31867679318013087,0.2337548217970684,-0.8361839180079881,-1.1974839237637327,-0.7720042052419467,-0.4650052594924754,0.33788037051289,-1.1644893167552395,-0.9763959323214799,0.7123514329113434,-2.100866575494324,0.7190291313796109,-0.34965547963920807,1.181700808629012,0.6436547472981323,0.5432232138266471,1.365293406928122,0.813542153054371,-0.0879448531863762,-0.24610419082445545
2025-06-12 10:58:41,1.373360851981091,-2.1231708134772997,-0.003054911305828791,0.02275008634913089,0.013004592081486525,-1.6526332973289786,-0.7016842160275861,-0.3826761279119705,-0.043035643277486574,-2.421819580107365,-0.27678445462915063,-0.5218190231432565,0.2942980167681631,-0.939307020205184,-0.6332836083786876,0.49856522220941385,-0.10096237699836963,-0.7270873622274722,1.13904906383685,0.15650722604944572,0.47313369632494456,-0.5655198551079937,0.755863617491098,0.7583610201160416,-0.7002027361311949,1.200008699223116,0.7036951144401291,0.21964984589206663,-0.9093544955457316,0.12242632428278051,1.2526088569326885,0.3662604885185723,0.3883900285771806,0.46380222860100107,-0.857893384021342,-1.0513623580731881,-0.7496870917930135,0.47252277970224993,-1.5138914473989125,-0.8140240636247681,0.6351387786754666,-0.5380539241918624,-1.1837399649761629,-1.1962034862508704,1.1408255121840276,2.7768598508397213,-0.13340465124838385
2025-06-12 11:58:41,1.6191970370823692,0.3840966090128942,1.965945953224858,2.102616462022838,0.017893276412859763,0.05704044477878709,0.7489439925986064,-1.2102316397509922,0.8477157703978455,-0.1746646507037167,-1.2526645400695697,-0.12985962102026963,-0.20101013544264035,1.0416403942637298,-2.4120411267754736,-0.11277783868078378,-0.8081225274081,0.2608100393548382,-0.4811970743692416,-0.3606505133907692,0.95646032012902,2.571982917806765,-0.5840604463969443,0.49530967865564174,0.6041252518532206,0.7587443391926355,-0.053999859157353926,-1.3034414684778481,-0.5328519468446716,-0.22721544716643127,-0.399803321017128,-0.03114038841779598,0.3805217364634588,0.17826624343689856,-0.11976015055864253,0.7178720127379388,-0.6702625395474371,-1.418044520651926,0.9130254356211375,-0.5793533975424485,-1.5737625148066905,-0.7427578838718549,-1.13914698160359,-0.6483228097854972,0.1349237078415173,-1.6835095648195093,0.5091482683290334
2025-06-12 12:58:41,-1.7809190400373736,1.9147368910524525,-0.37236027865053023,0.5242786091000902,0.5210389332282703,-1.050264444340986,0.9930553369048596,0.0011374400858394855,-0.6707891102588867,-0.23227345335675284,-0.24760274013698802,0.13708806936262707,0.4874412941312379,1.9368232208644929,0.5734790296831158,-0.6245630317449786,0.2688076285049211,0.6720990461240767,0.7551648960324873,-0.7825399290176178,-1.1678400175301176,0.9144641178577714,-0.6802772801809943,1.1663702629926722,-1.011031664507139,0.2616623666052668,-0.9573444257416067,-1.1837019575407428,-0.8642341087955171,-0.4194685431398794,-0.39033208761433463,1.2597446932085616,-2.4579744390350493,-0.5933159278523652,0.553971202770206,-0.07730120736361644,0.4635090204163002,-0.13474445074678315,-0.495964429043777,0.5368254965341778,0.6366649467537765,1.1611936288379696,0.953526506885515,-1.1111969155434418,-0.7679393067247403,1.1795412360857003,-1.0733401095520805
2025-06-12 13:58:41,1.485503784721765,1.8354020370732202,0.01578035955117801,-1.8949683736717142,0.804624392353887,0.8314102077673751,0.7332155489578489,0.6839876164060514,-1.1646681986827012,-0.28892655695663766,1.9253212403372812,-0.7273991498320339,-1.0572089132369207,1.1431954442872014,0.08918823985042265,1.6161573101992799,-1.9624518184501987,1.7084635691292696,0.3149884813814608,-0.16872713562182753,-3.1713880078083725,-0.1384438323718614,0.033069482919117314,-0.5125820522749969,-0.07729149148652695,0.830709599729897,-0.5822741432019009,2.315923674168554,1.211969857708818,-1.8745850207346628,0.8748630465895244,-1.426035066649557,0.9230479694315542,0.24545690139898832,-0.42886669733591354,-1.0904406804183255,-0.7432693453638696,1.024427824097517,0.8048039179265233,1.1728198315105882,0.05178825367807194,-0.3614580367369036,-1.1555524424513532,-0.4512941141057364,0.7739034859934524,0.7596660796629244,-0.9025894648329303
2025-06-12 14:58:41,0.9230431478787346,1.7413092326488138,0.19387079234189028,-1.3216445691804977,0.3664272564719429,0.1627541388300918,0.30662846833570223,-1.1312720279385904,0.18504045905056601,1.071744893889147,0.35494346394195847,-0.32439439735343,2.062899172369631,1.0600362007694797,0.35054591909049926,0.2498100756115906,-0.2772335032895897,-1.414263921242168,0.4676697765070818,-0.3875606962229935,-1.8160218503667507,-0.9236727018066377,-1.855754979882895,1.8492387039468645,-0.34587885576426053,0.4891291590811899,-0.3595498475641115,-0.11715028288280856,-2.8928838535188386,-0.7087934167438742,1.0056175485013654,1.0614205115507835,-0.7687873794475177,1.6315817443847491,-0.4359208238142305,0.010185448826254233,-0.36427950408984816,-0.5363692641962329,-0.7000131920555289,-0.2030622316797879,1.182519085986357,0.14967586767412097,-0.7321604094198657,-0.3362397165088029,-0.1496362092073534,0.949252008158701,-0.27493272216472936
2025-06-12 15:58:41,0.13437067296823943,1.5237959819350704,-0.8665013252133827,0.6777375672878265,-0.9277569947752957,1.7876847590537617,-0.6977788917067811,0.4248934050678306,0.632436640610912,-0.3838087949094158,0.42307724296063004,-0.019517146685398654,-1.8066733069604335,1.6023622024579838,-1.6642362779588735,-1.6149609321179432,-0.5352548337457917,0.8369404728372142,2.9468072622955335,-0.2069790309350153,-1.0410942456429053,-0.2944763038655367,-0.9827586327411324,-0.8106993449609019,0.5394272907147883,0.4168226303479783,-0.6043251158939315,-1.10826802937402,0.074061882134082,-0.7127194516637178,0.46783250495113443,0.4609464351383382,0.8528462205193326,-0.8214447368995366,1.0776485775527451,0.004614108482943783,-0.3777335755263284,0.052450864740612835,-1.5387014100976166,-1.5063849231593092,0.35730751023854324,-0.3679886471879638,0.6543958351121659,-0.10601335747891386,0.7652079452150587,0.4999437308147863,-0.034383089671622256
2025-06-12 16:58:41,-1.1669749004679386,1.474324142821392,1.0855604154091705,-0.6264328271958078,-0.6593063614598847,0.4486051926337197,-0.80612640756045,-0.579771898363596,-0.8623999623082382,0.0719553934238176,0.28633922411333407,0.2419566946271294,0.9917221332339667,0.005423211350064931,0.5049037168176207,0.11142979662232216,0.23203754500051474,1.0175170021551716,0.7334744337433976,1.1484763318077604,-1.6817912104507244,-0.1378546319771974,0.23544789251535692,-0.0335414603666268,1.466881103837551,0.7256850763323434,0.23480552082547482,-1.3784086752174765,-1.0769467895936151,0.08036041346049251,-0.1070112685350781,1.041808937000971,-0.6932476174903623,1.5286414871513394,0.0764275243986307,1.640137446017795,-0.022939515188701257,0.9092304221561684,-1.4768762250303997,-1.4053984145974894,0.1941357847492405,1.9659377199228105,0.4579318329888182,0.38375197515163023,-1.1291856553257047,0.5096291303638126,1.208446811384398
2025-06-12 17:58:41,-0.2248939572976754,0.08802171484541788,2.4530798742589353,0.30632001880760334,0.7481243407315338,0.3970677611601685,0.3943742497670807,-0.9021806805002262,0.7167696219013537,0.6729244164942095,1.2444467026841641,-1.6032692584317718,0.4430623845776377,-0.021207701606776427,1.5920701960069112,-0.6242056759827332,0.5292547926705343,0.22328933324211864,-0.78644695365626,0.31680064338213715,1.0321623527868589,-0.21961525799402623,0.5940172460747164,-0.8153674990299411,0.3666250453158231,2.6772893075397173,-0.013815788858655325,-0.35960410554886635,0.17313022450315935,-0.5490414546331356,-1.4813984264422424,-0.13992549223430945,-0.3758332865501072,-2.284420609246711,0.7581227855893075,-0.03511836395379427,1.597457918068311,0.144743859201584,-0.5942431427739724,-0.21213629723950408,0.6796566164194258,-0.634196372219196,0.5603238075507733,0.004502571505039019,1.0103179772121478,0.22407927729045807,-0.012232341900257225
2025-06-12 18:58:41,2.078503071573546,-1.0138305469451394,0.8784524100524271,0.6291605017185755,0.9809008947121105,0.32102736280611477,-0.46003553490617977,-2.6577737816645404,1.8160809904120268,0.05021308887758633,1.896639991293491,0.9535057316662402,-0.07134412250080965,-0.035988914552237385,0.6295811055139237,-0.6528849082316198,0.5946901316834838,-0.06328761204712262,-0.7809289999750729,-1.6905918480492306,-1.2379875708858639,-0.3959538464674212,0.9150318740558117,-0.6301522348997602,0.6129980827093224,-0.46333928929648316,-1.8041554653054248,0.7437572640585486,0.08079128935109461,0.3095860809723612,0.18171376040488155,1.4990186249813604,-0.34990203221762045,-0.9987642146925846,1.2311748755680223,-1.4651269523977566,-0.06714097993233678,0.8493562812082459,0.4594082857772827,0.6815031736241047,-0.28337383258222304,-0.8138856571487862,-0.5581533035781696,0.8494491964766321,-0.4280825851499442,-0.5054342492320405,0.06595017655783664
2025-06-12 19:58:41,-1.648189588689896,-0.7313195917175583,0.4176321245898197,-0.23580945364049852,-1.7896657581969553,-0.8485025804185425,-0.4073169687022083,0.09944242572660174,0.7490979468599862,-0.8360715293149283,0.5706922605606867,-0.2254812699735802,-0.6303793482298764,-0.212882241611219,0.919272971303145,1.4361122202808971,0.12698089631059054,-1.6210002203840823,0.9440187789182005,1.375140843759838,0.2546206030062952,-0.48315147751164333,-0.06357446317897182,-0.536390299088883,-1.7252344090774707,0.7533442714762704,1.3435136558268415,-0.40886649022381766,1.6406580656683691,-2.087219288884608,-0.6732885960164042,-0.1519606638337642,0.5761936339230392,0.47386368215156166,0.8646042024207276,0.8336391016054007,0.05928357793700397,-0.7848807036725116,0.8529422299184123,0.8535280028052253,0.11647356467343585,0.046969554599227366,-0.8324725490335243,0.7770231587361305,2.161539131880041,0.6954203746510804,0.8856629356247797
2025-06-12 20:58:41,0.7145297895388248,1.0217696943997319,-0.423568992395342,1.0222898238097422,-0.6284078535082679,0.5420483000624351,0.22686628947435414,0.7658753100921262,0.7581871101408195,-0.10828363498371013,0.22642395732134288,0.0221757351332447,-0.30864882805509014,-1.488449070612636,1.3292070902305901,0.26752366775378594,-0.9814627832302345,0.23236511578965693,1.099304639144725,0.6987635714994475,0.018563775904071725,0.36988020771422836,-1.2314003785047387,1.0294289422705405,0.91837090268409,-1.4617610662449503,1.4007861553237058,-0.2628351755008531,-0.9071121808561375,-1.5221632873379913,-0.16761166935382033,-0.47371124586606145,0.2078627520449011,1.2458313140095707,1.220338910636567,-2.1710360113992246,1.3139831389926946,-0.3705015075779216,0.03200084856874974,-0.45345146118995167,1.0527690351245023,-0.050720082354721974,-0.36270185556577084,0.3022725085968166,-0.8188980413618187,0.7321076258558479,1.1712019921514667
2025-06-12 21:58:41,-0.7315751872795271,0.44477684110576554,0.04583320760495053,-1.640282756405982,0.7839816269554566,-0.38281512403693363,0.31841907408769116,-0.33943408273114556,-2.0581841466306288,2.0740632291606667,0.2055177708518773,1.1276885441513183,0.8548614977354427,1.4969597242753523,-1.303102946181407,-0.46730716694790453,-0.8681202302744214,0.22664613076642962,-0.9171066863344864,-0.21388922962948648,1.073984892136606,1.15920375114223,0.48998708079327,-0.7348977437060844,0.6490359388669159,0.3210130034683783,-0.03384570610837563,1.1584083364151558,-0.8353934532201025,-0.5218226492058947,-0.049808415242447446,0.4777257755645717,-1.841917691329826,0.46809127148939556,1.4885292370352476,-1.0222237578387463,0.28873575944569246,1.0804527992960504,-1.2227648102726476,-1.6672671040530107,0.01356887107857397,1.5793166074259553,-0.6723006239856096,0.7078920880717244,-1.5938989157165389,-2.9704311450871943,-1.0886511986674912
2025-06-12 22:58:41,-1.546337481871507,-1.4643396663033916,-0.673653378371573,0.359157502315812,-0.7489420228601306,-0.7867849036939966,0.42955275311526786,-0.6994768626110666,0.16216598317392908,-0.16592173322249568,-0.9972232487591108,0.6272242275196914,1.9100383021316443,-0.21647370049604442,-3.0091246073493707,0.12361960641191644,-0.4214925630159717,-0.9460050297451381,0.15257325246688808,0.8132733006052256,1.5088802527390044,-0.2202923160628401,1.7911263606641123,0.582824017191001,0.7973918839663093,-0.83518546460474,2.6873689659875595,0.7403376536479994,-0.4594824582225801,0.08297191487066839,-1.5560874336533568,-0.09164792286611612,-1.2203896164658008,0.9681435980413281,-2.2513889831114,-0.09548655524870477,0.21799608480979246,0.832505807680061,0.5732432657431927,0.7102159125669546,-0.0967988054094072,1.6814178752552917,-0.1638957756769782,0.3575840194902918,0.505402963988745,-0.4238358042542048,-1.0329286076591253
2025-06-12 23:58:41,2.108392197032621,-0.24060262167877877,0.6101274411401949,1.650121243836983,-0.5283990904382274,0.6631338348338331,0.7542018193316127,-1.1060784252579101,-0.11516953492404078,0.9356284355687089,-0.31695080529717123,-0.4896404858626925,-0.38031551716470424,-0.3646210889810637,0.03195767759053488,0.6044476962355287,0.5609726960712533,-0.7238879104291482,-0.7066972991318171,-0.6148538581642596,-1.1425959436691184,1.4055526745605216,0.9535678454666955,-1.1159053776873713,0.695093293341436,-0.6245111265037189,0.3626399764553789,-0.056637193388105155,1.0324880457297316,1.8076924432827954,0.7675783851111612,-0.190063302719856,0.403727571187244,-0.6310501736222922,-1.0147224900775842,0.8052250892645662,1.0462331089432912,-0.5297111103000217,0.2411880105046738,0.7000407619077328,-0.1045598907291266,0.31494225665693504,1.2088491773346124,-1.402422238358687,-0.178840776950812,0.11381901838788545,0.8685508952778107
2025-06-13 00:58:41,-0.2976794412585403,-0.3049124206652027,-0.02090646967748919,-1.1102642982868614,-0.6797777041667374,-0.24586851383487296,1.4833525003381811,-0.5587805817665112,1.026930889402341,-0.1291021240158239,0.26984102405935506,-1.9217380046176988,0.13738775154952737,1.0658799926188922,0.208342603357934,0.77395457104961,-0.5911128704595431,0.16692549394402745,0.4570875999185128,-1.0186401276678612,0.5382503775243311,-0.2326095496961169,0.6758098215662975,-1.2139325254328315,0.4364185522077465,1.1037830881987456,-0.9429554962984771,1.9542287825175422,-0.21299251625861054,1.6342621067190304,-0.7019636685045069,1.1328860561811316,0.5902774180039077,-0.267086304648997,-1.8494327003192186,-0.7852777533491683,1.5140779368460302,0.8055984076699777,1.3488564273550927,-1.7110509881193812,-1.3214873911258556,-0.6190267878369753,0.6426973140435679,0.5990565051974364,-2.578237678686643,0.8873825670023174,-1.421644947193953
2025-06-13 01:58:41,-1.3619147845503214,0.32914460188066025,-1.604681933856802,0.8178627182710675,0.695319940285304,-0.45700619314570706,-0.05811793094812414,1.2854565098009703,-1.3700149758031235,0.7713045179199512,0.11117767399736031,0.36932952468462726,-0.26384855995929396,0.5067192384436322,1.1698766451045526,0.9410722460238922,-0.14658598581705024,1.28164959699167,0.7640072148806036,0.09316202326459602,-0.7047542150322305,0.05725762218873197,-1.1705736471411385,0.8363643121800792,1.0966858283181622,2.1664757386289253,-0.6229056357832041,-0.5984720164674012,1.3556449901661614,-0.3493329277713041,-1.8274545570755636,1.4567744186678848,-0.02764883679063975,1.365110501586944,0.5002985261256692,0.547313867830582,1.3191918398825353,-0.9518118338543005,-1.144280066763609,-0.7426455345006991,-0.199726988790441,0.46424159799061504,0.9750290653233895,-0.45633607174737834,-0.9425886307069969,1.592661217845113,1.5610436078254364
2025-06-13 02:58:41,-0.4376837882368521,0.4718031117076015,2.6997568490473003,-0.9449301519036459,-0.18056769377515622,0.2573166376517395,-0.3894392517031225,0.5600364999863636,-1.092579882328813,1.9158835471730822,0.0671907365690422,0.07463889426242415,0.6527648228720052,0.5477274439110401,-1.5347582125787276,0.9914915556752606,0.3824177089128412,-1.0659924789632618,-0.808965710891119,-0.928238543039717,-0.9601935493170138,-0.06493912795042847,0.2083840197304268,0.20826908158505197,0.3058823235463501,0.7877701180686953,-0.3623452715313856,-1.083726220626485,2.5179418702012026,-0.08410178686299752,0.5619253816658596,0.5188314622202393,1.0561035324010115,-0.31436070747654304,-2.9119884010695882,1.1095724306698103,-1.7956842498723256,0.7206916771977487,0.5237784309286536,0.25016189475929806,-2.60495101727565,-0.06018125411542833,-0.9089099237785382,0.6075535277131595,0.9429370009867204,0.29245064647301044,-0.7878067426088695
2025-06-13 03:58:41,-0.02511581685450667,1.0981339808008934,-1.3374469824967088,1.670002435997587,0.7837553477509458,1.1607884932177803,0.6661493646752141,0.6196696948648803,0.4307451178501264,-1.9911326624927113,-1.0861178359767412,1.094231209248178,-0.3000562646584518,0.5943210986476949,-0.45649519966136776,0.6648245624850226,0.9684402148716245,0.5837162644974263,-0.61826023350658,-1.1054712520506487,-1.5305868848863573,0.07062580890005907,0.648605170392742,0.020215803283380455,0.33766264971146026,-1.0694073576626004,1.2789781034991081,0.33698394362210937,1.290617386805482,0.42247282065072994,0.05792876303166341,-0.0870546893819053,-1.0240386043313705,-0.013239269333734455,-1.484499617754368,-0.2692343617636314,1.732948316516103,0.6754415383055441,0.041898803044240034,0.36737584583097105,0.3460703011357296,0.8953827987486415,0.09459043398423989,-0.42028137824207823,0.7498943810027515,-0.23400089284895895,0.2870198496698084
2025-06-13 04:58:41,0.5812417423006706,0.3841151791442369,0.4738350028682322,2.2446527522440554,-0.929947595789074,0.7660401343832008,0.48442291657914,-0.9509439812292345,-1.4592424182419768,-0.4659256349789014,1.5533561323108003,-0.3981944086944412,-1.3658247494782163,-0.8227120657677045,0.4527100274132021,0.2132046992473233,-0.9013115392651573,-2.024077042487222,-2.750760730052157,-0.8299508286577502,-1.1655297136615554,-0.8058712004549551,0.2158771739715666,-1.3933708762967165,-0.4283874929607143,-0.9257040826788754,0.6937802578876857,0.05597322880828834,-0.8406078923273497,-1.4234518692161087,-1.1165176154103529,0.8438534409237355,-0.03880508625591581,0.3650151914315097,-0.5812783443520984,-1.127241594533341,0.8258281217062301,0.8346199600496683,-0.7992381062142507,0.39400558871535923,-1.5261355149269191,1.2241556041264603,-1.3328757786448968,-0.06290870581410553,0.3971761917534722,-0.3414200918325461,0.3825499743906903
2025-06-13 05:58:41,0.838400332833073,-0.23012504805835188,0.5322555023369243,-0.25511540937615634,-0.5425027839548391,-0.6021302231637645,-0.706571296390682,-1.5735469280209613,-1.0492931271365444,0.6394814528814535,0.6338791647037163,-0.8094557491146301,0.05358583953828452,0.09316612652193593,-0.13820922962198146,1.3871793422095857,-1.3167488830874665,-2.153765496513522,0.5394499408874684,0.8640833929903176,0.7291309283447266,0.9298121733345863,-0.2666292927392125,0.7526747244559401,0.12891220330947387,1.1439614193766305,-1.393379464924873,-1.0746417181283423,0.22396651142126692,-0.2904555936824648,0.773519535320624,1.3355159558509795,-1.7427341463610833,-0.1880729584751349,-1.3344052315382218,-0.743844356433097,-1.118229959114152,-0.6092799328655673,1.2405036400399505,-1.603531828483126,0.613332085273366,-0.6421496836225449,-0.21098944730398986,-0.9965053843640725,-1.1114464513125846,-0.3020632323408115,-1.0787015860241185
2025-06-13 06:58:41,-1.231634968748068,-0.1466063521157118,1.3226414747354374,-2.07837795174005,0.9658691596029986,-0.22525232028146036,1.5782617041695792,0.2907365491601814,-0.4212801618591924,0.6855333004524794,0.41031838443953983,0.3593914472319971,0.7878606577078205,0.30771068998413886,0.9374977163850773,1.2685353824687802,-2.570244674342393,-1.8395887492801075,1.1579450411140368,1.0332583679349365,-1.2744539574419655,1.3841664544840706,-1.7142897964998192,-1.2779181781695803,0.9919401750624958,-0.4900979136393175,-0.47455416694349295,1.6362650571442554,-0.7090657746297813,-0.41662441536881933,-1.4844358732059628,0.4791634764464687,-0.2657582395943489,0.4600085237495075,0.7196795858776057,1.6296922686875817,-0.843183540068747,0.5691384689088482,-0.6413686078685915,-0.15205445144120056,1.0324149388586283,0.3542162458011407,1.0512483646333706,0.06893247450462663,0.2936503161672463,0.7214110525875532,-1.984125252529063
2025-06-13 07:58:41,-0.37099057273739994,-0.2973407949638666,-0.7110201033617458,-0.8544475691910112,0.4218143504930604,-0.9536639718510873,-0.9274190098342107,0.7555818440403296,1.508467277123792,0.06746196841087648,-0.2957374604418123,0.2952014942818817,-0.8545988474366026,0.0670468799431475,-0.9063488779179212,-0.4761681577863439,-0.80636181386288,-0.42418235792313347,-0.5570615362350475,1.160534685462149,-0.9880399866058459,-0.5427690986955066,0.9566871972349894,-1.618283911960038,1.225766579105259,-0.5886832424405464,-0.5957504109882363,0.6065239880954157,-0.5253272375770914,-0.47013681057438284,-1.6395634052336183,1.8201964232652261,0.9373487113532815,-1.5854524777758727,-0.6943277821607442,1.2808456007734574,-0.40539896977372475,-1.7941581901128634,0.0684095360866384,0.5766600061074196,-0.027821269162924923,-0.331582500298982,-0.03767351505328463,0.6362898978839583,-2.009505171589396,-0.6728301332688281,-0.563795340707526
2025-06-13 08:58:41,-1.641651145695576,-1.1156542706412376,-0.624777005067524,-0.37932018153948055,1.201172670294792,-1.0512921347315523,-0.563130261563158,0.10766594944274335,0.727440254233171,0.11760351913036636,0.6966675451805588,0.9968556045042162,0.9416412970599674,0.6653811697035928,-0.6317488642615275,0.19678556759053048,0.3080322959782436,-0.7683377489929878,-1.034003583705607,-2.0281113934804345,-0.9149004921507714,0.1006601414534916,-0.9789466253435835,-0.3654548148865269,-0.5900010076587369,1.9223773288094692,-2.0506507064433146,0.6964002189727906,-1.7822651442775554,-1.4892503128771097,-0.9082935990125567,0.871563085264723,1.5047571061545566,0.11064124810792048,-0.3581098583942221,1.511206106054189,-0.9347847125443152,0.9159740141606304,-1.5781468290232583,-0.7503275426290618,0.35535192593605647,-0.858755489614187,-0.7244256343076988,-0.6811942712599316,1.0429039043412183,1.5817045232990044,-1.2781090970131734
2025-06-13 09:58:41,-0.2424623716295951,-1.8080372525744683,0.7786477809296952,1.5637725237356035,-0.07500742683704816,-0.6302397093315345,-1.151447405971845,0.04115547518990574,0.7346838870633574,-0.8558095662470062,0.9465134120463694,0.41821659571222064,-1.5124530693363931,0.958343628114949,-1.9755781853914793,-0.1902545817798533,1.7077267106337648,-0.4216586193890209,1.589863442950973,-0.09286686624446065,0.8333483764464464,1.8420348514550526,-0.632485747742075,-0.1228224654511092,-0.6879615484927862,-0.5800288942660198,-1.365105854383748,-1.5226032905541782,-1.3811467311775545,-0.06123785599792724,2.4511307976148977,-0.6905436884248859,-0.7016642762270123,0.9387137413536142,0.31430075315962136,1.0904269632685397,-1.8772491501993085,-0.838128861471389,-0.5373735420989005,-0.553552586765122,-1.4591193946647272,0.4790272922816923,-0.35733102191113586,0.39556845103996247,-0.5183876987190424,1.1266188213811104,-2.7658480597391506
2025-06-13 10:58:41,-2.526867919640751,-1.324870709403098,1.3192024311214452,-0.9760242948624788,-1.1109224331799148,1.416022447664009,0.24352466828587638,-2.51125616911604,-0.07714632016088116,-1.0132257890527057,-0.30518829004215686,0.4554517982736831,0.08226456918064928,-1.5685392262018276,0.9316820025519784,0.019273169503442555,-0.8781476731475373,-0.3577983157814011,-1.3677089041829174,-0.8503230591917346,-0.37201381325260835,0.041173469249993266,-1.6429989670908316,-1.0729691288421006,-0.3407856430428893,-1.9251816848796195,0.7182776100278774,-0.2257035214522478,1.0173081541058397,-0.9720018865732736,1.6933993231277253,-0.2687087588283278,1.760043039007958,0.16290928358730256,-0.2898906345090592,0.1313766235145295,-1.6210266539472893,-1.0239859401149884,1.260254059564034,1.4235467040818621,-0.2738021927988728,-1.2543631096683503,0.6378856619301091,0.5525277631557038,-0.10438380711779681,0.5629513942115815,0.3697696727842924
2025-06-13 11:58:41,2.6701476292388304,-1.1285780470555737,-0.8668980775991354,-0.7084275171048506,-1.0778309501727712,0.8579878967744233,0.34908418929836404,-1.0653407730843287,0.2695592179619433,-0.22105476172954155,-0.2992918081785755,-0.15633894540300428,1.2138257494912539,-1.509221473140966,-1.6776145712664836,0.9882454140896004,-1.4093296629575107,-0.7279778316063505,0.447124194852586,0.5143608693642396,-0.7002858231795352,0.013193796381868761,0.433871454259957,1.1276684058795317,-0.497044485750006,0.6733366413478968,1.8536189769163733,0.3767537670837526,-0.40680196865030405,-1.2367250341513503,0.3201957419350116,0.40789902169920816,-0.36132020647772417,0.9238335881753198,0.8859026450175573,-0.2852795008981323,-0.8831842902945496,-1.5516949947675882,-0.41880396695133976,0.8140422437961665,-1.5860655413891886,-0.3869081853770202,-0.6245022370903746,-1.4581325811108456,2.6061331974655655,0.8591350960464104,-0.25440796901792856
2025-06-13 12:58:41,-0.9232767624738055,-1.081330061037703,0.38121789462587474,2.2498374413683164,-1.1278935660733536,0.011151732822198732,0.3562853268481156,-0.024576743012625538,0.7322360187243036,1.0834897152893228,-0.8769596743324208,-1.4043318552579118,-1.6905151431231495,-0.6750695977551749,0.5965221820247238,-0.20314507497083722,-1.5652069171102372,-0.34629872158107994,0.7813641236786104,1.524142507956144,1.635332706591006,-0.3923329648898137,0.8410007893143208,0.1932005890889295,-0.5461062276715739,-1.1820436784932111,0.06839159336734686,-0.44921031211500534,-0.38214049221725827,-0.23179934960945875,0.9915641649517114,1.3924420301405647,-1.44998672545028,-0.478660115763976,1.0228129354505875,0.35829037468075814,0.5789179785169284,0.04493873574729833,-1.0278761395846392,0.00553270707132115,1.5804670687629123,-1.1136162109325023,0.32793877087062934,-0.9403303783631856,-1.4912643307180764,0.8196351843719283,-1.657804172950434
2025-06-13 13:58:41,0.5332146880211287,-0.21030434620282976,-0.44586393866669854,0.4936341984431319,0.09941392576530646,1.513367305310951,0.7362504468100657,0.05374508916558264,-1.8939326201397175,0.4120586540938635,-0.7098195208723515,0.12268717720497548,1.1522243801703573,0.5015437194845316,-0.6740836971154163,1.5438555096284057,-0.28745514492512597,-0.3120181497425937,-0.40429171808879755,1.5783911606825813,1.8622460042867202,-0.032325783893128165,0.604634452675479,-1.1743233735205183,-0.5532579723970031,-0.07269289242941081,0.2513690076275238,0.8836089470817768,-0.8252693278687482,-0.5888028484807016,0.41051282303284453,-0.25604760350061273,0.9628607026683138,1.5918203175878054,0.09027982841957988,0.08286665911169097,0.9704666418711632,0.06045764799822689,-0.13728671508959284,-0.7890224649283246,0.8814526768578339,0.33342051629979463,1.2654569163379892,0.07487259912796441,1.1987754941738353,-0.2975234068481363,-0.012256548545901651
2025-06-13 14:58:41,1.157819676120019,1.9875388959370932,1.511305494416182,-2.0449438017202093,0.5325844593043699,0.8258768549723421,-1.5370721430732923,-0.8724635733038018,-0.09625879186676353,0.6742002561436671,0.9413663720678499,-0.11915625361896773,-1.2673148252567301,1.0299994876545089,0.6016295191159922,2.1347512926136663,-0.10051157852917494,-0.15016653615736464,-0.40016755030959844,-0.28615758675627556,0.18734736952861805,0.2800632828618257,-0.1117362365952011,0.2555400220837926,1.3403411972905264,0.9077357706046789,0.9124748157910375,1.4404791719564143,-0.5801132411944712,-0.45581006424106724,-2.0946460773913422,-1.1849345469197297,0.21088970575730942,0.7969209852408088,1.361866772899433,-0.9087962222693653,-1.0074124454671627,-0.754736251076611,-0.305531233168794,1.3654129204885046,-0.10759666614358471,0.758595742664422,-1.4945310080775263,-0.5607099958513392,-0.7713436358756136,1.1229052585507986,0.5914707628405238
2025-06-13 15:58:41,0.8705523823167503,0.30751970450162647,-0.362945519855879,1.015372573892639,-0.1703972067888962,-1.3122765508647436,-0.29836856303061543,0.7054767680709055,-1.2190533049423415,1.1240352413176606,-0.16787125563459707,-0.4282984048272964,-1.3806097117377307,0.49612351680598227,1.1665315563613086,1.5409250913100199,-0.3086926235516563,-0.23511741276909157,-1.5259015515008696,0.8548121711922056,-1.0291115978559917,-1.4130777783902086,1.220033987113535,0.208672475092525,-0.8639943801111766,0.4476330252960122,0.32901116991339824,1.0972643915732154,0.5571003975495942,0.7135963313239828,-0.0522051051899239,-0.47886649240491463,-0.15285612874777185,0.5729059306500494,1.1247320158586511,-1.1342933621767648,-0.39745966043585057,-0.8965294416757601,0.32358788597675986,-1.469743932875174,1.3103451141144162,-0.45761643229326254,0.4962008343438378,-1.364683897375083,1.6913764833661076,-0.055088108440306434,0.4817823221973282
2025-06-13 16:58:41,-1.8315520046576672,-0.5069466082459689,1.2052333924141374,0.6788786326368348,0.6267908631532376,0.3064720401133565,-0.4141423042312204,-1.1070520489705453,-1.15532192511685,-0.7662629922612127,1.1135938877159994,1.928506618096213,-0.1438375305740123,1.4566686463567864,-0.9727084674171156,0.38050978954552767,-0.5548324387434191,-0.35334569423089307,1.0202408120289186,0.9818199735819079,0.45008729494424804,0.8805201297352766,0.1464923079870001,-0.18443101545238832,2.3952094759894216,0.5343699276091675,2.0409371420938336,2.084915991071766,1.1402600524403563,1.3038562986713667,0.8581565038916966,0.6495152130548689,0.6083750377214175,1.3543014235379995,-0.32754993701182117,-0.3849285587410355,-1.4301288333344744,1.697100255609966,0.021457278014540178,-0.3435647667103291,0.1978901010425279,-1.3330132492031754,0.4509191315036817,-0.6256174401299817,0.6317035172202417,0.1101945770323837,-1.9464765486230968
2025-06-13 17:58:41,0.933697929571244,-1.028291855453491,1.5458395077036982,-1.4842244971267675,1.1672352744593937,0.6915130589377264,-0.27174226317686345,-1.0133786480918323,0.6412347231054538,-0.1409893697503967,0.8440944600410254,-0.9254133328524338,0.48679777244265326,-1.4256492070861362,0.05079961939644443,0.6529549874222408,-1.3657484896458172,1.200223821581092,0.003068268931496157,-0.670445434723844,-2.4994036136839712,0.8857068407239492,0.5619972057694931,0.6806544862868658,1.306466160014508,0.2711603159902913,-1.6131877190680743,0.9477219429568932,1.038193931167443,0.45002080672501454,0.40562133975044773,0.6090455672649655,1.181250145114996,1.1600531859383623,-1.4137892564741166,-0.637416405159271,0.21285329626885738,0.35024044063216814,-0.28568054350644256,0.367976413512562,1.8459294780688702,-0.22349384546937934,0.46369397575551535,-1.1928683113088612,1.5867132029121436,-1.3422457295402122,-1.0518657178843036
2025-06-13 18:58:41,-0.23415956114330708,-0.8890513311668323,0.03427779053824604,0.5192401617682137,-0.5601404471263728,0.09814947605158922,1.1608988631242838,-0.37131188046982133,0.5256352593148401,-1.7523827175661941,-0.12800050595539192,0.6718382549770373,1.521309258898435,2.116935386290132,-0.5265213167583688,-1.9440096550831691,-0.7974188051126737,-0.6680600842039256,1.2205715391863974,0.207658772345632,1.0656628875850525,0.5456220821004597,-0.5402552864927135,1.3031271221302156,0.05288461089087013,0.11726172962002167,-0.8292831120818275,-0.406689279874478,-0.12578087064169477,0.8166595718045815,0.23532466292415977,-0.03719761545192256,0.02663787177111676,-0.018348963349917875,0.052726350993849064,0.860625365572257,1.362143285311876,1.2254279984036966,-0.01577739883354394,-0.4661626782341561,-0.6515484643433073,0.734968105510845,-0.02464707714773952,0.4128830559406846,-0.9747583328758785,-1.0048493432525083,0.02680714577482553
2025-06-13 19:58:41,1.2617828361450802,-0.7088407751167948,-0.35506638250281525,-2.2922910833374797,-0.9859174610366708,0.48954155701387186,-0.8993735002968235,-0.7656664894642166,0.8303714376156608,0.1409740147751432,-0.19966199221331968,-0.04351166576203596,-0.2161639243932598,-0.619696900553675,-0.14768561264205507,-2.463125674884342,-1.1273684594374582,1.8456725476822564,1.1526774269164208,1.4033211641166905,-1.044723444986571,0.068460506706725,0.09407087327657253,-0.00394770662188486,0.15171855329882125,1.2326982984869987,-0.029073991406954002,-0.16134349335961023,-0.7687727697567892,-0.5043117040559664,-1.6572375752073518,-1.006223417194153,-2.1301677507233947,0.10159201332822748,-0.15095264624138344,1.755922185165027,-0.6344586191370469,-1.0736136856663778,-0.8190592701140734,0.9868598195935069,-2.1104950666707807,-0.2520789989937454,-0.051401373437714004,0.25259872548753665,-1.4702522452480826,1.2878680900777577,0.5409079067704909
2025-06-13 20:58:41,-0.9338128480279431,0.25268741606033623,1.5414739263521167,0.6395235133026715,1.0855767291105114,-0.7387451163139573,-1.2874570400165992,-0.302481513216882,-1.1314272782293184,-0.6920251760871173,1.6044031756643835,1.320572471648346,-0.055102934045311476,-1.037062523562503,0.355406293586295,0.26369418806128764,0.1513201009970249,-0.24676053317588614,-1.9415212621841595,-0.6939191347333971,0.668286701858992,0.6400429349257988,-0.4581906207007973,-0.14121283324739392,-0.4897537076203075,-0.4075368530431556,-0.38252813570478905,-1.114729905443962,-0.8119908735100737,-1.5975822497413352,0.5217651375824754,-0.05343037915486819,-0.15107637451585262,-0.1616946975693022,0.2711804980670458,0.44311625393132986,-0.21050031863876015,-1.8833619246909874,-0.7057848343775852,0.3377715554451793,-1.2828715952207774,-0.2877926609751914,1.288216640959883,-0.5965485613006761,0.48781441902685874,-1.0477058151927274,0.10377763962087078
2025-06-13 21:58:41,-0.45325496392578307,0.9117302037800987,-0.06394999037670955,0.5364791041069398,-0.2646381770422267,0.3699155944605851,-0.273136937170404,-0.5352763354052938,-1.3821295771917024,0.36586532066964633,0.8065811297467349,0.8414959081188974,-1.5790352071203442,0.24283168842789596,-1.1115893392064395,0.06669972866170476,0.2933177983815241,0.5682539261094228,0.19437825687870755,-1.605862728281749,0.6687499779296834,0.28509107817694573,-0.9483423985225452,-1.7608348427289588,-1.3732933322683254,2.377294405532765,-0.23993238985984888,-0.7433788893219739,0.07994083677994968,0.13790323854898393,-0.6445311315375798,-1.5360174704177476,-0.34113153683169495,-0.9642631982372689,0.5584276641317371,2.3934854748854226,-0.6209724785971543,0.25695608908171663,0.9951474739428099,-0.8284105010982454,-1.5431198925767313,-0.5185736894496702,0.651161304898648,-0.05811347524601468,-0.6742919252230675,-1.8876801289635101,0.05199237179436822
2025-06-13 22:58:41,0.4390644326153745,0.4052887043775323,0.5817748876409001,1.0053161552091046,1.1120222802430806,-0.7139042695534934,-0.4463623640494193,0.442201394045399,0.34332752813474715,-0.10334308801188434,-0.5742375269893004,-0.018929283557197665,0.07499316386685811,0.5119254273397468,-0.4187144446311162,-1.6557578064732288,0.7527563980295543,0.2292572933790417,0.24232281492773988,-0.5652027464188002,0.6249543297389175,-1.174725043971549,-0.056690029456188,-0.7798559184469881,0.9547081089372842,-0.32969170703383965,-1.978363026482882,-0.08083018967055161,-0.5091475795378368,1.4370972134227054,-1.1445052811770402,0.5308016225558927,1.5526646410696934,0.7329135170938527,-0.14119876949281845,0.5861409667495303,0.4577273439562447,0.2763399855526956,1.4186292808562726,-0.7121300431245341,-0.09515594366997485,0.576301046685941,1.3874238246716024,-1.8073159059555242,1.108222762067848,-0.2786928256498936,-0.6539985543800293
2025-06-13 23:58:41,-0.6263316396144208,1.5584797840399163,-0.40972425453471606,0.2101935577760094,-0.28096500030438765,-0.18710363666059496,0.28169797630237187,-0.5187558925726201,-0.23157214589223182,-0.6962803912711756,0.850428966453897,0.8531428187174547,-0.2760907850535451,-0.947084621306645,1.3695689200635874,1.239253977570918,0.6346642967368111,0.27055740918757387,0.724498441849243,0.1019351085878977,0.5141488022473669,-0.7485823961335198,-0.7095681768685733,-1.2475390990791262,1.13687707540354,-0.8101281099187156,0.22709558848087813,0.06806393400137366,0.7778149782161445,2.7335823629112985,-0.055149441930735246,0.41522673525158427,1.5096055186413566,0.8373692425570384,-0.8456634233333785,-1.4581580142047348,0.7756277642805648,-1.9269437237175135,0.9379348715210422,0.6562899299289141,0.7550287808233574,1.129361996130479,0.13512332088458695,0.2843595379645014,0.499024797726083,0.2997705759586958,1.190970878159874
2025-06-16 00:58:41,0.2856377617119751,0.7686651271330753,-0.16394939152761923,1.2685934532231762,-0.4652827885468212,-0.43455550575772656,-0.04591417659603302,-0.91805753531075,0.1727262848812644,0.7622847481293135,0.6204987693799698,-0.5011980295908053,-2.124693807318443,-0.025634945226745757,1.4820842794148892,1.2545793716176146,1.2097809393197028,-1.2987994009076238,1.8600570871143682,-0.5541004980667321,-0.3706635661869556,-0.3084505973430711,0.3219073093782375,-0.1594049820966569,0.6004486328472185,-1.8090046494901255,-0.46855538922144585,1.647723457496797,1.4004461587628934,0.059224783679880065,1.690417645820977,-0.8323837560155356,-1.6566587545470535,0.7615615170589358,-1.1924780016851828,0.25795913608823917,0.9306699558990185,1.0815553840320415,-1.5107284277884812,-2.1189275600293636,-1.2105841574731895,-0.6501642808696846,-0.30826453872563214,0.5479708169731746,-0.709710984096969,-1.0313934431904035,-0.6224242102281444
2025-06-16 01:58:41,-1.0138654222581915,1.494819194571473,0.8954190708808336,0.35718712286300885,-1.6877957750684396,-0.05751317307514037,-0.8191762130090372,0.47201409030707714,-1.0820160350316919,0.7692902997892724,-0.08909267744517753,-0.7561781950664744,0.38408846301620464,-0.6201882579275579,1.009977039008767,-0.7876909800477488,0.181904678142412,-0.9862053903388946,0.515088421613352,1.0766233553727882,-1.6582100710583634,2.3918893706545825,-0.5689731979445519,0.5151439554114386,0.5820883330317489,-1.4028158950895955,-2.487533837611761,-1.285781840329916,0.3253136227822483,-0.06349597197545445,-0.016821635016139962,-0.8681759064715471,-0.5789463725881125,0.7650300370127405,1.29766036576693,-0.4464283755504874,0.2708174836016729,-0.6372824025318212,1.7934592128770475,-0.1422551307483035,0.8691155753901959,0.16542074838908485,-1.0159583414646842,-0.5868000296293266,-1.012053585583895,-0.13611594183885725,-0.727035460108035
2025-06-16 02:58:41,0.24140516315901495,0.17006272082446108,-0.11004584530180359,1.3645103769907245,0.4703644058802949,-1.1656214677303105,-0.10314644717634609,-0.24085972844939177,1.9199321730174235,-0.8205583230965934,-1.5154536415045021,-0.306258919186902,0.9804179286596001,1.6199739733015663,-0.28876800804430447,0.7710096910887828,1.0830589622543232,0.7921545087522994,0.3666857748487326,-0.8459156331436943,-2.2357706477053605,0.08246699200988271,0.28054609428074456,1.381644779179464,0.14102234406176348,0.7421312740552608,-0.4580925154589065,-0.01879809898467448,1.4144636578289,-0.734353999278687,0.3126442891067377,0.21571523398509854,-0.5846579612129719,1.6486821086043166,0.729324485506856,1.472583720062754,-0.48430025659319786,-0.3314404042671024,0.6603440778314624,-1.1469517322372473,0.2642638510598601,0.7927478612321366,-1.1866783722725003,-1.2684857329129766,-0.9903341338379271,-1.4947248603068362,1.2181756403549537
2025-06-16 03:58:41,-0.29834400808428274,0.9925410259422549,-0.3633542493130723,-1.7949726349016268,0.35699611843461987,-0.436672488938864,0.16490157856041138,-0.40221780741590923,0.021374030583529578,0.5807445219111675,-0.7991301880045173,-1.420626860956063,1.0097246895437721,0.9568117656493096,-1.3678690248460137,-1.1693662481554514,-1.5664257114927833,-0.20223386408008512,-0.6404824719124235,1.7826261713152953,-1.3397490542949755,0.43453953386767424,1.2221341116844016,-0.4599083253125041,0.12124894583563318,0.4591106463327065,-0.07003813235203542,-0.28240361467923103,-0.2395091669385485,0.08919538582819736,-0.8757011831530239,1.5898634882865932,0.03443742555413902,1.4274878933730437,1.4323100581909376,-0.10832076710166855,-1.5379648048829617,-0.9661392974614884,0.34621152886014006,0.8374271192263623,-0.6097129413898247,1.194386579135205,0.02156569583322176,0.02891024558934011,-1.1352585109525855,0.630826095166143,-0.2252821803941686
2025-06-16 04:58:41,0.06634218466566619,0.4398290371632837,1.812676178941707,-1.0036818348452656,0.10361705901482614,-2.1869925072513716,1.401614793190083,-0.2052470876378962,1.294004252138514,-1.2818155278274446,1.0442542688366094,-0.41959930318237443,0.7803765126065731,1.1901116189886494,1.382702026344901,-0.6854070173340506,0.8472715652647408,1.5711575398656799,0.22732410940190334,1.5750452572537517,-0.45974715475987116,-0.9778426868423049,-1.139639547567218,1.1912228599170085,0.04497702888853281,-0.27088902757459055,-0.022144259199042903,-1.3807569214456414,-0.41153819241640366,0.6241115494461416,0.11615954633815795,-0.4164474110439324,-1.082577499529593,-1.3173044062235262,-0.7788392740108195,-0.4282760632110528,-0.3545078075107521,-1.5063554417311582,-0.6317540319234124,-0.4350042171592966,-1.6898771072380676,0.5183204282419526,-0.3224281652135212,-0.01253224084621696,-0.5550831550787324,-0.6294832944198618,-0.6568131199053094
2025-06-16 05:58:41,1.1361294672783204,0.06440930401933435,-0.004230025437233306,-1.258357335202821,-0.23385418259899887,0.0889994860218808,-0.3760329998270323,-1.1953120061473086,-0.5828543439293035,0.7209168144026153,0.5596268557161929,0.9045617170164714,-0.1698868982800855,0.12048549801768303,-0.8995957768463447,0.37300975025550764,-0.531362488859308,0.5745294852458424,-1.6962505134630173,-1.2598686187584835,0.2100410485858834,1.2446423555083945,2.3933011970643414,1.192313774513428,0.7625238169912394,-0.24135693143131146,1.0149573410763562,-0.8342600106880483,0.16694161473803196,-0.49850170584580705,0.5246174709069195,0.3157781572342123,0.512443566471977,0.3151744497954259,0.3014682600910815,0.8370673945154793,-0.29878783260003583,-0.07132105801004816,-0.4035100637429528,0.377412062631952,-0.5489693415153704,0.5571614028238141,-1.6667221042376001,1.8678641861369794,1.539563913115946,-0.194114339994578,0.3779196532252353
2025-06-16 06:58:41,0.9006165230310829,-0.7973552096099216,0.822379478084873,1.7346297707905651,0.5341219684723273,0.31969522122976357,0.6639901423302869,0.7730283459161813,1.3796708301041163,0.3230913011097525,-0.01698853345202466,-0.42356444712506547,-0.09593728553959976,-0.7399562102816916,0.34877706016033583,-1.8399826389706537,-0.14139261932033098,-0.4461110489994455,-0.3590686385793154,-0.24097599401495184,0.39791003484763476,-0.0843561770603741,0.26258539111825496,-1.2528939764265692,1.4292015280002435,0.32765059804635566,-1.3433643668745552,-0.19662903057044923,-0.5811575564087709,0.6100340519434759,0.41300892068687706,1.116444366378748,0.45909334007166624,-1.5449966599984684,0.7106001281302006,-0.04961681991640184,0.40039018544624755,0.17109636343353293,-0.675729095902099,0.5435723085646202,2.3310981096885572,0.16944653859140063,2.0691823571858374,-0.6580624473514809,-1.2839485463678926,0.3079797056306478,-0.9982329483877656
2025-06-16 07:58:41,0.6766749553189794,0.6070605776245258,-1.185141603863151,0.852203709362754,0.07662432542866558,-0.5409812710733051,-1.4979790270901212,-0.530440036149573,-0.5982015174180654,1.0451903144528492,-0.9890091949126313,1.260035880086552,0.6547027703943282,2.1185186592445375,-1.0906146587648502,1.6178806543256798,0.8599080891635827,-1.0855305727905311,1.6537274509782214,1.6624645979988906,0.3303051376659359,-0.3806413925248464,-1.186318803271085,-1.6667136452737106,-1.4768273590089558,0.33069490740600915,1.7181899510740926,-0.7596192115345625,1.8629023705637684,-0.31939424962835705,2.0697322464527748,-1.2607935259734866,0.16084893913446816,-0.20981819811208927,-1.1964211352841287,0.7073650060153347,-1.077558085010633,0.6518696616957901,1.2648097237242035,2.469624008912843,-0.41414304794323864,-0.81695610579027,-0.4715078504847979,-0.32000716244263216,-1.5066029574756064,0.3804613096424885,0.3150065682104691
2025-06-16 08:58:41,-1.7642014375695816,0.6361550665779764,-1.3811176045378484,-0.7174227797744905,0.8363580655540112,-1.3063210532283036,-0.6615502125212602,-0.6538449789621641,-0.48731094544654907,0.12002201536524082,0.7448778098182328,0.9424595964738941,2.065385668099338,-0.1624126865739836,-0.3881033251574549,0.2037266423370491,-0.4969793398991742,0.7372119631684119,0.4822852594100925,-1.6598644312737703,1.4252347506204155,0.26895605694966457,-1.807035706955958,1.2071528468799964,-2.054248454631243,0.768844086472375,-2.292206624025391,0.37438885333820493,2.319897557683198,-0.1716075372105815,1.7500977384828063,1.1421523603487758,-0.8162647436470971,-1.464545106094166,0.8924096326764731,1.4117991084896522,0.5166338586665032,1.1829256948781486,-1.5583105183127595,0.14964106208486347,0.6562411891879334,-0.49372004966741667,0.997052799092312,-2.2947815020574986,0.17297583092592192,-1.4518602630949689,1.8378929052142015
2025-06-16 09:58:41,0.4033179850597092,1.2502245206175593,-0.13755769072324991,-0.002740808416659968,-0.10001077070553922,-1.8406250407498477,-0.7103805143040123,-0.39584290788544796,-0.5133600731514967,0.7402793281933463,-1.7335268895010432,0.16959977642447913,0.22072946882093514,-1.6597923610008143,-1.5460112020143255,0.2753927665254662,0.41451452435091446,0.15652853953163662,0.6535958156122471,0.7452153832699244,-1.2105345814523678,-2.0188479806591975,0.47950344745474227,-1.2592900518317205,-1.1753393474200442,1.3626618231955034,0.08853557114330388,0.08982998497912156,-0.9919326984932693,-0.6221979890171804,0.7258341214107432,-2.2187037252794877,-1.1252971168720003,1.0487884095565463,0.442192326943304,-0.08429922009644872,-0.44673844313561273,-0.31312091333762115,-0.5793936908571997,-1.1783427524440506,-0.39241989996892607,0.4297128500679107,-1.6382689440949312,-0.8801411386726863,2.204616887270122,0.6173942454762875,-1.0280083599913445
2025-06-16 10:58:41,0.9870388925767047,-0.9632007203007037,-2.586113980296541,-0.4241777547233324,1.5960832249187995,-0.09351213018601182,-0.7875308641786409,-0.5331212455682107,-0.8636441309089038,-0.39770776102547917,-0.272485312791483,-0.46421823030834625,-0.8993009827030356,1.0313808857710807,0.18585168292280438,-0.41743531163722847,1.1652229710131705,0.23636578017219043,-2.365564766650838,0.8854299092764737,1.5029931546508892,0.9261279147865715,-0.3070274473817874,-0.6749081371003077,-0.3978161354426589,-1.4997588426671637,1.6337441862038966,0.5707569243050358,-0.6304764991372526,1.8236882945832837,-0.45137354887614073,-0.02536481924188025,1.982499474260462,-0.8980139795738172,-1.5079124426373778,-1.7186206530345571,1.4391950269168865,1.2457316432999657,1.222567988030656,0.9474908489867488,1.1517522833767577,0.17613330524112586,0.8148345908377042,-1.0513241253627528,0.5026980619233118,-0.403814677939058,0.00028287209428365444
2025-06-16 11:58:41,-0.24942317959709925,0.131501396406928,1.018139567433857,-0.7728514888353994,-0.9161441775589338,1.2629573753725332,0.5472527504470898,0.8196250129640807,0.14978828779040584,0.18599485253641293,-0.0584305275301163,0.2026229210048505,-0.033007173559606036,0.3135424899711569,1.2841908126995212,0.5112795575301087,0.005178905739228187,-1.1784711004787751,-1.8368196020649694,0.2684520366458556,-1.0886902198323125,-0.36000341695740323,0.6807218075059076,-1.6523439150980814,-1.3571998375804482,0.5136921280355229,1.7147251002294528,-0.9201561393724498,-0.4894913302851567,0.8547407533576532,-0.15499330554995006,-0.5126190608780351,0.8276810361739012,-0.28834325254286175,-1.0788557672341936,1.7292072139932728,0.08004210496734127,-1.2112677907094656,-0.16175930280596815,-0.4503091037696777,-1.1677302203845932,-0.35377207037684877,1.1300517143307125,0.6556078122611715,0.6690331449814397,-1.0331047032744767,0.5787393798670629
2025-06-16 12:58:41,0.5691630733243559,0.1940977823325249,-0.036005062604758546,-1.6764484202046204,-1.2202531962399292,-1.3001373058322199,0.031827971434379924,1.4124676228839843,0.5890264925504491,-0.19860682399108523,0.7772411581664224,-0.1353522094042479,-0.15043397971548542,-0.5658813234660863,-1.455528912269231,-0.005436103269749527,-0.31185094502570504,-0.8749711419978525,-0.29763895824234465,1.3933802598541016,0.16653993419347013,0.1305605764730322,-0.5434867734314535,0.5213190644910326,0.9879441746570173,-1.3255289390204346,0.6976639267465977,0.8623603824532684,-0.05638483768013998,-0.3639759608922979,-0.8411001913376909,0.09683883977353025,-2.167362160782953,0.6217156931188371,-2.1721711845549265,0.335328274242885,0.35380963199500076,-0.4417599703451653,-0.3535175285791891,2.184623388451588,-1.3191367768231668,-0.04733917544372557,-0.041285544177715815,-0.9997952297831495,1.439522514692943,0.10402366160275851,-0.8836131591651282
2025-06-16 13:58:41,1.8443439448814403,0.584659798698268,0.4621133120050423,-0.06147315944535914,-0.659759947861437,0.5036077665418844,-0.42927235286537213,-0.4010929355322306,-0.04925008417080443,0.479563832605929,1.7916134762682652,-2.4333017392036704,-1.2309765386541707,-0.026276551609879878,-0.18610070582938593,0.4478482888625829,0.6354336658459201,-0.3409460992281829,2.1630458029933415,0.9790742774806084,-1.0718069770687988,-0.8476288796030622,-0.8548254207237302,0.22771332665059174,2.6198724265696236,-0.8208039180875031,0.7785211337979638,-0.36467833622423157,0.3974946378478881,0.016159344155220287,0.3614292819918538,-0.31342176895934076,-1.3240488710015206,-1.6699804294274425,0.5959592239963802,-1.2338343156207168,0.19367663789446796,1.0984130427025915,-2.0880724462697247,-0.8573650162921851,-1.4548578350143928,0.5716245204964827,0.6238370491863138,-1.5780727294911576,-0.5390245386239492,1.1902326489686208,-0.42090196153793635
2025-06-16 14:58:41,0.39330522975002363,-0.2455435064907198,0.016069678593261708,-2.0337377426410823,0.17767317379416273,-0.40984003126502877,-0.18574710089610794,0.5836288827093417,-0.33234788691051664,2.4780956243088244,-1.214005927823482,-0.9077732338088195,-1.919543365964344,0.9661547414974265,-0.8718068478273413,0.7811263040489834,0.5487696422153457,-1.2966573830867048,0.13556681053200811,-0.5576668754008087,1.1210379053137935,0.4030854001603192,-0.7496507628367597,-0.7108815047729046,-0.9261534430799059,0.504986722886765,-1.34775254920903,-0.21817070140467043,-0.06548980511609315,1.254735128578126,1.0593436206760627,-0.9307913967599951,0.09524553541188385,-0.1688088465705668,0.16360139786639794,-0.06290447016766851,-0.5375811001284828,2.09430036175214,-1.205564040699045,0.7073875867374475,-1.0105888787437378,1.580506793688347,-0.6459322629350798,0.5817920223274415,-0.7197502748313056,-0.398698519455021,-1.3822186979454223
2025-06-16 15:58:41,-1.7024604990913876,-0.12221169637535685,-0.12904034189970917,1.216211682962813,1.6184019083285424,-0.09692322874242358,0.4039136717999532,0.20153495676504332,-0.3682809899279795,-0.29288190767173716,-0.8840261003794911,-1.149300633561004,1.0297374386524172,0.8157248619598159,0.30098699119599076,1.0012090259122919,-0.10550080464614844,1.046936515319985,-0.20582104610406063,-0.8415087742775536,0.9646412296567574,-0.3978674171116603,-0.2614732458221779,-1.8604648880796266,-0.3788141745075673,-1.370001696494149,0.7248524799938625,0.6078717805684991,-1.1070514150438386,0.048918343876322226,-1.3239687951435768,-1.0708652679665787,-0.7247423191818276,-0.2662981937013121,2.5849392698039226,0.8027100979431087,-0.6396004898108776,-0.7418874673038598,0.6989194012019891,-2.2623676784407794,-0.2794096719175026,-0.8859699439304556,-1.3282013138223376,1.503949003298086,0.8898607905785663,1.346557929752116,-0.8818718900322416
2025-06-16 16:58:41,-2.324629343097189,-0.15069674852731701,1.0505694445330043,1.1672148540772536,0.9038815303855902,1.061606044290657,0.5612642195230965,0.20986892799106435,-0.8672580718012258,-0.06733155754218587,-0.16240347157878185,0.769991947063493,0.3124104701860899,-0.8383775300496176,-0.6215913401398624,0.22512520099202307,-0.642813000468657,0.7938233704228238,0.9118710199742392,-0.37772261954096287,1.348535672586003,-0.5441942288579992,0.01831814369433768,-0.31327548949373385,-0.7067594194591624,-1.6381833989472376,1.710379024468793,-0.8212665704779555,0.726005723056177,-0.028423585653468406,-0.9814506522045646,-0.224278238124869,0.23918582054289575,0.6877411998860257,0.6134225246243011,-0.38308415561359344,0.26353904620432433,-0.049331851312416,0.9739491736295239,0.7041106766922364,0.480446193963519,-1.5525827975527096,-0.023279602721087794,-0.9812642470169324,-0.27782983914360615,0.9632846639281049,1.0791073631093806
2025-06-16 17:58:41,-0.8030769127365203,-1.0095704450432716,1.4165770661068935,-0.4481338194050905,1.1343098622044245,-0.3703593605562568,-0.44161106717002807,-2.7448519861231606,0.7252806125030389,-0.9071137794100865,0.2002035950241241,1.4459363852679776,0.668211539557851,-0.6172196017191768,0.27627601850849165,-1.481682565394143,0.7634411456362681,-0.6643781093775153,1.2214684335435368,0.4168267517280132,-0.9358277809960743,-2.3216484648022004,-1.0021954464823353,0.016246509200279736,-1.1815924250359362,-0.026318783002268156,-1.7145640818195698,-0.5899218366421594,0.5564594739407668,-1.6182052963989004,-1.2443604269060846,-1.1505999749818407,0.22239256833289509,-1.6169576496430025,-0.41942033388726957,-0.9413914904984848,1.484620164091811,0.21993805327683902,-1.1872164755519983,0.4162911355176453,-0.49184134685872594,-0.9680041999296688,-0.9839600039223347,-0.7653542300542697,-2.577196832553455,-0.4458777899514698,0.26902920427406835
2025-06-16 18:58:41,1.0004138470139115,-0.9965569983806654,-1.030254101868892,-0.3562506354702385,0.7736410009359734,-1.454291202959549,1.2881226897051836,-0.3216322179133764,1.138980387890222,-1.6920191585794158,0.8648588193874166,0.15136816470045603,-0.06835555319833707,-1.8557896335053563,1.244894138454238,1.0650688870595255,0.4344611245776722,0.16646285527529076,-1.827775921892942,-0.4805268757180159,-0.31478824116501436,0.771648678582093,0.1152713217278613,-0.9756195468192568,0.874476524816522,0.1552158397186112,-0.07540346403981886,-0.8006291007028765,0.26707857465192597,0.5314330083953492,-0.10822756357168811,1.45510448535157,0.446658547172984,0.15883432890423466,-0.41152313710897825,-0.5926610724451917,-0.8110340476225578,1.1142608610838791,-0.6435777789390977,0.20198761613499328,0.29611547117749837,-0.6891300241375082,0.002086593099126742,-1.073256961187816,-0.6303769011001634,0.6716915124844167,-0.3706745361819114
2025-06-16 19:58:41,-0.495526061681876,-0.6605511398128867,-0.5302990761264855,0.02905659615958373,-0.7940492296336912,-0.025838371577457896,0.099787552271974,-0.3307215430282523,0.04916565330814,-1.0698116395004413,0.05720932550126115,0.8926990215271783,0.07523149026686211,0.46856676820527127,-2.862631277203774,0.22222452217040914,-0.22815120953814166,1.7513359204226304,-1.4866389783254055,-1.361708305129124,0.4321743223698625,-0.33701783635725613,-0.3371543263129703,0.36659990526473873,1.1707306922087846,0.031179627572561923,0.26442551700636574,-1.632749039737297,-0.029654215641419,-0.8029936488463575,1.1237421753007157,0.2540183984362915,-0.3147539644097047,-0.9819842932054837,-0.03380615275060214,0.453739180704132,0.08787812380125092,-0.08831234493576645,0.8649969975051368,-0.6337301578272478,1.9704815811725336,0.3267369218199465,-0.7741053185340908,0.4567171980082846,-0.2727930024146979,-0.7529997350661853,0.12619153859231125
2025-06-16 20:58:41,0.791412305928934,1.9655009333031401,-1.4042576857440368,-1.285905904189264,-0.7024521448002101,0.44239347309673194,1.0941008082762251,-0.6804788427650917,0.3968916234408337,-0.8812289822137497,1.2455791621242402,1.7761207319117531,-0.509836607441744,-1.4901376415777419,0.2977961479820402,0.5861864434097245,0.9225702335143658,-0.5505559994357455,-0.8951046438544654,1.9183561007120815,-0.5797981928473339,1.4720963495871207,-1.5051350868096138,0.6231935438978266,-0.9308091012348424,-0.2186687342151747,0.7227047860110418,-1.0749178646489828,0.7749622496530905,0.583933112219126,-1.2703572529243572,-0.6981368994015258,-1.4147847667785853,-0.09570715943028511,0.45454054001671984,-0.5243330159510717,0.8177751471157262,0.19496298047640595,-0.02724190886925684,1.6230974737599355,-0.9589320294815954,-0.10056606995145251,-0.8577948370243453,-1.6521721601253923,0.9369916487043071,0.9454531659483578,-0.7906722824490776
2025-06-16 21:58:41,-0.47347659491814054,-0.0005801443344998494,-0.9127196468805743,0.8732257721959094,-1.0120302271894612,0.4015695996286078,1.7614442746310857,0.6540885128948905,0.6737326693204791,2.338473688285142,-0.9926795134475075,0.004509909481267896,-0.5164120053231182,0.6345899192652905,0.5992902951051868,0.025851148475716474,0.5009881398891752,-1.964901599840109,-0.6368402469055748,1.8672785544605048,1.9692136486487113,1.028076338823641,0.8654726384311219,-1.5507489565684371,-1.350918386380172,0.9221129984511591,0.577507151904609,1.5844337849061345,2.240546528896082,0.9556546345432432,0.7541675919778527,-1.32200718652497,-1.0888940491815946,0.5109431201533386,-1.2453899368325838,-0.04653905795684677,2.1586602930767036,0.0426988086414104,-1.4222254256185423,-1.862605499895427,-1.2185070497467914,-1.3734296724787045,-0.6818303692505191,-1.334006879868847,-0.5896340586405262,2.254808251427801,-1.1318895419729504
2025-06-16 22:58:41,-1.9397053175314578,0.06435724321736916,-0.006218088587514305,-0.8054666364211254,-1.521991088489947,1.8485725435317946,-0.3188621242944547,1.1175404076417896,-0.3347692918558988,0.49772892539722124,-0.5915880174612711,1.445766782891247,-1.7679830409560278,0.48795125143415713,1.1663471568017438,-1.1622019198389189,0.17707232376962254,-0.400769277746377,-0.8170735974832083,-1.076987164657569,0.7402143562252983,1.9942802549099772,1.4135484272605698,0.5375511808388709,0.5223973946384999,-1.6713014511907591,-0.2597350321852419,0.03710546163570686,-0.23014743276863567,-1.322794423787831,1.379252372641276,1.855001522238282,0.6889615821824415,0.03178597574784974,-1.2155805558738102,-0.1263520075201463,1.085970897359393,0.2806388267585747,-0.5688696874558538,-2.1075283347249893,0.14954831204691293,-0.09098787175152692,-1.0609560236881577,0.03762046158085825,-1.2415354303256196,-0.4639932379977543,0.4706394068605169
2025-06-16 23:58:41,-0.08110717264695504,1.0007678643644877,-1.4888648689223556,-0.20019691666601136,-0.0792615464994556,1.55600496554253,0.326303767196864,-0.5504741884477004,-1.5427642585766852,0.24416836388932273,0.43189891195977587,1.0762332135796515,-2.149521200667068,-1.0473831688352784,-0.023928490615137136,0.06523520134747482,-0.22544973532692944,-0.29733116750144006,0.44824015303375464,2.3065409407168693,0.10532793775412769,-0.09109692295447415,-0.22062388074193423,-2.16941395291642,-2.4203281246549686,0.34206091082867496,-0.12767795230530737,-1.78323839523425,-0.6175358987822611,-0.3564526073181791,-0.6637364758633052,0.5995150392528208,-0.22006403281519424,0.9885276047040084,0.028635488727849125,-0.14332264444341558,-0.7058616858861521,1.779987829158623,0.7319655069299768,-1.540639971222614,1.7847968822641125,-0.09977707528716961,-0.32717585710684993,-0.6419547991761866,-0.6245313700234063,0.22997079641045784,0.1575453886843454
2025-06-17 00:58:41,-1.7674595867505107,-0.3527358226779823,-0.28199208295828726,0.8388246314874455,-0.04154418307072632,0.10759765111916793,0.812295672570734,0.343041803058481,-0.2996760147485173,-1.5608073166000431,2.3463757938184973,-0.5406363758325122,-1.6627298356116598,-1.045214478128528,-0.01841901604825314,-0.5313620200746406,-0.4232395334904176,-0.519665115028871,1.0716182081514665,0.5903177181144609,-1.164906019630843,0.599277389362289,1.3015838730036449,0.32783725406597775,0.7908330434368386,0.8827817660227584,0.7575014596205311,-0.9588885130130917,-0.45866443894002806,-1.3585487487768675,1.7531368363913282,0.12142877411414221,1.2947186518740674,0.4268349091096282,0.5272703168575799,0.2071335605586593,1.5606127178563518,-0.6970061305531857,0.5408974035157105,1.0899339217450092,1.6245696988638252,0.013670853206327235,-0.8111870873925224,1.1592521095170598,0.13466713331070404,0.32471370600625,-0.09758797000089735
2025-06-17 01:58:41,-0.4149691410191466,-0.8426121580603232,0.7903624752116365,1.188078640431735,0.9444610460311611,0.6651876261922478,-0.3777228635880858,1.4218406512042385,-1.6262449310923404,-0.11536122010837299,-1.4713322482696436,-0.5140587760252413,1.6360097571245589,0.818009634765435,0.08004124198589099,0.1703195113210394,0.07262919521740248,-0.06794897600109798,0.946540715787349,-1.472835080345144,0.49371014851769396,-0.492291774720359,0.42578541844009465,-0.8680679521857853,1.3085699062444114,-0.8022446691866031,-0.737767524256818,-0.4007599153218875,1.008212400916633,0.2600895991390303,-0.21795615896890244,-0.8448882584935211,-1.9960359699754482,0.7477077473395182,-0.02066031524980664,-0.012123373263616259,-1.1701908759733164,0.929901618834093,-0.6775715356230468,0.8675825616294022,0.6895944234085002,0.86245507817112,-0.06771158510968524,-0.6655068577242396,-0.6337423244558071,1.4187216674679632,1.0860401097412054
2025-06-17 02:58:41,-1.2796426491083148,-1.6517082884282386,1.5327851500147645,-0.24741620506387793,-0.872674299551469,0.7065849938309101,0.4886975075697692,0.36911250911793647,0.45113364563286135,0.7586598491241369,0.06687503090826168,-0.011711839261762242,-0.0662016023384126,-2.1006990808032207,-0.7126810357185168,1.7189316124284297,-0.4735397708128258,-1.6945587041381907,-0.023085682780003516,-0.25596218939658916,0.941617721951438,-0.16183428210325912,-0.582956596124051,1.2009128615139806,1.145415137348511,0.45735252657650255,-1.6100336190093323,-0.289462236253189,0.821347741909831,-0.8078343137792487,-0.6447684528858065,-0.31925450859043447,-0.8055553361904847,-0.754667733199961,0.5448259338696796,0.5263199360680123,1.2069864293099284,-0.7446633884066506,-0.7866945093379489,-1.139769310431748,-0.30446300471290044,-0.4879846729093538,-0.695931206681822,-0.19998897982389688,-1.8895834519708334,-0.3550164719057942,-0.029129569540385074
2025-06-17 03:58:41,-0.08539754155431667,-0.0653734190839058,0.5570339324865012,2.534204052223676,-0.40150945492545964,0.8914688053238553,-0.18305019594905164,-0.7167842990216735,-0.4369778383210652,0.594855962019081,0.5365953133057842,1.0300627933029507,-0.8357508647711085,0.425576256567276,-0.4289396099722052,0.002335995771995991,1.279323885536733,-0.9878436875654111,1.007942489083015,0.29488657425933334,-0.8554320463796343,-0.7230000052070286,-0.16643611450021115,0.8418223133332323,-2.2653164942726813,0.4484822510543174,0.6383391964930021,-0.3398453520759492,-2.3284631341269044,-0.025225281167778075,-0.8199999596472495,-1.7106428425585707,2.02910596438698,0.20004795721183372,1.0742931168891543,0.41760850114424874,0.9310188528778215,-1.2630895395735462,-1.3622981523082918,1.5328116997759904,0.2734937949800333,0.07296855288630812,0.6220590792247253,0.2753058451331357,0.3247879504741783,-0.14024912215227195,-0.5190629516043614
2025-06-17 04:58:41,-0.4929858770082696,-0.9944091733609676,0.28477039445547975,0.6655874014192937,-0.09119764160358297,-0.9034853569408486,2.166982014891583,-1.2546017732601535,1.1654208573061438,-0.9780982020149317,-1.0915021450685707,-0.4563477862210017,-0.3028175225569636,0.7493071918371931,-0.8785354344935317,-1.491469885258952,-0.02008980108792042,0.0008189613088041707,-0.9224084310685733,-0.3692417854868275,0.22329354316865035,1.5161042188194997,-1.3801606126381738,-1.5587992688581602,-1.3496312071016907,-0.6380975675114388,0.7775367583567891,1.4350095034150327,-0.323998682470106,1.1426777815152966,-0.18164555612508393,0.894192770139108,0.2787017385570864,1.0752402753164183,-0.07363730934327042,-0.5510486176316493,-0.8199694435000261,-0.19919216509250048,-0.30565039329837973,0.4239489745182092,0.9578943707640969,1.4842744572617053,0.5378464362739331,0.32653882745797713,0.6621240593632735,-0.2227037578695565,-1.690851683482184
2025-06-17 05:58:41,0.7135157032729124,0.2739203598039574,-0.512563851456717,-1.580593318274887,-0.6495556883595202,0.9107817236616538,1.2283381738299346,-0.3210186472812828,0.02898766840706679,1.1238322719318359,1.1844556371096147,-0.0035444854881035636,0.2539952339337536,1.2428841428435182,0.5058680346065849,1.247573655226394,-0.3707518383038733,-0.13303864414280916,0.8082421781459759,-1.8095124322938068,0.6394690336776536,-0.15042387306068813,0.38337554223252945,-0.06410160015804271,1.9177816532765404,-0.013282141226484447,-0.8095518680553259,-0.9644424393474839,0.7552170817932363,-1.3105160035662438,-1.3174599121441462,-0.2627085229971497,-0.6642568260058789,-1.8487744672829824,-0.48128507107735813,0.018375477510361497,-1.3525040750480484,0.005552507185287875,-0.7896436242969458,-1.0659867358386554,-0.663227864085389,-0.31760605957938176,-1.4298601498732046,-0.27518461754409845,0.7070229375813165,-0.07393257928366169,0.8133970795394957
2025-06-17 06:58:41,0.9958407031163398,-0.6173288388851403,0.8906784682798772,0.806332551734171,-1.1334205571572522,-0.3714605914634171,-0.24544591429867899,-0.28878643336871035,1.0099509821863044,-0.42328758137262895,0.010527227162045264,-0.13045021421129666,0.7787826004104773,2.1419650517497835,1.947642225348844,1.6648817580168873,-1.1422604133072107,-1.367573714478084,0.6227169343337554,-1.1167125445357045,-0.38986556626188007,-1.0987373860592413,-0.19407347016733364,1.0779329191862732,0.7073180521680448,-0.12089596556945503,-0.47572620806767596,-0.9966365405336371,1.080470948383144,-0.9593219401587432,1.0209889932680443,1.1888149312655671,-0.121932301307103,-1.520621686854388,1.0730758827782527,-1.2725857493645143,0.8146330158723777,1.2572655734998968,0.08539198822404394,1.768184753490333,0.2610522178191062,0.3827638816179075,-0.9626992796372523,-0.6767047512453329,-0.5506112277976445,1.08586614739379,0.040869352931144326
2025-06-17 07:58:41,-0.5324869681044678,-1.1502124070508355,0.6168584927916074,0.31405251193986966,-2.100180507085357,-0.8615071602048718,-0.030526905615223615,1.342763435198901,-0.12250013575887693,1.1607017926689847,0.7126321981513926,-0.5859185547354829,1.163747688157399,-1.6013542417383364,1.8824579634564176,-0.5381263093920686,-0.8097850235900844,0.7371620242398158,0.8886383396846526,-1.4318204271007735,-1.2173794825330375,-0.03012866150103464,-0.3905922219179337,-0.1296009861346146,-1.1424262121545483,-0.37685572475891277,-0.5590760735160847,1.865994981162093,0.8818224184778843,1.7137337908478139,0.2647129879204378,0.17112832787353416,2.2359754284235973,-1.0432375061229657,-1.6634991779910182,0.733894002406584,0.3852994282246754,1.2315792271725647,-1.2808705348393767,-1.1017912342391838,0.41028270226202046,1.4336953659502822,1.1243666054888377,-1.9468516746699716,1.1488163052433025,0.3576449375480197,-1.3615385692891706
2025-06-17 08:58:41,2.4318329462898696,-0.830027668283429,-0.025661374210747222,-0.43557689595604165,1.5543595001232755,-1.3700244206240135,-0.9505588498057431,0.15519993161739662,1.3898119117816856,0.1398492186288825,-0.9406137959692807,1.0760454019627343,-0.666927623373689,0.7515141968441896,-0.6036111580565308,-1.2954192398069275,-0.09517364522213351,0.8817536792484904,1.2104838525024588,0.30793354967371583,0.3852876626841229,-0.8229210117892516,1.6935089820500255,0.9056082860853061,0.035668890451034364,-0.4073066067275365,-0.27926471308751755,0.04098459366451205,-1.1018349137890437,-0.7001986471358621,0.7893617702554766,-1.8721566844848263,-0.5338817883402511,0.5488108659139712,0.45256260143076665,-1.6065226968163688,1.6641103528406398,-0.39310955312010515,-1.2798159151066513,0.5220220708133456,0.3426997812329453,-1.5546127414879864,-0.3516101408731279,-1.0786983691097038,0.12803236525906236,-0.6725114643946406,0.2653656261728275
2025-06-17 09:58:41,-1.905509785432929,-2.077528933147566,0.28376026562546025,0.8620751340911424,0.08998471005394733,0.1947736532208144,0.6564124039288503,0.6111862450175549,1.4590299063950425,1.5295917389779083,-1.5182167845826426,1.7218866337661876,-1.5371710239895864,-0.7338755419744064,1.5017482031081937,-0.4974706009944118,-0.39653334347341473,-0.32570669114992684,-1.278772509335194,2.119699879484386,-0.5508334597387302,-0.7012919175137713,0.6555906409195308,-0.3829960736896676,0.7792345212037513,-0.4002572814183924,1.1876634077478017,0.9034405986233726,1.6592768900199326,-2.202522009190096,-2.635258060144874,-0.16852569227403988,-0.2323472887452274,-0.9591915155408759,0.3678525893347532,-1.5960834519273601,-0.15186167959697136,0.6395823941472737,0.3304676935842411,-1.4210680620340916,1.0640317428344583,1.7086518227695504,2.678913429493781,1.4356457443614625,0.5995197992110112,0.17477194870072302,-0.7841079149865917
2025-06-17 10:58:41,1.2746293678321656,-0.5948609537603186,-0.32493104854850047,-0.0900517928123217,0.5281307033360109,0.3437736764986821,-0.3355303186425051,-0.3828399525454556,0.9473824985612843,0.46421048503758716,0.36340991887918855,1.1024771192820395,-1.594638004436339,1.8573320146961567,0.4962802780880307,-0.35408875824043357,0.03337360496859453,0.6652872265561566,1.2018509512979216,-0.11126807481494981,-1.7048063895627426,-1.755751284112841,-0.5003305242990543,1.0224436338243992,-0.9419282455629456,0.4412037969222146,-0.6681154160411492,-1.1235254002388004,0.7445551641569493,-1.3681025522743617,0.9520223524272218,0.8401339177022735,-0.24976871819830704,-0.07070104248004391,-0.9803375688115251,0.8835842210944039,1.0398265041095711,0.30541532686145545,-1.091455711024938,-0.13786490334613913,0.4201383047891818,0.28461952877631164,-0.8048322205648915,0.9676838306741169,-1.5198719160139735,-0.38498130733933894,-0.19172315851540864
2025-06-17 11:58:41,0.07653089765542083,-0.15925053442878964,0.7126141010280892,-0.25373410921910083,-0.564439374340631,-0.19887077651555587,1.346424332617046,2.0997093588106512,-0.5144413500184505,-0.69878147660564,-0.1759312066158466,1.2269455829300162,0.9914313310627757,0.9334240020628782,1.1779736206555032,3.0298943305847637,0.02002892401624502,0.47144721844185533,0.9299515039254714,1.5239886762042083,-0.05705083900965527,-0.8154797695569698,0.8979930077931546,0.7584145738063113,0.4800154855028852,-0.9345762093886797,0.8813024820541823,2.8747535671468243,0.22943917335348465,-1.6595097126484128,0.2191475569560894,1.758660298140668,0.9631106637080715,-0.8127266472760856,-1.4722489361982856,1.6507284955349408,-1.250394363247616,0.4896840714383309,0.41876421551910215,1.2888045563400798,1.502976968691094,0.8320870948133082,-0.9853940555845598,0.5493092825589638,-0.3070775946391965,1.0766036599421045,1.060858812301556
2025-06-17 12:58:41,-1.3866280386662622,0.4597781481949588,0.045525198145470215,-0.1912207357498803,2.365150568144256,-0.20713271628195964,-0.12077535913208978,-0.5852581604469324,1.7748225949898364,-2.360719193747667,-1.3816728141758376,-2.3667668790895813,0.2801528165513551,-0.26963660407753814,0.22101193920602424,-0.3280732826978159,0.5167881030874943,0.13370588523700616,-0.3517600118853684,-1.5515496886944329,1.9714461233191343,0.6109988306612424,-1.2569779567026758,-0.5420613136726218,1.670940429284095,1.9134528373376922,-1.6255560056242249,-0.8180195392491861,-1.3064841907608393,-0.04497874305782805,0.9419052997034401,0.6090854137377611,0.40289131380569804,-0.45661277705818787,0.7270288978951656,1.8558588256336448,-1.35179319369817,1.2233259608948734,-0.3281052258245275,0.6265655632815045,0.8051253100990228,0.336419740303192,0.12643714300155776,-1.8476902256575423,1.5975454414259713,-0.21913815758471542,-1.2308665144980453
2025-06-17 13:58:41,-2.2013172865694144,-0.909736195081478,-0.3520632096245596,-1.5175413570032121,0.42000927183127384,0.4381166718128262,1.5949436937901855,0.33133302716899776,0.1206686419667663,-1.1972599104485109,-0.759131420086219,0.7094637050702989,1.0168928154920707,1.8393660303476365,-0.5109598534317065,0.4408544156041063,-0.39953047582796175,1.3695012343288695,1.4554980559450161,-0.7114938740104342,-0.2179571681491376,0.39301814146706787,-0.10341485345151426,0.4853375254859236,-0.7820008877478655,1.4705504995778522,-0.9388627329966645,-1.9664745708067106,0.2747235141859937,-0.024772681738795065,-0.2871442926714315,1.0955045975923787,-1.3911584376140305,-1.2196389354280404,1.7775154896608274,-1.4387275974893257,0.40156764671571143,-0.26562819098131407,0.6651360097717893,-0.20037089886499487,-0.7693611689813526,-0.9884269527006818,0.8517470378520304,0.1870178998411605,1.0817946892233492,0.19524478146637264,-1.9127250345173268
2025-06-17 14:58:41,1.189237402124967,0.14718608844620817,-0.6614009980983149,0.11159139753185682,0.09452905120931361,1.6330575150112574,1.2394867638877367,-0.08091797613009827,-0.2684170258241983,0.8891222574649015,0.31348839041434917,-2.292983776544341,-0.8999811084355623,-0.2653656943347039,1.133364435020921,0.3479921962190021,0.17993953238301602,0.7021149347813509,-0.11248170011388989,-1.6456579031526384,-1.1225360023031739,2.0874494201110996,-0.10375066737342299,0.2943899556095281,-0.2920220213442427,-0.6686981379788197,0.6352863803468694,0.9181973189055592,0.6508033288086953,0.06610671042622972,-0.5433061292169876,1.31150046109552,0.5698935603179043,-0.5297483353903195,-0.3492175773357859,-0.36666949637732854,-1.546015439876649,-0.5643855249340427,-0.17653858228560002,0.46076897905634395,0.20194803355355423,-1.328239083612767,0.4239702404646295,-0.3757721636517047,0.608192097473087,-0.16565372997453115,-1.5589605888301863
2025-06-17 15:58:41,-0.7894068577566181,-1.0861833979681375,1.3039732564104007,-1.3843927965206346,1.06306029219787,-0.6377198519865421,-1.8560542165218894,-0.2450356387927357,-0.005656591123359394,0.8598574309954856,-1.5284040094330016,-0.02217469553043156,-1.0104482819661564,-0.5323589038648185,-0.341281256940519,0.5010635697809689,0.514677100164513,-0.494972056071477,0.6356722434464107,0.310886132412896,-0.2801896478315791,0.11208724337588556,0.3094435073347372,-0.523445572191125,0.6642244943773946,0.37681446699470333,-1.4791703480377323,-0.1935766846063288,1.1965694687792385,1.0721127805211161,-0.006834620220689662,-1.3573824862122672,0.4244259998867154,1.0681502404627552,-1.4806401510718066,0.3698674241728236,-0.9486585671544693,-0.6060800165117012,1.0430153136673923,-0.4352366914243236,1.3509234434540422,1.4741029652945574,2.5064354737294003,-1.7331474184915507,-1.0733696854171435,0.5192640916227071,0.6462003029922111
2025-06-17 16:58:41,-1.6677095714997503,1.5994279016836221,0.6736639800357744,-0.2558459354160547,0.7606824263497105,-0.5487999221304549,0.30756323292318355,-0.4856338940471264,-2.339125206717257,0.005608375163719508,1.3654298147902961,-0.1417620194017009,-1.6939601327420684,-1.2905480643035896,-0.5572719170467368,0.019146841569220825,1.2270135841863297,-1.091986660966683,-0.26598522469431296,0.4686139640889466,0.7528775436614431,-1.3438550382772418,-1.2573145339437486,-1.4876106745486362,-2.086417199301722,-2.13871076787571,-0.7916052063997823,-1.0333170010494346,-1.7508707765457625,1.7463395745620727,0.2999925408993156,1.446419772300998,0.5286158055746263,0.07525278850985456,-0.2784830870595773,-1.86494540843417,0.09743832314464393,-2.4260823960115965,0.005193274905956848,-2.984743854752031,-0.633248922462033,0.2292075843694932,0.28772279869395495,-1.7037933568491896,-0.5573633916078313,0.6221964764312073,1.9414076014929063
2025-06-17 17:58:41,-1.0252262163107255,0.6233336147985191,1.5220522021817617,-0.4201241106697895,1.6856251168307825,0.2006394197110128,-0.7275418016294581,-1.9411373680383974,0.4131837456433954,0.17136352900244728,-0.0888508841996123,-0.45188494824800013,-1.6906586062465168,-0.5992841292166979,-0.008096968660390159,2.073338049538152,-0.28585931584726687,0.3463331296196134,1.1608587843969798,1.6898206099361752,2.5051296009800845,-0.6208820264939385,-2.378131065319933,2.030480908826901,-0.060534862970296636,-0.4963169836510942,0.6632676094872141,0.07103592482884695,-0.9946574364319172,-1.2729777159063635,0.8152242548533056,-1.2600577553830534,1.719417147876706,-0.335255612126463,-1.2502709416653042,-0.6123877381360117,-1.036005892956015,1.1273335841333525,0.4416989157845266,0.8231901207925861,1.2363672232058593,0.5914392654050696,-1.2230267694735373,1.0898207683039447,0.2808389762882651,0.3871806033033099,-0.14527846294718078
2025-06-17 18:58:41,-0.07956882653530407,0.5493126571023675,-0.11230501802675943,-0.7225366653097397,0.46221109044921177,0.27174291940800394,-1.508780379786165,0.718391807889144,0.062442856265263295,-0.42918077856779774,1.3813607269997457,0.4967945425813837,0.26157849115324666,0.4441183889174317,0.3073760838324144,2.9450514066981692,0.1671052315936017,-0.19767781642023727,-0.39652069376304205,-0.8806051071686257,-0.6306987101696838,-1.1093186408212272,-1.4124012036904134,0.008960553793115392,-1.4894141302336767,0.21009076087379808,0.19622646695593143,0.23757316222013466,-0.8819127858930014,1.6635077530847193,2.2625537940974305,-0.3131033405438417,1.8367089677507573,-2.157530942560366,2.1391290728236525,0.1425934255527444,-1.3637523482858929,-1.4143618274059193,0.9180386576772928,-1.3709705057880415,-1.32311733571328,0.36497032720421146,2.9788660481240705,-2.418400314452266,0.019909426386993227,-0.2266697019709408,0.4185147005319703
2025-06-17 19:58:41,-1.0918841956314493,-0.8081439796434917,-1.1108200562080792,-1.3279848064049529,1.2687906921936711,0.21450585575165645,1.0851995448644955,-1.6731091889108973,-1.087751791347589,-2.4441952254093766,-1.4964707141897826,-1.5184071065345792,-0.8845036362681046,-0.26420020352268897,0.4510123654586742,-1.4754383548263346,-1.6802068927055769,0.3343669670190867,0.010184311312438648,-1.7864056978261327,-0.37917124035744115,0.7500566825376415,-0.30345429658553436,-0.4543704190684081,3.717757018770149,-0.6977164771410476,-1.455347647527982,0.5234148228076568,0.4960489160180462,1.816091101191568,0.15888896257305204,-0.8937124098645117,0.660119106087104,-3.148381566432301,-0.45965191466565863,0.16803506829183035,0.2517276842772323,0.54977587279076,1.102549336164322,1.2770087432631507,1.2390418862884607,-0.4886701294868784,-2.278982550291355,0.8972257499121709,0.7710181506500048,2.2000864930115442,-1.1390493384709475
2025-06-17 20:58:41,-0.5135348161571531,-0.5031821332565501,-1.0682936647714956,-0.7778930734562748,1.0428356781211916,0.22318733702187846,-0.17285954724587504,-1.0558663096634333,-0.06634945495282218,0.19299386187406065,-1.3452897562471877,-0.9250838443329412,0.41427580019591487,1.3684754152600278,0.7987432816782183,0.07562908601291225,1.0078032910927817,-2.30263818027008,-0.6887882587458076,0.12060389264395323,0.795546917228262,0.5151185823028549,-0.6806620256043632,-2.8376241182412474,1.3479194967066352,-1.1079383597006212,0.7596099174016054,-0.44578110214242916,1.0238255712771602,1.1286717567814961,0.5282768723387319,-1.1443873817863748,-0.48424533277093795,-0.27819576873257834,2.121346824784999,-1.2669326401657766,-1.3940780652347096,1.0995742543802418,-0.003765840065581263,0.5923485322648371,-1.2615494590976608,-0.3034404995741502,-0.13696778353211486,0.3104581585171257,1.5356465036660736,0.9260108125218505,1.0825369457714127
2025-06-17 21:58:41,-0.6166816867554262,-0.48706117605687027,1.0480267209398484,-1.0095193400293612,1.7491381944744357,-1.3271863216142277,1.5457065292008667,0.6862256764314031,-0.2500197871008092,0.7818646911047138,1.2483312537458762,0.5486442775914465,1.7514970954074691,-1.4156962081212654,0.5501177858583949,-6.615725028266857e-05,0.14045678048293098,-1.309103949997772,-0.2323383095340567,-0.08073720659319214,0.36825464587689766,-0.8895754078019564,-1.0473288500767504,-0.34672678585476774,-0.3015014368588121,0.34359374492800804,0.0189633570794465,0.23506508474245535,1.4235571359017276,0.8230485976692328,1.582627634110042,-0.6032659802267916,-1.6848594982120355,-1.3327068746685304,1.441517560354552,-0.37425488211775476,1.0053006855093494,-1.0671006344786647,-1.0442660018473697,0.40285884631238117,-0.32753693511189313,-0.5600470331072355,0.7991358853024543,0.7198953712655254,0.4171395022693676,-0.47335576516993727,-0.027106064152203888
2025-06-17 22:58:41,1.5185778656963553,-0.5026248016823894,-0.18166589693411053,1.8924500556674138,0.4938664040339649,0.16756546437633255,-0.80312423039614,-0.5452308235672809,0.7147878044017617,2.1154868981808597,-2.7888309919662873,0.4930952903811876,0.21655472169626122,0.014805584135577074,-1.9901685456201093,-0.09351762103596928,-0.40457607464015516,0.26445678972512043,0.7534772688024878,0.14621183104126612,-0.6773327828371688,0.9016000922392555,1.8451867526333714,-0.7328847477321927,-0.27034120453057636,0.8634117191996721,1.4946603629764275,1.4485366123983499,0.38376224733042846,-0.6165747852224861,0.16531847737666475,-0.9265842361426807,-0.20516968720118167,-1.5010378473927,1.5559634965550815,-0.7471797883759739,-0.069730816488699,0.8681372126396337,-2.2824527482016808,0.43986887500566557,-0.6887506237525722,-0.8408322191139785,-1.7432449560641894,2.624890156229508,0.15232657496043514,-1.1353678080396155,-0.21540969856724768
2025-06-17 23:58:41,1.5543103174927748,-0.9859221441452891,-0.8010753743178963,0.6109163961939479,-0.17761934618500902,-1.3518982457415167,-1.015671944736477,0.650733658440072,-0.2896128459475812,0.14803140789715954,1.2393096723381973,-0.7790944026048239,-0.6711975086289192,-0.832041261308003,-0.5728265595372465,1.102016402068963,-1.92054681569237,-1.1949080679716533,0.5465315161743507,0.6550992512837865,-0.037479645938147045,-1.309524084248383,1.8999368178693365,0.07512591900464329,-0.5033466260995856,0.9330356087969394,0.19118001243662067,0.6167254772235791,0.7208319561077119,0.33951833330700126,-0.22151197608566447,-0.8319197916915799,-1.2773348224572332,-0.06755853528025726,0.5508551484747256,-0.4978819541412795,-0.45950828363819757,-0.4321909406583571,0.301468655979155,-1.3115602977519627,-1.4552588337884829,-0.4477198746898866,0.8120948319443417,0.33197182289552857,1.1331315488869889,-0.40951121518843303,-0.8542736962625366
2025-06-18 00:58:41,-0.14190873718913488,0.1024617942108686,-0.08256936473929921,0.39381709424800043,-0.6023255821640232,0.2470852059027076,-0.45985181808246356,0.9280728678099797,-1.2155656224648994,-0.6734689698214762,-0.11899728096379687,-0.5280363562425,1.0377480435696158,0.5587844669093041,0.6742545613101396,-1.222801850175523,-0.597350529681974,1.405247823688247,-0.5370470292584459,-2.2930900553717835,-1.3069216003545092,-0.9823830103443781,0.4570608581352208,-1.2394250057539171,-0.580966931520674,1.2377249873738516,-0.7253427656268702,-1.7651446995603317,0.6131896467476645,-0.13070156589411788,0.5959012731167167,-1.417153629038045,0.5572913704394356,-1.5705723880706728,-1.8740598920409324,-0.30295503765747467,0.23485406889677002,-0.7109783347108204,-0.29120039657531244,1.046208712866006,-0.3102891548796938,0.918285181969599,0.9284331537040202,-0.023715509059235536,-0.9181919033568329,-0.39866972364177883,1.4314442328072572
2025-06-18 01:58:41,-0.03628752056849657,-0.519698127227735,-1.1799224218695517,-1.1638454071048967,-1.164575776182058,-0.4364830443695244,-0.7222268838426582,1.4818604763724663,0.9013584681737727,-1.8870834914428958,-0.0879191205514255,3.109165254845522,0.08314706402502368,-0.11588714983753827,0.011752614396441737,0.9464206329922898,1.4494406509857636,0.30581230415322713,-0.03308027030059798,-0.9956372601017308,0.5501082187240046,1.0032149259028371,1.0240662829809843,-0.6371788724025335,0.9548536495901382,0.3243684975902881,-0.5374537671467183,-0.3300880465059586,1.443146395707882,0.15305055205489207,0.8630328430728207,1.277191832852967,-0.9752377269219673,0.2427054956467701,-0.7649284945777736,0.8549829203611773,-1.2247919969740393,1.4665900324343348,-0.6431051907452456,-0.4935019489573852,0.05788133293010443,0.12383321387022728,-1.0142091742423243,1.0749662764400096,0.028259584022132352,-0.6651060330525543,-0.31222723016023807
2025-06-18 02:58:41,1.5077319248201753,-0.06759330281675197,-0.277619691276547,-0.5089809748495018,0.28692507282492347,-0.5889809726666994,1.5607180403862628,0.8724363264741175,0.047445345704882645,-0.21399732846267241,2.1753666693280342,0.4644018718767684,0.4697468234235003,1.0432345763657154,-0.8146943884075919,-1.698229864277276,0.5191386091790575,-0.9986339403464936,-1.1103901778907785,1.0526340517464141,0.6420287370628684,-1.0186547936514767,-0.6455648132685671,-0.1869185092490709,1.1917880837209318,0.25885457053480077,0.1701365338178802,-0.10511222018510653,0.645034140546114,0.8356233225405238,-0.9030201261557719,0.1860432416986246,-0.9012792819382386,0.5775750228484887,-1.710618256569516,-0.2893710710730919,1.7264279410181198,-1.2361030627837277,-0.1197045941006858,-0.31494848511711176,-1.2219319728637128,0.3321711255958507,-0.46406408798035537,-0.6597086798085315,-0.29971867961907955,1.6951031078856569,-0.11046953156999134
2025-06-18 03:58:41,1.3225351600500939,-1.2749452471636886,1.5762221462599852,-0.7498152816176916,0.9530901662499148,-1.5587346370857187,-0.18613284623095389,-0.9392323925017639,1.279214486729788,0.5054052886131045,0.14800344796617712,-0.4379660929901594,0.07244223211795227,1.8837030439463394,1.6935925136422703,0.6661758356631113,-0.5932223573341874,-0.2529506022535037,0.6350470222865043,2.262955005332407,0.5043492400387095,0.07431425391213194,-0.03774434947919565,0.9022274991650187,0.3922114903638299,0.00788393477304825,0.10606859786940503,0.6944549936999524,-0.09321558539565211,-0.36155440343165796,-1.9293899433461237,-0.8860372717689078,-0.38666370185072985,-0.5112968199768658,-0.4533979577259677,-1.2684837343153195,0.776437052592651,-0.3219474240037876,0.5914137620045699,-0.0036738474720134514,-0.8959452505876827,0.0059644572413730685,0.23868330474368865,1.0128676766984432,-0.5903205156634048,0.45103138961671413,-0.9617485321109835
2025-06-18 04:58:41,0.3828319373085773,1.0332085625780187,1.053003097966093,-1.316573455530488,-1.3600213560125654,0.5919862790980739,0.5532995616171398,0.39547349119379405,0.41207442911748543,0.28522546120417314,0.12187442094527308,0.7014527916356867,0.31004738481797384,-1.053621541836194,-2.480236501523517,-1.1126668796564279,-0.5035626547443149,1.773725486728762,-0.6475587296656485,0.578881049951238,-1.5817020439220004,-0.020476743938908085,-0.865620281672426,-0.485062239616025,-0.30548704952696587,-0.42133224780523865,1.6258249564930372,-0.4074027331853803,-0.3658319864995471,-0.6836645802999445,0.3507122843991764,0.07196827412285324,0.21326215586841746,0.44974892155284973,-1.6483592052254017,-0.21972506535995215,-1.0593453073476298,-1.1595027473404316,0.0022920144997341336,-0.6805295043414121,-0.2607825003748374,-0.1548933851828202,0.567006272149246,-2.171754408699672,1.4101522502925585,0.8537150024726546,-0.3716202693678497
2025-06-18 05:58:41,-1.7787336119721462,1.7091019212359044,0.2565130648820755,-1.8901519965802829,-0.8333341514773852,0.38753531571794025,0.03266971372315615,0.23569879636678667,-1.3211842716895676,0.17471899783063255,-0.1870353262221294,1.5326750150185589,1.276438383429778,-1.0587724938506657,0.15484336820665504,0.7934566581009193,0.3591777364483442,-0.3780978216454844,0.5109891226859219,0.7016880742466902,-0.41433143917485593,0.03738908985392336,1.9206216133694562,1.4212571322826504,-1.322891658761964,0.8843725240208357,0.3331320790215506,-0.22271422473323138,0.041488157947066735,-1.186165364190745,0.07741272169419629,-0.3662783273704671,0.7526579483425724,1.0497515514890363,-0.35259655380138905,0.12443589831099723,-1.3188691227427727,1.1931227074333786,1.4930300144677224,-0.2769139577943047,-0.5372320956182269,0.9202945337714599,-0.8961037873355927,-1.1188192264347285,-1.1031599687430516,-0.7819417545157233,1.1961035916179115
2025-06-18 06:58:41,-0.7519188750875092,0.19205560002424163,-1.0313114624032862,-1.358582279238239,1.2987144753292699,0.49128112599347523,0.07254142255810003,-1.1181346255949585,1.662338757056453,-0.37981338393482184,0.7434440130644893,-0.6687200113332743,0.1165741907025818,1.1839932311212904,1.4906145609998207,-0.7577948361825515,-0.3504517717139385,-1.17709605520615,-0.0020392309803431803,-1.074934898590523,-0.9726445253827091,1.476369911917151,-0.4534962685027043,-0.5260708329731597,0.11996264574770438,0.720353420965187,-0.47202485977718706,0.9938859007009643,1.5045455710664475,-0.4581666767943128,0.7898836153287291,-0.6443279974854775,1.2605814464118277,-0.14252786352545552,0.22112149169310577,-0.1353871620804934,0.9226031820632166,0.4726590569992081,-0.6570076066392424,-0.1812681123549637,-0.33572366427026645,1.062207990561516,-0.6889803161240844,0.5232026809968608,0.2515480197343893,-1.5063427556675457,-0.3993568665825685
2025-06-18 07:58:41,0.5592090499679415,-0.27331826692442196,-0.21435373735221358,0.3967933578767505,-0.32757566737488963,-0.5218660354361142,-0.24531600928641628,2.244414640325776,-1.9726202353424784,1.3794536301582248,-2.256869846852407,0.28772886702972783,0.7594667339456429,0.05456232732309717,-1.2505101130164442,0.6553275871256047,-0.27789484511884205,-0.043665151879290785,1.7309490792448883,-1.0879119530852361,1.0842090907129602,3.447760132792694,-0.40607909839634154,-0.27407903049606147,0.31640549098908916,0.4748511017520187,1.2088977560960532,0.553750684805432,0.9419355145771318,-0.9506283495991773,0.5388268222356578,-1.9690828200014645,1.5733333507775333,-1.1038849419416732,0.4962692130104244,0.8961876697918899,-0.9022812338446148,1.0008707077636068,-2.148867350089484,0.2812681106284442,-0.22406658459535736,-0.9098425799915087,1.9901692929639345,-1.2605981154914467,-0.12089590903780188,-1.2055288557605104,0.5616608351522411
2025-06-18 08:58:41,1.2450273871990585,2.1218659566977753,0.4180305113661911,2.7754517656602387,-3.2631790522049227,0.04833460146809462,0.1665756070116923,-0.31218277705822145,0.6288538904178024,-0.6165609578924646,0.6458867272858213,0.1858644109892293,-0.49041523004896376,-0.0404237725493391,0.7472967121518483,-0.6618918197974027,0.4912749764261055,0.8795526984755456,1.5574464679457138,-0.27843332237638274,0.7097471298134985,-0.4211584235354344,-0.7324558605009417,-1.398184148564319,0.8061843464102052,0.8853582404327215,0.27524159286809136,-1.176693558258687,-1.200875116434151,0.031668743208054725,-1.0631894743884183,-0.6360421534900123,0.8171824632239388,0.2633842744393297,0.8632854719108278,0.4714558121583921,-0.75373376997139,-1.0705774499325984,-0.459250526149416,1.42473369857226,0.3695778198977565,1.141709242923406,0.6730435751926193,-0.74087698704286,0.8001099792110734,-0.10817605456726608,1.416151681125928
2025-06-18 09:58:41,-0.37846458948929346,0.20414004233546013,0.12947837553918837,0.5434257038269015,0.04581858520274409,-0.19036357301356865,0.9094853067927207,-0.1005840648785289,0.15618078193965737,0.958916100993663,-0.10795550846807214,1.733544212646445,0.6239866540186988,-0.7210610666025365,1.0917117514973311,0.7406935163860817,0.05262895639827717,-0.5100608013662418,0.82081611025956,2.047350685162741,0.647764249446757,-2.1505683610319646,-0.9380970336853134,2.015871037807881,1.9582999153400575,1.4631681233281255,1.0007836253769167,0.7656617065454584,-0.81818794484215,1.2322171425619635,0.34112534939657047,1.6622965374321557,0.23185120426986738,-0.37308598172930524,-0.3593474675989837,0.6805890320558894,-0.32102297469368973,2.27359258700637,1.0614938007526848,1.50012737567027,0.22623230381166337,-0.3902744957391339,-0.6711161529696452,0.5634192478917246,-1.2494767532528699,-1.2337962955362654,1.2725997970838734
2025-06-18 10:58:41,-0.7593660211749191,-1.7072805332366705,-0.20285243666450486,0.7522118460718057,-1.1950094194282455,-0.14885602634492334,-2.2776215406109386,-1.1076906860582905,-1.0287133997860016,-0.4352952471549232,-0.30977208348912244,0.6585161383585748,2.047152793575965,-0.45262641319023206,-0.5806282603715917,-0.35423135449043003,1.1166037364527457,-0.2783936120915011,0.5955418791200794,0.391976511752887,1.1679701266793445,-0.2330928687257352,2.658507889310601,-2.2725828081714723,-1.6945964160275606,0.2933955124422008,1.0040930025628636,-0.009815308983668908,0.5316699513417725,0.43410987219535113,-2.284172952752568,-0.6949747428109839,-0.7494644616590792,1.3082184183578613,0.341717050016532,-1.830513381771675,-0.9136094948335964,0.6755451728885832,-1.0215199416566103,1.0227317796777837,-1.280496282942829,0.24578533515896084,-0.7345053346352057,0.6755132867953613,-0.33948204683674604,0.84724551504329,0.3730379077364375
2025-06-18 11:58:41,0.22437182962995986,1.646195177500325,1.170090611166334,1.3295873600210582,0.6854717413475896,-1.7368507597356262,-1.041091772546664,-0.4190318357111913,-1.2997963198008278,-0.6757299132137753,0.3900568949590324,-0.5478303489936729,-1.4152467194073703,-1.2698337420505854,1.1332542484020691,0.2104198398435548,-2.1590948963422862,-0.31091713386119985,0.7233353380064202,-0.5051152943365406,0.44520096611095383,-0.5444181353925199,0.5473323621103852,-0.6068766343913883,-0.6514853958078495,1.3377094818321984,-0.7303498853027826,0.29151618741572893,-0.2985754604189759,0.03637582383731162,0.8835587668897363,-0.5464989032974661,0.4278157265920748,-1.3069588542383057,0.6641298380692174,0.953672102131668,-0.3801742491216286,0.11405905157676965,-0.48363909875204064,-0.3316838741457049,-1.4106233156450314,1.3452902322246898,-0.15282804201924527,-0.9783043579125761,0.4324273779435266,-0.8728633583055577,-0.07986768548408232
2025-06-18 12:58:41,-1.108671182986685,-0.11698292198379955,0.5063490951827363,2.262211211951621,1.5893756381113113,0.8747015371253081,-0.7651195709140699,-0.8072983979621894,-0.7786616295633698,0.10260326017855649,0.6411783881244494,0.6805355600997485,-0.8448746975294517,-1.5467286238347087,-0.1448160736798867,1.100845775820767,-0.25778213652142457,-0.5407161385066265,-2.487806067976403,2.7509820818003337,0.705332334551811,0.5158022390680536,0.5759012830450462,-1.80666174092917,-0.2631119302215378,-0.20624761214160786,0.513799415651563,-0.5937421939552626,-0.21978258553449084,1.4522796009477579,-0.45687383555545136,-0.026740105048124293,-1.1896636179167122,-0.04856109883577468,-0.7688069061386568,-0.628819938066617,-0.8293209327755854,0.4889312563338438,-1.811544920473654,0.9265441041849294,1.9494337253188203,1.0989737873616812,0.533061580661028,1.9391618162497752,1.084446289003371,0.664733938426749,-0.1721658643945142
2025-06-18 13:58:41,1.0249640585532582,-0.4105231251733497,0.09931216658222244,1.2307793097902247,0.6981834352487711,-0.511364130350004,-1.0142402950902638,-0.6893250835010312,-0.33191586093297176,-0.08147371625277282,-2.81516894282328,-1.4808916064496034,-0.8585463374963154,2.244627156430198,0.6809779190651742,-0.2584923246263877,-0.04942148195541236,-0.4691354123367136,0.10738520701425741,-0.27277379746035996,-0.23132429970190446,-0.8840606305838489,0.3723102259693685,-0.7120154044173277,-0.9890482388267786,0.015441102027119154,-2.110670870468066,0.3839038390448116,0.4914979673788318,-0.974449261862697,0.5193835779987488,0.17868088007891847,-0.3079115161861478,0.03873033891018053,-1.0029302877519757,-0.11182567020187227,-1.3899192583022324,-0.6167508745535888,2.9893614325199174,-0.023441046234767074,0.03323983214808504,1.5445410312034102,-0.6389870639915693,1.1603191545293827,-0.2537697623737766,1.0677872916590752,-0.28316264199577756
2025-06-18 14:58:41,0.5143443792598424,0.4230178724176024,-0.3697467833771983,-0.33639594034997117,-0.4377585240666225,1.1793444045272157,0.7629420435829508,3.540962901011879,-1.4209352421790704,-0.29548207159681483,1.8446096005132147,-0.5074916520687317,1.496857295282423,1.7260404757271877,0.07594844636333378,-0.6035900097353263,-2.0786520579408823,-0.16271804974118645,-0.12837269488702316,-0.9674816413784386,0.09637913511324815,-1.0620058209183627,-0.7437925158965568,1.0654603815828896,1.1600027508417237,0.33084023579800953,1.214020071818221,-0.8357326480421681,1.7642104025615784,-0.08292488137272352,0.9753780341612639,1.7612235820627762,-1.1320431062848557,-1.8982883497134677,-0.3584154012663135,-0.1939657505833933,0.612960749972852,-1.0436118349254406,2.5503409740155405,1.633923449297304,2.0350427120530132,1.2954863434887363,-0.5576417768602754,0.10302200556845109,0.8475664307858841,1.225250806688729,0.7362925616144884
2025-06-18 15:58:41,0.05244603524679123,0.59368660796022,1.0719936173210882,-0.7672364277757099,0.39648659998494684,0.9198877606044368,1.3107488114349595,-0.5725506761640697,-0.9276524590555885,0.6703582471630452,-0.47647156613203706,2.738700609088279,-0.5917420748942251,1.1694998483773207,0.9477917961486075,-1.0557862808968022,-1.6993543858783908,0.8341223699763304,0.08369011660865508,0.9871259317745429,-0.1954448019881421,0.08578986609536252,0.18508258126216728,-0.6182760284544746,0.23260742220344444,-0.03265553230850246,0.4554923268504318,0.6414275697159998,0.5135440796721453,-0.6644656842691093,0.4258234891644339,-0.46466738780111716,-1.10961799297877,0.40699349272732543,-0.7604836766392282,0.6335846387188294,-0.876939747669944,0.6554626433308967,-0.06202866936121107,-0.39259746568025966,3.095858931243932,0.2669424011714887,-0.33229837748934005,-0.6279529125437824,0.030462684504383903,0.8738711515583082,1.2507147408285904
2025-06-18 16:58:41,0.5090096560166836,-0.22120184735323326,0.2572257336487774,-0.8114688382230544,0.4026544845941559,-1.2419624157277966,0.3755333397566371,-0.803190923335887,-0.29263611401922274,0.5544786766361799,-1.177979024988492,-0.03975655199843467,1.561509745847401,-0.6331114630027214,2.650793899859006,0.7574045117461166,0.003701945568855771,1.293936227187035,-0.3057681589329355,-0.19723780211230382,-0.3749036117958313,0.8461844021163493,1.6454959397377356,-0.49655009236569225,-1.3274844434915427,0.7666535425191688,-1.7694100274213276,-1.430231674766352,-1.115961187907841,1.4439865462320276,1.6249732241130177,0.490279194723141,1.2358575979137896,-0.10971968218994167,0.08850043949885393,0.0526374580373239,-0.9239044751035305,0.34048597714627515,-2.4468001611230696,0.05802923400232858,-0.6887762200324857,1.1157448684602254,-0.0062422431990385085,-1.4387003967003436,0.9486682302215814,-0.25844052581825355,-2.0051068151782836
2025-06-18 17:58:41,0.27572355330174314,0.9206974420996126,-2.047266970738815,0.19278197096467317,0.7774586156557326,-1.4098232937184343,0.15720498602463528,0.3744971346501221,-1.3538295418470905,-0.5303170863744745,0.09458765734266557,-0.9029202881147359,-0.18152842038129155,-1.4376721294426433,0.5464416238210348,-1.5796186474625746,1.4302030733785511,0.3341193201598771,-1.4033030580848818,-0.8000146572421961,0.07550520026909462,-0.3276511494445736,1.1161603179010795,-2.2258524745388524,0.5207138164218931,0.27269477806775183,0.5533655710981181,0.04447494670685962,2.238776813091826,0.34559515591881695,-1.2358436554961636,-0.7690899958510972,-0.5161984749753774,1.110416723134287,0.32340785568601876,-0.7141270751148988,0.9169391000675532,-1.2842254605927717,-0.1826834250374114,-1.3938424325459593,0.6187428879242085,0.15545597438544617,0.8942925143577727,-0.8022079154297421,0.5201260278342695,0.493027307010401,0.7404221548779076
2025-06-18 18:58:41,0.15383259921561743,-0.17786042462612175,-1.084565130017281,1.0392307668646381,0.5669966939436013,0.08855177340943764,0.2972373311426587,-0.5396427464434803,-0.043007243409393416,1.1922718642354182,-1.696862546641047,-0.7631205643832628,-2.277602093690532,-1.5366415935331086,0.023796390822432432,0.25113393920628474,1.0778561457261464,0.8729954076592998,-1.7790040460404146,0.48013416825433497,0.48912758217995733,-1.4330577530519697,-0.9799415980701319,-0.11515658233802739,-0.8600610925050616,1.3502385313983598,1.2214085709638405,-0.4033172116238361,1.5448108414017936,0.7213021305565755,0.6082689061023585,-2.0484835196147015,-0.5419480435296798,1.0723906740277103,0.5374870107811959,0.7427560099138814,2.4401289328341496,0.1013388717712485,-1.7824003295470796,-0.27810265530318445,1.1447330376806273,0.40155185618502326,-0.7341391619744679,0.2403383576577021,-0.7700275933055594,-1.4936571385761688,-2.5483619318850774
2025-06-18 19:58:41,0.35011085661384833,-0.7201093347116702,-0.6001469995916786,-1.2201899015144744,-0.7506523510016143,-0.687071547851729,1.3782141075587866,0.6790783345353221,-1.5616367185321265,1.3249155665017842,0.8060854378895057,0.12251948660560057,2.1719017409651746,0.7109093516243847,-0.934441597075911,-0.24718075170053122,2.2406069440829346,1.136341764398115,0.46549434581576266,-1.1610447372624384,-0.9081030626926776,0.082033547635842,-1.3348721430490114,0.4015217498900951,-0.0928426544396469,0.6649638426343476,0.6300859265928921,-0.3248774811034819,-3.889333495208179,1.002876807561389,-0.6073168177428392,-0.7656451316287646,1.219108471751366,0.01643947956761713,-0.8967883318408998,0.21333416537864275,0.9281808826543518,-0.8413206547147246,-2.4092532148234156,-1.408724116695775,-0.3849770950312048,-0.2115820682279422,2.4460520436787916,-0.16924632985154775,1.1633546840749787,-0.00511892474393953,0.8382052340799842
2025-06-18 20:58:41,-1.3585987795047318,0.5306172846709118,0.5714899872907315,-0.9643518951469287,-0.1525403542913506,0.7862865398245038,1.1608442469627225,0.026371911070791735,-0.023224967884198686,-1.0639477023870085,0.9560123504903522,-0.6531751528710523,-0.6098783332871663,1.9134200022209218,0.3837890649391516,0.6700379633614859,-0.37533209088439823,0.5821886207252374,0.012861085927161918,1.1196460566032849,-1.9537029260081682,1.8367143970502309,-0.2687807269901031,0.7861107870138853,-1.1344551623245298,1.5734717281459953,0.14467283586391033,2.325737125148446,-0.0034607115086775215,0.20108801685630834,-1.5215471247411894,0.24499290180849892,-1.4155248031535197,-0.44203012501636785,-0.7210362167580623,0.30811261273340274,0.8964652945900242,-0.8413429805003976,-2.6615099645819913,-0.6089362727560645,0.17891268770521562,2.152232695378157,-1.2975597026797554,0.17925285977596883,-1.7582259533819087,-1.166466965417834,-0.4000645677507856
2025-06-18 21:58:41,0.556725252819984,0.035301407647277835,0.11546250333594044,-0.6472580674921079,-1.3273127907616873,-0.005644855142255113,-1.19532217885913,-0.5360785143976775,0.01879460551839851,-1.5054265930382782,-0.2341289125892213,-0.5079050520653867,0.41871107384739253,-1.2938022186384932,0.296020878317193,-0.20326903076570574,-0.08471924529669665,1.0477686656194416,-0.7531467647350395,-0.5673957170743016,-0.26108127074492854,0.31495228434104855,0.7522035388647191,0.3806805748177085,-1.3548371861508515,-1.124336482842825,3.181729885478076,-0.3524835711215822,2.201456887988823,1.3479033894745607,-0.2470243278597591,1.2751554940365648,-0.39823667428656,0.19184059338817003,-0.6839256454718782,0.985573937309488,0.9309283547617776,0.11702955986887405,0.6466585041211629,-1.3068879849824848,0.2713178274153738,-0.8831993996442299,-0.2617804959633322,-1.5332835316910418,-0.005139418913114236,-0.4822840008817797,-1.1524203618179687
2025-06-18 22:58:41,0.822838452323354,0.2172213014786106,-0.3945953682504546,1.6348192611205385,-1.1766299206846849,0.05475650529572874,0.11207837710501943,0.03836097069346334,-2.1699218991438527,0.5322488424977858,-0.35027206299773045,-0.3232268272072242,-0.10581958797524559,-2.1361118541058337,0.6965684984853645,0.8150395562023087,0.3431444153890101,1.012818700374653,-1.365508021053112,1.0372853263832107,-0.1955977141483499,1.3396370495991892,-0.8162404237265338,1.4500474301922879,-2.1774942064679648,-0.975477744004047,-0.6011203286750408,0.8625701904105295,-1.48895442418586,-0.13286580656482036,-0.781317296807338,0.06902985322421046,0.9260790484786564,1.1492693730178947,-0.8883667765250222,0.644596705450394,0.6492479205322809,-0.8196459730148836,-0.3855211949636955,-0.6778877135542135,-0.316915162582371,-1.051950762016014,1.1309508627642644,-0.3215347671086477,1.8275930062003207,-1.0858879049715326,-1.6262442038412284
2025-06-18 23:58:41,-1.1827344902290613,-0.44263125175460566,0.08786064522172335,-0.46339478773379195,0.07663029320051784,-1.0991453997022351,0.11038197488992937,-1.4280676812738882,-1.4727929477499375,-1.1777949140260036,1.1453466814632631,0.29280635347425543,-0.873148682585532,-0.6931535121667672,0.6530370975713223,-0.14183299082727627,1.7796118662869935,-0.23925724734750922,1.223067503662704,0.06882523296009393,0.3196663176899728,-0.20075825840195902,0.4045097688139518,0.4510097611733357,0.881416784735076,0.9120854061911167,-0.39772395731227983,0.4940751531859066,-0.0011817884245591815,-1.1351631560617206,0.6376844852362176,0.28802400289816993,0.7324861779400456,-0.2849178966473936,-0.7563746103550659,0.506846439532381,-0.3030880915525323,0.5060214932419089,-0.3325801071721264,-0.4219961417694154,-0.6576010281204098,0.7055154724245386,0.3986160391542525,1.4809377063605147,-0.2579039517368372,-1.0073291843642023,0.35761306863269837
2025-06-19 00:58:41,1.4651602350382893,-0.8839631356938171,-1.484712885162045,-0.009785163043301426,1.4125445106689904,-1.0582300653787335,0.15379342824321418,-1.9470472778167962,0.10130940595860612,-0.8119956542548172,0.9229536766781535,0.49824298041606346,0.4742867468087146,0.6163044063690508,-0.05412903985231961,-1.5868940561894753,-1.860738718473263,-0.029344442684597127,-0.2807162896959882,-1.9396527719346595,-0.9356976420474649,0.8711431134617432,-1.4089352960774826,1.1226574982497515,-0.5004489478647796,0.26005682852447626,0.5514617517628906,-1.8435098253806652,-0.8475466905178605,1.215567148241505,2.116557195535277,0.7868991883235411,-1.495860091206931,0.5403129806521488,0.9603304044453684,-1.9754767930059371,0.018293883423072022,-0.3030656506402064,-0.8816222346197242,0.49134345169849586,2.7516973244478327,0.6380533427328937,0.7617079118800266,0.8405336181213141,-0.8184581392805308,-0.5733035645788669,-1.645856551880674
2025-06-19 01:58:41,-0.8910214820122633,1.2473825171584265,0.8751469541693594,-1.3716781395453268,0.24267593774771978,-1.9145441657432167,0.23876512580194947,-1.2953005724398832,-1.6128539063715728,0.2352581049773758,-0.3966247620987503,2.3271339284711234,0.3278201951303407,1.0196353602543788,0.1849822472751732,-1.1391083370406565,0.7722142546153755,-1.1859659566629686,0.4190543078498104,-0.5271048138269668,-1.3905558323007037,-1.123163537634855,0.7911279058738582,-0.05311249385861188,2.0353185097679853,0.8495636642818587,-0.5824361395653019,-0.9294429532557552,0.28357215040664197,-2.6808151398314832,-0.015108921032693913,-1.0544841777557168,-2.1049142124850544,1.8441642049080056,0.6990655314566436,0.7389036197600689,-0.8053714567125306,0.8400466400421376,-1.6174173680578852,1.7860498393487447,-0.460048945975673,-1.5302272636933314,-0.26114674701363316,-1.240273143553798,-0.8259705527461385,-1.0785338052537483,0.6975065565254279
2025-06-19 02:58:41,-0.03468541120392087,1.375639013696734,0.21347856957077194,-1.6776608027471056,-0.12202909398750314,0.3503069758274039,-0.7012405127099821,0.8959713055045765,-1.6141606870340783,1.5329023726867188,-0.9796257717557378,1.107681010074389,0.4981346905617499,-0.4323097447656361,-0.06184236822423969,-0.5709388582186238,-1.5411584997599843,-2.46380071175458,-0.615570973573935,1.0973218365749218,-0.6626197164512181,-2.384215740436226,-0.760443758157532,-0.8859526781316897,-1.0362163062364271,-0.7069667009783153,0.3555188115341947,1.2667961784782065,0.5562685673608427,1.3659548266015846,0.6874700489979715,0.06899146196583503,-0.15456925270012103,0.13328877196819863,0.36846510018164536,-0.39254538758858154,-0.5115604639013708,0.3406294695647706,-1.254124725209273,0.3184933261328403,-0.679869061864411,1.0161789278565796,1.6465559626164235,1.455239268627059,0.4198675140709124,0.12864460426226423,-0.6451545076437033
2025-06-19 03:58:41,0.012497811803471658,-0.7291839073161708,1.5151657430714243,0.5169733159921958,0.4356741014950869,-0.8460347567634282,-0.09712112003924626,-1.1293399569018125,-0.5117690376661546,0.5744728391525563,-0.9669900730657773,-0.04674318012293341,-1.3134232891076645,0.31791571315219386,-0.9567833524534083,-1.2593032242782651,0.7344278170877687,-0.6904771465476397,-1.7907727435532512,1.2171370675613695,-0.462067577696206,-0.2538777890955558,-0.731811138880032,0.7928994404547562,1.5290945215354268,-0.31912211519528844,0.35436335018465803,1.5057034010552932,0.369886463970204,1.2294786726858689,-0.3443874011058626,-0.35358906670237567,-0.423057793437339,1.0408820577711584,1.7792146491064444,0.296177746038618,-0.7775415975457055,2.1556113556423266,1.740546930771782,1.1843627639560568,0.25377973523072395,-0.405896761192744,-1.1068666841698265,0.7018983175800806,-0.569211567505446,1.5041150076311312,-0.4670988990157733
2025-06-19 04:58:41,0.5767987660070863,-2.546902338808726,-0.024817488677651375,0.3012118919662604,0.5506409416481892,0.8720097692953733,-1.0440972943706286,0.6262964813146437,0.6312397043997819,-0.08880672334623199,-0.9084154439880011,1.080368868196327,-1.343428597448241,-1.5757756465782924,-0.6148043401394018,-1.0386042226564598,0.604020796926539,0.044426433342636684,-1.7261902806742195,-0.5024136046185064,0.5514497669386755,1.7402063876979792,-0.061923264792846516,-0.21475198684214233,-1.1119966584670988,0.4589759496986825,-2.3854933621907657,-1.228050968469606,0.3998993312830363,-1.5519581198366228,-1.0226748997232045,-2.2367859000902905,1.0717797295206275,1.0096978580881477,-0.15214889420603922,-0.1723358774911223,-0.4754695508534886,0.8148317310736168,1.124603687917637,1.0142273910605801,2.272919268373702,-0.2016613058447848,-0.2109477081868322,-0.5562086306681474,0.35961172882116066,-1.1112110481900703,0.44506499749430184
2025-06-19 05:58:41,0.3787035861818761,1.2320052646224013,2.061674891673092,0.864028845270423,1.2504623185408636,1.1550268069862788,1.9821949870256257,-0.5451304517571898,0.4626566562189732,1.2517234721241646,-1.0684151308074878,0.9588030585807377,-0.4551360430916965,-0.8225236327987483,-0.9076897109424065,0.39263799982493,-0.35393168706007927,1.0514879014866418,2.5828872033483665,-0.7427104520634674,1.3377690922913716,1.306762204602085,0.8295786662172168,0.015482737622187584,-1.050782097274955,0.5246793199859124,0.05202326712497721,0.815720903649752,-0.7193969600639675,-1.315440580992423,-0.10823227240872363,-0.05922589295620103,-0.7325397386373179,0.2801921526539876,0.8056616549821447,0.9336285662795012,0.3535600402058702,-0.5607431960519005,-0.00774657913137177,1.4951582244624775,0.16206510746582342,-2.7867453755482745,0.6749116747009818,0.24338635809299355,-0.9138552795223327,-2.047434006609867,-0.021230228101637938
2025-06-19 06:58:41,-0.39820177460492545,0.9519507035169503,1.0797509501351281,-0.9408498030426883,1.7608129436178337,0.6190859807601983,0.6506853328486663,-1.6550155333474112,0.37230793147388586,-1.2209452424294271,-1.8637799666883723,0.2951408301057944,-0.2274326830282942,-1.407642133895022,-0.33082977248448475,-0.17020400472713032,-0.07320117740037145,1.8615506749265085,0.8842028363380348,-1.188470464385565,-0.2889391340496428,0.12271864927193041,0.09705213607611506,2.223534271201784,0.022121123160403794,-2.3254070699350557,-1.0997646305303808,1.0813322546910242,1.540694512876898,0.07356266949956218,-1.2248223117624697,-1.3230685919962464,1.2886384154585324,0.8666467436417236,0.0904885872622537,1.7511751338187913,0.37223175303107525,-1.3830841452782516,1.7692410289577933,0.38091557328180004,1.177211832713989,-2.0499947202735904,-1.3219688969670134,-0.4649482075532856,-0.06823933323829875,-1.3504494984016768,0.4448973169606552
2025-06-19 07:58:41,0.42776258881208956,-0.3449659885093253,0.45667071367201906,-0.5698709112467878,0.1513720163599423,0.28575065594284094,0.8015208225241168,-0.05268355092195137,0.6470860685888165,1.4301060498246176,0.970384773342509,-0.01920692139588866,-0.5366755196173268,0.17087500886023474,0.5794475611300247,2.0466433758411657,0.6310101040457768,-0.8469678013455357,-0.7460344623312334,0.09286468788034415,-2.220850339947918,1.2152334481914582,-1.239731689692851,-0.5882106670340812,1.6565265397509517,-0.6088169207903046,1.1024403916885053,0.7819635577583676,0.8307294124107745,0.552789142973809,1.219796636998245,-0.10716127956161457,2.0970473354084795,0.22347020475479099,-1.4789864748733812,0.031564894070679646,-0.903195081451584,-1.539468406849391,1.6131992216033761,0.5206917044836183,0.38828788799634356,-1.0138446516381534,1.1516567345471427,-0.9986958252418421,2.8727245265696455,-1.9880626061356275,0.42420135419047295
2025-06-19 08:58:41,-0.34588103267429154,0.8730860671519743,0.2900434804563212,1.2277883489983716,-0.4749675931966842,0.6303915345000458,0.634596778271107,0.699132921203697,-0.31520053066565556,-0.4171555473613348,-0.09321863204758203,-2.2296088064818274,1.1742860604595424,-1.641518014870427,0.5983067372456331,-0.2933866020284747,0.6376137293052894,0.4922459696210206,-0.03435479365822769,1.2950863972125908,-0.17855678191870655,0.3732010885712284,-0.5245147838006828,-0.9166177760550055,0.4073517119925972,-0.5370990048703606,1.4264906751144044,0.2872347475305651,-0.5193405809801873,0.4356464728664334,-0.8949299185980022,0.33396461714474673,0.6243556676383158,-1.4399233629046206,1.447179947968941,-0.5084171299624884,0.9497567084939778,-0.09025840486929773,0.5101431260450935,0.5996659066401784,1.4481943659380372,-0.28277566405560406,0.4939303674640738,-0.18629827168460777,2.871548430252868,2.1295313014999606,1.5715172860392352
2025-06-19 09:58:41,0.27653921951268284,-0.3491467750587667,2.564729630863359,1.4791290991104955,0.637415823868427,-1.6986262249746278,1.825656672136006,-0.7990826037307597,0.07393946042093107,-0.14453506893614895,-0.8154988120186537,-0.5757221610881479,-0.9682029593820948,-1.0481270106282716,0.5059282664670254,1.7899740280190146,0.38189877889989543,-1.7642190571876963,1.1490093597383875,-0.43187127138654907,0.422262871029552,-0.953460395780342,-0.45492857912140106,0.2861970257573875,0.16840115833766553,0.577746004616999,-1.0435126314268992,-0.8814203681509384,-0.7714057111408096,-1.7417223365658565,0.0815328854901223,-0.12267012044148383,-1.286745948998178,0.6679511372836072,0.6163761690976862,1.2743310297683261,0.1093087329714539,-0.19034243859897668,-0.6964114358521828,0.9563761161352397,-0.267306934132382,-0.4481259299683155,0.36883592626650136,-0.29475253493021025,0.5256408374822887,-0.2648599567723397,-0.3557751902936582
2025-06-19 10:58:41,0.702172906572054,0.6101375689184562,-1.8741053762198316,-0.2834132168437359,0.12534347476486707,1.3369286006370849,0.948052271625961,-0.6018555358838176,0.9569857319177233,1.1540690832527618,1.523058931196077,-0.4486862219541978,-1.058659467551039,-1.1884894747922667,-0.2982147987794157,-0.3794443219478434,-0.6507141533250195,1.9014232803706876,-1.8489377677002106,-0.2327900172111965,-0.45650341552742135,-0.04270539178941467,-0.33862912725816724,-0.12535606552778028,0.5094053443257114,-0.752591911446039,-0.9611271713440425,0.9579781859165942,-0.09778526978104586,-0.057914009910931104,0.5098977932429336,1.1114994300615502,-0.5693577545484595,-1.2538556659448201,1.3183978248156665,0.7452259357793676,0.815455267177573,-0.0034262236231565545,-1.3832755136507986,-0.6599397771298201,0.5024028549787556,0.5177701399450714,-0.2055325272415523,-0.14022899416814885,-2.383861286139147,-0.8545339516501798,0.27727047412854977
2025-06-19 11:58:41,1.4639592293652295,0.5062800840780269,-0.9275215883002634,-1.9842333315822276,0.244487067819478,0.3528437826706063,-0.7861534247266029,-1.1078968838412064,-1.112388523749207,0.15810777883913021,0.5489059358658158,-0.8686782045201876,0.5263984582250698,-0.3470292312825072,1.2149896473219677,0.27767895415103094,0.44103724670974714,1.1695757048567548,-0.2600705196246716,-1.6504797820879,1.5920627385051593,0.2348393505103038,-0.2968967017004735,1.297427649606801,-0.8267770074773741,-0.4445788027415832,-1.1266929297181931,1.1393865062093538,1.2178967222342818,-0.9156457601617082,-1.5960777348449666,-0.7361585441599392,-1.390558198897541,0.808181581276277,-0.7408273155590765,0.1742666781253968,-0.6181743458014274,0.6734896826264527,0.21487356904285812,-0.9055284263807402,0.17541480196044051,-0.7161780574570673,1.4773157903173255,0.46612034018280185,-0.3854646678562557,-0.6936093810232886,1.8486242689181351
2025-06-19 12:58:41,0.38648827518053536,0.1958250406639827,1.513435260855931,0.7466022245451278,-0.6079227226034158,-1.8834969361677072,-0.46359253047941634,0.6560890671701736,-1.504140349844468,-0.3767403769132541,-2.235553485137083,0.8054575369255219,0.3835797230321004,-0.0002768984376333187,0.9198890853197582,0.46716855340674296,-1.1669029181652186,-0.9555414525289654,0.41700107673350767,2.159546950038837,-0.8585105690727637,1.7386055087375554,-0.649676295598191,0.7751448383864333,0.5456476263386506,-0.04869910487112987,0.236418221107142,1.4289496284825078,0.13023239076871124,0.7370520871638291,-0.027412700448320077,-1.633342341131641,0.6093067498750344,-2.4773026304256254,1.9141239410247686,0.06655972752604777,2.015708687547983,-0.30458738381735617,0.7135615934413737,0.07958666329704658,-0.9808363697599775,-0.6700118293309205,0.2812394041546525,-0.8062666452632946,-0.3543288607003684,0.5889943809685526,0.5558028147079783
2025-06-19 13:58:41,-0.5375454458323801,-0.6359006194657809,0.28297133188792734,-0.514233919959111,-0.14844729981183788,-0.12961149168529731,-0.5922277011754188,-0.7907492239264468,0.13727106858176688,0.7320394728755834,-1.5798216992908423,-1.128715398131817,1.9781574119187495,0.010306020315091743,-0.2504484182593012,-0.8648396849748841,0.4320017954204982,0.6158348032083392,-0.6552191483185211,-0.24522727889296078,0.05278325100549006,-0.9321852645827798,-0.4116845961706799,0.24512075826211077,0.3566592552343676,-0.2789834871566798,-0.28830400360498853,-0.7816280799622779,0.017017343248769475,-1.6470844369283926,-0.45676879827694955,1.305989350354106,-1.1404255087185635,-2.7316596289463857,0.07162816117837259,1.832960559932501,-0.5017697760567046,-1.7242807786960836,-0.7750716463453161,1.0367579890953542,0.3825461916463133,1.1001740017155044,1.1118882024659367,-1.0961707137000647,-1.5845328000565762,0.8269607972609557,0.6063005295288599
2025-06-19 14:58:41,-0.22533821328266862,-0.40826095733125733,-0.2458326045727088,0.16114825109456032,1.4053924138650336,-0.29029346229656616,0.4445951731745889,1.4146422712915179,0.21096273198664567,-0.6091335033184663,0.298556110355449,0.560150955800578,0.31796597642280966,-0.4238747173137388,-0.167291369339746,-1.1539442595484746,1.931763416682207,-0.6036893988179342,-0.566003524640764,1.8581672968770122,-0.7904172383432331,-1.2826894823322412,-1.27858778515064,1.3065399443864094,-0.26627237435881906,2.148786403235162,-1.8734264502725457,1.333448695791061,0.43708092003751986,-0.5500457206797702,0.7035436265761481,-0.5766675748640424,0.8593893020190215,0.13606231870001867,-0.23271260369036523,-0.3848210376543692,0.11664881926976249,-2.015005617215453,-0.30689279806699654,-0.44127299507139406,2.5607675560962475,0.6671375563208096,-0.10360875044828098,1.4091942436203488,0.991762259236135,0.5893177165881137,0.6834150393642394
2025-06-19 15:58:41,0.1721832043164049,-1.7204271394923434,-0.2708688009296828,0.8175910995498369,-0.18481308558206624,-1.4682990552187511,-0.22224495908814887,-0.4547871739796205,-0.47450284118668,-0.843907552210541,-0.05536006423279226,-0.2932497964765442,-0.13126174578007585,1.0654141822140941,-0.30014588424431454,-0.5609749931901651,-1.3205757405352383,0.2576211170172751,-0.6101062940747893,0.27164303781878324,-0.47015724171271084,0.8910912236789525,-1.3904142123609298,0.3046727628574388,1.9396384629878285,-0.996362637948318,0.5019022666457765,-1.0161306541793007,-0.7879195276492293,1.9200304275012579,1.0246539143222673,-0.3488042328084795,0.9978406412637039,-0.9099891673256789,-0.443460585641274,-1.5708938015367369,-0.5141399904442301,-0.7120486524015235,-1.8073707011703168,0.3787395639747404,-0.751911551420321,0.43996900674923484,0.5734839760078687,0.3299621403744784,0.3492010242944368,-0.6183474773012659,1.5824856685668613
2025-06-19 16:58:41,-0.2938591544072292,-1.1538730092305762,-2.421241078773707,0.45302198525595044,1.4657523307664366,0.03985839367231924,0.5290965704004758,0.7909796192225348,-0.23209847072330206,1.6788875416939635,0.6234725547360485,0.338148295334897,0.2855300934382492,0.7255014593138253,-0.19018257395467247,-0.06477309478910248,-0.6142454293670849,0.7058368293193871,0.6002506645088499,-1.0350376112206352,-0.6472470008682898,-1.116194573650338,0.6496110092333384,0.30515757731023113,-0.8943239725637137,-1.8445042080041283,0.19594409275321226,-0.5521029101642023,-0.13780035082949796,1.2336232827087086,-1.0720332730300464,1.4304726582473053,0.07650882984627985,0.007839379409669226,1.5184392141662306,0.41706072165003094,0.6225701286135735,0.797008422175331,2.0326525754046507,0.0008480264537777622,0.499363042984889,-1.0771785490814945,0.6290259860492972,-0.22775008155660792,0.19045505869070942,-0.1405758724938236,-0.4069193313499233
2025-06-19 17:58:41,-0.7225404727342546,0.4593981884862962,0.7276963173717558,-1.6984132701422214,0.19124439791639897,-0.6128838571547973,0.4905032530058217,0.5984200561726908,-0.17243644749116402,0.7161982186601547,0.7355405311091134,-0.1148358541805027,0.9872387142778339,-0.590460134571932,0.9375923660464293,0.6473022296204313,0.4570014981957301,-0.7303241389600621,0.14744350614557414,-0.2706135171165753,0.9071360007199062,-0.1302034538481974,0.8083985194094959,-1.2590060107281809,-0.3573113910910432,1.0871889703629334,-0.0664401657939955,-0.49877852096614544,0.4347246586383234,-0.08478710289076297,-0.04812939791793786,2.119662773891652,-0.6540431622944644,-2.046641420058864,0.39656888832865533,-0.2858636889278445,0.5343758686873812,-0.011085862827243116,0.7735444607937385,0.6723342345624636,0.32504603344658123,-0.23683632714562275,-0.40373978533280086,2.2767417618735273,-1.5592152413927447,-0.4104870703877063,-0.7484324383338223
2025-06-19 18:58:41,-1.3520111190439972,2.0316834296008737,0.3380113504544359,-0.33735692623418073,-1.3519943870251732,0.007927753763464303,-0.46405364048078285,-0.7774130044047195,-1.3719537357282259,-0.43929483258324026,-0.4432291429424358,0.0717445134578278,0.021812081039255866,-0.048440255064668106,0.34175741759683675,-1.0046102186466457,0.4691321573787792,-0.3844062245770443,-0.34803988450596174,0.5937858674492805,0.08220164936874333,-0.30997955013536266,0.5003741891969771,0.5742441809298243,0.29027185283033363,-0.1425092738685471,1.5020578750804745,1.694806253606575,-0.5684994535245185,0.8758612160779048,-0.45223023678744756,0.9633259318582222,-1.4003383011409363,0.9400677792403999,-1.6156039463320313,0.23169362501515967,-1.1177284347752783,-0.7443692209276016,0.8469826014300118,-0.044467968959338716,-0.23308747060868296,-1.981465034548988,-0.8104906905726568,-0.6954067089977235,-0.38329506330046986,1.3986305076074403,1.4891065262263754
2025-06-19 19:58:41,1.561371464828932,-0.8194088356086592,-0.0893078024847824,-0.007109473205637375,-0.49652361711687987,1.4137956424757898,-0.3059134018805598,0.42565351317695416,1.5965188180230836,-0.10975401799886796,0.18511941406171303,-0.15685014860211066,-0.3851733334008782,-0.5851117528070288,0.6223957857812566,-0.320577628678161,-0.9974203195081289,-1.2757101418008683,-0.007595568334862431,0.11911364108829837,-0.7847756494218159,-0.8457923659349227,1.003869866055676,-1.139158954500629,-0.7346904133590978,-1.2720641889885131,-0.10684520440188679,1.0052177419568098,0.5835040433245144,-0.9828649622831908,1.4151531375656885,-1.1616594928406576,-0.3430904881584252,-1.1273159524812275,-0.6721305518156987,-0.49455424939877546,0.3720377637739237,1.0638649315769708,0.0764623204360036,-0.1529763727194519,-0.3856823277866342,-1.3075837337475404,-0.2260480979666037,1.3690576205737035,0.26458123904812814,-0.4442608756772672,-2.3357457563154016
2025-06-19 20:58:41,0.9104361029528341,-2.110922340119599,-0.796814238997999,-1.487466274216432,0.5857709280647623,1.1796383544951137,0.8314642082593897,0.36657027301986006,2.554596546657805,-0.26930994848284995,-0.1980519393821028,0.4509987936370257,-0.5932828889955047,1.6388504879677925,0.43810255268453796,0.4353521754596252,-1.2196606393686105,0.4221879384838616,-0.10120297970261379,1.4988198859763813,0.02557902725258968,0.6203409257887396,0.13405105999924197,0.0918838383776184,0.45592237710798766,-0.14971733893623215,-0.07232936094486846,-1.1540616536334218,0.4100622799542705,-0.06282187585434394,-0.5391038849236525,-2.2069365006778034,-0.5633659961255582,2.1846507046083543,0.9262423928384182,-0.1306870119816219,-1.2291185824734048,0.1401876536117401,0.2942822029893571,-0.5486003109158835,2.292259462736466,0.9744013861519245,1.6558883837501892,-0.855013002575654,-1.807729964111631,-0.6455993611319257,0.1418389621837306
2025-06-19 21:58:41,0.16920754494896004,-0.27523994811811325,0.6230661090583178,-0.07695223738846106,-0.8542416296350663,-1.986184561921962,0.17393078099152043,-0.04981565609165168,0.16085146578655035,0.3607938944221633,-0.3866951727970751,0.2948993263190162,0.07192226037402158,0.1937032557008945,-0.8048490536837595,0.49168999789782236,0.7362410262029634,0.4054405995835599,0.26411043856316846,0.7538166844319326,0.8280791523570946,-0.7523629882555243,3.445807165685689,0.11024929881533596,0.02993829526404749,-0.569157201411095,1.0902186304017376,0.11058995637600827,0.7144216435331853,-0.5669843651539713,-1.291128976705475,0.46896218938182943,-0.4317262185378525,0.1717837274454825,0.21378122939253044,0.08921937588302598,2.113243532976748,0.021314079600245967,1.6376133773442005,-0.2807280302662783,-0.6019005639581251,0.3867997729871359,-0.20899098068246344,-0.7262896983469469,-0.1452303852774166,0.3620252254070811,0.6497542682512641
2025-06-19 22:58:41,-1.0226013953291149,2.3192862149494644,1.103853136398056,0.3833277047922447,-0.9658876339387117,0.2055692460387764,-1.0475509529400409,1.046318243311153,-0.6804887321749387,1.1493156845633117,1.0229430762560274,1.513839051792598,-0.7106756165064637,-1.3067771988618075,0.1876071771311481,-0.16367081888083523,0.9906394020958328,0.8187562154291196,-1.3919480377334295,1.124038254840088,-0.13835724887270923,0.7837307586010733,2.373486528451585,0.9603129740250964,0.3945103033231061,0.5900921245336548,-0.3793175662555,-0.6270161250584844,0.6314352760259032,-1.5132448927773519,0.7830728143656166,-2.1239458559306605,0.6653516755514634,-0.38123099410520084,-2.3466433818918606,1.0806440507076411,0.49651630902891863,-0.18597425480549012,-1.1536574138443971,-1.6578860880663966,-1.1664695535655767,0.25241250805930804,-1.3253728502421684,0.12032091349358648,0.0773218385511622,-1.5057727694994258,-1.9175339300115106
2025-06-19 23:58:41,0.7381894718833609,0.6919153535516637,0.6187165532253736,-0.10093827868184573,0.49426205762507586,0.3537033318661477,0.6061237203112049,-0.6494357582461853,-0.12861447050954025,2.4845021801235,0.8356098087662788,-0.897135520806211,-0.35432750692001824,-0.27605888128570394,-1.068649124680385,-1.6412073051569982,0.8440518655628061,-0.6608552408779333,0.8737539010275652,0.43761850245786504,1.0068105276550734,-0.07563460088828854,-0.05599975573094686,-0.19153805050906594,-0.012702033664394726,1.2552393334357608,-0.7309861395665894,-0.670626101415372,-0.14454210890862293,-0.4159564999485348,-1.7901398990774513,-1.6259904849718037,-1.9044205077861138,1.836927623599733,0.3666931193082929,0.19683629923485424,-0.8340599217223273,0.22812942434295175,0.5941325808951045,0.3223291899847752,-0.019883077358415296,1.8491304517867628,-1.2877343361584292,-0.16384993383352092,0.4044166388209889,0.13595122734903112,1.0352246733644903
2025-06-20 00:58:41,-1.2936547987274214,0.4494280015779612,0.19709648162909324,0.570807403400602,0.9494248390370749,0.16063315624694452,-0.5152007886896438,0.663451864966774,1.968810847627181,0.3904139692167129,0.10835044964472015,0.5930129467159969,0.03656569437737073,-1.1921719567305713,-0.1682792421080283,0.8524401434033839,-0.10196743849906827,-0.8622112365266741,0.019753634781294178,-1.5806946049659023,1.2351040199517553,0.5125502894574092,2.424702248451181,-0.8110073652434467,1.91607887643934,-0.589907004438829,1.3295349259332945,1.089807070442741,-0.9295229242052814,0.5824120442836785,-0.7351636815356783,0.0042716281856194,0.11497415214983692,-0.6466029159598339,-0.2218981923645397,-1.8084279499264253,0.4954622674292181,-0.046069835995122495,-1.2965783607316894,1.6863557410942571,-0.21325658902621802,-0.8122196625312155,-0.5782659468580619,-0.4409571409370244,0.042743628570128506,1.239807083736865,-0.9260338899840589
2025-06-20 01:58:41,1.3612008048064794,0.8386565836966774,-1.471291566108399,-1.4791534093605663,-0.7224929266852634,1.6261910983213395,-1.6693770277366682,-1.0995387508647232,0.12338223032897065,0.5114459231201615,-1.334548958052913,-0.18450784217161645,0.26851782724287904,1.6478560067641832,-0.6614582473710547,-1.207478887127905,-1.9659966775106568,0.681764843195444,0.42524142080193167,1.317494241342368,-0.9382661327944467,1.8076154945357652,-0.047025735622056614,-0.11143760931971515,-1.263270867555273,0.5973979832486331,-0.10215363511815022,0.9678214231829989,0.37364993430491106,1.2328115454341422,-1.0272232267715726,-1.1255923495514055,-0.6641499849475848,-0.6905708482198875,1.138769146788335,0.5596409497409351,-0.08282019722812423,1.5946590757107655,-0.3415607003630699,-0.759850828536459,-2.076012440080574,-1.7341300794109118,0.6498592605638398,-0.6014061464125966,1.1973844190501208,0.027895732688677205,2.0200668239088793
2025-06-20 02:58:41,-1.7886093006377293,-1.388094714185223,-0.49080079353567346,0.44127346048994115,-0.365575696557727,0.4495484114259414,1.1180384160864125,1.9165119317072385,-0.13787392682266833,0.042773596448439116,0.6300179255866631,1.9555644583036336,1.005959364064128,-0.2938652778981285,0.44012647345158473,0.5474455551256543,-1.1439145238664075,-0.09953360576022553,-0.26532292932270424,0.6225126788114796,0.11791519768284389,-0.3493507661858807,-0.7414966234141486,-0.15544383614733467,-1.4396193385387834,-1.0962947115116248,0.66003291962621,-1.0249462620288983,0.13860876106257863,0.03078119943615765,-0.12053695319570897,-0.11210035025576796,0.016386225189005177,-0.9353902781341177,0.22032303139080583,0.3558433606234052,-1.2586954020852488,1.1904322638386826,-1.1427117692998063,-1.3125384163227558,1.1122685920346886,0.02457523645680707,1.3209546364222293,3.117553453260468,-0.8037435292836623,0.022430879020149494,-1.088499145988397
2025-06-20 03:58:41,-0.8568749461310752,-0.2647006994043103,0.006736772852405114,-0.1444629601257307,-2.169987903655942,0.1346790741428306,-0.06556528295269147,-0.11463954533876973,1.3470788320246985,-1.5574405163765204,0.9220469470865799,1.4244533614412003,-0.15236235726028702,0.6047275819930368,0.8552413783704629,1.73406039361768,-0.09586663188035405,-0.709649509336329,-0.09584112918810621,-0.4276928459355058,-1.7530392573226428,0.052325585319602214,1.5293789693146993,-0.460442459818912,-0.832989604700003,-1.5524703682505003,1.624637369659513,-0.3981835478237651,1.6625772000146288,1.981535986306638,0.4575038745572919,-1.4443020576525072,1.5758320504421541,0.08210228987500584,0.3653294096041374,0.8924684482610171,1.1233082244387456,-0.3482134899393611,0.16976601676861125,0.8714047989295297,-0.24694032997043747,-1.6020505317353206,-0.4583282709502816,1.059235595275785,-1.5303281278414285,-0.37856731275580696,-0.23304071327950626
2025-06-20 04:58:41,-0.8324799126832164,-0.4806302747011298,0.42021538754831,-0.41291956247745387,0.26060123671322366,0.8955146353739858,-1.5272265763813961,-0.8283980278993902,-0.35649558935155184,1.5320574858383484,0.16347611565000403,-1.0529405324741112,-2.2506423876161112,-0.060300359720420194,0.041968422880453084,-0.5550364931659053,0.6340327674863281,-0.2517153756940814,0.43179364070921383,-0.18270097318246367,-0.5719714239971403,0.6667622888882472,-0.14455959575903224,0.6146932212103581,-0.813526249638346,-0.4754972618623114,-0.3226667514468434,-0.6986383618474084,0.6734414038797868,-1.7349140005372896,-0.6609485273479826,-0.14283981493303669,-1.1345779594062773,0.31787340211069254,0.5409812577439849,-1.1969802552904236,-1.0628537958438211,0.9035231880977758,0.7098809788816937,0.0024483096432560245,-0.34452522304397665,0.4868850268858446,-1.3770896806509663,2.149605126571218,0.525520509973101,-0.6020262833130857,1.070319901973704
2025-06-20 05:58:41,-0.2404209463804787,-0.6701077422364606,-0.050217030726384206,-0.0824167012325278,1.201688199542605,-0.9115747695268268,0.847270050353762,0.9663750644575916,0.5077392499016051,0.6797071717341724,0.2914569135147126,0.8130414924249302,0.5233519859508806,2.67175858625884,-0.7381095778002108,-0.45295688214756885,-0.9389981250771903,0.05081242515713525,1.6982506572921259,0.03294032228877308,1.5129186955285197,-1.208341845494291,1.8974064583504326,-0.08859299390286231,1.0397838426825556,-1.56813466881066,3.023710786405634,-1.1018319683536184,0.4357617176302597,-0.04702657883060958,-0.09589973468189827,0.8470967386632217,-2.290989990874842,0.3121802713510722,-1.1414430762653942,0.5172755015879269,-0.2155798985311926,1.008832287106457,1.0799762973870002,0.9962092595433061,0.5451341903107982,0.21135020273998875,0.16545064558956074,1.3545119150825764,-0.2844400337159568,-0.8487780678307413,-0.419794868092208
2025-06-20 06:58:41,0.5228474376542144,-0.1063518124225875,0.9133616044540299,0.9595748461496683,-0.3308015182996199,0.2307797375401989,0.6892749186334632,-0.81756324800638,0.9700100709336955,0.4343489992967613,0.7661762188430875,0.4437728944631506,-2.2556944954238216,-0.8430777535296675,3.4873941739226946,0.8171663294038404,0.5399171964959533,-1.5245652318137513,-2.664864252471363,-1.4128062797648824,-2.3257047129363375,1.0497432405766416,0.23096113275044586,0.20850624606304582,-0.6856060363975836,-0.45856988258554127,0.43463377125975683,-1.9902629374311476,1.1397032233647448,-0.23961862188305966,-1.2786253335773101,-0.6468812029582122,0.13092420680458786,-0.2826434756117147,-0.007281847786931644,-0.031088671242781266,-1.6052589830853214,0.01122997292093329,-0.03841187903473859,-0.2759961715608159,-0.4749105745813171,0.15852255597938117,-0.7881234030217518,-0.8988083816694558,0.5812889000173892,-0.1974750892375437,1.0636172778523036
2025-06-20 07:58:41,0.3330885432846412,-0.946953016029511,-1.4315843800993426,0.44655193756960687,-0.16291252552656768,1.203251731512687,0.6468655504056212,-0.6111939187704607,1.0443603423696137,-0.2945671580545371,0.36046501104914974,0.27710141867866184,2.0733284600569206,0.24629216884087135,0.6698499269852577,-0.8748232627473765,-0.6221238836052542,0.8737205000742538,1.3496165750648368,0.9221992705304187,-0.8733984638027664,-0.9566160975608746,-0.20747713704157264,-1.9222173882216673,-0.49165390916075397,0.31595399413926123,1.3264198936320009,-0.4657335567794694,-0.2395826938065581,-0.24606476592475723,0.04764840070157754,-1.2825029899913927,0.3602741977985557,0.08755839898148363,-0.744211333769853,0.03674137888862845,1.4435138145910777,2.2516270058811183,-1.7297528804878548,-0.4604791993432843,-0.8430014487611496,0.5393538520940587,1.2367601216245452,-0.8150392524625307,1.639115622365263,0.9591907756295872,0.9402934780044915
2025-06-20 08:58:41,1.681184501039477,-3.0290801139651,-0.898983239966721,-0.5438306545371037,1.2466169238068638,0.17957068657414796,0.9990461813989329,-0.21779200076143118,0.09809428935250515,-0.3861791205169408,-1.1204654652078119,1.813399550826076,-1.5774578694566312,0.7837399188345429,-1.2372747815674239,-0.020458835390521537,-0.6717030816331888,0.5115095219381016,0.6929263256409143,-1.0586566432447873,1.112535277877842,1.0008349311122096,0.8896322968128193,-0.2983262506040771,-1.050270142246243,0.15467874109990865,-1.7225388713947725,0.10369245659429477,-1.2661709354241073,-1.279701741869503,-0.6349338279014407,1.6251962483692686,-0.7006286760608585,0.688315536584078,-1.2390566124876874,-2.3450221429704436,-0.4317439689364254,-0.4239606810623758,-0.5752823695008515,0.7238416494230987,0.5500447305318806,-0.1866603698140996,0.04509264799121638,-1.2269515831567102,-1.9050885221931189,1.9203903906796305,0.34422548212845105
2025-06-20 09:58:41,-0.339486364258866,0.15501033540308656,-0.5497656397495738,-0.16252989169811194,-1.9047824753059823,-0.9204965087194974,0.6527556289009676,-0.36786147468264835,1.3776988620003727,1.3827269698689932,0.6187125856470902,1.2158066315605527,0.15426081403812936,-0.23453747219276067,-1.1369175160964815,1.4610583787953235,-0.4506369304477639,2.043456022305772,-0.09407603307907855,3.14578291268182,-1.742406265637164,-0.4060250946164002,0.04031977299175644,1.2267987873309258,-0.523304139352744,0.38776960343287353,-0.8033316928165362,-0.43514572855514827,0.0001705765393697997,-0.546360290115465,1.0070201439846345,0.9173551519099427,-1.3304664309948793,-2.561429321052224,0.1588283368178759,0.47332038057219417,-1.283250299823976,-0.04696553678263614,-0.5849986388403002,1.1753632299055874,0.7615006682429436,0.5181796475765746,-0.07634440592863226,-1.3229187601733643,-1.4353437892579914,-0.008106354425769407,0.7159759903317439
2025-06-20 10:58:41,-0.10735923452025999,0.25862343855740955,-1.652514880838037,0.03128246200181008,1.1817862472786838,-2.969290062731279,0.14810566822301297,-1.8304558772008872,-0.1633879409743087,-0.15752424633434486,0.6024334004570201,0.4747573841892919,0.09956387799481031,-0.5405588046453536,1.3050729704105861,-0.80729867441984,1.1250796291841856,-0.4541276106288832,2.2555978884516312,2.423164095311821,0.6061240260122546,-0.7384021763295295,1.7423085724225365,-0.8485536420142583,-2.305600019550416,0.16917950871319234,-0.5658034548660547,-0.29398127913545624,-0.8933731701315807,0.49939514390673323,0.02741643138052117,-1.146521248525548,0.6074423024790815,1.512752188666264,-0.40179049475406525,-0.7019795965608389,0.042925064577550465,-1.788944115755348,0.3810845899428065,-2.530249295590351,1.2788668327932922,2.163913630428549,-0.09433991532520054,0.1859236390867408,-0.6067532394935686,1.7730008631648586,1.7978059455175786
2025-06-20 11:58:41,-0.7066536796836149,-0.5786418476179634,0.4646634110555892,-1.0551538735341446,0.8241556612001794,1.9935892457829647,0.4994309791485615,0.37523323074303544,1.2056121122888643,0.4535273597601632,-0.09469523140006282,-1.1829628069183982,-1.482847159989173,-0.9252491923432942,-0.2764697796202885,2.1082955192452455,-1.0241621915596633,-0.40786867646218733,-0.5279513299908012,0.8627384384105882,-0.4243832690130129,-0.23073395244707248,-0.8971864430227077,-1.4736247475541755,-0.16546979711285498,0.5361930036974905,1.4755971760944324,0.24294554692169085,2.240869471870181,-0.2930260541239148,1.1226066554849765,-0.23606372696984282,-0.6537255194205974,0.858233641329656,-0.9593133143757264,-0.2726321604472653,-0.36784960143164,1.2873269710983015,-1.8873778786778777,0.15431685155311997,-1.1959597334130823,2.618912993658123,-2.1000709083787554,-0.3126187403240824,0.5639116493551126,1.481679837812257,1.1070547865475793
2025-06-20 12:58:41,-0.944671264453317,0.2954129134827405,0.30707112900149547,0.6073951330505533,-0.4326718484909891,-0.4440578446928186,0.9178255688196785,-0.12606978377512987,0.5854894226897907,-1.8721225019676215,0.8037439686139836,-1.5247067038826412,-0.6531380627525059,0.007434161684190569,0.4594626413256093,1.3276648076793223,-1.65386003011527,0.2444053315612415,-1.1250301006016439,3.2054608665380537,0.35479821686884083,-1.3149777680840835,-0.7220454683394736,1.0212727909638004,1.1496983254390054,0.41556115591236836,-2.3967861892358795,-1.1551034772459834,-1.993544358454218,0.41147464383901705,0.0032041146038622385,-0.2978489632464933,-0.005691333842585104,-1.2521473451303065,1.9456812744882817,-0.09083457943714629,-0.15967389212983793,0.4550695725816682,-0.7575234254616726,-0.8130193649677229,-0.33460367694900084,-0.2142745690696694,-1.5953547205257048,1.3404011648353904,0.5308949514246564,0.9965625028181357,0.14050720742135994
2025-06-20 13:58:41,-0.33182845076955375,1.4713127204877703,1.9899455414908458,0.6901395870974644,0.3952918718383731,0.21482250748900364,0.6985636122620991,0.7186321677750326,-0.0406178955157815,1.2006383301281804,0.928073170081198,0.6617664082708792,0.06035774670297409,-1.3387454429216659,0.3059944816556173,0.8694476050510026,-0.952024267020288,-0.3054188403510083,0.8151393334512634,0.24296679719414488,0.28152580833583807,0.43504945634591463,0.2316640522362028,0.7033610326777859,0.0501967102769462,-0.24940282526507537,0.948814026462316,0.6568673682571898,0.6069598084068623,1.3297982512407376,-0.6693596247779712,0.6752429666733717,0.8765105632145717,-1.1414555919198865,-1.1815453186639449,0.19195674031719753,-0.22523924417218708,-0.012130366752443987,0.18151220742636637,-0.03465408895975739,-0.04470338565445389,-0.36320013404447515,-0.14462621790226884,-0.21235437710897245,-0.013455712723660862,-0.2367440228910544,-0.04733349895507536
2025-06-20 14:58:41,0.5489349662965197,0.562869790327071,-0.42422300577419525,1.0766558048743335,0.9157684597785085,0.46763078448443013,1.5166987928389861,0.08384149659876358,0.4724144812384389,0.47098992063354284,0.3914856077809574,0.13734680946835195,-0.36360418155865865,0.10030114961523731,-1.420773466473038,0.10874770280815232,1.2349786253380364,-0.5562060489033238,0.34694403267917107,1.6084042491423063,0.18648018395535076,-1.0414168203976428,-1.7596230484456028,-0.9727578283119205,-0.9521482038618164,-0.9970314276928932,-0.8356489409395099,-0.21730310355776453,-0.3843160451414105,-0.6373605910508552,0.768944011731427,-0.46218257789536143,0.47733501960149183,1.8146344146401179,1.1513883667425846,1.017364386473115,0.5909038293455111,0.5321791036731305,-0.5008948193716968,0.5262262373145828,0.9581460092425601,0.6903746072728906,1.0348434569672307,0.5189413462443915,0.33600266590653394,0.9665027285054453,-0.0756348826379248
2025-06-20 15:58:41,-0.8952091178178406,-0.14813224011777615,1.8280953383012124,-0.30293116780819856,-1.2480568806986674,0.7873522143058528,0.1641663935174992,-0.14689817055669976,-2.398833995655544,0.08436052242619727,0.7507914995028951,1.5008297031028137,-1.3912890627479957,-0.46204005739817516,0.3805411365914216,-0.7856631345807304,-0.09567270471831625,1.2867050523793135,-0.3742277444756321,-0.5533578831098795,-1.3710647013524744,-0.22126756376537013,0.13868445517061145,0.8051342070813604,1.3605041779099776,0.38448069101221977,0.6136514839540185,-0.8055186480333215,-0.7729720454051454,-1.2122995865303317,-0.09329810916581925,0.1722749214849912,0.4899812213067619,-0.21003509343620114,0.7082057468983896,0.3060010119731037,-0.9516464742930678,0.21572146395944986,-0.39016458764348605,-0.19978391726483521,-0.22231233067954786,-0.2243033647212916,0.9562872626330918,0.7658879344675954,1.3095710898508701,-0.38904626903099054,0.19450082602924365
2025-06-20 16:58:41,1.524535611287483,0.4211615198640595,-1.8740602961365203,0.004819205884363547,-0.772684360102334,0.5030929259604663,0.5597800654773523,-1.4250894737917998,2.674540227145912,-0.09693125500550898,-1.020759526772498,0.11010342394405111,-1.0808313944072994,0.9784261712305659,0.6028347057559487,-0.7635863484399187,0.36748180657947876,0.5061578601263195,1.3437448284203684,-0.37013352641003866,-1.0153573213608185,0.580025071998078,1.6346446372224863,-2.282064679213879,-0.6973934800613725,-0.9876880016231416,1.0958090185926717,1.842963267666815,-0.49789819703065263,-0.6801902108109341,0.5459043875021463,2.5155769508070245,0.7972863924561833,0.6475835377983442,-2.0944498346637883,-0.815337729127463,-0.733977058397014,-0.8944037728461643,-0.29706142812114716,0.8835431577732343,0.8254560018070707,1.7385814037537624,2.503221715086245,0.33086763499578836,0.8719878372840769,0.9450989906239482,1.563156490787973
2025-06-20 17:58:41,-0.2191033606526312,0.9019336247492813,-0.8520958395520555,-0.3880770030960626,-0.8291335361452347,-0.5157996043652952,-0.1614900493015665,-0.4497763891677714,0.529414226998211,0.5778898518938649,-0.20343153757250496,-0.9826381821744096,-0.9192726385484418,-0.3042899142522862,1.2513196766250836,0.9058915718019329,-0.3316103102857716,0.7088204585439102,-0.8468433522075651,0.43664038921687687,-0.4037696112609735,-1.79960925271283,0.793597161031052,-2.414140811393717,1.3721297313574758,0.15268720287681076,0.6734021708185951,0.40698583694540696,-1.0863442152135845,-0.578606107725083,0.7812582204750274,0.550611829033949,0.9522361697321218,-0.8350461058780291,-0.4303814335410324,0.15769459466331284,0.5481068143276587,1.6872279028077566,-0.08687468724133637,0.3837733818047143,0.15996812418176448,1.1205036228464702,1.2633025546178642,0.02546811457543861,-0.33549885897287857,0.9740047710672649,-2.256814492466274
2025-06-20 18:58:41,1.2347118479139836,-0.3708731002448311,-0.6149465625076779,-2.07659794172936,0.04795232249778972,0.32221771089106405,0.3024967981471196,0.5106482358184756,0.045366442134968925,0.36470739469124036,0.04305760219873635,-1.3867392829665544,0.8421787779054736,-0.9495726143492432,1.0771264129647058,0.6815020436302326,-0.5745169038770542,-0.27085101691840663,-0.33226258162102185,-1.2318493950670486,-1.1320266210176049,0.6838112744944221,-0.8205509566941795,0.7335226244238497,-0.23277901555917935,0.9968638766680556,0.011472597030866585,-1.1733459712082193,-0.9877157229198074,-2.1272404579215607,0.48052026560402294,0.24103259545995626,-1.942307048737222,-1.6117711010055824,2.216499254764056,-0.5741647721348843,-1.1241506534805488,0.806496430496313,-0.041966365379931404,1.5343708129418576,0.26092811037656155,-0.804926127805922,0.38743889243081675,0.10819150442993801,-1.3595901503729533,-0.6886037195004148,-0.6153280232178372
2025-06-20 19:58:41,0.8134876046078978,1.7533753147469788,-0.7920145720777062,-0.6200202835493258,0.5606433070130381,-0.5672066913627029,-0.9265457015005506,0.1275801028351626,-1.1973873221293965,0.5772655259212113,-1.9909101328623486,0.2942115532141443,0.5610460268088752,0.2551995935421898,2.2159649405574213,-1.3208792245010281,1.0937048455129896,-2.087977125515903,0.602779337106186,-1.5300782812851546,-0.9924268094709431,1.385802089366808,0.22980363824471173,0.32814925911145254,1.4146590662695544,-0.6747756599660869,-0.8616279085504491,-0.9765134642747277,1.1639819761216752,-0.5823225511833307,-0.16084393678161932,0.297433916282782,0.6371123832316028,0.9030080500037286,-0.24140548809215154,0.3783728809904997,1.2237705532367047,0.5637013206514846,-0.7357359513552085,-0.8798957530821777,0.15312619658407195,-2.1998554732886206,1.676794054735918,-1.1329630899917578,-0.6400578939985963,-1.5969980052455521,0.8153952923590454
2025-06-20 20:58:41,-0.24309328354857773,1.5503658695083158,-0.669526640458692,0.1479714555288298,0.10691668588857778,0.4494853741527779,0.869388122441354,-0.05253683660985252,-0.6022581731224849,-2.336052590788705,-1.9587619640045366,-0.4594278412533941,-0.07684793571052627,-1.9767276915970575,0.43202232855947753,-0.11381109343033113,-0.5300825719592501,1.3701507679096048,-0.7897973034611555,-0.9291387786907681,-0.2658403496495382,-0.2128089776809003,2.3538023962964085,0.7583675965383794,-0.7469672001647093,-1.4277812043146525,0.034126945772459574,0.1674625409804304,-0.67337144838452,-0.25563387051459746,0.5383744770398492,-0.265098975513558,0.37498632535153964,0.5696301037440482,-2.3190360364749774,-1.252528848357391,-0.6865610206770882,0.20037085763742127,0.3436487505565924,1.547657693932185,1.9057626249779276,0.6232459324320857,-0.07609989675895834,-0.7136709666119262,0.20778646519848856,0.7345866714613595,0.19766411242302542
2025-06-20 21:58:41,0.9171422229250487,0.8872081689891733,-0.5650322006227534,0.7503559948420119,-0.6082598736549849,0.6558614064810996,0.37128373356846966,0.46493153061855524,0.5389306558723833,-0.17577071205767392,-1.2159832025031316,-1.9061273884317549,-0.5740500109488297,-0.4562573593448939,-1.9208366360537277,-1.0529738019136774,0.72339012968028,0.3093458425737369,-0.0485521368597357,-0.9768514731233466,0.09459404453646811,0.38335823385765083,-0.5003859225261073,1.3263813220805152,0.2143159166217511,1.9271422123464328,-0.6724170416154144,-1.1405739334548006,0.10259409208024305,-1.2439738998544623,1.715779536754283,-1.4828634499979896,-0.9036213996159408,1.5706022984497197,-1.5869300600774143,-0.07242734072984858,1.3894907806276857,-1.4219749530567343,-0.02552969544193594,-0.41290356016034646,1.7279828050622945,0.1297370120113008,-0.631593912123266,-0.7764503617144767,0.12131815291139957,0.9469476738912028,1.4091672201438308
2025-06-20 22:58:41,2.347536862323667,0.2158804875398548,-1.81837020123051,1.0562485572163949,-0.2637737105015477,0.5613942366046522,0.9200005789349155,-0.3472778488891572,0.1975785212188431,1.105426903932666,0.7375537191979098,0.7336461150496707,1.220085500624448,-1.3257647316793553,0.2860123756412362,1.7336597994000071,1.2338436509626443,-2.13154743468681,-0.6206154406699513,0.24353132549685783,0.6839201148051833,0.3772231810591429,-0.13771692305943845,-0.7668248003711974,1.6661276950107478,-0.22717857004258,-0.6017152078118396,1.0873277230970135,-2.0273202931270085,0.19369616761753014,1.7232365929000846,-0.1802870974990764,-1.086799949816711,-1.1602779811103292,0.8253730336505231,-0.743283659129978,-1.2075024684974103,-0.1939440623020586,0.481897445485798,-0.07022463035484765,-0.9277477751332651,-1.4692124241722364,-0.8104798953636545,-0.22754326253028467,-0.041476815678187694,1.3645242175462646,-1.4136816092502829
2025-06-20 23:58:41,-0.2880638331749766,-0.199136370044472,-0.7978060328884292,-0.6035573134444818,-0.8085777434850263,-0.7059612715822533,-1.1006726776040183,-0.29118721254644575,-0.30002884579958605,-0.7322042199921183,0.32591485145780447,-0.8752931816182434,-2.3141788332175164,-0.284770354134192,0.07081137715436049,0.4599203411242017,-1.687617084498124,0.4560720482781846,0.6565894719127701,0.3873595502712548,1.8102226687250487,-0.4333053313694603,0.48495223834699763,-1.7031162753516513,-1.408079900014903,-2.0040523954588254,-0.6025261105913297,-1.2254544379522327,0.18801296866514425,1.459899041353725,0.7687318475361341,-0.8014277150805562,-1.3266061769424535,1.3701618400593147,-0.41814355519404106,-1.830927158231974,1.9294301363727064,0.5541704677687073,1.0693089793819581,0.8305588351297777,0.7639209308976735,0.35495187826551566,0.7066576838364529,-0.2788590564831457,1.9115197513940345,0.14458555151612973,0.11353619615430106
2025-06-23 00:58:41,-0.06327014384728526,-0.39093264798220373,-1.371574213365325,-1.262865030323421,0.6609597180907103,-0.5443986643805351,2.6688684716454634,1.119477507385483,-0.49710250702620407,-0.21398780726959796,-0.982579947429456,1.184674991707797,-1.3971595461818302,-0.8681353345255964,-1.1495565954163514,0.3943490110201662,-0.5190034692973434,0.11961373405249015,1.4398064415714427,1.6955096092955462,-2.006736815114061,0.9565247678333665,0.9987722444637794,0.18470244608578412,0.10615163467766245,1.7404680546060862,-1.2305441707188904,1.0563641257104324,0.14188881257315522,-0.3244132379886679,-0.28532320106761777,0.64384452446651,0.5318206317310372,1.8581099247941495,-0.12560472698204528,1.380018352826312,0.1818158946213199,-0.3859662200996213,-1.101454571951277,-0.24078508565071025,1.8685186093094748,-0.5710150810578146,-2.6750583241481523,0.3776121548761843,0.2319707269435474,-0.007956731884635195,-1.3164091143114698
2025-06-23 01:58:41,0.17645698416774802,0.6415681502235094,-0.16681023717730545,-0.17362878963644582,-2.6949313979087175,0.2870700960463176,0.16981736566239466,-1.6782642150946636,0.8245472315081508,-0.21602957364323322,0.4833038047132759,-0.40145537457289343,-0.4211550067082363,-0.2152235122114491,-1.7399131489987485,1.2184966301778817,0.7755180840409306,0.2594393612029929,0.5046128912414718,0.03731424006207168,0.07877050589037658,-0.2679740432274434,-0.4708968545796097,-0.7396737024168064,-1.0763727955490054,1.1794918964923726,0.8608960701111249,-0.13395346327882718,-0.6026379165503637,-0.9853917809326506,0.6792369357027537,-0.34867138203023723,0.06316532567530019,0.3003237724103041,0.7021016792635489,-0.014442238324305703,1.7712579223395606,0.9657121315950128,-0.990293874317536,-0.27482708486469887,1.760681676951154,-0.41360204885617374,-1.202875685330649,0.8934093932674718,1.3324354014001893,0.7305843723588863,-0.010836466997323055
2025-06-23 02:58:41,-1.4591468029140315,-1.405195736832183,-0.9327078010805078,0.24690895662557014,-1.0959243275277257,0.4557462253986493,-0.006472659426243466,1.5984251017706514,1.0191717730150003,0.4742613119333138,-1.8527281629962316,-1.8735765575515284,0.494891085339911,-0.6760657057672955,0.404641570807228,-0.6020895412929346,0.7613387751841959,0.5954672306193909,0.9123127248935946,-0.08659589510435811,0.46984689493884363,0.9375584693330898,-0.49802665517375305,-0.4753317893266632,2.0953269405403097,-0.3155941602960985,0.3070499447395701,-0.9656826213377397,-0.8996530835632819,0.6439301311613539,-0.4292202194720961,-2.867841785813626,0.42289622516943165,-0.6194261197966376,0.5837420603984124,0.3846473183375395,1.6172014510052157,-0.9372048187585296,-0.5360009823476801,0.42531297171828647,-0.1321216034732857,0.8358790061420684,-0.663248146754346,-0.004858805746268444,-0.29905654728076186,-0.04520058017318023,-0.08545534598049151
2025-06-23 03:58:41,0.2948125727976335,0.39851146463805487,-0.4239545973977093,-0.19941938538069082,-1.3593914712104025,1.7326209120493532,-1.0865442235756975,-0.5565740218780503,-0.9588376004535842,1.565491568293065,-0.03195816315046754,-0.025807849348508983,0.1027510760940497,0.6135546654609434,-0.17982047552537767,0.660570246757554,1.3289481004898478,-0.04201248245617743,0.9183706384900787,0.004445240205697649,0.2118971819947709,-0.3497539311061985,-0.5612324684307878,-1.4112981688962807,0.532513151599936,-1.2136409001411512,1.212604601933074,0.40691664579124887,-0.045879658702470856,1.4362158737014399,0.7057960437868454,-1.018885287787821,-0.49336610829948974,-0.8772460803436871,1.4488321482167632,0.3365599653718068,-0.07896146058578851,-0.41359980606232816,-1.3883667471043981,-0.9116737017955324,-0.39867990884140175,0.6370830850262316,0.7298164113797767,0.22331410136816268,-0.13205647919528976,-1.2496338878907256,1.4229868163893484
2025-06-23 04:58:41,-1.3142647171933552,-0.18887115247220732,0.11388446520584723,1.4942586068977364,0.6565579877123219,0.3185503094647165,0.6660795084726314,2.8108994754226435,0.7580546387539054,0.26350451689117277,0.7517864098609174,0.06783047538538643,0.3870237067722947,0.3269517724659337,0.6955813389794522,-0.3221490661548144,0.4672108665832888,0.6987071920900907,2.55123412129459,-0.5958129411507407,-1.2689970064217888,-1.2669993105062423,0.4793754022320487,0.08509185525760818,-0.17951687069464603,0.21169231448662587,-1.187706370787629,-0.9490011693029967,0.8828912215245073,0.4622501375903507,0.03969927151259421,0.027492608848459256,-0.4578852611394163,0.3174420855674117,1.7394615231792196,-0.07305382285532916,0.59340643568008,0.1270576277890058,-0.6076465185541637,1.3078496705626448,0.285384833100463,-1.549110000465356,0.9655156603547229,-1.6396111284509431,1.4197652961029381,-0.5966743647452409,0.28018572648403167
2025-06-23 05:58:41,-0.7288155824775517,0.5103287121986717,-0.009419402881359793,1.795422536631955,0.442660873060947,1.2175750316791492,-2.027658538077827,1.4072384524670023,0.015125067493304518,2.0730159114015483,-0.551838037738535,0.40458847339996806,-1.8977536469954042,-1.4482450714154445,-0.03049586815869151,1.3116848129031147,2.0672048751408187,0.6168734396664638,0.14485317431437633,-0.1127827866616371,0.7917524471018166,-0.1344285058801753,2.062286444222198,0.33644440967529976,0.6016691209427107,-0.825819493516797,2.1349945371728194,-0.08893276546128259,-1.184739133183833,0.5839992276911109,2.546777540252242,0.0061329765315085395,-0.716511824166723,-1.8047959959285473,-1.0400397713657028,-0.34180422267774135,0.3027300878928989,0.0541760640882255,1.342918433771311,-0.04863532709806847,1.4269891388664406,-0.26263509723497874,-1.1428939626112735,1.2395932288099014,-1.4559506157592317,0.6273398625710168,0.31544137904178576
2025-06-23 06:58:41,1.0504725448583945,1.238472393697665,-0.34699942540798834,1.1148765206562052,0.6364051340003993,0.7642660610095137,-1.573042727280644,-0.014714704099188118,0.416670585858591,-0.4640372878292823,-0.6132454240879973,0.19857928897773564,0.6781642824982386,-2.29984775145196,0.989906566322859,-0.015558843876736497,-0.23649154220611646,0.3191580055065872,0.292105064553255,-1.1858235654277782,0.7303287546069523,0.14349020711991248,-0.4938485448817682,1.7199678815278105,1.9333647827820097,0.4447737864405304,0.21386700253975452,1.4803422779241573,-1.6006849429374401,-0.378211595750314,-0.22876159542524896,-0.3958669601358879,-3.0294760673421193,-2.5422974710633217,-0.3412630717124683,0.9813365789762828,1.3841344752381117,0.2977984422023215,0.16996935318048112,-0.8824185181648836,0.2373883813086085,-0.27850110226324976,1.8038445563635177,0.6802599688727876,1.1855639456520397,0.4432522054548132,-0.10584427690053032
2025-06-23 07:58:41,1.7070363161124982,-1.5752589402157302,-0.15472978654953817,1.5265650943846163,-1.3249277161106665,-0.7185971434810198,-2.3992993782144962,-1.2311662598784503,-1.186616218459383,0.5341482395525061,-0.2758065243107079,-0.046943866978376235,0.8214293041594622,-1.3003232609531041,-0.23151365596838192,-0.5944718734677108,0.2788963968561006,0.510496737753174,-0.8224954325528204,1.7017097415737485,-0.5870355509718448,-1.1239754798994481,-1.7526641541191048,-1.0781426915796153,-1.657347719381734,0.5772731730559522,0.37661745158607146,-0.7897313315524087,-0.34595905896686174,-1.952366352185597,0.038989723676747946,0.6960580425304463,-0.21332182687931128,-0.4772078812155976,0.09765861430852533,0.5057210924246694,-0.3243941383386633,0.20698305108235326,-1.7626890791568246,-0.3028497801872996,0.5880223174090246,-0.7291892846428829,1.0373751748925482,-0.8597621868721413,2.1402530600864678,-0.863082629890117,0.48285143202594677
2025-06-23 08:58:41,-1.1068030558650896,-1.7810540684064926,-0.7367955143131282,-1.2966449235525308,0.774594491194437,1.2735095829611212,1.4105317981685224,-1.0574554037495105,-0.22904543210166542,0.8123566322646936,1.4278630710963278,-1.2958955425455472,2.1410375271280806,1.5780033210275604,-1.3440355008083893,-0.7101469773286747,0.40756689049286815,0.6296448961593377,-0.6684532128323817,0.5710346359105544,1.1338662346824568,-0.44328352097842727,0.3044568604148613,0.45466934703088696,-0.4898525699294714,-2.757693867904264,-0.5844021928799711,-1.175010905641829,-1.2588350030220208,0.19646866965609255,-2.0144903404932513,-1.4443516857347007,0.5775551982803712,0.49378304892856156,1.0612271762379801,0.011994129148259257,-0.18070376310747813,-0.3800160380792101,1.2452260559935149,0.0754071315367951,2.5330507504393847,0.6347193590063068,-0.4120364113743561,1.1154740372687535,-1.9773926664227335,-2.570276224534828,-1.0301625508021435
2025-06-23 09:58:41,-1.9090060756559868,-0.36295819644152855,-0.6395284377880908,-0.49939711532107905,1.6553394894112137,0.6500427649030532,1.0613775015628333,-0.05490519782658147,2.2368006323675425,0.10577608672277762,0.3739643862627957,0.3138242824667207,1.1519105767451676,0.5227632097463143,-1.7145072382914066,-1.2691308354274677,0.3906222766702385,0.9318795180594353,1.3075597024997634,-1.0229387696741914,-0.8929359843162225,0.3649421596560499,0.9153286968327273,-0.8460591992605349,0.4768369346125547,-1.1237165207239368,-1.3871244913656993,1.1842733577112552,-0.9057573525866358,-0.1825468308746102,0.08750837693956955,-2.1337973664229537,0.09139378728913194,-1.008154028134551,-0.3593502127258215,-0.5411978840125963,-0.9585277494972356,-0.8210929666840782,-0.40946472499437797,0.08125545269072179,1.0076592481083617,1.072532456581738,-0.27872973455662814,-1.234295792665195,1.3115291252478207,-0.39527304574589517,-1.7887108060622452
2025-06-23 10:58:41,-1.3324237920180657,1.0954617072512,-1.3014616219505646,-0.4369114040093594,0.03824162245985355,0.5542897995229462,-1.1878773746081186,-1.5314805477765654,0.43041398800810904,-0.4328579223424868,-0.3684401667526416,-0.049313800702327756,-0.4888850072693386,-1.0544416334314999,0.13631093931262578,-0.5439736872385352,0.826884069370794,1.0006072375783102,1.3553569095446036,-0.17878767622728645,0.42891277674170547,0.6391470118083155,0.967576448179539,-0.6425353847104831,-0.3004366352995643,0.9613048894301184,-1.338982157966131,-0.484226315668834,0.16491574853193594,-0.11563957782134875,0.305806795902179,1.1646755800744601,0.06305181338712215,0.2368927077847329,-0.6343206597350927,1.9119069703417397,-0.5824083439499499,-0.44309262654596343,-1.1042009758859417,0.7290293111799754,0.4896585678385007,-1.2050220554469195,1.223092669933336,-0.6308726594424957,-1.254064178555935,0.005888886476725029,-1.0841733267696978
2025-06-23 11:58:41,0.2369195235263782,-0.38752498455725465,1.2153089081177846,0.8161103848319398,0.8094599772511321,-0.5464320045845832,1.885823598408559,-1.2097732141540034,-1.0232881987496,-0.7014908217125299,-1.480690467976099,0.01814470566080681,-1.2309452299311665,0.5224335977412908,-0.5090251830490656,-1.1796834120973545,0.021755589405027535,-0.260547919546234,0.4180296579883398,0.03860127190849949,0.48129516633453534,-1.3457475378606287,0.7833197569736495,0.6632277790349765,0.730196675117126,0.7017058184472187,0.8751507733645937,-1.0694615221222297,-0.27002288491623366,-0.0722232405834907,-0.0039018865547525636,-0.9099418668371057,0.39791504371199693,-0.6222079070542548,0.6128694522938127,0.38769241720969305,0.07387317111098077,0.6627184357841829,-0.11427758799791027,-0.012974910526821565,1.465569305225834,0.2921961241369942,-0.701397295111183,1.1688069856346266,-0.06317791998141317,1.3685065501096865,0.8263420702809186
2025-06-23 12:58:41,-0.9138608632237843,-2.1737501241727353,1.3626822845566218,1.8397746184442434,-0.07410287872589158,0.9418734188868351,-1.4957023923434143,1.3590430412467744,-1.3765224256247028,-1.3522215449349022,-0.6594619530679767,1.3237231909928053,-0.8710002108213326,1.5137796113969706,-0.8567698797634684,-0.5872968566097544,-1.1713911135688428,2.049959502616817,2.8800694873200303,-0.14563468929130394,-1.5463866430384579,-0.2667172321834474,2.279407800188293,-1.5440946257952455,-0.6960396130264732,-2.1235713939089025,1.6916664943277595,1.0850117265376673,-1.0138204695897663,1.1468637381587752,0.4962696195922747,0.6187241116066956,-0.6240390651549288,-0.6115767237440575,0.4176962450253059,-0.29659890537570127,-2.519514674150804,-0.08604202954921779,-0.6111283375013011,0.07279835714260417,-2.193600977741873,-1.036293086590452,1.4795011595520484,0.7528994860085007,-0.9623672382504046,-0.11918613279952635,-0.4340348815678479
2025-06-23 13:58:41,-0.8789149403937967,-1.1293413567634214,0.12007838795317943,0.5448851045814392,0.8710847774419811,-2.228887666449652,0.7048704904317812,0.775514491289094,0.0439762503514723,0.559033807695759,1.5876289853799281,-1.0522682432879764,-1.6695079355030966,-0.3337423057895485,-0.2145757392320104,-0.5183649149229262,0.6213681834838342,-1.6362938523935466,1.5604198089090284,0.3209567122604729,0.5870525755215593,-1.228995599748993,-0.8195694889594674,1.7597735272893242,1.4199292758191082,0.9010426259842969,1.8335170546896162,1.0858967740822343,-1.4179612240933674,0.2415724880762872,-2.1180847370514364,1.348155544936778,-0.11442065175306564,-0.478703803653871,0.2826987435693234,-0.5038498552685035,0.466817197228442,-0.15870120531557044,-0.5547346676306522,0.39591184166950044,-0.9524272578695264,-1.039941070990386,1.934570152281483,-0.9240942792278766,-1.7328835107436327,0.20348647130556016,1.8119287707283114
2025-06-23 14:58:41,0.7571124958215542,0.0007865316613138681,-1.7860972436597222,0.40314060560993564,-1.2218187652142651,0.9425250664362632,1.4906031969945375,1.5388075793369629,-2.2795339440279485,-0.6133273926143876,1.0895140664323002,-0.8458688869052109,-1.720008807785788,1.202941363917832,-1.1177077570162857,0.47684335452533844,-0.3284450930983517,0.1633741553971953,-0.1785218636050919,-1.5891045110561572,0.047628525689639434,0.7960394549770063,-0.8033015193253628,0.5721013349333198,-0.3924218203786664,-3.005996711089664,0.7888466937562932,-0.4765971429657809,-1.0915586518321077,-2.1872604910451017,-1.0446719211877338,0.24485865664022888,0.47663783395235915,-0.47198365999097464,-0.809871097215479,1.4095134038142132,-0.32027974268228426,1.8594449832550397,-1.5444820173704599,-0.43212297024227236,1.494809287123743,0.5210101806154485,1.6439096136458498,-0.4651936661720721,-0.8380460809609606,-0.9932313654111559,0.17130805806084173
2025-06-23 15:58:41,-0.21357603926908827,0.19740569462793517,0.764298515698069,-0.21572312471776725,-0.18718591780520064,-1.8556791102490828,0.7084884225090381,-1.0006106672776716,0.5698578798691786,-0.33857444112305024,0.690906837123144,-1.0256122740976927,-0.5523652141133364,0.34310804850236043,1.6613359962465162,-1.8475458143411898,1.343467499889094,-1.6499105154789315,-0.3256083803213793,0.8622714581894089,-0.08692497703202513,-0.20265323258264104,-0.7448364625460843,0.2554173101644895,-1.9515575132006215,-0.9782955791035692,0.14092228150951414,0.624961207012243,-1.393213752872338,2.1840323004707023,-1.0094907506157256,-1.7101510907522925,-0.5445832559927322,0.3600676388150544,0.5506136765710092,2.1266783884495704,1.3258718422523956,1.0898226314342219,-0.5194764694923677,0.7061337651954848,-1.634093496482688,-0.1938468500680869,-0.7218766838463145,-0.9559604141380468,2.191517500275702,-0.3723699355506367,-0.26710656427922747
2025-06-23 16:58:41,0.74159410762536,1.84040977729225,-0.24495321703622558,-0.5117567861739792,-0.981709357019634,0.5164874150518686,-2.0244385435287953,0.47100510622622865,-3.544894504688359,-0.4098530494374461,0.6114027249942825,0.06784925745107476,-0.8238486531996241,0.30071149980232953,-1.0448756484665582,-1.350904749363139,-0.6816638384399848,-0.3514807458079882,1.453968253121341,-1.421188098871261,1.6880385890411378,0.15795782024458882,0.3245943702585905,-0.6161653705291182,-1.7808774098129858,-0.08950714128000345,1.41803474461813,2.268269333028145,-0.7810035506625447,0.8180604072764213,-0.287716254938215,0.3041278662568591,0.8406753378304355,-0.2382635879832889,-0.27931503826261805,0.62942124509907,-0.30220644389980106,0.1472137424610636,0.5304620447280695,0.26952933843159066,-1.3282933195723161,0.7189417093033784,0.09790789274473828,-0.09293169695284588,0.6752445961160262,-0.154266358684189,1.173301103615178
2025-06-23 17:58:41,-0.6227470248646187,-0.5534532117959354,-1.2908267013512413,-1.1934452505855424,-0.4308098293967834,-0.5869660566295564,0.43423135939398794,-0.3333030226737018,0.8586181939263642,-0.0064215169982821,0.08968119711371082,-1.1968363595763478,1.3334543390913092,-1.6816888594518558,1.4413986394847527,0.3067853040546403,1.0356287652859943,0.45306949603350116,-0.26944587210430837,0.8713197081718416,0.5050163842798845,-1.6458767755789756,0.9449001678356288,0.3422662563796621,-0.5473137119474137,0.7544035261409989,-0.3930970714365249,-0.029765145382002756,-1.5898274594329,-1.0645664145836427,-2.3044733369125283,0.79034286696756,0.05040350663662779,0.23273567447030558,0.8633528842772823,-1.060975714713443,0.4770363908291375,-0.41233218683850964,-0.6540082410640343,-0.7134912534810112,0.5527184338717637,0.2797076418429625,0.1547832365570451,-0.6992211424778545,2.0683351137012327,0.4825723896137763,-2.3535859630766836
2025-06-23 18:58:41,-0.9717869657339548,1.3803831011754313,1.6164483148790574,0.6016422575968298,0.12728968239780566,-0.4462423842102599,0.7972792585094313,-0.5974243081430186,0.9029321137800064,0.3131353460194697,0.5570998042946106,-0.9209464670146432,-0.0997550295123167,1.5281495137729106,0.17811926963613783,-1.6690963451613259,-0.51566282255451,-0.5434617440993113,-2.0533483853665553,-0.5492026307667229,-1.2099968192564434,0.6608019515098251,0.9635412763565692,-0.557877480109427,-0.4270756175688582,0.6804680805024962,1.1685559520427589,-0.7559546214636453,0.553811587788843,0.987838763715714,0.5972579308941356,0.872611490312132,1.2098317573800985,0.1254406884067683,-0.44225558421213423,0.7538150284669238,1.2149371291239712,-0.027834247962905966,1.515368531755116,0.5161503905030641,-0.1302540229499616,-1.545882398761808,-0.34624008469322004,-0.4875001631306816,0.8579468141039893,1.7001003846538643,1.0326402074580343
2025-06-23 19:58:41,0.4056318577438121,-0.16165122532158677,1.8026629653054824,-0.6594754225817491,0.14989101418771578,-0.5057413702950371,1.36953991351805,-0.20228696387758627,0.42296863348946184,-0.3517574600413144,-1.014109889506823,0.09433298766221934,1.9241711954399845,0.4454863079655459,0.09780849517947031,0.7731552870032578,0.4774782375906879,0.6668932374969108,0.853843749435774,0.8159786280176873,-0.4016064861733137,0.03615195369031515,0.8789289320659284,0.13023142398069693,0.02588064332455991,0.18750101113653345,1.062613333737064,0.4380125998078595,0.1800491145022072,0.09299352953295645,-0.004972913911699549,-0.07521545819028268,-0.8027870535365169,-0.6848362540494265,-2.0207638964495986,1.1685580070334765,-0.8109830056485412,1.0705530399836212,0.014005020630731797,-0.4898118745923157,-2.5198810212985565,-0.16108892661251456,-0.8592915528958599,-1.3288813422574748,-0.80436086318227,-0.03746242604463197,-0.44746139069619073
2025-06-23 20:58:41,-1.1935289198102519,0.5403549570880495,-1.4014678812521155,-0.2710940665670865,0.7931935725949654,0.28021560502538373,1.4407751274098348,-1.0946255221245285,0.23539284874949737,0.1808875253932883,1.3366588780886477,-1.079664028211317,1.2558490987580484,-1.0393124949212857,-1.4692254824229787,0.29708073347914354,0.6111880780085382,-0.0661596052286357,0.6382244205452174,0.37424046316324394,-0.4985256780321229,0.17900204571382192,0.9632494549729675,2.7969769853569884,-0.8719181020637179,0.10776506209182946,2.170563790441494,-1.0991035397683975,-0.5148781240261846,0.7731238857133896,-0.4659016099410889,-1.0671214159389015,-2.0106117315880536,-0.00353841501835049,-1.8931957104985764,-0.2950289836268858,-1.0816187923836162,-1.1219182897624937,0.7526680958756647,-0.5172313963995582,-0.2765047105047642,-0.3431533303027724,-0.7005764204215528,0.8691309992140615,-0.5963930931432462,-0.35340132957858605,-0.2281826403069675
2025-06-23 21:58:41,-0.5446999797173061,-1.7604756855605068,0.833572028033025,0.3411130767031147,1.4474530307980382,-0.15007335307009523,-1.857324189808979,0.0121605871247305,0.9975123744255872,0.44027056035040835,-0.5569673319702563,-0.5521077093919206,0.21369830260000736,-1.4454611138242042,0.4519378423356421,-0.9953879518733468,-0.47979280522579604,1.0534482744774107,-0.10888041402035856,-0.45034689147531765,0.08089713577175636,-0.8846964059734972,1.1717632056699097,-1.4762953031269566,-0.48836762362944897,0.12316381590057379,-1.4633454921442823,-0.04218538348329791,0.6260674943843948,1.271877428276537,-1.4599101854338423,-0.3382385641145766,0.15141856852850233,0.8333367990792911,1.499141019430134,-1.2531712629499283,0.31880676628680304,-0.0919142989922605,0.2688147516726881,-0.764201784190624,-0.5882467398190185,-0.40889791942064146,1.569959341572516,-2.18180007262651,0.43310372059289626,-1.1679238125939089,1.2357369280847519
2025-06-23 22:58:41,0.5597630740820728,0.1632273921312959,-2.2423616686577654,1.8005905964977245,-0.11804607086569736,-0.4323713913013584,1.5440837936114868,0.7839435604484247,-0.2560023837123122,0.009207288236701154,1.0107723148991203,1.0496062522377518,-0.2326528721556062,-2.9636809076158954,-0.3028127868238983,-0.48744888903501626,1.0673520223141604,-0.6053764528848696,-0.9820597179884528,-1.2209237948437408,-0.1638313296192216,0.08922123754614754,1.1123686428814281,0.2823933669705868,-0.4336023879427452,-1.3913689366547954,-0.0036902025638645974,2.229440119888641,0.35928204490654503,-0.7325515484709647,1.3759843045307445,1.4960862800762336,0.5026882168827767,0.156223316980352,-1.6419898740507142,-1.9823782810883888,0.6975298147745251,-1.1846050771289296,-2.038673669560734,0.46048664579767445,0.02334896598016799,1.3921491598847997,-0.7271448367019526,-2.9295637526346163,0.5224826072397403,-1.4590638511077103,0.7640332907745782
2025-06-23 23:58:41,-0.43132327319172553,0.2693550199806399,-0.23012516941108307,-0.750098301555577,-2.5019261640257877,1.3948337012985896,-2.2209181564525724,-1.4479814475689476,2.025690908636157,0.8577509928082826,-1.4002174192855075,0.340964397405818,0.9666156534420554,0.36491445603800815,1.0905587421532783,-1.401863726954638,-0.764904593349678,-0.3918051749935617,0.7932144127048996,-0.05677380300191142,-0.9807347895282537,-2.7003279950735153,-0.4324438544849135,-0.8313681302971658,-1.3010203860013532,0.05917344751291133,-0.9118591263639266,0.07347589414403544,-0.4957677460445333,-0.4611456937806684,-0.7595572681752323,1.7940338820277306,1.4255439919179282,-0.5768481120483002,1.0307272267172387,2.1408208873849497,-0.9052024462412508,-0.6714807447989042,-0.6636732320848122,-0.6775084472395191,-0.21975564448253151,-2.316000229942899,-1.0112041515452936,1.1390064284744086,0.09015726779567954,-0.09528148399848572,-0.00683472672006075
2025-06-24 00:58:41,-0.4681896856225249,0.38290965810294736,-0.04840770225719379,-2.0985271447912144,-0.5009149050210923,-0.9949967064369741,-0.21648883282772416,0.5218340633515289,-1.270382268505012,0.3990956882850204,-0.06395650176420871,0.17518644267667602,-1.2813995091290626,0.3820249846803492,0.46671991883620706,-1.1756559012704482,0.9717689128718081,-0.08885987296451923,2.76764005610202,-0.9541863056091866,-0.7154799884311774,0.6534518576342816,0.44932730259534837,-0.4580195569624311,0.5024018690658034,-0.7328629273342107,1.6524016300647606,-0.9817957996027272,-0.24408149897737877,-0.07798104519004928,-1.9611725227100114,0.9040384314532102,1.526902185038446,-0.7220919865629536,-0.361436133665769,0.08091025196632347,0.5409351245372191,-0.15994233775455097,-0.019991865035368886,-0.6634918072580674,-0.5001317074659739,-0.1778042499571076,-1.1136070393870938,-0.9674803000834807,-0.37056464178395015,-1.8773479285307126,-0.014862494001905386
2025-06-24 01:58:41,-0.7361684851361547,0.31490581251636474,-0.6639451961093533,-0.13814320291025098,0.10355643467528736,0.9296061235525142,-0.7454380387116412,-0.13384809369698286,0.555154035244433,-0.9238748075019629,-1.0426607285032257,1.2631854316433473,0.1118888178444055,-0.22539521842400204,1.977451650949415,-1.580909082374632,-1.0416441390982594,0.11011028894525887,0.4294570167293753,-0.462104960099702,1.2399306144336644,-0.9761190636780328,-0.5483579813607932,-0.44208078704879794,-0.4389900987130117,0.6363051219861993,-0.6515309062893304,-2.3013198858524992,-0.5211448045502234,0.14332762209299918,1.3357213557975962,-0.26331473461312055,0.6688343884632686,-2.5259689429555126,0.3801112476043446,0.9241751934015721,0.8817846487655685,-0.12335776753059953,1.2782492466751578,-0.3289967844115882,-1.2969893894314746,-0.34725508073446093,-2.916651709924624,0.4386846141118444,0.5327499363156405,0.8972997885536931,0.6042647297285433
2025-06-24 02:58:41,-1.0989328579705309,-1.9088530280553462,0.4673277559972744,-0.7542435049480691,-1.187471053405006,-0.8490916716790267,-0.6467174254354711,1.512764650814142,1.590937933124398,0.8985425788849312,-0.605310949146081,1.1315804071290176,-0.5244628668904974,-1.4424788647356488,0.33054743672837367,-0.8229491614563341,1.3285400220141956,-0.10389032427619599,1.0741600751832898,-1.053488663203849,-0.4608442475907589,0.9989231939941129,0.42447471541638593,0.6876437774933568,-0.5290046359281839,1.1730068261094748,-0.5590984642135219,0.6040960842652854,-1.5268144829545138,1.56368622645914,0.7352712044302687,0.6260525659801268,-0.24155910979953624,0.013884031089246926,1.2624850057462613,0.08887501152259045,-1.0755204951497455,-0.27024597290063845,0.291869123971804,-0.6201317181952851,-0.31300430177724975,-0.5283273756470674,-0.22456768416848238,0.607164578078572,0.14749794089626844,1.7223783654966889,-0.7749508895919837
2025-06-24 03:58:41,-0.24935499481002832,-0.6729190000376662,-1.157564571794838,-0.023228236601079016,-0.863477543719735,-1.292402088174923,-0.08690736958612219,1.2260199144326869,0.9562591272030219,-1.3378251188090737,-0.8909690114245429,-0.19623376112011628,-2.032327634558621,1.7039409107516792,-0.6080010372195672,-0.012718070226437096,0.26430636016914494,0.311968015387455,1.6361825005989639,-1.2816841461314288,-0.5234955652299468,-1.4616815111691015,1.5406411931992752,-1.0436803858708494,0.5166879628051292,0.20341040906895502,0.6957536921439651,1.072779086796776,0.016268602617085695,-0.15540826108250752,0.05665911860246889,-1.7729338155506913,0.37704099161462695,-0.10452110078957605,1.2995189168832468,-0.004118889021539789,1.3014924870623592,-1.2248131729802498,-0.7350967050135041,-0.47489415852921973,0.9525544293140371,0.05087735069746713,-0.09545304845007976,-1.6706698244008096,-1.7530224704906756,-1.5165446869978392,1.6338858162513306
2025-06-24 04:58:41,0.22278129860452126,0.9912261702168902,0.11368915258413675,-0.3260576016536949,-0.47074808817299,-0.5287481154299877,-0.9695675775737238,-1.019458633493949,0.09012421176036532,1.0309113723399137,1.2619894883000546,-0.13762020183426882,-1.186706676764408,0.7728428067152291,-0.42097411215463304,-0.6014418831001722,0.2161298075035603,-0.06928320764985162,1.4935940596194572,0.09421366786297784,-0.8838693632630673,-1.478195291620669,0.18360976530334136,0.47453201696343994,0.2753835810604483,-0.5079728760286558,0.9649760922885406,-0.0035199850718532297,-2.7825984970421684,-0.6216329002012225,1.3987728584659491,-0.18604715414732167,-0.13644229521998694,0.6553910993540308,-2.329226511710094,-0.34236253945427486,0.9371115068724724,0.6172627755692152,0.9822910643680282,0.25781226634350346,-0.9138997320128077,1.0844933887826316,0.5361608353562136,-0.3841586682248396,-0.36950759173956776,-0.8926871875710317,-0.39948264890596635
2025-06-24 05:58:41,0.2778824425858084,1.437889494774043,0.13018750908814886,0.05033818604458957,0.2575382916613245,0.19855379779216462,0.24439118819617905,0.12227209993017285,-0.7848020869288089,-0.16466342006449794,1.1157173442279187,-0.26910248065630704,0.45771335118662226,-0.956550037693606,-0.7958983641889802,2.8122408179154865,-0.8226577781975131,0.794937843953507,-0.16179486289137074,-0.7911010695744588,-0.22557436702922434,1.2406653252403186,-0.36157748205058,1.0820015835138161,1.415571173548443,-0.46619971023122925,-0.24784066101580338,-0.9709244506975798,-0.4256975757263079,0.538587056032473,-0.480291523551479,-0.5517515008706106,0.01913140583420729,0.4691302961546172,0.5966270361755917,0.5710734987386314,-0.02873513713879323,0.7984254406675959,-0.7836045530689666,-0.011737214511458009,-0.3130446313946907,0.4917126278286214,0.08567166649766714,0.6383651636875788,-1.5617965091014474,-0.5319203977575052,-2.2929904484604324
2025-06-24 06:58:41,-0.7099462949150173,-0.8387762825263988,-0.05841024808833381,-0.5301026672322484,1.790551112637627,0.4650273446970235,-0.6517293628997293,-0.6830184860051318,2.3605409243097757,0.3566256942897969,-0.2937253596383461,-1.29988076434983,0.627471876856503,0.0630189145912566,-0.9185458858842092,-0.12115977695695784,-0.8760535460669985,-1.401875195224062,-1.021707501567478,-0.4385299384140742,0.9253066075138218,-0.7160364363350636,1.9428074468247727,1.9803822750034703,-0.645299567911461,0.0681325261096363,0.7746482553181047,0.19882156451471394,-1.4053242886104855,0.468969758557597,-1.8609435155281482,0.46211512242215275,0.7040807688520331,-0.2609862455238108,-0.22667188450596454,0.16303686724264016,-1.0139778430878104,-0.6434478345658847,1.0645861229049358,0.9253057017062614,1.1830962291342544,-1.6102384828848835,0.7771236406930011,0.5560834668460398,-1.4936238821893097,0.4946204668286965,-0.04819117229905121
2025-06-24 07:58:41,-0.8126393154954206,-0.2840330633799541,-0.1580364025142316,0.7127588576064211,-0.8134998062026415,0.2861894785751726,-0.9214463158305128,1.9587947457485408,0.3639810680656092,-0.41048589319516116,1.0483381535754952,-0.34963354322360635,-1.0751071873876399,-0.027007934463106422,-2.0538816339841004,-0.686637317526125,-1.5397375597542113,0.971994782212624,-0.09570269111951678,0.41054081240711227,0.5991062169310052,-0.370631983628001,-0.583409219778714,1.545733582716932,-0.004651616961693095,0.9424655154753352,1.3344636714015554,0.7032523361660548,0.6970710542711389,-0.4231235093094285,0.45998994933107823,-1.2676796170120204,-0.9080202320245235,-0.7803484764548527,-0.2692931821013432,-1.6202921629701308,0.7458520123907489,0.12424980583992473,-0.37769064034673194,-1.1956991365814122,-0.8506730126275498,0.08475399407491808,-0.16288205020929675,0.025189355726454806,1.9494232176522504,0.779756787529184,-0.21676903647529336
2025-06-24 08:58:41,0.3138665443559461,-0.03902583633560051,0.1942065352598464,-0.2284888901808558,1.2987344349067642,-0.0886345050365739,1.3760751337401276,1.3118044222486462,-0.7762566064434301,0.35503914897585176,0.09742565608380957,-0.28417789464330523,-0.44151718167563486,-0.00340121579938053,0.41575450905524897,0.11640796913374774,0.6780415658684423,1.9324486698746315,-0.5786806472491688,-0.3395624855359767,-0.21181603699180562,-0.5738117404750903,-1.028396087369147,-0.6607759871425734,0.028753496766793344,-0.9424372791178836,0.09281637741380618,-0.4806895076417411,-1.0714938824082934,-2.240037107608844,1.147382539002767,1.2724286859212555,0.1771805236163988,1.3712558356483666,-2.3474981377980044,0.38955383777658786,0.8973220083842811,-1.5629516166897504,-2.007986930495772,1.2905678463781414,0.2334318015024928,0.609787130136623,-2.3382190263392677,0.04424937177762509,-0.06533608991804425,0.3495354791380564,-1.0539706933884818
2025-06-24 09:58:41,-1.8421944699703423,0.28551185418368275,-0.2941787551151756,-0.6277465916929722,1.694057391202262,-0.44581477933786134,-0.07655524837199261,-0.8744450096257439,0.1788076931800105,-0.6680876725111938,-2.0936763485524685,-0.9180801431181079,2.0178290511142336,0.9882641001596078,-0.053538153891101864,-0.8190430978031412,-0.25299014592663166,1.020859032033535,-0.07893307020331058,0.002580929760065,-1.2749411744348915,-0.3038546903174666,-0.461285140773571,-1.561948353329237,-0.34903435374090547,-0.06312855354688522,1.9986268707161785,1.4284745649794501,-0.9384188609067907,-0.03915751497201602,-1.5114902152609597,0.10808347776839328,-0.7683677723275302,0.9367990898342842,-0.11883170831688247,-1.5952198615168653,1.8164240067773378,-0.21095293743799828,-0.9490673945844558,0.2731357740985305,0.8075247352532914,0.3891131476203114,-0.1306279026337538,-0.13909462863733002,0.8362494792200188,0.8443608601389242,-0.9874237573381773
2025-06-24 10:58:41,1.187853415233414,-0.17024625186556008,0.042809292038023944,0.3745824185206959,0.47567341590701046,1.814048834634629,0.6481412877058262,0.6485932054507101,0.857171195036003,0.652911992772589,-1.8156490102213505,0.4819234656534607,0.8679801683704145,-0.3916148068219316,-0.033153786474995034,0.38427625304670193,0.5242008070900012,0.17110139717610734,-0.288716580207055,1.4404998642966984,0.4948986902470873,0.7584849511392634,-0.0989120289280882,-1.0915468390106082,-1.5338898358497404,-0.2410481182076101,0.976403271102083,0.05742849239867811,-0.5810923227116952,-0.7139825236469103,0.7421692559531807,-0.48160548586907476,1.4562525727193805,0.0626594123788814,-0.4577863451604849,0.7000854510080546,-1.2096399438369556,1.3989646963480855,-0.45521661221444865,-0.05440052086570251,-0.6205207549196671,-1.9675490735303378,0.26570448154483606,0.43935770463836266,1.4000008552612617,-1.270080826160688,-0.10152251111654167
2025-06-24 11:58:41,1.2704553905668277,0.3832425346229646,-1.7071013691183403,-0.9126179919530277,-0.9647229931613507,-0.64987604045857,1.9878597862142262,0.28554378042081113,-1.2330084096787712,-1.033082471861768,-0.018082409114918808,0.22592772749870701,-1.378847246160379,0.1389277456990098,-1.3536303320555272,0.6725526055537866,-1.2517526413114621,-0.5000232275562997,-0.95679961049874,-0.3431978570677001,-0.07155934332535523,1.5971210929896456,-0.4308195757594439,-0.410130937049201,0.04684646777894133,-0.3002244169983899,0.6304149185352037,-0.11157192648563759,-0.9313165448139628,0.5669811364541041,0.016719501083205177,-0.7802818958590789,0.9654000864292721,0.2920309621459788,-0.31842807003816903,0.6002500046922576,1.4625125781239092,-1.9800240880327191,1.8479526170615181,1.2977940346109378,-0.5085070277101132,0.3472138984497573,-0.5820620757233519,-0.93656887319718,-0.6400310195787778,-1.422243783557228,0.1377529981396506
2025-06-24 12:58:41,-1.5316643423387881,-1.0021258527840449,0.33915296168441667,-0.6113077844685659,0.34587691905419937,1.7479566326801381,0.22641532899399938,-1.5208527798220377,-0.9742248883060063,-0.31500768846172705,1.1881735841637162,-0.8594424864180584,-0.047302293543710766,1.6204826994627461,-2.467813144018711,1.787186721607309,-2.7411449828447703,-0.6050642592036053,0.9927471010292716,-0.13476237431200463,-1.6733825514326244,2.1536151564071213,0.4776261992453337,-1.3482667258634797,0.5995222420495293,-0.3745187159595431,1.9055213508068103,-0.3186876467718295,-0.08491489358536855,-0.9225379343861438,-0.14810364263768386,-2.0507009816877564,1.6467527145651228,0.9909957634651935,0.6584200421565228,0.4630386444694065,0.466116308651412,0.7324568843502958,-1.3647245028999195,-0.7265267785014173,-0.3948554125097888,-0.5429826914849637,0.010484009752292392,-0.5130519967493236,0.6222266061915752,0.8826376665885255,-1.198313773237293
2025-06-24 13:58:41,0.7545490661341627,0.1258619451886767,-0.17558753821876566,-1.8117189725878136,-0.5821699505667324,1.108592375963685,0.010059030705715701,1.061212273268207,1.6499283486680514,0.01566289954077704,0.3402513755805305,0.24464802241716688,-0.22417736208591366,0.6084149162626352,0.8121081002954859,-1.1980800990628928,1.362213200001728,0.47902274260329253,-1.2321171062954235,1.5449365642551312,-0.22487073718616973,-0.41420519624554114,1.4219671297244048,0.18409366259467158,0.30557520325125903,1.8293751602443764,-0.44659492141693025,0.10054249415848275,0.01978172223192337,0.5947928721275628,0.6882450816140745,0.6346995877901097,0.4488587849040425,-0.207967312274507,-0.09224831922747309,-0.41229325448410603,-0.05175330944789935,2.404313510867246,0.49987543273240065,0.23380653707979454,0.7860787024255065,0.7406190225047888,0.6168269969007735,0.11101416707184766,-1.2833152562717953,-2.2443588206868674,-0.7277532022334369
2025-06-24 14:58:41,0.15465411144516925,0.04581542396326789,1.0429631613707866,0.5239540990795561,0.12478521643604715,-1.6754892705463182,-0.7045188747124207,1.2457438658677198,-1.7295400261119225,1.1798148470096526,-0.5122633239571592,-1.3219573958354092,0.6510295599283451,-2.3467863937597513,-0.32960242872024753,-1.0564333157855947,-0.7595600190809265,1.0124457047897315,0.19920449698189938,0.4127160764406031,-1.1672636139921493,-0.6812680336546382,0.2865838672965025,-0.08262867129824292,-1.6075063862068453,-0.6912584473237842,-0.358552372760119,0.22207826941571004,-0.9878079633018962,-0.32044774163163037,0.8864419694684625,-1.8037769626889684,-2.7413923231570734,-0.2981897714641905,-1.0728587299237418,-0.5165706977023888,0.5096589153742719,-1.2605746441119885,0.1611084456195057,-1.4419085919852168,0.5238177307461944,-0.44641898159009963,-0.5420581067457796,0.5017172042430827,-0.9199026047951133,0.03192601202627082,0.25791343968645813
2025-06-24 15:58:41,0.56918427610628,0.6201099879075089,0.7888964523962327,0.2622354771032746,2.3436140913422627,0.051534771732093004,0.44980126130685455,-0.44359021018172545,-0.5316848108987458,0.532042726817319,-1.1606310336666503,-0.3698895416322752,-0.4937218104825706,0.3628887348594232,0.9901140791576006,0.005126023175558304,0.5485834649089136,0.32882472238064603,0.6296510609999107,-0.4229631409016683,-1.5552080918934348,-0.1350471689150426,0.9577398471963962,-0.40293854691939374,0.5421525784374889,-0.7344440966162981,-0.5433719089016532,0.8360500269462391,-2.5887092943934844,-1.8886106976412826,-0.6029447989591509,0.5913134474090299,1.0540506441706603,-0.592214551717948,0.8056426167785806,1.2989965235858512,1.6404511183323178,0.7447444268742147,0.21059483073377416,2.2527763001392387,0.030336572789809835,-1.2235816229063878,-1.4819836656008014,0.6500422814414981,0.7356768821706916,0.2801493510812319,0.9210346154847705
2025-06-24 16:58:41,1.3147993301399499,0.5967427503145956,0.9231684606337475,-2.2799368131896327,1.3029480536389098,-1.186488912013962,2.614571792089827,0.7355058531889621,-0.21798071370374236,0.09256516717194306,-1.6352229832309977,0.8183923613905724,0.22518336919855483,0.3177701306751862,-3.507173875523823,-1.3496561498866186,0.1737628839906642,-2.353437754733114,-1.8980162780423606,-0.3613011931925042,-1.412922086757468,1.0845532757393863,-0.9815685263157621,0.5935223169903633,-0.1813419881512858,0.1693886157006076,0.44272258402668624,-0.614159758090736,0.3701557607002106,1.2332570960669667,1.3209703324694992,1.445881207220886,-0.8694990427164246,-0.03530944285399066,-1.9394145993227117,0.3121804271417166,0.5326933181775595,-0.17939533270942604,-0.005388767096218864,-1.9587238249368697,0.4121905255889217,-0.1385441650065329,-0.15374047474282296,-0.1092444078960874,1.3415099449526489,-0.9135400891030577,0.6424589846102386
2025-06-24 17:58:41,0.9728672886549603,0.5643343119946772,-1.879346375872703,-0.1570175464967787,-0.6930661243827674,-0.3178326941723479,0.33263341384251394,-1.3320017180063464,-1.2619853610687357,-0.44562022562670106,0.2550652445535188,0.06996829328199208,2.3966365731422288,-2.3807327668003846,1.1415781559919513,-0.49812683288083165,0.7677539290516932,-1.8121284312568886,0.7832302281551918,1.3370011675156843,2.1268812291546615,1.1554060585811272,-0.18968842552149098,0.38894707597805744,0.5419294160302097,-0.2324232275926483,2.2872001221520653,-0.15733977124827933,-0.06340938224049887,1.57948223050721,0.8416170716799934,0.9898637690989814,0.5769387677594162,-0.1324869405056918,-0.7194206915107376,-1.0035413785209542,0.3082260146544022,0.31516561453257635,-0.21024718216043398,0.11240542123120068,0.5687652904448389,1.2695627757904386,-0.32440307933049006,1.4576575132638985,-0.11280990357172288,1.5654843055781469,-1.2801925558821328
2025-06-24 18:58:41,0.8789221771332079,-1.1537818235627477,-0.20746762132333946,-0.5260177345673528,-0.8801702083461868,-1.2438216307718195,-0.40678968340739124,1.0869755204791867,1.7972738627311116,-0.30867321080149135,-0.24691244182204217,0.6294419050744025,0.4313129816487613,1.5080996976362777,-1.2061647562424245,0.05997846845628629,0.4502730403517237,0.1324581905194036,-0.46812043455993574,-1.484267660092641,-0.4118837905814672,-0.011837500917131658,-0.3665861139607725,-1.8851469480929914,-0.010755202880195016,-1.395517496681258,-0.8519555706923788,1.1144957812464495,1.1375581941448296,-0.43603830568407487,-1.0123048462085515,-0.3638650925889902,0.8660138078242426,0.7913818144563336,0.03428335647099221,-0.7147477957092601,-0.4348123050743888,-0.24329107226980076,1.525179402896456,-0.17317729487344283,1.0516457836425923,1.231086944884447,0.9764520807678746,3.067839978488814,-0.8364211264727344,0.12533822804192998,-0.511497624355736
2025-06-24 19:58:41,1.0691597437372293,1.015308310334306,-1.940489563326749,-0.7927773155333079,0.9342153301845283,-1.4368414318967198,1.1635523744387681,-0.7833786099674557,0.9877686578960441,-1.3568643020256943,1.1907544179581966,-0.5646045650008851,0.9731766410391455,-1.6194323011357963,-0.857829579061323,-1.1764968097625315,1.6165616960469482,0.6241577836849189,0.3543837373539084,-1.0900273988663907,-1.3232114092331384,0.8673548309788461,-0.4518229843177663,-1.045442204030537,-0.7153029269234119,0.6728447550002217,-1.2569723092642588,-0.6008371230786376,-1.2207178415620916,-1.6477741453857493,0.2518648193589963,0.8398109521067365,-0.06593103682353076,-0.8975089560615072,1.1704676367190314,-0.6287995592883152,-0.036207699563685504,0.35955335992465765,-1.0895610807003335,1.795662680741649,0.9739324177797313,-0.1752239459467697,0.6929731990204315,-0.5001625611051024,0.7804945825378831,-0.300761728028798,-1.5039424040244123
2025-06-24 20:58:41,0.16161281905818384,0.40643702777981394,0.4166021311844026,-0.8783412421185505,-0.768340714795728,0.8160248024660335,0.6531399290563218,-1.743678678554626,1.7593717026468798,0.19266963843892482,-1.4635288674238685,0.16411480246006774,1.8784885414085157,-1.1483430572670144,-0.2753896629978272,-0.281730370351906,-0.06867226904269862,-1.2423250673643746,0.7768605318600126,-1.140484762092188,1.1142186213221967,-0.49349416459827206,-0.7712374719588438,-0.9411461372399369,-0.5674636938387215,1.1598003947865354,-1.4733351621450468,0.8801399711383044,0.26113676058423657,0.0862887349247295,-0.607064034437312,-1.0459359955301195,-0.8414904389251228,-0.23295157633970817,-0.7432393136915081,0.1637560080879191,1.5467763988785639,-0.3594674918659473,-0.5390391211635531,-1.2286128540275767,-1.5995513882718173,-0.8316780091893646,0.06679084520250005,0.4417862196089379,1.9223372476324225,0.17973832878000962,0.4420332674880562
2025-06-24 21:58:41,0.13873916520667334,-2.043625960886921,0.7126008860809276,-0.3822936192607543,0.3637109000416972,-1.1718332958339615,-1.2933612093088283,0.7063185654480075,-0.9853469766296901,-1.0652618336924042,-2.132730720758958,-2.33643038040965,1.4997361328553143,1.4748167528042098,2.574839854004958,-0.8289022107831936,0.6409776700983825,-1.08045176672646,-0.37216092923424177,1.4832767320875115,-0.10226583600723155,0.881293833472766,-0.8733935262528374,0.07402152045578637,0.26775655400747256,0.01675055424834408,-0.5136698776561378,-0.6479004532393386,0.6593540922918142,-1.6230623537811115,-0.45066602120765265,0.5707939139698651,-0.9532975643882946,-0.4109228561083195,0.04011577832237078,1.6615351361754829,-0.4959629251586553,0.31547289504217485,-0.45964016624064097,-0.22495269163753606,0.5177289785287197,1.8890835076563648,-0.39043791768014313,0.11049853728280624,-1.6585293814796154,0.6195989027761877,1.1101584555017607
2025-06-24 22:58:41,-0.6696144353388163,-1.9284917598287623,-1.729133470634322,-0.10347263405284199,-0.4506748872361032,-0.05883659879056821,0.029005658223296673,-0.06004782499809696,0.03456364540567741,0.189062301186868,-0.21809534133998779,-0.48628539491846706,-0.10693378463430095,0.31981006970310244,0.8613971400788554,1.2535500613176174,0.33948479538963916,0.4009441041586268,-0.3501458705458818,0.07104371796917434,-0.35870772001303675,-0.30463110704451835,-0.2592845175813193,2.3178569674230287,1.0133824819968122,-0.447646755237034,1.1738390330368291,0.7396219561460009,0.12608620364094492,-0.655741372978171,0.9724067947050992,-0.04215778866347189,1.650978224820349,-0.09179168912495017,-2.0887609427337592,-1.0309825763436538,-0.22293211653320738,0.43221541404369235,1.0370883226676346,1.1252692813804415,-0.3169314078492853,-1.5568278188398603,-2.1118305075830244,-2.119604177467792,0.7254081454484096,0.8057067581160527,0.37945693686839127
2025-06-24 23:58:41,-0.4529280518725002,1.3617565101955875,0.7885116880475505,0.1954950205774637,-0.8827307240954135,0.7630858591705374,-0.2888072964902188,-0.038596880790682554,-1.0727089371647436,0.8920521972389325,-0.2642626497782793,-0.7323669083943251,1.4420359390527349,-1.0800524085247192,-0.5836301351967675,-0.5590418693081279,-0.31367960954779245,0.25341356945413784,-0.17102443849324242,-0.2004948978779555,-0.6272330729337353,0.7924277703208923,-0.12990818331938866,0.7534036699327911,2.085253501260821,1.2630953033980588,-0.5417286718193034,1.3516527254460975,0.9070488945753451,1.179685119026927,-1.1006811864309143,1.6855237165379624,0.40863518795920245,-0.4389227308115558,0.006051019582606145,1.0265790724123411,-0.2374933236273371,-1.6098302376560187,-0.2756064052700502,0.822135142535818,-0.02506638875687174,-2.5724328791556013,-0.5278914633719957,0.005368959937120615,-0.42639715595585975,0.18904663440050284,-0.4093183189145954
2025-06-25 00:58:41,0.9801983965943273,0.44516885704414805,0.49505590523267345,-0.40618995171555755,-1.4622214935933304,0.38121033352001465,0.4409073806982889,0.63479341486653,0.8320551758605506,0.3850473625534158,1.040675818879428,-0.6667978822523875,0.2389688244556683,-1.289778988952121,-0.603958009715911,-1.0578689247855695,-0.7551570765704924,-0.5466043027085685,-1.3046654305936498,-1.1509722465848036,-0.29963720259692417,0.13446133615518097,-1.900366900083811,-0.07508583998892954,0.4630963158738711,-1.5694285033378081,-0.26630862723974635,1.132699606420435,-0.8262809443190096,-0.6850729971017399,0.7208069277524182,-0.12406100477487231,0.24440020941073168,0.6244325459459305,1.4973275532614287,-0.9713865017858463,-0.6777532519381146,0.5597734869920468,0.9304594109948237,0.4237469875400687,-0.6144557406399984,-1.1073684123705954,0.7444109236379438,-1.5550271588411742,0.08550389032792913,-0.04474260903725691,-0.48710156627877643
2025-06-25 01:58:41,0.6545409857685764,1.0478758485325619,-0.6165697867477608,-1.0967045620480091,0.39595360523002004,0.5546991741417926,-0.12090586662229802,0.10933292114485636,1.865116753866607,0.5152913748817121,-0.6005966759291271,0.13005633282919044,-0.9447909532477452,0.2316149893007443,1.4749566093720818,1.8851727112797887,-0.6500356344447258,0.4278022291198701,1.7048710779807301,0.17778235996795,1.2743308517649587,-0.3230659070618341,0.9135794689794366,0.6284304874674359,0.5509336078569583,-0.043364407219781076,-0.8273582034146224,-0.12142512281397211,-0.00912500565605021,0.47645502328989686,0.9601366682627304,-0.5024055405119662,-1.2555829696806973,-0.8483376408161571,0.6349646637123225,-0.9342683254833474,0.021039313108523177,-1.2592488112172853,1.1066623562433198,-1.7762744690733936,0.8351507314780003,1.0803902801305663,2.702037312882494,-1.1695292939610897,0.08688512691837917,-0.15451835375421152,1.159348735207954
2025-06-25 02:58:41,-1.5767005733020303,-0.9658976440907844,-0.8703781792774238,0.03307072652121003,-1.1869187416258828,0.622989359672448,0.910301097482749,1.6240902968993884,-0.03067401771204659,-0.2025813938345202,-0.22769009907726592,0.6388953143079144,-0.3455028815833865,1.2408115805229047,-1.1667646128647533,0.9096824698636929,-0.6030711572755457,-0.24378975117355703,-1.255120358202613,-0.7752185132177719,0.3604156299066242,0.1769494297008016,-0.6066126261262536,0.8319938313945568,-1.0905383051239752,-1.263003780153876,-0.10298752565063352,-0.5552449043269492,1.3493641403431382,-0.5258277223737837,0.46910453519143114,0.837998301231295,-0.48115889298980086,0.022157678224817793,-1.8839300331944346,-0.9057899822371727,-0.5445932343347727,-0.38444806896294115,2.564353396290607,0.40685306511427266,-0.6509034044716315,1.2970565804130065,-0.30025906588396667,-0.2461283256044764,-1.1691815662794305,0.9217754013367007,2.227382758623318
2025-06-25 03:58:41,1.12961658119553,-0.9698202786955644,-1.1105928303760377,1.2418920043570483,0.4622502323350584,-0.3533132210505441,-0.07840841857536743,1.2784353303978293,-1.8954723637551076,0.026872899625021804,-0.06907052219659064,-0.9844351162086794,0.9350026875350896,0.2530357186737885,-0.7920732577926289,-1.1026066176153313,0.8111326204497417,0.35984732853434576,0.8843658490746453,-1.7887203643761793,0.7834777412077844,-0.03740283897846863,0.020535743351924894,-0.8206490448393099,0.21321445557918392,-0.3146477897081329,-0.6315661292642947,0.7453620182025403,0.141954103145686,0.5676326011916543,-0.1207703972742267,0.32756457408494133,0.5496334750252578,-2.1501152667995154,-0.683409387166376,0.11516123317501263,0.503753260862799,0.011125009658961477,0.08405246192056758,-1.7593152344670875,0.05519666060077891,-0.05784253497702998,-0.519828688388799,-0.8030387148221662,-0.36890451971005966,-0.1613516756908777,-1.383544172737323
2025-06-25 04:58:41,1.1233977001849293,-0.0022236167897125253,-1.3245151150907932,-0.5682580421676346,-0.41481600248441486,-0.8303783235079287,-0.17369660478170876,-0.8676411725476685,0.020084376021743677,-1.7284257972109742,0.4931705891478886,1.1595935688659478,-0.9082701593496963,-0.5951249549143073,0.10977849124208157,-0.14888306312369898,0.5484505676096438,-1.4933862104740057,-0.12492720609651989,0.0698368310008153,0.20467016494559223,-1.7234099772651827,-0.6352887091156582,0.36100078780976297,0.08830251503073118,0.639368016380397,-0.7885542116213949,0.20586695348116177,0.6958878589595434,0.19250966706187625,-0.7873176250082824,0.3884143237575651,-1.4807173694911866,0.25910533125875046,-0.6300083596245639,0.7075584468756273,0.23030447021171602,-0.39188029857073936,0.4562245777346985,-0.2070668333423591,-0.5697598230337165,0.9659193243957187,-0.3748036237391226,-1.2666534704342982,0.155198002350578,-0.3962660833681068,-0.7888712174364676
2025-06-25 05:58:41,0.5701211375564247,0.13084850902663547,-0.055892806710333726,0.19205453267993688,-0.7077953075134698,0.2477606260969237,-1.8395529792984502,-0.6544216043266466,-0.8016380930693906,0.7430941688814,2.3509010799160346,-0.7461057775551648,-1.9622438758886998,0.5290405746392163,-0.3735558686214172,1.3362023451938636,0.20914361055211358,-1.592457947893567,1.074792385523577,1.1279394552070579,0.6163752368830192,1.1679845902749673,-1.2328003201415876,0.9879493225084033,1.5924278482743452,-2.1593461468042023,0.904435121772222,-0.796592607044214,-0.6636281918020012,0.0789204489313041,-0.7847918047399954,-1.124409963900301,1.0250391925926055,-0.47830922310831114,0.9788819670853932,1.3122524186279905,1.632537033395489,-1.2105750034269145,-1.1559822392497499,-0.47204081897214106,1.0422923676769251,-0.10728608989878106,0.5415835284652081,0.2355365261142941,0.23162104692936272,-1.0813571606047085,0.35804093073389837
2025-06-25 06:58:41,-0.24028001340218003,1.3646585127930964,-0.014970073818842031,0.6227237807414435,-0.09035122876467361,-0.5382295510044884,0.677122159939166,0.9332944549740969,-0.43216417238591165,2.15408864630444,0.8778006833150416,0.3151864556369645,-1.2157504239813026,0.06481389067649905,0.5014802306072162,0.3265516388787081,0.16820406406660188,1.1845406686723914,0.5423400438576079,-1.246836698951559,-0.8690325802477833,-1.2698588479632449,-2.5123828804545876,0.47995968443390974,2.281724683042172,-0.03683690986450584,-1.0106941936617582,0.6743079421643611,0.5282813058541693,0.5269664390525864,0.2392021606565625,1.0656815071503676,-0.753855458622364,-1.2545475155134815,0.21392284951657117,-2.0465928913682387,-0.11922870922309822,0.9887083036817867,-1.4468807506193961,-1.2707958647317503,-0.5144362877330189,-1.3283793801197954,-1.547463110033058,-0.007161299245396961,1.6331379972362556,-0.2351423286829273,-1.9275635327754257
2025-06-25 07:58:41,-2.463712218071085,-0.45745811310151907,0.5776111625872825,-1.2173226568594533,-0.20952065092340097,-2.2575204895894476,1.6857959135611802,0.670693481060853,-1.1046331264226046,0.178970136110584,0.3166373026755786,-2.0705580528058727,0.6249239967147282,-0.8525278812523426,0.7443548437580735,0.5313219761162216,0.5751067420641826,-0.5285009632096375,-1.081397708222621,0.11043878424091154,-0.06481469350648475,-0.21493331022338263,-0.5245298297750267,-1.0783221885144985,-0.5577409936090505,-0.5965234305686866,-0.5371675778416157,-0.3500047146219994,-2.192292785892488,1.134399442713118,1.1864725929284412,-1.4937333350148716,1.1268270733774062,0.4304725516673302,-2.694863133792324,-1.8963364469868516,0.38519238631018615,-0.37702395909604614,-0.6043978742655871,0.301424336329021,0.14922063521003903,-0.48899592310615314,0.19925295808343085,1.1301613074948615,-0.001310579012255527,-0.46100252404902436,-1.0636648278033671
2025-06-25 08:58:41,-0.4639991783863186,-0.4697854818080949,0.07937146217272759,-0.03347673975969998,-0.5257769995643246,0.626667280861955,0.8073365184905393,0.18233876385520584,2.891523084759873,0.08349125866015089,-0.3340708864272307,1.6386669625531796,0.6045750055146663,0.12984713534417597,-0.2916219031006832,0.016561920735152124,-0.44891298501529003,-0.47738332313877346,-0.9515135591395288,0.3432761427831244,-1.3857735133888827,0.16710808118478115,-1.406423820484214,-0.9503114177458932,0.0679373913769376,1.4680026532237387,-0.4849559124800454,-0.016429062692935252,0.3975670695590506,-2.0695329292331315,0.17289609764832875,-0.6666563589679099,-2.4902945437773782,0.3370900620391978,2.0556013932219486,-0.45017367298823874,-0.3735804776239888,-1.3825639942448105,-0.05852274360802512,-0.033720587546207194,2.0814545199707464,1.3607527204085497,0.07881138343133245,0.15494812672520092,1.5014384396664195,-0.32642307979676866,0.8683285100212076
2025-06-25 09:58:41,-0.4722228428179511,0.26419826471154645,-0.835823173538782,1.1404602394052823,-0.01091462797312441,-0.07394485940146768,0.3723617548298576,0.58405337627929,1.6036313137514415,0.5019461430836853,-0.4480148709110814,-0.9344997446942126,-0.8686426031111467,-1.660203082475009,-1.3590557746394694,-0.03921677085843776,1.8113467266336427,0.48910808935616357,-1.1960844317764603,-0.8841123837950321,1.4108121809088168,-1.2128725400900675,-0.7842185846592213,1.8945046890369315,1.1444723346148364,-0.917707101231459,-0.10063406428737333,0.41299011952235737,1.0289927740418578,0.20954074259127753,1.088885524578093,1.4342405640401412,-0.40737674608667984,0.3989027669412365,-1.2846894642910114,1.2442017638604066,-2.1237977273543547,-0.6666850261651991,0.4635084920860763,0.4707305990412738,-0.016974088309112362,0.5222689476820395,-0.5254792749440812,0.3477977421435152,-0.2699907728123897,1.8523883864858772,-0.8293557861190282
2025-06-25 10:58:41,0.14443918512158607,0.015345273899590872,-0.38576132028966686,-0.5358634007481312,1.7630800999014724,-0.30290028819954495,-1.4349816970704246,-0.5449656746420368,0.11394986751198609,-0.7074867376661502,0.37505475092322743,0.0817529473301304,-1.1865620406442057,0.029284397947486197,1.120373621941813,0.3277746208904274,-0.017617343004831452,1.6295924204650643,0.8416184505965499,0.8085837149229378,1.1222084929734821,-0.7378330568062387,-0.12258963730733305,0.46253591809700245,1.025957175445412,1.6346827316999115,-0.8005527544170004,-2.5743045955757395,-1.2410427543904148,-0.27064131879601766,0.4736932915403637,-0.9657984214218205,0.03424292453318892,1.1759708121713233,-0.3675537549404754,-0.3464593675251166,0.7777270203598134,0.5790826262476432,-0.20086376623462984,0.4317648312954765,-0.555555244720974,0.18346065945989817,-0.9452331943517754,-0.4939812639407308,-0.13968185538502734,-0.7518096893872872,-0.8635642115618227
2025-06-25 11:58:41,1.1487493393156099,0.9518281966793557,-0.508539718765794,0.6852052422139755,1.033841143802779,0.9923974064813647,-1.0672368263229777,1.6772992333798085,0.1824244279564301,-1.1197997332477096,-0.7240139635737948,0.5419391595281678,0.02946591686220181,-0.5315469401086692,-0.9171594819473365,0.18609223726864138,-1.3227941917016608,-0.9715020571738473,1.4934644417192569,0.6366876919311719,1.179405039858756,-0.5189874206151514,0.8852816779602818,2.347435345924682,-0.8768233084245081,0.11960515064986586,0.4467833746703627,0.9959392672592519,-0.9203497666197236,0.31812850472605214,-0.18773978618617088,0.056344723782625936,-0.4026694072985916,-0.4485874365645621,-0.36798481104525327,-0.11406250940282804,0.16705197620864115,1.640160461655493,0.5016710995887353,1.700089231309918,-1.7996466699525824,-1.891990304898102,-0.11932820321158971,1.2790609582472696,-2.2617213116191675,-1.9559854520495794,-0.8050376259954788
2025-06-25 12:58:41,-1.276006356090608,-0.17977652985222442,-0.5337619693198575,-2.0734288510019474,0.24174964719994274,-0.7815419279069631,-1.2464675970513888,0.7676118245789888,1.4192576441555582,0.4188459622701639,-0.23944412976365287,-0.016505363646788365,1.0141755684773923,0.019017811652749742,1.8746657860682896,-0.9289693818698093,0.2970346797906,1.2166348179581938,-0.3668474254971867,1.9963988616070658,0.604089104664278,-1.775756592841614,-0.8519994352700002,-0.30902672759862976,-1.7632272802209772,1.303137002010075,0.2448213960248848,0.6074844858562054,0.28086999912838667,-0.15517821187022168,-0.33096207522990756,1.1966803303851092,-1.7065935835563497,-1.3649060305727778,0.18467150043494046,-0.16860837666184555,-0.3388272260460371,1.346930741779644,1.9594583021102538,1.5857898460524036,0.5044952735941115,1.022542859500336,-1.2664879515626966,1.6555844285970127,-0.29102646340966026,0.06394725585535016,0.884880026168991
2025-06-25 13:58:41,-0.8912515700484301,0.8071548477144938,1.1207177064071396,0.25510042696230695,0.43788107501232626,0.16605591545082624,0.05933138527397697,-1.07421046856402,-1.6630977890380114,0.21354586744576776,-0.14390765721173518,-0.643630953922991,0.07385337578096957,0.3313898793925454,0.7771074529931853,1.2088193277609824,-0.22971600141328474,0.12722322695179014,-0.6843718791344063,0.24888655027573628,-1.387199076457398,-0.903284260698232,-1.218766458399504,1.3006070366327318,-1.2019377377840532,-0.5215421867039225,-0.0940494609110608,0.28734730729922897,-1.431967857487669,0.8054127866656519,-0.7594333178902093,-0.3637034651177673,0.15392619755284817,1.712988363785446,-0.6317544750646157,1.26477761090009,-0.6797142523125709,-0.322541756954468,0.3815313477206743,0.41612487587917096,-1.8115510006455435,1.3716291186962128,0.8013363628146961,-1.1554136969733528,-0.20148011558384998,0.23046606811499531,-0.2629134266061078
2025-06-25 14:58:41,-0.10095237279067143,-1.1702961857172516,-0.7844785603955727,-0.41930635733468913,0.48944733144584485,1.461548613788249,0.2707919866376102,0.9065355831130909,-0.029623401249051513,-1.8355922729369558,-0.5392118944108321,0.1670599069386498,1.8813546287345895,-2.1909461544614923,0.4585062943072457,-0.14298203481335764,0.19794541144160552,-0.6997534513662144,-0.3045544830561368,0.9912385042077527,1.9454104299931199,-0.7677462044780676,0.21421405519445263,0.24920991560526762,-0.5000360909422528,-1.428182332512977,-1.126903525200118,-1.0509581327429474,-0.5669476154091322,-0.9294661690123466,-0.6719748573190836,-0.547036724329032,2.949708660954226,0.4989909370706087,-0.5828516204564888,1.273876154605318,1.5606098367923293,0.8898587635077283,0.007182930918199209,-1.1607944113718642,0.8823240240293357,1.752312794648341,0.534927399806752,0.08869570177970788,0.684819913061859,1.0856382804052445,-0.17600402215289657
2025-06-25 15:58:41,1.0528795663498947,0.09098626050478954,-2.0272789389638173,0.12436602263287673,1.3488093213582695,0.5669617162244339,-0.24009603234489701,-1.01971307387321,-1.3604418824965543,-0.3298355343228686,-1.5241536825804225,1.421783223282618,0.8256291781546641,0.24038201083939503,-0.34643084652279865,0.4271355924618362,0.771127041592197,-0.7488575623559268,0.400427876412147,1.0880732730501357,0.39306134736337606,1.6680716521193364,0.43861644019232987,1.6685100948878768,2.428292270568204,-1.3109779257078842,1.1709861223239066,0.7650837871824381,1.3444347270238155,-0.17629611400003806,1.7196142291503025,-0.09567761390460124,-0.8435559580861007,-0.38020052054541553,-1.065529633535722,0.7797965946836821,-1.4638866981806478,-0.5315097546452411,0.7065305892880392,1.0247972490104755,0.0645521818538418,1.43778325082227,-1.3236055303836878,-0.7640096156524445,-0.5910039724601328,-2.292178459572083,0.029440212224977298
2025-06-25 16:58:41,0.42327064774142614,1.1548441435957522,0.06333766145243433,-0.026549822461575147,-0.029544161053015716,-0.24826856780101453,0.4687857397568396,-1.2945895570323025,-2.069980327223462,-1.021045479839841,0.22809736422836166,-0.15566494192539446,1.7828162053513879,-0.7270370508395966,0.7740315784265163,0.60008457573738,0.5510451287829022,-0.384899924011336,0.11648084950806903,0.6140507129906153,1.118712110406805,-0.4733199365495526,1.3926469921243612,0.284318115313187,1.1835919489083557,-1.0927017237287826,0.12625836627718579,-0.06547500306566652,0.9870011124070485,0.19195325815040398,0.7814233971226486,-1.0293630194337673,-0.4131110344103563,0.6170874445547601,-0.1426111913888771,1.2056041735213425,-1.2302968272495594,1.1389094964877844,0.23208199523827006,-0.8870799635910506,-0.2400468058610227,-2.14208340211178,2.279663567105865,0.752014128489292,1.5373588701971754,0.196359160261471,0.29804627156324215
2025-06-25 17:58:41,0.8305198411250837,2.8574127445182196,-0.10577205001257697,-1.0491371296932575,0.320282337099633,1.0405025522840747,0.7177957855303604,1.8334715406032056,-0.5865475225725146,0.09858679950585796,-0.9344882259691948,0.4460201078309138,-1.5185903101539093,0.8831173844736455,-0.4161475368235086,-0.7037222803385391,-0.28766191949543707,-1.9613603756308167,-1.4353332107047376,-0.6859850407743115,1.9779755268866746,1.131919721449007,0.9783461533876066,-2.000845341160277,1.9430132240578935,-1.5487347297281537,0.432425517280044,0.019670984932951312,0.9077649262424548,-0.4268752562729466,0.6707227348132176,-0.42243896620169336,1.0385810359764227,-0.9955542706894788,-1.5961103592084795,1.8449290565880843,-0.48088021612355053,1.1357744888216554,0.7127273426532142,0.25888814153284456,0.3915851030574445,-0.6748210474545111,-1.7545871714375472,-0.5833866678522708,1.244368066991672,-2.82771644167261,2.793577204068932
2025-06-25 18:58:41,-1.6819598850539672,-0.6925938324926223,1.050885538772905,0.6183850548747535,-0.44953755430465064,0.38691510004682733,-1.7944767763205018,-0.9332566366319239,-0.40603952946577804,-0.761296936359952,0.18566361199898962,-2.8829241167240625,0.3682195375476479,0.6157511991639336,-0.5721533012828661,1.0351167662773426,0.4418022069995687,-1.463862435266137,-1.6636271730061025,0.35274135309965743,0.8732501979354832,-0.928068272924826,-0.32331549752571853,-0.013109150484207672,-0.06147837001373278,-0.3949816416405694,1.8589655435978596,-1.2008617427159525,0.43049822185902686,1.343793451848196,-0.4331236794976689,-0.37007395168959334,-0.6589376030469732,0.01247211174727561,-0.8208141284485122,1.26726716183081,-1.2025534985189523,-0.2389988458643887,0.7969794867321013,0.3786048916295574,-0.7949678512634657,-0.21745113236298047,-0.2715623727117203,0.009635721124771335,0.6844737753319903,-0.6301710376072721,1.5220356800881802
2025-06-25 19:58:41,0.48398724426083023,-0.5306978053320497,2.2091359793441248,1.0820091725758818,1.425078649642587,0.27409457685144295,0.23859562021577055,-1.6714994170012025,1.0821664625268133,-2.947554207575569,-0.732059186345738,1.5375330140976888,1.984122751657598,-1.0772375124529148,1.14691459567521,1.5198740086946205,1.6239865700015894,-0.013700205023450325,0.3716415897575029,0.5674390563000603,0.630130256079609,0.25096316371785,1.0274217186960706,2.3208439733025954,-1.8289948557959246,-0.016158908487575615,-0.140646228586671,0.17718956891852614,-0.3484660641987047,-1.3105841280805222,1.5390852277224105,1.0195186419877293,0.6140953610947306,1.9653649886328446,-0.39531358308627174,0.290993564027599,-0.6228912053207687,0.0009827702612406008,1.2035777287263831,0.012630367224961823,1.4618074899206261,0.598279006807549,-0.41455600934164366,0.535244788734193,0.5954534944860208,-0.32110697883079903,0.8024582627981572
2025-06-25 20:58:41,-0.8322295103583454,0.6407148661398114,1.3076853664393944,0.3867457296209793,-0.623925452692785,-1.1385876930480885,-0.6738335299199139,1.1899858338814557,-0.7974148358321077,0.5994800273342011,1.903912287550866,0.5341810065416824,-0.16531058214397495,-1.8833153949197752,-0.6154525580877639,-0.4248831544984329,-0.24351375079017132,-0.7293772221691655,0.1854303093731228,-1.7324322685260254,0.8448977707900718,0.6080650815376959,-0.4691634074581347,-0.0053086339627570625,-1.2091966349990848,-0.28251239778530374,-0.5550208676082184,0.20629618300344962,0.11876208378731823,0.04981852206299663,-0.16204100337691163,0.45286449158565767,1.2735568173079848,-1.299032801596987,-0.46710643567312576,0.07789967361976134,-0.31918035309875575,0.45219699190034024,-0.7695198848853569,-0.3049907881572871,0.1671408392632845,-0.3655532347387554,-0.6360704432573993,-1.888827205546033,0.4440163983263587,1.8257096530986319,1.4594488488397028
2025-06-25 21:58:41,0.3029136432360145,-0.6434950424776057,-0.8210892198946635,0.49794607640845734,-0.7918182007132805,2.389132240706374,1.2925020619941232,1.0603496303923934,-1.1753611356422564,-0.2693825978533843,0.31711594763845086,-0.05652107633851591,0.8658372188629525,0.05761556838308847,2.182387253202167,0.2243593517476016,1.8755227096649438,0.9142796436583814,-1.6583447862536744,-0.7426048643873296,1.1387989964148648,-0.4663124676410302,-1.0189416515899425,1.522430607725159,0.17793748323885925,-0.8868777004809777,-0.9053734886274947,0.8053708725074555,0.5595196161975625,-0.7027204967184532,-0.29438955193325167,0.2660919425152736,-1.0302136997112317,-1.2814693066244203,1.2443136273970126,-0.037078736360863083,0.5423729556145374,-0.5239710418422181,1.5461194224438348,-0.4687492463342793,0.23817697278471733,-0.7832851216808099,0.654268238937735,-0.4530239910487487,0.22488330502388268,1.7980316706277835,0.08101337384599284
2025-06-25 22:58:41,-0.7782858593455205,0.6811198555795003,-0.9157451570150795,0.24703724849006237,-0.7705625795791351,-0.5273372364432543,-1.6695541592053718,-0.8985849413121182,1.1906178206881461,-0.006265127756110281,0.12121048659269448,-0.3067375077515312,0.37254552857123235,0.5023809327623862,-0.008642868433881394,1.054753927542681,-0.8161683753531886,0.5492103192926554,-1.5935837066650724,-0.6048970534368223,0.9190509490515807,-1.0100146140482285,-1.2431235446333524,1.755707540099467,-0.6187996028561666,-0.3354457991378356,2.6184198374310568,-1.4318861502484033,-0.590577975202211,-0.030131076611570218,-0.4632831624054494,-0.7502923066804152,0.8672030883891156,0.06269860242167483,-0.5138244566998325,-0.843737402993986,-0.11325217480440841,-0.9014421097241365,-0.009987657530232882,-1.266853571662477,0.3767771254964574,0.0944087702640613,-2.607184880737259,-0.3759977708860883,0.441438425552693,0.15613285358098117,0.4670235246534638
2025-06-25 23:58:41,0.44072981033628733,-0.32279760248741424,-0.6037904945776607,-0.10176190528201937,-1.1073655771873876,0.3951911487329061,1.6313546967690713,-0.0871466420654659,-0.3222735805355973,0.015356215503856123,-1.586942522751212,-0.9732774050371261,-1.0756812665291973,1.4361548802326445,-0.5252935035886953,-0.026351776382548226,0.8791884868248794,-1.1421474974008075,-0.6381431080624114,-0.4744332116198857,1.772308533661417,-0.40734480460059197,2.0755339470303547,-0.14105816551669437,-0.15680482189851563,0.7749583920546969,0.0032914428420076636,-0.8443335874834058,0.5998229305949778,0.5281003728753088,0.6555642460725875,0.6711625270631921,-2.2690954406440986,-1.002622567574491,-2.7930384943373903,1.4890158030512053,-1.043018327249724,-1.047502182539952,0.4104277026681611,0.5629988581268698,-0.05169696374739572,-0.9813374738342507,1.1244395642367273,-2.166490401517685,1.9040879733585276,-1.4233276408989726,2.5386647947980694
2025-06-26 00:58:41,0.10916067393444477,-0.29273229748623053,0.6476900770936824,-0.18134781414373474,0.2370348341102908,-0.24557203380807985,0.27543507811389306,0.9178143455441776,0.1722550454739771,-1.7177471557412431,-0.6237447876852751,0.9425656166007697,-1.4004100650638072,-0.08637372252813463,-0.34354584773366437,-0.029458360809726577,1.025358209499072,-0.3127538396032213,0.5331528119589013,1.101700368868009,-1.9622228220775155,0.8181176673707685,0.2914316044169418,-1.6520705016687667,0.05905659537100267,2.0964711304435633,1.0894646708599554,0.7481449832687685,-0.5395043818676464,-1.2990185247106967,1.6931707312656623,1.4099836982605463,-0.3697591432492688,0.013886558925382672,-0.8116343037840072,-0.17762997992331808,1.2335066705340536,1.0344821789807577,-1.883888840592509,-0.012619647617199964,-0.23884664134293046,0.7121561345310413,1.9889284209704536,0.4028983174685137,-0.09064718783167049,-0.6822979043523878,0.22239982112198525
2025-06-26 01:58:41,0.4557012395946222,-0.5219087639976734,0.5285323992226751,0.6100621522621547,-1.5508055296057597,-0.7782855530318411,-0.23106052288260076,0.2447788843488341,0.5697998706259922,-0.2439097785557946,1.4225314595513765,-0.4082955931118216,-0.1336013546723956,0.3595012395960479,-1.5132812496226684,-0.8916606898594887,-0.6693586247823197,1.4075227110880164,-1.00614680882218,0.42609233742529173,1.2982607678950888,0.8837858093910772,-2.0672633787566332,-0.551096590418587,1.0418880038238454,2.332464795663708,-1.5385700482722184,-0.24351911148044225,0.4873039488127326,-0.25671297595332804,1.8323976236307118,-0.6949361456819861,-0.4604290709652569,0.7784921150279918,-0.5275267226179263,-1.488555580145186,0.7321679310771516,-0.8684995895241998,1.674561651719077,1.2775204680837244,-1.0262092316929365,-0.10454814898723647,0.33332176369450217,-1.955763471103576,-1.1855922406955666,-1.101668169097611,-0.8988815324018744
2025-06-26 02:58:41,0.45718524222443563,0.5691122095220106,-0.6832744454225278,-0.109455350493947,-0.18859964740606727,-0.337789448713559,-1.0663128473866714,0.07674288065800985,1.8217196004638991,1.226864817027255,-2.3621786451302573,0.5525847515676086,1.0467567989552276,-0.9586698653880806,-1.3849517058501837,2.039371456846424,0.46751065841014516,0.40783552047021643,-0.294457818972637,1.0781109895794527,-0.2944830156912382,-0.7588344313704637,0.7329360812976287,0.7481105506792547,0.16735192365631665,0.3581089160740845,-1.074391663376219,-0.4459311580264548,-0.6504068714410648,0.1373385675343616,0.06599190802112295,-0.3575893844716409,-0.23108310985659966,-0.8472754083747135,1.8357185348553124,-0.3753861022314162,-0.30554670960102964,-2.1660428260046927,1.084019483335498,1.7018008090412162,-0.18817122616209356,-1.8120554128909627,0.6816020237585106,1.0546761022053448,1.535477858235156,-1.3565253381091997,0.30527016225214726
2025-06-26 03:58:41,1.4813041133494762,0.8301834990081529,0.2291727314367939,0.041359615379663754,1.5711921717374997,-1.1563714260633824,-0.649957006808237,-0.8598379260937481,-0.7546026118014334,-1.2685594909461582,-2.5270994454787172,2.038816636244805,1.2274142292385464,1.2093421172112844,-1.3783312791187148,1.5361977509643137,0.48429117678595374,-0.42039558024280843,-0.652354012140625,0.23090006913141212,-0.28203532830103145,-1.094810013782987,-1.393071352662593,0.8496327963231567,0.6159796186137307,2.11429348195974,0.32345454874976187,-0.14120748268650773,0.6014411363229332,0.0004940196636430651,0.7725753209851772,0.9403848646334209,-0.9874975217435925,0.6821922619501446,1.2082398463745263,0.4590203153599238,1.1282753844081326,0.5886369175972556,-0.28574816903754735,-0.5850755111868635,-0.3617936311375282,-3.6469788218403494,-0.8912374209750309,-0.6437548321893708,0.8562018808544257,-0.5386337382993975,-0.7801124288809466
2025-06-26 04:58:41,-2.137741865663839,1.9004562428493776,-1.3093356383347463,-0.5351400675138557,0.8057189065727365,-0.07012804007377536,0.43619572147349117,1.011553469347045,0.29277861706753605,0.01063675450675941,-0.27263756837372893,-0.0867959372496061,0.4906193674168673,-0.8490027346117781,-1.5307055051903429,1.5142586023871933,-0.20931761144257788,1.4182378618380662,-1.1629963150950993,-0.1832017898389505,-0.4481314184984413,0.6943633060950642,0.2518995627659092,1.1447486653274608,-1.2379219976062636,0.8798243379126729,-1.197950161198442,0.3363622668915083,-1.1441240486525506,0.27386021948238715,2.3239100985427097,0.9204241642672778,-0.02567038169221318,0.9534819273007232,0.131738574241155,0.2266820092798912,-0.939582785396519,0.4425021553953009,1.6514993457446,0.33866216299403124,2.524673389178862,0.44750064333925194,0.37692230764635415,-0.6750739320107467,0.23569425175680067,1.8116407975841826,-0.060486920082902004
2025-06-26 05:58:41,-2.225732784626883,-0.3850511150870737,-1.3918085907690319,0.3672793671167903,1.834346872538646,-2.296689292107363,1.2442258449687562,1.3193621351170421,-0.4025279753484945,1.5216593079695124,0.8785129907729385,-0.6985950007500767,-0.5480973640656147,-0.3480865226835131,-0.43547984069103146,1.2989222795660929,0.5100146021458457,0.1751895176737971,1.3604623660961308,-1.789527063824677,-0.5734162470540842,1.1743035418702283,-0.1974323797027284,0.03723463995624041,-0.9997053326340409,0.5054263908289925,-0.10701346363436547,0.25261080683102954,-0.7922328128815657,-0.5646688020452371,0.43671666083298144,1.3782619204456552,-0.7018178826524426,-0.4591358717993752,0.2884922340965115,-0.944217530452124,-1.928464243590168,0.14639628956830997,-0.9156182302010265,0.06563970432397233,-0.42739506858079296,-0.171937708185181,1.0382007109501157,-0.6665646889799189,0.6739889478275293,-0.9257723530759628,-0.29104821867888575
2025-06-26 06:58:41,-1.8222740367808365,-0.03047569767857766,-0.14355685446617603,0.771690818444445,-1.0458092896162197,-0.23027848239242513,-1.8049599116502224,0.6166065278155974,-0.486138288764593,-0.7130062130125899,0.31920067716210243,-0.9955931392381873,-0.6923632269095957,-0.036515435376274746,0.06878904799298455,0.6579463076860925,-0.6114491457244556,-0.5125533051328762,0.6921786946208066,0.2545522126751455,0.9349327389409279,-1.0041223264498373,-0.5114449283494031,-0.07819928075016609,1.12283224765814,-0.8723703765292721,-0.14084080736411378,-1.2751083461619213,1.3644657574988497,0.21325218446421482,1.4984560178845432,0.47078585402541634,0.3220156929010206,0.3060423222128003,2.3355668141003214,-0.16398552370528457,1.4550914305158398,-0.17608734075175092,1.055926157226278,-0.3506175480623671,-0.9117318107446097,-0.05714310292180352,-0.4853167284851605,1.8324445356514951,-0.944037087977832,-1.1218840187668078,0.1970547668081125
2025-06-26 07:58:41,-0.5217375276092161,-0.10579990326318496,-1.3519518534813386,-0.31911476402462147,0.7443528796197035,-0.23404975676873502,-1.2605016412172427,-0.8592364051240372,1.36011279600591,-0.046285146779477225,-0.04463438404220758,-0.8832801876866379,0.6165558023655805,0.9780055478738969,-1.136948576733906,0.6157143601358906,0.9347737826462617,-0.29099790233897027,-0.47213235531841763,-0.10831888223439091,-0.3390352912508822,-0.2084786280019175,-1.8810617658686946,0.19264408565010546,-1.0216606530513592,0.3297208896073291,0.0044108208499506136,-0.29087988402243675,-0.045982665851289066,-0.5851871978875749,-0.6328371666540555,0.40635059424929737,-1.1413461440482238,0.19588464022240115,1.0479235345503526,0.8397263802267664,0.24081157028354905,0.16243822175986747,0.1634180047809709,-1.497083351888233,0.9968866865829467,-1.0801430881376943,0.3112531758989652,-0.19394027269816955,-0.2695751339330319,-0.15656974222000802,1.4617290322677008
2025-06-26 08:58:41,-0.408811948044223,-1.4411401070213805,-1.5932975037941521,-0.42108292172090467,-1.5698123433493951,0.9592992419097499,0.12404863268541509,-0.18274664446508984,0.4220007802285443,1.309489793819812,0.9206569642196033,0.40021167362108667,0.09183783449387241,0.1618636914828485,-0.5343303603315329,-0.6585658615599973,-1.3572669880647128,-1.1701430482655066,0.7989841356955001,-1.145409508597093,-0.4470965266998458,0.5428604310872014,1.3469418883016495,0.8741553178340743,-1.6632884161011232,-1.3242814889325922,0.09986332606351683,-0.5504863162705642,2.133625662388956,-0.38332977545786023,-0.38029119059607563,0.0041227223299629846,-0.8583225321998486,0.3765648708462294,0.02176424153609745,1.1870110547135357,0.17960098839180638,0.15432025146584183,-1.0055057293012826,-0.8397064888093594,0.35535915177422794,0.0819456397324642,-0.07256285340811647,-1.7363220170093012,-0.4469748958226291,1.2393754173732865,0.9329072064159813
2025-06-26 09:58:41,0.3527534790260296,-0.38115547550292456,1.643348360953505,1.0419442033679256,-0.37595050196251834,1.1523766917259133,0.8538526326792023,0.39899064735129464,0.2782387779031471,-1.6491551363453305,0.9666702109880294,-0.7228746957207665,1.4638209384341963,0.16666407262964553,1.159553989782747,0.9081628117078314,-0.5074211012041597,1.5165520679162323,-0.5693599810320531,-0.9459680051766189,-1.713246826929996,-0.9624797784896424,-0.48742117810182867,-0.47158246667786596,-0.5433966986617187,-0.656244322604747,-1.2578405598396856,-0.7896902961577522,-0.28978523785708316,0.7490748808856541,-0.282253371193559,0.05965513637376014,-1.0009522720161634,-0.2954011151608502,-0.6952064017656127,0.85924645665665,-0.07608863238510404,-1.6615938640562988,1.160397837835698,1.7566841527536206,-0.8534834310329105,1.6192925934438338,-0.4478647738955679,1.424383220342123,-0.8885287594789343,-2.284554808313741,-0.15076881380859475
2025-06-26 10:58:41,0.6119112955604561,-1.1484528774830312,-0.7521063112935829,-1.2231558878485236,0.8393802523175854,0.6965194007989013,-1.6529908318195357,0.4483194122329574,1.3895278463066056,-0.5948701246651156,0.3202994210852376,-1.6680563290066701,0.5592200768836025,-0.14294672000285225,-0.22021069609028832,0.6093237242160761,-1.5116593845209325,0.2136264655710587,0.42106630443556176,-0.42485707944772655,-0.09554978615290155,1.5678016066085922,0.4547183147815623,0.5002074981859841,0.17041860334699283,-0.59346380560613,-0.42954155253348086,-0.865069560321258,-0.13947154955889957,0.6567026204833567,-0.33208038045651755,0.8670308702269314,-0.3758430342688696,-0.11658216410930436,-0.22650681045704404,0.6866191150045415,1.373578063157542,-0.10786524821884262,-0.6368409577808858,-2.2928213244226963,-2.2493252014530536,-0.17703268676026168,-0.6781547735971076,-0.5452827169310531,-1.5395018996167078,-0.480315590000564,-0.20182309237999257
2025-06-26 11:58:41,2.1333014619696327,-1.325199732940906,0.6484217559858979,0.2207631187171282,0.7127751980741124,-0.9581346129836762,0.04242975216067094,-0.8900695557071491,-1.3978558488619472,1.2356583794857132,0.017179253133518507,-0.034014490033951135,0.351442627882155,-1.1670616749541443,0.4971266820445065,-0.6348818084693814,-0.24770447559610387,-0.5622331776230347,1.5196741059109546,0.23590952729842535,1.9127560943608357,0.6704192293517174,-0.6448730847761391,0.3250721560300656,-0.026792874105591467,-0.27489181563856885,-1.2654287795503714,-1.2536505891270813,0.2247724549823359,0.4537726935670341,0.813948555038537,1.6913220962068987,-0.9204277476628827,-0.9272838691689319,-1.2862078415071885,0.11053087756584025,-1.612997927995576,-0.3226186701442099,0.01210977960219692,0.28656460199609146,0.5164896706544276,0.02762187621957176,1.8015268445300163,-0.6413465752501258,0.36042638160989937,0.9927298163821072,0.4085757651307555
2025-06-26 12:58:41,-0.021333815241942722,-0.8750189134578713,0.3255167111098764,-0.076587613150986,-0.755053726326524,-0.08684752778249805,-0.20457944129674396,0.26018400963374405,-0.19187908980839907,1.0097748424935309,-0.10532844279802203,-1.641018712332834,-0.08544807333368158,0.05385806908341351,0.4218202114568736,-1.4713188277378049,0.3781955043201022,0.11874388613903389,0.24376271853632756,-0.4498317987627282,0.6593279228114692,1.089548966464366,2.9760976793105005,-1.4607430909736523,-1.0409702908643557,0.47340917477396094,0.7463413656415127,-0.3165590067335561,-0.891020256245931,0.03367286445191497,0.1117572665345927,-0.3478399351913125,-0.4409657368767046,-0.8015699773045356,-0.5304372477326204,-0.8986965244161726,0.3391655970572795,1.141766407328539,-0.018259492175691654,2.7570836093187903,-1.126774879147822,0.48289430494524693,-0.05030792887257289,-0.6275815043943199,-0.605072447612324,1.0777312431807564,-1.5956815559464905
2025-06-26 13:58:41,-0.5040536251098239,1.0942063510617481,0.8923022273325993,0.05131960643052757,0.33484294770667256,2.248164904288908,1.3313534896716417,-0.40993138002472884,-0.8101728354783099,0.43524558259650425,0.6964455676234856,-1.163196326900327,-2.1093578062641716,-0.3628264904446488,-2.048875489920681,-0.30745726897204817,-1.3612084733722964,0.7153649254849752,-0.6604296007900634,-0.6137148943415985,-0.0772866529334452,-0.13860917333181427,0.3645050413528606,-1.2561721689830958,0.22332271826067687,0.4861560603649249,1.7382540675720086,-1.3792174370440162,-1.4352175846304889,1.1718341934603396,-0.025025656376036137,0.5946374822634942,0.7758102576824254,-1.025767070589558,-2.5627557034979267,-1.159635516524853,-0.47914017409080906,1.8831325724256216,-2.0582103624862333,0.8375184563171453,0.8607231525027743,-0.5950333642796636,-0.5173066985294267,-1.1621346209020462,-2.4803945947913477,-0.3954166332725434,-0.7689241604567879
2025-06-26 14:58:41,-0.3937561158976522,1.5840188374356194,-0.2522484166114645,0.9953793022032148,-0.9607671902733794,1.4097630895527609,-0.6774296937837049,0.9265216574221908,1.3285421057912443,0.6720545349984003,-0.1854040847093597,0.5156789653910445,0.7525641604216343,-0.6072641854773214,-0.08372158979803346,1.431221361281382,-1.032982512874406,-2.0238190218616334,-0.654032236635426,1.484695775523463,0.2710373627265005,-0.8767918401763205,-0.09394465812452622,-0.5273835255931676,-1.7572032800240662,0.16815670537213262,0.25517153795085584,-0.03554756222044179,0.43430662645555823,-1.339127045689239,0.11534507736710906,-1.0114862999028502,1.9983287096814588,-1.1157602477562463,-1.342324145560158,-0.33486991155769685,-0.6662735603912427,0.8148340721288213,-0.9045514782149151,-0.6664972021420053,-0.06912606839691583,0.45298737207547185,-1.7726100471509683,-0.39663175765985387,0.6510184517075813,-0.4642521734228981,0.03590656439089004
2025-06-26 15:58:41,-0.7678655760943811,-2.239784863299238,0.01907976943446746,0.7928748000449958,-0.376557197447857,-0.31790086964836006,0.07205340661310633,1.652705017047152,-0.10547845591585536,-2.1017631125522107,1.8799534839840446,-0.23813862650619566,0.7768867421206466,-0.9977617114365124,0.17665567473521607,0.10612081492375562,0.13201406456194606,-0.8290900004408153,-0.5570267565547395,-1.4048750585417624,1.8733886332603908,1.035707806484143,-0.9893882891729657,-0.8770218389264158,-0.3752714646073026,0.20267553081052342,0.5266143080167103,2.5604024561850833,-1.730216676492557,-2.0033620561860763,0.8956343271601614,0.355852783032601,-0.21593780180420355,-0.9130207643014793,0.03681148746083848,-0.42776114106672064,-0.0956353355025971,-0.9052421792143716,-0.4232271687085943,-1.5060085710507143,0.32282092122348116,-0.8415221065952724,0.9031173501580567,-0.13994538199275194,0.2517655523802502,0.3622802076554072,0.40308400801231403
2025-06-26 16:58:41,-0.93761554812783,0.05940177094931957,-0.8302469903363111,-0.11772539211228006,0.8075158757231762,0.40296857520869817,-0.7618983749707253,-0.9728635188044172,-2.0890797049886696,1.006026950769735,0.3653951662229327,0.9596595375265213,0.20522386794763314,-0.7909868379685867,1.0997295246713645,-0.46680313344385377,-1.462999769516682,0.5796288146563188,0.5981573488065176,-1.850851895392778,-0.055749229861053066,0.8720161991495762,-0.34714266860472365,1.1230445708975885,0.6649939076358145,-0.015251232303667454,0.7500074442333162,-0.2884632265090147,-0.8735340120056732,2.6832792938310117,-1.0861887146125946,-1.6738976391041536,1.1325749410894583,-0.4984292917054324,-0.5468831365523411,-0.1613668142212641,1.4261162119728243,-0.5718800091626747,0.5426353843668821,0.22862247936985963,0.8413559691559531,-0.47983022138271536,-1.0816850756453749,-1.7332337948051586,0.4731833314645562,0.3978129575094667,-1.3730788203609507
2025-06-26 17:58:41,1.5156138341743344,-0.4065064286970625,0.40585164205823426,0.1540171506752457,0.1145285027177357,-1.521872031849059,-1.062599817006409,0.7031159100616068,1.9653047256962084,-0.9029225912467049,0.4423782461513295,-0.29437375215833544,0.3155682251852657,0.36348512515826487,-0.8629860338124595,1.1443277240519572,-3.1307358856574834,-1.6815323072578594,-0.2810487766105028,-0.10923753207524024,-0.08881570792251461,-1.2436802837134777,0.9536085794079251,1.6201063460883693,-0.10481805496853669,-0.025373066357203412,0.022439503059019292,1.1375509130827954,-0.7306820915583504,0.6292731018293848,-2.6965516172182347,0.4209546721314561,-0.6180115938140056,0.13927694189468384,1.09805366959635,1.966566476783111,-0.28021618873951804,-1.670783959039347,1.230637567111368,1.0551885203346545,-1.485978143785845,-0.25051829330733916,0.6338752438795666,-0.9470408039900123,-0.2294038957514207,0.6503396334006678,-0.5726923963801692
2025-06-26 18:58:41,-1.3069275429431622,1.3070341468767823,1.5790257390051334,-0.17086941772870595,-0.6677792369911956,0.8385600842089811,0.36919512273633515,-0.8005889595600535,1.9641110398721584,-0.6392863132005939,0.942258881066046,0.11706630678149232,-0.015211258713366047,0.4645163815779209,1.3834265082327857,-2.37071099254386,0.3835855156061104,-1.0426544930710593,-0.8496831793370072,-0.9679271174464115,1.6135767356134267,-0.07995812735853543,-0.3120719163235877,0.40015850315688173,-0.3408840273693676,-0.9430891725006024,-0.3295575870859614,0.7328451932019219,1.1077388571653695,1.6037434865901807,0.379223110361226,-0.843664563635479,-0.3160236323242211,0.3971292181876989,0.7129986645213633,1.0891556299352307,-1.84509723887638,-0.15633723025728893,-0.5112134004702197,1.0096248590395034,-0.3361873828919031,0.35130925410686625,-1.9061985133369654,0.25311541564383966,0.0708166645456452,1.1204076608903084,-0.8666483103180607
2025-06-26 19:58:41,-0.5676043521868078,-1.2790932105015744,0.9142013804112457,0.8358973146755537,-1.9239789804763492,-1.078138064222108,-1.0134003260714155,0.003619777718539167,0.3498386716719402,0.9392938593492993,-1.9219350008245286,0.5515535130383821,0.664249303045475,0.3808782696666958,0.1353598690583272,0.7790385951500923,-1.9925947412357954,-0.017984889952578544,-0.21229740786868792,0.8285011537549984,0.06848604406742624,0.7039874312017335,-0.46110964448699415,-1.1765253881558135,-0.3817494343943756,-0.5159492366870233,0.1061927131501025,0.3288737165854122,-0.5250897424586691,-0.24065603215857462,1.822752208040642,-0.13134631170376898,-0.13395542224142268,-0.5247280512848514,1.0313346622865567,0.688276843444833,0.6640835829632997,1.1558474031469237,-1.3860705802943576,-0.6953613988086673,-1.2486727615627036,-0.9203455162824012,-0.04790198014776387,0.5463119701177356,-0.5128580344133986,0.22719954377458562,0.7175911930989797
2025-06-26 20:58:41,0.6866979234921924,-1.5008128415233672,-1.3461327279175468,2.062212529641758,-0.49712451403851876,0.29021989376816276,0.405216580098161,-1.6265759551993029,-0.4525043066187634,-0.223878065282059,-1.2726623450455978,-1.694226976147026,1.202255142911856,-1.2595288526809327,-0.7161553561451008,0.15293990758270407,-0.8638049783532816,0.6520973954876174,0.8198520306069184,0.5651633098989721,0.260548864729001,0.635694106204338,0.1531074849611522,0.5249546260474909,-0.28662904671814493,1.1367642272404945,0.8334692556737524,-1.6303516885980784,0.6888980207626317,0.9599497031138934,1.2995919757752523,-0.9667328079080616,-0.6041074850591467,0.8974584170724393,0.2554608776496484,0.37914203346826414,-1.2307184001797506,-0.1447132222427969,0.32767712606567057,-2.512586046984362,-0.32730819189383853,-0.07319602555893572,1.6251428031213484,1.2054276462835702,0.2632990829014666,-0.7891844458757675,1.1292826501663407
2025-06-26 21:58:41,0.17529748118564178,-0.262581417636836,-0.3893702596214613,1.3957222494585357,0.5983998910087434,0.29624009101096893,-0.1130928833516503,1.1860936424777355,-0.7642128973956819,0.5539283242169504,-0.2024935208376892,-0.5963551948729892,1.663581537428598,-0.7690578029725426,-0.37853771395313207,-0.5916829394573676,1.5641499126735763,-0.6060531904012618,-0.17812436440244703,0.32536458441614974,-0.6544445177012458,-0.2551407728902196,0.8038990036513479,-1.023639481356412,-0.5811155013123089,0.7524162369844128,-0.5344031453449094,-3.027721917851229,0.11920124934212659,1.2721485320795665,0.20039025913075004,0.955145762650256,0.9355306286447839,0.48372611004389,0.9983897513419958,0.9623467137223481,0.36534184268214204,1.2000607089015494,-0.6067388834918095,0.3162106737488225,-0.3090224505215367,0.7418053553133049,-1.8564132575670187,0.49896679526110005,0.8582241194464657,-0.7472988626037722,1.2161143487175217
2025-06-26 22:58:41,0.3950442708394061,-0.08839083659562819,-0.45539731746056256,0.5234821240834397,-1.6062593686577593,0.8018783842899808,0.9921047322161842,-1.4074988230510737,0.30623019418848996,-0.23841857710685177,0.6033236645836102,-0.37078885820724067,-1.1023642917732914,0.38425118762017874,-0.1685128841219238,-0.03101288912404132,0.1104528634267785,0.1809084215980682,0.5345983068672464,-0.1613942626654014,-1.488810414706559,-1.6927672692900178,0.6132575098074178,0.4103113961677573,1.0836543615501688,-1.070785028216061,1.0343521681800203,-0.39259055318431374,-0.8637763481887915,0.2351389039326062,-0.6765434916772327,0.41859066065612294,0.8826035995760168,0.3533843145378175,-0.01999563073184551,0.3417872580817742,1.2836037547470234,-1.34259528044581,0.6932700163079223,-1.8183317213988512,0.2711056780938253,-0.19789994803576968,0.1718339563520064,1.3705018133609426,1.0380069115961126,0.8672064420055835,0.07104547947936496
2025-06-26 23:58:41,0.014387488554892343,-1.119106459979067,-0.6192398453732478,0.04537502648080803,-1.01945249183419,-0.3196390468184741,0.29717072100814185,0.3355175288263366,0.04326783034979327,0.6345557704867921,-0.7896520678633254,0.2525446478285226,-0.6166370721870419,0.04724118358635045,2.0252416473450725,-0.2781035950132951,-0.3689278293380252,0.2484896426656698,0.9913685739055832,-1.2791326250832424,-1.0043875263215007,-0.4448333539690612,2.1452768330111085,-0.28327530430385794,-0.30314498739129225,0.5076627344518558,0.8803605988715593,0.2034182080592294,-0.48177586462658795,-0.11251332998866491,-0.139949614283843,0.7635678647626747,-1.8787741043141177,1.0122889211370942,-1.2062871033182385,-0.41175553168034884,1.2690077123539845,-0.44967379838057886,0.8754092444058926,-0.8610258883542008,0.7056658132048977,0.5592042198128118,0.23549645145803724,-2.295170768245841,-0.4962076449681001,-0.5256291898970223,0.054781731761381486
2025-06-27 00:58:41,0.7222964192515874,-0.23440995095120545,-0.5698287489265168,0.4201702289938382,0.23556565705740548,-1.1183503132545218,-1.1202610952903393,1.774288010697083,-1.211312486729934,0.5278010519104092,-0.6669210517518606,0.45907478063789753,1.4355624030299983,-0.24380346630038885,-0.2625345199979757,-0.34583758699894607,-0.7477587213623043,0.7036228252003046,-0.14302771086192873,0.6040915951048329,1.6402614288028585,0.6317673034868931,-1.9392834702877217,0.6772135227071571,-1.1851533351645298,0.4651918478096229,-0.48742895413700404,0.45935089712592647,0.08875913567358783,-0.8322106004071559,-0.16032998892892433,-0.6133940874782537,1.2356332881248224,1.4528590747354408,0.3049078064988838,-0.32043681638376115,1.9217259988322224,-0.6991941118928794,0.17723709563828016,-1.3469344026481118,-1.0296480580001466,0.38771216261938696,0.617783643217696,-1.0258359613173573,-1.3426654869227306,1.868211231175411,1.1727348158510917
2025-06-27 01:58:41,0.6693376846995758,-0.3450253472651921,-2.757284010075825,-0.5262989311256001,0.5397726495116509,0.11787082351240157,-1.047556150469754,-1.0024984395238867,1.9897263877612887,-1.2661300097677306,0.8914976736216546,-1.609281734989631,1.577170856637368,-0.21446503200425265,0.6051791805943947,-0.8751153877958256,-1.05360479305593,0.2003333184801399,-0.9527391636362751,2.3138358496225475,-1.0035943344437328,1.1975981451061117,1.3328787948500231,-0.13952449950332754,-0.2640655507108025,-0.012725730070793282,-0.8258126461682936,0.9823794680334342,-0.3592983883719948,-1.9666664163608574,-0.1357739875192424,0.3830508802552187,2.1524075337470023,-0.30539428537224705,-2.465710844500031,1.8082387825039858,-0.5337646899537769,-1.1692911064866054,-0.09432438121565165,-1.0025888037436037,-1.1278061325918194,1.0289852120889433,-1.2569931790260525,-0.6770530937258673,1.9854161813915954,-0.45918580656363434,-1.3206578534814508
2025-06-27 02:58:41,0.475473633309504,0.1469228133735547,-0.8781984259914266,1.6962743007694467,1.5649739153945417,-0.8971709132541897,0.4655670982312354,-0.5073412157763376,-0.13192832065523166,-0.2629414992439381,0.25024850834522877,-0.3123774272167162,0.7886677025564431,-0.8082897508932988,0.4752491095503179,0.6223890986704368,1.1944046196576257,0.8440974907149522,0.7242784929284546,0.29297670656000385,-1.8691133950350112,-0.6281178682496615,0.3581305001015368,0.8424454910885385,-0.9462869274335461,1.101502928188355,-0.2143302959341049,0.20732261648533384,0.3353185616339963,1.2123244550355625,0.44436967705702757,0.8110225715632468,-1.0611104003140015,-0.05867805465723707,1.0596325314085553,1.4261704790069198,2.223259391895215,0.03614984113313716,1.161112227409095,-0.8013038924139289,-0.6705805656542113,-1.251581022294238,-0.6330909907488732,0.611682886108584,2.5865759542682087,0.5529082279369202,-0.3555070848693438
2025-06-27 03:58:41,-0.37851898865749906,0.48037192890414593,-0.12415208111106103,-0.1304174034007387,-0.2184110826921288,1.2518568138588007,0.7379591246030834,-0.9666344537540239,-0.5603142371579901,-0.41295442792724313,1.2866828044990366,2.3056302934084587,-1.8422113148368442,0.6517514059788522,-0.5816938516205703,-0.22009943974976506,-1.3791491141433323,-0.26804674166044357,-0.6713326806399652,0.4470124077332332,0.667892722092401,1.4530425199565005,-0.629706000737288,0.22679177862939137,2.1563331444026894,-0.7564015931990565,0.43039089750847154,1.369161344698403,-0.5000370397267404,0.3023991187935443,-0.3792968902837484,-0.7950794050673171,-0.10613111335853136,-0.4784864216270019,0.3553924412276266,-0.2991035229552578,-2.0226793515806207,-0.6912436807275247,1.4340719354487272,0.06499322869492791,-1.1409327474542441,-1.7661502063409875,-0.31455217474238406,-0.48023525496843256,0.05389232998717904,-1.602762078394237,-0.9762653346859456
2025-06-27 04:58:41,-0.03731242758758674,0.7727369724605133,0.46245716884478555,-0.195893169374846,-1.0673742413410503,-1.238277031811453,-0.07123944418995316,-0.9216495177516857,1.7345918162189224,0.5741205527453387,-1.058681612589157,1.858734091343551,-3.063745696999122,-0.7800841930890138,-0.16880370592262256,-0.40887567546779874,0.5310643992069586,-0.3536059113664719,0.32879475118880935,0.11591469828183694,-0.4634999723517368,1.1939358572397814,-1.7704122511083473,-0.17594456040076042,0.1014239866589138,0.1962291315288844,-0.05695475039267739,0.405837159109529,-0.6813292895931123,-0.09541016562870462,0.015909236040541536,-0.08833415329801034,0.3566350920034302,0.49347867111445143,1.5214169833821911,0.07646451288567638,-1.751499924720219,1.7745712233647732,-2.0260018502872055,-0.8429155637081773,-0.06243681854085771,-1.1335941716687636,1.081650835265553,-0.5346255395504453,0.12525225812355645,0.5735300961356508,0.12273853688907568
2025-06-27 05:58:41,-0.5961145258536075,2.092809719499798,-0.8691740682137277,0.9245701225829266,-1.0191509452053282,-1.0998661601183677,-0.27491201695121786,-0.672467878275708,1.4188899933552699,2.2579757919885313,0.5921514317976289,-0.28236186681438435,1.5733982734803953,0.46952757372205295,0.029117519175098874,-1.4512259708975375,1.5757795698829957,-0.1498177124871925,1.237178451592872,-0.06450476761479099,0.23488888858381418,0.7330720367291328,0.9400734460042661,-1.2120100729296328,2.509110142198939,0.3631716289020897,-0.4387106423464116,-2.610477019119069,-0.9483130010225348,0.488585358284541,-0.33575586989493433,1.8268412967184666,-0.013086193307943948,-0.3732363746003757,-1.4293934960000867,1.119068545418783,1.1164935687258721,-1.5581231906914652,-0.22033800036243154,-0.9267560810415651,0.7458625762305366,1.614450180883802,0.13801810354311667,1.4037178116313986,-1.2381075151549075,-0.36856809459287604,1.2287091012400835
2025-06-27 06:58:41,2.392850974714514,0.8510645405523024,-0.05379803757718434,0.4960611407638771,0.1811330723660803,1.801188168555711,1.5378321592572959,-1.5122682036908208,-1.2431832838086385,-2.046204290448615,0.04366292736527251,0.4807806973836141,-0.6951576066291982,-0.4214752187022641,0.9418613651065931,-0.004389123077309636,0.503992918883856,-0.8563094170026601,-1.149387099071746,1.7784425959049335,-1.4564561024531293,1.0388658469380083,-0.5183778693276923,0.3136290277941752,-0.6144745100839789,-0.019874571400914767,-1.4904869844182396,-0.8768529356594323,-1.4847570440556161,-0.6486762527449311,1.8905806509526095,1.0410731353360043,-1.6709694196535927,0.3459519628128533,-0.14420188146986515,-0.6962592143278948,0.3661434778421739,0.00693531766664961,-0.9249709266647586,0.2594803884999868,1.4034802160022883,-0.573773792551607,0.6377209308343316,0.8491430680169829,-0.8675270272770781,1.164999847335436,1.3977759593962513
2025-06-27 07:58:41,0.14646824176121587,1.2107132237707106,0.7787891514863967,-0.10242643804520991,-0.9692451091191779,1.0983056413495238,-2.302488155242239,-1.0617731100463679,0.12341984544831491,-0.36660977011525203,-0.5961205734355493,-0.8870892001152137,0.2550233125554076,1.5701988862585836,-0.2804920772975648,0.007900317163260298,-2.427861693841089,0.8605017025126628,-0.36650639465610274,-0.48577980011441824,0.6024399627450664,-0.9035319842330047,2.3510947083938447,0.4217216240281125,0.4257671225107424,-0.4920969775581426,-1.365460887369206,-0.20125476218474392,-0.19856023274355358,2.7104019525007366,1.0181196256258265,-0.7050711624147685,-0.6707005575704195,0.11202765571299406,0.4206778415126179,0.19195551234283262,-2.215126094634028,1.199168296631428,-0.17949603485415522,-0.7152550752423666,-0.4147226289712274,1.8262015282231663,1.7269915477700992,-1.8848996804253144,1.08522538758782,-0.4709065632056441,-0.16823630015984595
2025-06-27 08:58:41,0.05847030529503011,0.4193421605745377,-0.5118582112075402,-1.2931854223228634,-0.5124813546542154,0.3268152340512269,0.3162379069880378,-0.8456472343919946,-0.062022227964039736,-0.4008053005888491,0.43451867726649,0.035204806573317746,1.178615404270601,-0.1628430550085277,0.41805709790061846,1.5765511964902066,-1.3388232084818734,0.13383498236853475,0.4543510469306265,-1.3327568044341085,0.943423673488503,0.2622389451202771,-0.1350830166145141,0.7726433820511862,-0.7045555139723653,-0.25437798864727934,-1.206720331974183,0.7514170084892939,0.8314819224683423,-1.3465948775571912,-0.3459613594183445,-1.689475614791835,1.488459441522185,0.03717590737063739,0.375293399862564,0.3637606469677679,2.2488250696911187,-0.7927999581732562,-1.5606544745639355,-1.695704267764674,-0.05323146489250688,-2.04667593000368,-0.3729079377367967,0.4175418824403778,-0.10849266209640425,-0.6416628608405571,-1.646462268563014
2025-06-27 09:58:41,-0.5648307022571731,0.2795799697502072,2.035556028701085,1.9667743133932092,1.6841222698308231,-0.8095255001421783,0.597421150935334,0.5441943091409998,-0.7431448958384615,1.8226640609806395,-1.0633566175057851,1.7684272502304923,-0.08163381127778967,1.2826318697023271,-1.4309938146054777,-0.9270639692105033,-0.4297561297522521,-0.9858952033589014,-0.4627854585764227,1.0591820183340914,0.7399550473218149,0.1490251718118136,0.6186231411479274,-0.02346443515325419,0.19825075832191533,1.4231731249835227,-0.558191211823374,-0.7050483108594627,0.2272967032013864,0.08693042388326468,0.8800518133590071,-0.5590540018616433,-0.12015311316750112,0.8052029046999568,0.5625101074018694,0.11481767131031936,-0.4236731251207074,1.3086485825191496,0.7809959912976508,0.7714930901589067,-0.5853583409536491,-0.6396353418178156,-2.3239341964420523,-0.9135481708209531,0.3147186563473134,0.12365860180733731,1.1483094840881738
2025-06-27 10:58:41,-1.1794348231391156,-0.6497182225322669,0.017749671485571356,0.8863921086239629,-0.8043281543864429,-0.28499999219074346,-1.4698027401770486,-1.086475727624929,-0.3933393305534956,-0.47576949443805205,1.4153734789690422,0.07375030763531858,-0.7212575541134925,0.5898420135927338,0.2757876822483363,-1.9191660719128698,0.9426957262702029,-1.910308627581349,1.0281481587844412,-0.8352314052274674,0.23597332389489878,0.757317091256444,-0.31032806595060985,0.5234427156246272,-0.5871307626176404,0.4583291748244051,-0.25492702119964444,1.3903929911990596,0.3597389777840282,0.07695618490064768,-0.32324829169372876,-0.49730838910133884,-0.1168223247083112,0.45664857732073616,-0.6877140459541947,-0.9636390839720783,-1.3058337165782965,-0.30010720758612625,0.3552313958723484,0.9578858839668456,1.0575414737335327,0.5490951096123455,2.0676027714378136,-0.774498702295992,-0.850862342933244,0.03330885188253551,-0.6792577562426853
2025-06-27 11:58:41,-1.3638662376835318,-0.29292783309758075,0.13236099809489604,0.43890687576413856,-1.3585298093256468,-0.18915750566266518,-0.3743695548903332,-0.014573253458659795,0.9157774715457115,0.2913547923910918,-1.3376352257333524,-0.3351370018588166,-1.3529355950680317,-0.8372994781216915,0.15574828506821967,1.0150171615771675,-0.3616463078088143,-0.5991003642244986,-0.4338084298116642,0.8722848069377827,0.5625573490610711,-1.010587089934631,0.16425489852707173,1.0333959927534648,0.6846077674289318,0.8522148299592377,-0.9294956533285326,0.6779017197620331,0.8075759208363728,-0.7204783014186235,-0.7717051988644827,2.166017559472902,-0.9428714482713831,1.1421537499873873,-0.0728062983701954,0.7885254447442047,-0.7576805195442154,-0.34781561074257267,0.48434348655217435,1.3161412146918785,0.5338669067655052,-0.024738913886579287,-1.3029630050434702,0.795438839334736,0.23117675446060423,-1.3291405054222407,-0.6584347068162946
2025-06-27 12:58:41,-2.1374518784203103,1.2561450342720781,0.023647560370158652,-0.7132699617134758,-0.2059889118104738,1.5400445999329695,0.17409558581838425,1.3062631338180968,0.16172366745214037,-0.4203591714046291,-1.2962581827808741,-1.6502745227973123,0.8869889981905971,0.08351369227693772,-0.6345148205441906,0.17377011887942068,1.0930422978898917,1.2524894878528596,-0.44282145130366396,-0.12527738139642192,-1.8937153926449137,0.4553826304637697,0.95078214577019,0.5448332035031868,-0.453911815279261,-1.31020312397955,-1.583548306274572,0.3950497422197735,0.2433836709991231,-0.5017527640377585,-0.38175559357166533,1.1200473775520774,-1.3710782553731087,-0.52677125558957,0.1465942266757495,0.09618203411591388,-0.6932253909743373,0.5717635281956985,0.6622935173315526,1.849371328238235,-1.2688451547481034,-0.17925209127460348,-1.1716694018281184,0.6096361546592499,0.09024143326896505,-0.607827356349882,0.0509935664792345
2025-06-27 13:58:41,-0.13309867972135878,0.2587898236543717,0.26102956577224556,0.5560335520467676,1.5706852365990887,-0.5066913042972406,0.33661378967415423,1.749355646308567,0.5864371210637261,1.3273730226141467,0.8424970061583614,1.5838560773240544,-1.66686995535574,0.24173987494449212,0.2912252958321867,0.33170030930872435,1.1021408629392206,-1.1063415467262283,1.0780474685772692,0.027186710200079078,-1.7808113115650595,0.37825474028659567,-0.9502997965390396,1.484489534727854,-0.0047950577440486935,0.7826433009720396,-0.43545537051658945,-0.6356779595010634,-1.5382872229390177,0.30007230287802505,-0.0640427483076887,-0.2599735055825693,0.45251689602021367,1.4277252605852642,-0.30257288163491497,0.2855572098369759,0.10257055373278078,-0.4091234984872396,0.3415285086861025,-0.5438152294883009,0.1507511553810618,0.4826655693705403,-0.22023114308747735,1.8135847735117803,-0.4279149411229289,-0.031607181829495214,0.6660906154540257
2025-06-27 14:58:41,0.40535038787321737,-0.4170488636249613,0.4626225076079801,-0.5319290229956303,-0.818296078573492,-1.4589635799568097,-0.5230055376140199,0.5547748880266063,-0.8091263111923706,-2.172564363231386,-0.21497291298045013,-0.17849192960426802,-1.1309932782837766,0.3994255706530941,0.5033711959743606,-0.5915206753630823,-0.36406436791378766,-0.3612533232822835,0.07801154679395265,0.0886397480205696,-0.29571345227448,-0.92384173038992,0.2891417300091308,0.0506796207617975,0.07440354138286004,-0.9144023613970945,-0.6744013346659579,-0.012426012882436263,2.3769197363780514,0.8375482493841151,0.13416849306693132,1.0616532810549881,-0.19945362005054929,0.23936818164600301,0.3439502522061393,-0.741114623663473,0.8803317013585742,-0.3188498458358938,-0.5512701074405102,-0.2561710250281354,-0.577809746289464,-0.3354456460015105,-0.9023949101623732,0.1255361501242019,0.2745763084054054,-0.14979062317867123,0.6514738982116928
2025-06-27 15:58:41,-0.5319105444600419,1.4771289587335574,-1.3764623658084156,0.41158640676136266,1.11380043795954,0.27179121261871314,0.3839535046649147,1.1519295790051853,0.6816678301001339,0.8651332290359867,0.37740813178652644,-0.9966667088629105,1.421456599444929,-1.2560129978750765,-0.702589080651971,0.9369477608495819,1.6736866387760578,-1.5683544839441483,0.3535712035006246,0.6913404602578338,1.724080368740726,0.1785955426562128,0.09836435264128375,0.7318322013673959,-0.6267876662626428,-0.3737472280633915,-0.790141349999224,-0.502408679542301,0.5252036698449127,-0.7903455264036575,-0.23896623557844898,-1.0905067228815526,-0.5844744694418994,0.34750036866774103,-0.45087403344273697,0.26979528905188394,0.7968974082717952,-0.05741903857119459,0.16645840090189717,2.7046351888208533,-2.681192571125386,0.14503296084480963,0.4929394833350699,-0.008267917306826486,0.14695243184621237,-0.9756932198063941,-1.7691272591427436
2025-06-27 16:58:41,0.6690831403195441,1.0809737009911584,-0.9354279239614743,-0.7619944542145122,-0.37723645894629204,1.4522341258627682,-0.3293230216569847,-1.1842861124870703,0.6797251605397473,0.4358542784139788,-1.1286122617469296,1.0079631987098494,0.4785330282764484,-0.6386149921001073,-1.393497892559829,1.149524428835015,1.1922817938508246,0.3106895351799512,1.304640583492868,1.358471155435185,0.7182934763415744,0.5790677036874343,-0.4269006608443681,0.23003073894624204,-0.5862383897066662,0.6385695157094868,-0.6112352232520525,-0.5349800667833986,-1.5247063499091649,-1.583051852391455,-1.1489996073100925,-0.671096054082661,1.1571315909575135,-0.7236521667843618,0.2868825339841369,0.8950621141332525,0.7434705073480349,-1.3380351108349078,0.6704001524476398,-0.9327037941005408,-1.7853270046156324,1.5304964535074979,-0.2340687366834765,0.8642134191319769,1.1178471843634732,-0.16681123606465886,0.18435587505085724
2025-06-27 17:58:41,-0.5241917994857884,1.2132651814216593,-0.25158680269747696,0.32837374953396203,0.5343014000615519,-0.5103671167871702,-0.20213699867926707,0.02814507882444917,1.9588279064243441,-1.115984768122454,-1.836367538006187,-0.0549897710414486,-0.280103208738275,-0.3728105028038822,-1.2127576625658056,1.189573415259161,-0.914171521389201,1.4170869905573262,0.22605049130960822,0.43797530849103067,1.5891628265552054,0.7812135815013079,1.474641438579281,0.3753442675323955,-1.5147351695875566,-0.3579737159010122,-0.8439782472907482,1.2554323207839562,0.05518966190434199,-0.4760754802743757,-0.9263398254535171,-0.3929749052172534,0.5243591637006672,-1.9654826704966173,0.641271350654706,-1.261151229688123,-2.6056582711468113,0.2707651305283575,0.5782369238259751,0.2949221812967955,-0.6360182606116542,-0.835722971628911,2.043262700044612,0.23631347402826522,-1.0851498046830732,-2.558475567705881,-0.04383138467926891
2025-06-27 18:58:41,-1.0119221702815926,1.0338408909004342,-0.4063704517884983,-0.9139486724380776,-0.7578755159045298,-0.3100494358532225,-0.7984700441266852,-0.8964475799119106,-0.2582673370595124,-0.0981688324685719,0.7594518580535725,0.18030189174914776,0.27373037700654207,-0.6728907234272898,0.22997065765335162,-0.3356287063699074,0.7382023969660471,0.7428480557398907,-0.9365547377213411,2.4559066649649264,-0.45349771232155445,-1.3656050748718833,-0.7294190675234912,-0.3575710569032946,-0.8315013073509558,-0.777485785457087,-1.8005281098633235,-2.142719886179188,-1.0508388615912614,0.06102067663035924,1.5449756174226539,-1.358812813503794,-1.613678985825895,1.0145393865357044,-1.0761765582976657,-0.7585989358805014,-0.028088270204993108,2.1588120517598597,0.7154843848227701,0.12191829169719326,-1.086575152175921,-0.35581951654868416,-0.1581978692909082,0.29378335968518454,0.2729038647899727,-1.6581260082685136,0.29569799399613417
2025-06-27 19:58:41,0.3585376968471,2.1171881462629685,0.06718138383681016,-0.0203073439358449,-1.5686700784830119,-0.9274327019093462,0.4848948463021249,0.6698284229311628,0.8542077407253059,-0.04766217667493644,0.6145437919939061,0.1919392312175941,-0.455046160411799,0.05403377191724545,-0.9138242960797099,0.5296731912104559,0.434823967882747,0.5391336639138803,-0.6417289179091056,0.3536294573107875,-0.5197873756587074,-1.6016509488097748,-0.2986435925514207,0.09578834586491537,1.1178204026130754,-1.9532167457496352,0.2619159750760671,-0.7551067940023583,1.0533006177216961,-2.0846559018498136,-0.9265514760132212,1.0287522843632713,0.7781595211157704,-0.25898196493813086,-1.7787189819446796,0.12643713679509905,0.7885327690018533,-0.3019644220812993,0.7374786601878432,0.5111348596195597,2.1139184866098324,0.5958686213058857,0.13468802822562015,1.3193475142328772,0.23416322309146576,3.1338551776269568,0.4476278802960322
2025-06-27 20:58:41,-1.5437785426188586,0.3912973467370286,0.7332606939818903,-0.2681016437469587,-0.5774676058732672,-0.8923584116910356,-0.14216976963291658,-0.6389112825834792,0.34809561332955896,2.392850444709609,-0.7682113403851185,-0.10749431720386125,-0.5151671839599679,0.4842117519744281,0.05303881579696061,0.49718084039367644,-0.029245842022770474,-1.5992650969596802,-0.24126284204998644,-1.5795329085197463,-0.2959440832476261,1.7780283963234478,-1.872983669396239,1.1057627823670035,1.0456952669578066,-1.4090276789877714,-0.868125631500775,-0.2196354565293685,-1.2080450128202533,1.2559245454445374,0.6594357549045639,0.8360021046137501,-0.6627535348389012,0.029736960548585056,-0.3620415078202304,-0.1377054849577748,0.11928689436462521,1.1147794776697806,1.7663013240121994,-1.4411314666625108,-1.0325923690814627,0.24709410304857907,-0.779035812633166,1.4356989824123974,-1.5612855791776914,-1.3260898471613656,-0.14027954489826397
2025-06-27 21:58:41,0.02460566516024158,0.23189023961959748,1.9127793637750903,0.2369684758911551,-0.36620784201154705,0.9106367763465846,0.3002153067305093,-0.8352472923485802,0.8192215067113345,-0.19735919556874362,1.0164140111718136,0.4739357986487896,-1.8309500296116334,2.136171892778129,0.7252401289906586,0.3133028231245317,0.046045249174313824,1.669091659869729,-0.17662985980590537,-0.11545916474603385,-1.8878079149788567,-0.8752797196297354,0.31344435789590896,1.1929790731013368,-0.534116078648904,0.5540468274181463,0.0008312133480798329,1.027642975650634,1.8029036122506927,0.3490017198674577,-0.5859973260217601,1.2522214939443972,-0.54680049192499,1.0181685979859387,0.3571245005797491,1.1046254804213347,-1.5413309498810566,-0.08184274983505288,-0.7860203522753652,-0.5191788262763118,0.14058598221829688,-0.9579414234410759,0.9174332463199444,1.0907320655087813,-0.929740574797517,0.2484959646741498,-0.0033031743768435185
2025-06-27 22:58:41,-1.5379558855876676,0.444486415630581,-0.24346017016790408,0.1160253721124009,-0.43486093195183895,-0.8801340078967624,0.7776234986819154,2.052226284520492,0.18365902631870926,1.1545793336095165,0.3496902258777029,1.0365413579582619,-0.8004670565617835,2.2293562628484205,0.367455647373154,0.26296187379110164,-0.25465821807647787,0.9105020350431076,0.9013269983567654,0.08149604635147481,1.8625307005886067,-0.4430487975518651,-1.2716688477704505,-1.4725514589802886,0.02570971550294546,0.14839147288153076,0.299570469946454,0.7038060820693973,-1.2056969066240557,-0.2695380802706687,-1.5523293185636684,0.0791509667077632,0.796656903426776,1.049435407829808,2.803659125995572,-0.8308046447448729,0.16153867397486335,0.8937047777133365,0.2274237627459768,0.28434882989119437,1.5180926562418167,-0.20285481110862302,-2.2605156282659484,0.20034630053416644,-0.808355062653913,-2.2265368665395626,0.5756475083883512
2025-06-27 23:58:41,0.6318345654576358,-1.9295481114708581,0.657297449466468,-0.3484007496410094,-0.17581646314819627,-0.6047515509288997,-0.8566227769903598,-0.8577608737175055,-0.6078623813657958,0.2527530266607434,0.10851850032714502,1.4309806825703548,0.3908078600608554,-1.0009647643952644,-1.1452838850333367,0.9324035446798576,-0.6724015602346165,-0.549459979681763,0.6787352820487094,0.9309934737773254,1.2189126158015993,-0.051370490145023213,0.3461170046849171,1.4805501989640748,-1.2207837826337118,-0.37815644813944593,-1.8352030936011616,0.378250326135996,1.240649121644709,-0.864197060180068,-0.7719640672295867,-0.6292570514137472,0.8488781441406171,1.5375685070836425,-0.4271663229952509,-0.13634683511267437,-1.05132142196568,0.3107770817340515,-0.0647164432886659,0.47990637669019126,0.662324530690928,0.01791274079957427,0.48703128085152053,0.02842379108592135,0.7275113056144817,0.6884136043423829,0.5453192315518032
2025-06-30 00:58:41,1.3892057291011806,0.7296014890371718,-1.795156613142548,0.797106012427926,-1.6624552619961563,0.8099580827941989,-0.18686134531731838,0.6451748976606014,0.2657849534429536,-0.14449937854988146,-0.13556308577517104,0.7010237230070572,0.5687808259669848,0.09382648255474366,0.4802522756342979,-0.386978214930057,-0.15717551153144707,-0.9334652686217794,-0.7326842424627809,-1.1443321235864532,0.4839204861004532,1.6981954690403098,0.8402202598339643,0.620977781150008,1.0514720564246374,0.09623464870265454,0.24980860103972338,-0.799138169316303,-0.7972194355866866,0.17461340454316734,-0.1708006595403231,-1.179503853301745,0.2251851620239684,-0.38358056275667923,0.37690953908282704,0.5330616337033586,-0.10119693924915105,-1.0437204558694435,-0.244954550213635,-1.0752532489747453,0.5062669924969951,0.12358372756010554,-2.06027956123754,-0.7412108318308115,-0.011650436797981624,-0.525808529282637,-0.7669036275898689
2025-06-30 01:58:41,-2.990770168878777,1.3541712244753592,1.6713721608697267,-0.7469539914816717,-0.2095852232515019,0.13365255992985034,-1.4853660160201447,-0.6285527429758072,0.7249893813633611,-0.31769099551142316,0.42875060072588994,-0.7592941613084316,0.818452720098102,-2.0214987969238596,-0.3420083034451098,1.8747263314770664,0.8798162512886654,0.5846239530602456,-0.31487586648726534,0.6226470782626928,-0.9857039463908417,-1.4117321299010108,-0.3895281001311454,0.840138383983302,0.4485748867818272,-0.6725522612297611,0.02001515385696043,-0.8347533423052446,1.6251104728307584,-0.9664804201113433,0.1841495733158374,0.872415204005684,0.6784366472431036,-1.065303230551153,-0.5377850509400987,1.6263575407654385,-0.7539711150082856,-0.16583100501365314,0.21191108298980132,2.209157606442834,1.627507920487053,0.23288866024858573,1.9793857885719268,0.37511152521630886,-0.04042016384544649,-0.7510655264169558,-0.3109668643204852
2025-06-30 02:58:41,0.16368550517030314,-2.2113896922347585,-0.25747037676084783,-0.07156731335371687,0.9095424379187643,-0.5821116197825744,-0.6139126921904192,-0.7531670842720162,-0.9136152694147114,-0.3043020139919675,1.0528397146307895,1.3932578722906457,2.5986932880530285,1.0571099998494473,1.369686746958966,1.046178044202616,-0.014108152350989561,-0.40689640784755016,-0.9981742452141553,0.05848142290756454,0.0016602723199921736,-0.007426254566606542,-1.4467573918964298,1.0360943965027893,-0.22894109130616316,1.182194283319611,-0.5512532543640737,-0.36358310768853797,-0.7598540463466329,0.361769666721171,0.30464345923615727,-0.5722147501899213,4.155191965457782,0.33715128996869037,0.3201178446915681,-0.6835637216580234,-1.5570094199520421,-1.1177842858262095,0.7417093002279773,1.6361544037790767,0.20964101690585793,-1.4157919857634298,0.2068683861784163,1.2432247092185726,-0.8138561287651237,0.9326916542252192,0.12434157186438434
2025-06-30 03:58:41,1.5724513173879633,2.0200609796269537,-0.050942819618792975,1.385509931745432,0.3274923536557074,0.45868121776152543,0.6112491684797295,-0.20288355094132604,-1.5748471307124203,0.2320210938624389,0.070329940560216,-0.1974558699677087,0.1296304034472449,-0.3564584963779449,0.8198182088463276,-0.3127800856128211,0.347499600126691,1.083402921210448,1.0531227840344326,-0.42714730485905567,2.285124669998288,1.6299517131019794,-2.4213405088086506,-0.7719685052672886,-0.04321879229702091,-1.1601238847710025,0.3856671470695549,0.26353107335199416,0.4880002435828497,-0.04282035378179774,0.21670590513561877,1.376798207921302,-1.1033286844615924,-2.070381684171083,0.153211100575563,1.5253169281188879,0.5935546747984816,-2.3255341292922154,1.1646100383540474,0.3555416498292683,-0.8748096930723458,-0.8705229156854958,-0.9061498525055999,0.725062640772549,-0.29083145801405424,-0.04578410907563555,-0.6002410079749788
2025-06-30 04:58:41,1.0985131232590806,-0.43979887400482315,-0.9856877323523063,-0.009253133038917354,-0.912275175536849,-1.6748725156389626,1.4300977486677502,-0.8110009140172093,-0.475571489709164,0.39825692095842397,-0.46960636957566604,0.037427183542354525,-1.2781175471359238,0.6685805051179984,-0.039157948284660966,-1.1786424340691335,-0.06493652510185713,-2.7019148239283113,-0.14963485866228343,1.2764704663554776,-1.0078121181795878,-0.7740427526374339,0.95332533879753,0.19493601496269325,2.1085587949606652,0.3958803818919663,-0.17074292464444266,0.4092694435579819,0.2650206301130632,0.6077011357775092,-0.46709773799342896,-0.6997406032633017,-0.41291863971868326,1.197498908786824,-0.005993094543164617,0.11249815203877056,1.818433431729685,-0.9051740744193318,-0.7476648856779045,-1.2426219989972298,-0.2003772592075188,0.2957312714257959,-1.7914682395117896,-1.156778796988257,-1.7403622891613226,-0.32197107259052116,1.2483137672828932
2025-06-30 05:58:41,-0.4083118853804514,2.0167488528673827,-0.4724373011200189,1.4933191775827264,-1.3021223548255956,0.6769657961950706,1.283571433100215,-0.6505098634629961,-0.27013140423273857,0.8240969962842378,-0.4726806681061626,1.4064184259296235,-0.3083478142766503,0.3956288274743166,0.6956359303023718,0.11878487824862682,-0.39902969632114194,-0.8464402282230904,-0.7550998733113816,-0.5836991556474281,-1.8576172766778845,-2.2071088658931513,-0.9019766686074449,-0.8406686844896024,0.1104377124865497,-0.42195350366628864,-0.29551680971930233,-0.4257186132413852,-0.14270848750809323,0.3390106894093228,-3.0994201029979798,1.0205100444561592,0.3072278889709511,-0.8684145772156591,1.5594214702883207,-1.5440388671733107,-0.3163942832909421,-0.7599279828464334,-0.4468374244104063,-0.8352596705722749,-0.9495285259656571,-1.0659784332673432,0.6297486848191949,-0.8331729446110957,0.7322030070217975,-0.4722995129228618,-0.34819530480657435
2025-06-30 06:58:41,0.8354155910620923,-0.41695395949161906,0.3398494607656662,1.071061461356381,-0.05892899967527738,0.3347020018672585,-0.25668649459386705,-0.17781703277129146,-0.6323405728976161,-1.1198868940071778,0.23480953341781574,0.23333679638302643,0.728064962643213,-0.7248195353022028,-1.6169933484529482,-0.688419274989656,-0.8621554434005091,-2.2854983902351753,0.08115935547459224,1.190670830733938,-0.11399634316670475,0.4059748616769926,-0.1652736910984988,-1.768444145472526,-0.2825612602673681,1.051539877541033,0.3013203608994887,0.8414777063254406,0.007388347808341435,-0.40708876322985327,0.01910690816114112,-0.3069971561653936,1.4920712015524753,0.5046311800800986,-0.27165372520629766,0.22754548331029376,-0.2561744977890285,-0.8660535848288827,0.3810104973516389,0.3379400584187955,-0.28635299412751597,-0.07544432129578749,-0.8421052312667177,0.7792251020694351,0.12652559961320223,-0.24343362893009204,-2.216580386012826
2025-06-30 07:58:41,-0.4797408072301589,1.1446198612035408,-0.6697059697422644,-0.7655639883668688,0.8344124721089328,0.9780051382208169,-2.132814771246666,0.3670825105327429,1.779709213027954,0.8264266477297019,-0.2069283551142875,0.45271829356689913,0.16946295009162118,-0.2771167350348255,0.4914583120176772,-0.5984116538001719,0.8806418935102907,0.4938794179253318,-1.1644415103643824,1.0524877657126068,0.7453490452163998,3.033203924184175,-1.4534517162901257,-1.2728701929861557,0.08879882627358004,-1.679510358683607,0.325085604328261,2.512101251324447,-0.557397697497315,1.9061456129974135,-0.12152235061402201,-1.737178087796983,0.49320215291844377,1.0899263103634986,-0.40143882873630016,-1.8318869820732075,1.1964080636215266,1.2289340881100774,-2.385357958095667,1.6835416613207104,0.10678377975027806,0.5939137514308213,-0.9696023846607571,-0.3670764198915145,0.5514287177045206,-0.49394257028123484,-0.5621151987689806
2025-06-30 08:58:41,0.09492068381418642,-0.01493645604194428,-0.30745243445777737,-0.48528627843483224,0.7013942776392085,0.243257628034822,0.9396647382522987,-0.6130486778477374,-1.0121018048024504,-0.018181792401893368,-0.14236626247245684,-0.4973139182650857,-0.6169392702346588,-0.888837217260093,-0.5350895424032115,-1.2776629021699746,0.20195022476968144,-0.5662628778653649,-0.25090865972216303,-0.7665155823708956,0.1906737117724036,-1.1079154024673328,2.045656718278141,-2.0555994770940518,-2.6520698750829865,1.3769746976135873,-1.606985592685669,0.4518198808891941,-0.9163789693683023,0.10484908598308129,-0.77106078882347,1.2333672177652868,-2.873140579721374,0.620883894102937,-0.132448321833358,-1.375123149673731,-0.4549961210195707,-2.0274330624454087,-1.1824235410811619,0.01709605480527783,-0.8496383631122991,0.13059897141519627,0.598957465515758,0.8900815301180841,-0.45299731526302567,-3.339515741456231,0.5302673137900462
2025-06-30 09:58:41,0.590833422228927,0.6661284723611015,-2.7680760142692984,-0.21903875139870743,1.037874713229707,-1.5575620075042158,0.775289505404031,0.1670253724968299,0.4173757165236936,-0.8751397121649931,1.566611624450195,0.6389320698178932,-1.2983790907024713,-1.0221268261316134,2.8484554191585603,0.5736427188457183,0.18710824685046926,0.986419617740444,0.3818327970220909,0.1366613128101166,-2.018948141010649,0.6267927957518493,0.3514561434575794,0.568701341367883,-0.0417529893825996,-0.19838866112023074,-0.23548991294530727,0.2586675417925447,1.1425327046108908,0.6744037022004281,-1.1622830011628362,0.7738866992230274,1.2488822097723282,1.234067937344465,0.04291332259385103,0.055734081115849265,-0.8684790398930496,-0.10706024380811441,-0.14780995104798417,-0.888217252016667,-0.816916086733997,1.0667187353037773,0.27154538317435756,-0.518946802488458,-0.8163178505879167,-0.8824733863792564,2.3972455745482733
2025-06-30 10:58:41,-0.16055902269538017,2.404742737870805,1.0384854918186874,1.2197815279243653,-0.63278217162221,-0.007135055219115388,-1.4990496460186167,0.8063630226825896,0.9147720711799404,1.6814199184744711,-3.12016550715089,-1.2055372171670224,-0.3550696665308461,-0.09996643418555205,0.08819949296259852,-0.16004280885382557,0.09846466422157045,-0.8559102077277181,-1.0686327992688267,-1.0011133728069568,-0.21169757046019883,-1.0351655303251683,-0.5578787815862527,0.22665429606835522,0.6293610607792439,-0.8953976590339836,0.9020617640252853,-0.6553259179674875,-0.2343813181030996,-0.07776352502990504,-0.5479107001204604,0.04790243816718896,-1.9861656662208371,0.36218999061524204,0.5713818081700379,-1.3055960255463397,-0.8381635874703502,-0.634255662616327,1.562920504213393,-0.4903628480846583,0.28121175535199383,-1.2748240759469538,-0.7975344082273861,-0.5457950945044115,-0.30146345283411397,1.2394491288563396,-1.2667395853141554
2025-06-30 11:58:41,-0.8842126290551534,0.6849324396214026,-0.42943975756851827,-0.05774690260492072,-0.5828878786462791,-0.9945371839161702,-0.27484424880129227,1.1781490546033448,0.6906740409524768,-1.4947546672967735,-0.28849797722070253,0.4043022569838858,-0.840381853734558,-0.48803546973394246,-0.6138492650429872,-0.8157627761259414,-0.22944815035082022,1.1362929274832492,1.5761065220120443,0.6345580185161346,-1.7002201856600005,0.2968585172271736,1.9234969253031353,1.6765925537082853,0.5372281099254237,-0.2475218900092207,-1.9859908973264029,1.353170056867413,-1.2927964962220235,-0.6027117603155302,0.7262999219283158,-0.31722087580821506,-0.5314530070190715,-0.054022170939715765,-0.648307477451409,0.26455575739464043,-0.9611992281544866,-1.068345435798984,-0.23335250355336729,0.588840327858384,0.9417903176404618,0.14585694229235088,-1.663063996229458,-0.2965091836306335,0.801489638015006,-0.6548684457614267,0.14291937819922584
2025-06-30 12:58:41,0.733338649040216,-0.4138341086892839,-0.2769462241831264,-1.5149530182277786,0.3785153745012324,1.9307701446790093,1.1220964434039529,0.7166220241842238,0.7648333110918714,1.5557444269618061,-0.304627631446383,0.0008746216263262141,0.14419012773042464,-1.8513553453469385,1.1419804625216983,-0.15392657438194612,-1.0756690683220833,0.29705997480995383,0.06513258433934158,0.7775224154043137,0.06285988349932824,-1.0400799913813803,1.3231123324649994,0.44060652177077786,0.1325367446259109,0.10805300799614762,0.8312110707359545,-0.3949298285664354,-0.3611665363558498,-0.6247554792216387,0.36599938834319734,-1.2823951611085311,-0.19991375077293913,-0.45347522945797647,-1.352696523171412,-0.9258023528179917,0.35007262317556226,-0.15768770663443873,-0.4181001539104561,-0.39938774941300087,0.29425475766124526,0.22192577313333894,-0.7814739496147448,0.36888254988302205,-0.03713571498828691,0.036709052281768274,-2.1211190799571193
2025-06-30 13:58:41,-0.09914499758439808,-0.003155542306552744,0.45923022919651585,-0.7640423063883788,0.4069720229904909,0.22537478478865783,-2.016204223165098,0.08271164467852063,0.2606733610278764,-0.19382375737685903,-1.5764939849096822,0.6434093541985997,-1.5561162049529527,1.284057494372022,-1.1030980824947507,0.5813562487506044,0.9801833975357496,-0.8902468900904972,0.1847036698299359,-0.1790550726812157,0.1611239475631623,0.8986986401173153,0.767997830302744,1.110538856610857,-1.4384774225691548,0.8824301473570212,-0.982604107903788,-0.7919606892621455,-0.761715273290297,1.2988420773111142,1.5895083211096264,0.4280828139113195,0.18659297961680446,-0.32247453702309986,-0.32536902859042754,0.0805655109296184,3.094941715817194,-0.1582162691429139,1.0747458235454932,1.4291854711665275,0.9572147712222456,0.36619130025220703,0.11662008814915382,0.2666747279025455,0.8990835277079563,-0.6098560842501051,1.8322292035560348
2025-06-30 14:58:41,0.01717106753666051,1.7385005339090405,0.7191426404740858,0.286168857481728,-0.21353671940376448,1.20795960253126,2.221025829355553,0.6426525779982901,-0.7630738003572346,0.857047532012076,-0.12882440170910722,1.3055405992853197,0.5314524272790366,-1.0894296795504754,-2.171344321323293,1.1273382253566495,-0.7809799959312803,0.8041160063954448,0.18466216278433806,-1.14997825088273,-0.17908928766894786,-1.1013148525990657,-0.0500831226349786,-1.2986440632143066,-0.5386089828263231,0.12835945978774826,0.12416328231354073,0.3015743801464513,-0.37012213193096316,-0.1317376517214423,0.6265135662567509,-0.3733287528727702,0.7737379514840502,-1.0080564897914674,-0.13335091524558595,-1.1492557552274398,-0.6668950447576043,1.1537041299210173,-0.3692154908672148,1.4156179031575205,0.11571821563736805,0.36420624491418224,0.14803529501938897,0.2804662618576058,-0.02539016930537825,0.006168701091180924,1.2090908393676716
2025-06-30 15:58:41,0.149848355563176,-0.3941017523052636,0.9743585525751395,-0.31085164075228533,1.1873115862509214,-2.31156727460092,1.2915067369042594,-1.059642385368269,-0.33674164976777793,-1.1022927012612111,1.6355501230962832,1.1281124607125819,0.40046446943784775,1.0144409299959762,0.7070118547953428,-1.9752821874798236,-0.7950876043344213,-1.2126401951825103,1.0853728568523477,-0.8765220475141199,0.9401245183503127,1.5272604683214301,1.5116643284469167,0.39398651260702516,0.9319277802920598,1.0768050462492615,-0.7749499828984201,-0.08235410175747176,-0.763571607371099,-1.6560471220208006,1.1977102263544923,-0.0437502275830231,-0.7640741537719027,0.22522953194102152,-1.0631619261015346,-0.7062835021584601,-0.552988226642108,0.7047616839560382,-1.6561073603558185,0.031062037076837468,-0.17207615002195564,0.9397010750931419,0.7680662265834676,-0.933903298163263,0.08439446006461104,0.9141781640998924,0.3202625663686
2025-06-30 16:58:41,-0.3580453181509493,0.11708726472856751,-0.919878466271535,-2.091921020646303,0.970666889282975,0.6885108094113072,0.014488081128643684,1.3071012337422283,0.34566700829483304,1.2398131332844764,0.1300866163787016,-0.8802511147308955,0.9531409253901401,-0.4856257756471044,0.5153764660553715,0.871340813294001,0.3577421260279023,-0.11939976416210826,-1.2202968361621707,-0.03682087548102389,-0.3946494462115141,0.3573590245245899,-1.8595915450376646,-0.6903533332082173,-2.4197362696257914,-0.8608570517346251,-1.5086985518634892,-1.001551327571208,0.00239583920263173,-0.11763775210707109,0.831940598285328,-0.3347204786545626,0.6227572989829563,-0.03821373690930706,-0.22225746374616986,-0.8213654166112812,0.5635222902739206,-0.7291690688334069,-0.7411473164201099,0.24088889353023227,-0.07319198483728347,-0.21280359078796804,0.8128860593571898,0.7225348709298012,-0.2638144656218313,-0.8349087592350978,-0.8783559019826048
2025-06-30 17:58:41,-1.6579060464088842,0.6036359979283862,0.14402499716594244,1.1167005163711499,-0.46184937097110923,-0.1332064595957244,0.8871593085361833,0.5108194772114439,-1.1656233693331777,0.14843450069464606,0.10956866950314786,1.3125643551578432,0.48102361308285346,0.13069093402777615,-1.0634837039094651,0.7037081630869055,0.3099873353350237,-0.8703865295424073,1.5487929464557852,1.1956510129842843,-0.06506403699210435,0.33630753076391223,0.8515115823214775,-1.988097498210636,-0.13634418304629678,0.53851470823535,-1.0126536852668842,-1.009526642152992,-1.113523551101611,-0.7874766876296492,-0.27609914218639253,-0.8803682987442718,0.8484897838947706,-0.24566584136789424,-0.2509877338935871,0.7181049146059496,-0.5426796447609175,0.11906886952209501,0.312270609613633,-0.16785478270787782,-2.8737701397643884,0.31615613543798415,1.055516703605882,-0.6633790568089524,0.1686592097668129,-2.192558836035975,0.1910059740805309
2025-06-30 18:58:41,-0.11602291426823977,-0.5170908107555806,-1.2872471480232894,-0.5760587602558238,1.0152635932911815,0.3410655493509433,-0.2803748335663279,-0.22029309261884555,0.7060820210508021,-0.943507018707082,0.5754688807480602,1.694476985652394,-0.21616785447236544,-1.065113998474002,-0.20827967460543736,-0.20122383241614725,-1.4284298300104472,-0.5539116439442061,0.6562644224138083,-0.6912554158487592,1.8650459122055019,0.48695610634865777,-0.25141149534440754,-0.8802122587644947,0.3147640477267987,-0.7973021933801283,-0.5009005707896146,-0.6903861576117576,-0.5405495390593562,0.2835813851930693,1.9832967832000021,0.23978402294700796,-2.3971983836617112,0.12041610383382488,0.08438508676186324,-2.8197066508580004,1.2559733795985153,-0.16055332294359365,-0.18455911070588166,-0.6660396181338251,-0.050288591004443994,-1.3529649862636144,-2.0709882410130476,-0.5586370538390533,2.1105524145595576,-0.196808673075588,-1.90204574966109
2025-06-30 19:58:41,-0.4281877912849841,0.22726230783757548,2.1422340896739507,0.1990306210126565,0.7711314122811955,0.331396711800301,-1.5105559080074091,-0.25477828696166915,-1.0606207850344156,0.34877532174021,-2.4747427689564887,-1.8246992063101635,1.1383895283609196,-0.009753831761803498,1.193507174050999,-0.16050374704969064,-1.3612274134062374,-1.0438953597632268,-1.0293500551403212,1.8579871088800175,0.8610362956642679,0.3951067134223576,-0.6478658927388626,-0.13067998237614828,0.5611108497348718,-0.4431022962199691,-1.2955392580361056,-1.16212243186467,0.438025155144904,-2.2412897308737647,-0.3212402044591292,-0.26060413536095206,-0.6466373853467794,1.5620472536868395,1.1203186576192863,1.7805929353226897,-0.01804537595507904,0.5697053391283152,0.86885944465534,1.2389208725586254,2.1599618805212355,0.054202865697746405,-0.950678586663933,-0.7501203427865666,0.3295621326759479,-0.14494580064573756,0.11534456795852888
2025-06-30 20:58:41,-0.508852697132925,-0.8948738343118813,-0.6605344986800302,0.05350713415647303,-0.06562710762567942,0.8471789929928678,-1.1019728340396733,0.1398103653398445,-1.2550080120689167,0.5622368292404466,0.47788751575297295,1.0598165926152723,-0.2703856356087549,-1.8180200084821834,-0.08481424609157502,1.264272924918067,0.686349303231056,0.9817770713195983,-0.4406187780003396,0.03503315083983211,0.786349642999367,0.48738013238501,-0.48971602131185116,-0.9098495654220785,0.334543192508724,-1.1002839351659293,-0.10914112064356679,-0.6227943493740413,-0.7518093443311911,0.9393111534169577,1.25004575728326,-0.8958403791593772,0.4020269481197749,1.1768820367729078,-0.42759343622037727,2.0126211901944484,0.940710519531199,-0.2500629665152189,2.2032212779093623,0.3475068958090549,-2.1487843590749396,0.8940821861631528,0.3219980177545237,-2.167252652219955,0.03740503271118887,-0.27888923408366795,-0.48982789326838966
2025-06-30 21:58:41,-1.1928431016506902,0.08874313795795746,0.27106716221700117,-1.581387351296906,-1.5918055374450129,-0.5775464068626682,0.05891986862307984,-0.5104422905189195,-2.4540940603680084,-0.798899438614869,0.2563324048053697,-1.1375363837414414,0.6583712234906758,-0.24276657431079085,1.2803312757658993,-0.10651831136995005,0.5632854881590089,0.23652761613299203,1.602415289567869,-0.028119168798405002,0.613800885921118,0.16924470868495806,-0.15539645291246382,0.6323896593091776,-0.4002547509189662,-0.585189595153708,0.5825337298134339,-0.9558645833531704,-0.5130506855524976,-1.2566108625249628,-0.4356361206218143,0.06347658197892334,-1.0773922135297889,-0.028226603776575303,-0.41331655278256374,-0.3966067143694128,-0.7607332966472855,0.15499342012547906,0.3169079914035837,0.6266484088198571,-1.9835799021582483,-1.1934968408074893,-0.5187618376848624,0.5109356379087614,-0.8877498220645004,1.650401472143638,-0.35395070888320923
2025-06-30 22:58:41,-0.4110533466122491,-0.2857139781573013,1.0450590099295682,0.827249150767214,0.3513440854774846,0.23153415390719229,2.1911490287835704,0.7462708076836213,0.2271987692662353,-0.3056506422509419,0.6044411446350723,1.2033791577292412,0.43027221518742753,-1.8232236169521199,0.8196037714909767,-0.6991858570812176,0.5225989254120379,1.23345174293841,0.18645007226566762,-0.4607540006049385,-0.6665908302626691,1.4013187217742051,-1.7398895207503051,-0.6282914394908606,-0.08097332226105795,-2.4392072650806393,0.27052177151477813,0.6383418397395962,2.245433578383242,-0.8462065234821498,0.9903757309929072,-0.14379481991068366,-0.8055766834773127,1.3512975263572056,0.792131865632799,1.341009474473527,0.2781935109155812,0.6894559125084921,-0.8777936884961068,-0.39961606739830363,1.4334289659656154,-0.37884626452325,0.5619696522543693,1.5387297272194445,-1.7253983972850917,-0.10480728879337951,0.3974422224917539
2025-06-30 23:58:41,-1.6783519797927673,0.6825598904225518,0.12902737802704314,-0.6953325294143142,-1.1255925166407104,0.1548566968481634,-0.3186265860583228,-0.17142961754772088,-0.32828527609559427,1.0761908500889035,0.08471846449558641,0.48254777389863535,1.2793888166694778,1.5486368603429275,1.921590679126504,0.5155445494435169,0.13571699338958332,1.353018602275365,0.3082213995418151,0.9991120744251172,-0.2943038443179748,-0.6833385633534507,0.09517830078755844,0.6571347282817441,-0.9624250854005486,-0.3177132181707534,0.014725153638229547,2.586140957743095,1.699590132072136,0.2429908909996069,-0.44187674930651816,-0.870759757833428,1.6748258864019274,1.873295148918046,-0.7095994194043996,-1.1647142692212433,-0.8312092259045515,0.05405910006420006,0.839519832866985,0.04031753563581561,-0.41994264892117267,-1.581921229055736,0.6839377653771584,1.1769879372185734,1.5572248432628062,-0.6158181975471623,-0.7933533997985375
2025-07-01 00:58:41,1.2100217173493144,0.8873585847531664,-0.1728491543831011,1.300047562405985,-1.1078133135526382,0.23085037545296783,0.09341333424660896,-0.6901730127601091,0.0015901666944044403,1.7081049180602224,-0.1855171153244836,0.5282985906596898,-0.5069273218991815,0.6373685632213563,-1.4553419654077915,-0.6539130897110003,-0.0571443142146413,0.9205698213883178,1.2143724234538216,-1.8724411653976654,1.1094777677070058,-0.5444867341271801,1.1654790801902413,1.4639751798293463,-1.220478290801744,0.05487692336215015,-0.35652955580385964,-0.9978280204229821,0.5946644816258443,0.5249555434970773,0.3447692996332782,0.9881849237786439,-1.2968934923577806,0.5845492531420948,-0.09297863547768635,-1.0492449111466329,0.5519503228964693,-0.16734267963324764,-0.7440789941437025,-0.23631841843965443,-0.3627039612079118,-0.4741695179635975,-0.7290862755497217,-0.5019235037921072,1.6257080550772482,1.0874015065743343,-2.1446251627653314
2025-07-01 01:58:41,-1.0066546742410782,0.24347173205149789,1.845788581384137,-0.16424328698047277,-0.7048470120689226,0.797135508124792,-0.3120045837110053,-0.4685050072868526,1.5809719414059782,0.11047993208237038,0.9049631427862975,-1.8395271643333846,0.007808503755156475,2.4997133520782544,-0.04927860739778794,-0.7033635539872409,-0.21485211261738718,-0.9151078557821349,1.2491875733495281,1.1314120561696557,-0.8963301118545471,0.5005203093129991,-1.662799413887977,0.778555937200836,1.2423560304965917,-0.5743250226916993,-1.4322734240397155,-1.957798272177177,-1.0239101523337737,-0.06370678942941499,0.23694784389159984,0.4302352338702187,0.5127918315516663,-0.7448983787070647,-1.1337188918745944,-1.2464443190337475,1.4787664271827288,-0.8354592112651685,1.270701970507432,-1.2382409091543491,-0.3656655676483007,1.2886814324534006,-1.6664288374895875,-0.16906882056826167,0.06839244873661048,0.63050617293924,-0.6238165080852492
2025-07-01 02:58:41,0.7052998331085538,-0.8799652607394574,-0.1374911780471582,1.3486784861530452,0.5429611925752332,-1.115543770177988,-1.638222526686122,-1.1882888235876452,-1.1575580371590948,-0.7563390002975592,-0.9989768271549119,-0.39221521267111137,1.6998040147636793,0.1961290217660041,1.7951250681510202,0.5072449388639408,0.8613511253967692,0.015185833429028897,1.2103857620086331,0.012015211325115138,-0.05245366683618314,-0.7072555552799621,-0.6955634200817201,-0.25160306574652536,1.5354681189857236,0.0868366295118444,1.801185188315478,-0.033176850690829846,-0.2033150997876727,2.140605191877857,0.5752804580344225,-0.8288656575060777,-1.115989982697553,-0.7749039187418505,0.5698765547192081,0.1376218800872484,0.909637854402835,-0.5010263826885912,-0.0056021334207466454,-0.1607278844061008,0.5451783017371187,0.08501291527271156,1.0206841295315345,1.032221060436815,-0.03201959825330816,2.109376954897493,-0.5806464825171979
2025-07-01 03:58:41,0.22019187049404523,-0.13354300492394144,1.6627507274944986,-1.2329720203235308,0.6275506341082268,0.6841372072664825,-0.4043993697060132,1.552073252678649,1.9794789671608068,-1.2166892613668856,-0.026839396118197283,-0.46358723930693285,-0.1207572717826067,-0.07745039318399703,-0.4552920032143287,1.9081341306356339,0.14750527025906193,-0.06957211557140769,-1.7692462288430744,0.3118850151304097,-0.34719489401346243,0.0144749923081829,0.16756861451737126,-0.031516934180343126,-1.8863549744989148,1.2806054214958325,-1.9192574106502664,-0.4067769888074017,-0.27792959257524924,-0.664077416434792,1.307554813661987,-0.16700825344000333,-1.487301927375969,0.29507556308496324,-0.5085952518392832,-0.48670627167548364,-0.2643019117805178,0.7619882850842109,0.20455388760753299,1.142199581001222,0.4868933190290126,-1.698427616430127,0.7052947505563403,1.6391790624115585,-0.9986954475999502,-0.2833770137298907,0.2676015996023996
2025-07-01 04:58:41,-0.13627747154550632,-0.3230212493742136,-1.5308172457746512,0.709905996911868,-0.005832896012552117,-1.053480198213938,0.14207372860542206,0.7248035787912764,-1.3802894517401247,1.0948129063831218,-1.496110674954077,0.6439574318358582,0.7086845628293345,-0.9165986217375469,-0.49056162163247635,-1.8961132951203026,0.04769599425490635,1.943446808961224,-0.05781333248118877,2.0304059067870206,-0.3501976423023449,-0.8653161546453433,-0.1655351236865744,2.3487236368653717,-0.260225642092837,0.9687450352455511,0.014971647310545667,0.5128684008405362,-1.6157577254347035,1.0625226769612073,1.1946586648543709,-0.3223639530498409,0.18309250524520612,0.7475850187817925,-0.2265845725860127,-0.9036899122701201,1.610858934003195,0.86120876422614,0.055741503077003575,1.8640546548007646,0.7439484680363088,0.21642605045668412,1.7489699296156933,-0.796515252372837,1.4975626522465573,0.010423843617101762,1.769537656720307
2025-07-01 05:58:41,1.26127350877546,1.9540951731434772,1.7190843673489493,1.8208142842191248,-0.4200222941855965,-0.4042327520191394,-0.09296256924382873,-1.3784333624155598,0.6475172472437585,-0.27427408741104276,-0.9837284144728122,-1.9975217399305947,-0.29847092551040294,0.7327755283385239,-0.5646742221425964,0.6365360530681126,0.2393708765923561,-0.2834093480680416,-1.4146752305710832,1.6629226343041765,-0.39392702882828107,-0.08985517443325,-0.8654841908260217,-0.34721041378743617,-2.44947720111666,0.924704918735328,0.2640042654483184,-0.8794118737343897,0.6587183427431713,-0.7642351880666548,-0.48859369636045397,1.4736361578707375,-0.08412461960904698,-0.39478849026993756,2.2405023988765334,-2.6702731656113996,-0.42566096303836815,-1.3407079392266592,1.0986375654027114,-0.2956280482621155,-0.35165241800955377,1.5214663816882714,1.779195311584176,0.5777267276425814,2.2284450959486315,-0.4754663989522321,2.2729080992765835
2025-07-01 06:58:41,-0.2560642659140934,-1.2133328288668006,0.10432511898235604,0.5067056268056943,-0.9758524145431483,0.013274967230306193,0.2618141909214242,1.4295274355142888,-0.6376989172080537,-0.2938511340109826,0.22331094491837813,0.9318053951959153,0.22152308865286327,-0.3687990100031076,1.3053366680517315,-0.6487171993624486,1.91117498082619,-0.1591694628718195,-0.1637666170613168,-0.4439995134590753,-0.2994753181763597,-1.7346237107290827,0.2932664825584,0.6955679697555177,-0.31546061192182595,0.18936664431992054,0.009778767175209967,0.3454783303950966,-0.010213442846997288,-0.6825956892397546,0.3760147712479845,0.00744221258772753,0.07933278809247964,2.982116457614918,-0.9787725873169267,-0.03070445908706863,0.2944426380638504,-0.3282699738538751,-0.5414878907822812,0.5972464099559707,1.0187527075124656,1.5421453538452248,0.12878305748397076,-0.565817240458943,1.7447796614671616,0.8774503422333895,-0.9251101257387322
2025-07-01 07:58:41,-0.08402616910907101,-1.3625370505292334,-0.8645302002632277,-0.6184699784593353,1.405903201621049,1.5533164342414496,0.25061046949252863,0.6111346861773006,0.40132498204102357,-0.15197461897885503,0.561044712926054,0.4851786796195102,-0.505270792779919,-0.1959613247485395,-0.8939933692721184,0.4442544546444289,1.5134887926141964,-0.8088080399753859,0.749181807119171,1.7314924000518863,0.16709062884563075,1.0685600176678116,-1.1393672522290306,-0.26191971758983795,-1.4154276748954038,-1.3144628756343089,1.9721385182834419,0.2069977851148837,-0.22898681109419083,-0.6061153911390732,0.3243993761114428,-0.4865276294625178,-0.6285635463808318,0.8151886253850198,0.7012876089611914,0.19100453629841013,-0.7322867050967948,-0.5006539021316202,0.16006722410696006,0.6780447068781214,-2.526338825215334,2.273916321101251,1.3087605420335244,-1.3604027717887184,-0.33538145844406075,-1.6385659992594321,0.1898445390370747
2025-07-01 08:58:41,1.251442353558893,0.8929129071680834,-0.05123570266243998,0.07945042902106766,-0.34431930138131883,-0.44261199779673943,-0.16806343431005147,1.53133487500989,1.0366154300808175,0.8219110738907117,-0.11300715485501284,-1.6444560816205438,-0.9367056625902673,-0.15136285217665282,0.7499678450712989,0.19284015850340064,2.4984795751582256,-0.22776375144104527,0.037136108182029975,1.3166448910952298,1.182983963465074,1.5806797122827687,-1.628659685579927,-0.3924413492472996,0.9571610231331145,0.14857826200502397,1.745980235968881,0.6978982796351225,0.9472770439983613,-1.2998823606429974,0.011303908152213878,-1.229773237100862,0.3282089518662662,-1.5104705406749008,0.3816274776927668,1.230518371421431,0.07165095691900394,-0.8408284862529772,0.6548397109836483,1.014412219213758,-0.22308784778527715,1.114084017295582,1.4467176047201118,2.3710597719805757,0.09345513103932117,0.23132365209919553,-0.5838458233416696
2025-07-01 09:58:41,0.46538717140374897,1.4123944183650374,0.03388410469105091,0.9244948939616466,0.7071967212017225,-0.7080617968685496,-0.8448117974336364,1.0978985264220271,-1.0721865139402382,0.03165503049047373,1.0934098408043813,1.5367898546177345,-0.20978449802106416,1.1568546047330042,0.4928402844802123,0.31023337615942154,0.997802847078389,-0.27036523003949947,0.677471934196445,-0.45887702933039387,-1.261629303586028,0.34763240001321283,-0.9379488816915185,1.4859336714326605,-1.9954912773010305,0.457460388582483,-2.392832985877503,0.8776131871248865,-1.3381156164726373,-0.5887997401700534,0.2138965568404422,1.5750925152436799,-0.31792120817694974,0.5281246386936232,0.38809468619740534,-0.7797221411385927,-1.4296501967754511,0.3688493115334645,-2.3004141801899847,-1.2357098580839656,0.43120572188935774,-0.16667750785010685,-0.35578694637319486,1.0370465241531734,0.6120957957970863,-0.4939126856375836,-0.9760771520745206
2025-07-01 10:58:41,1.127630653216688,-0.21161632086744575,1.9323751623761711,2.2308083943697774,-0.8059550945863725,1.5908182700348552,0.1087729924210807,-0.12609306165136103,0.07829776154843969,0.3267972806287603,-0.8565851853198935,-2.672909488537345,1.3244060766075052,-0.7082911229761831,-0.7135710419062536,-0.5832946114551514,1.429322134079206,-0.5835134381190316,-0.9171593890158716,-1.577334501335034,-0.3352461399937852,-0.41376196567785095,-0.5251627908661396,1.0472721646845642,-0.3169699975491747,-0.4891283651090955,0.4921120518020441,-1.26435392399893,0.1927223706290462,-0.23532064445274786,-1.7546642651004027,0.5396163319279809,0.5791488105798362,0.8302553940483862,1.0300240441360964,-0.2685992606212364,0.2651672335227738,-0.7869798013415228,-0.09483135593639534,-0.12362305477953384,0.8131329877241362,-0.2105908721850187,-0.34188447823406715,0.06957670681713017,0.07227993997637847,0.5563766806675499,-0.8706397282444097
2025-07-01 11:58:41,1.7353811211815318,-0.09750169431142579,1.5853886360061076,0.42470294327194474,-1.258613685283605,-0.791818977614149,0.08099565582048777,1.5183974602044175,-0.06121661741428928,-1.436392763756362,-0.8726681810043256,-1.655332128009136,-0.27316620605650793,1.7628475184674721,0.20831388694282577,0.5387832702755744,-0.7897265666779076,0.5438449823408736,-0.9973257767313495,-1.4987786940721504,-0.057497854330211616,-0.893248367929904,-1.7757809017754025,0.9476834885631673,-0.5004187954003824,0.6423518821170501,-0.6682731114267149,-0.30898913183303456,2.067500374187544,0.003348549526737381,-1.0744920860260943,0.8240710105058093,0.313379009945725,-0.7142282403373255,-0.1340968757363075,2.3345092209085494,3.1799488544666805,-0.4324972653267044,-0.6819547279119361,-1.3080379781719638,-1.0662302019050283,0.8796580504036051,-0.7957755400964486,0.4351280766683395,1.25675161373372,-0.08194628776285084,0.00024000894714516606
2025-07-01 12:58:41,-0.26812733220961,0.4878305967633141,-2.2041782662341847,-0.9889654329548092,0.06339274507980693,2.0544417212669837,0.554916904770542,1.238540130889483,-2.426245162148765,-1.070053354153691,-0.2780878723185394,0.12215724127011958,1.4642325417064717,-0.17791103958022444,0.21813934294071954,0.9695115264567689,0.7202165392494777,0.3497546618024044,-2.034070740641461,-1.0179493036625185,2.827172807532583,0.6373754402042613,0.20191160107106626,0.4518287935339425,-0.34654205507787816,0.21184316833731268,-0.4575427877555527,0.5720847676331549,1.1983731453212243,-0.7092562868031372,-0.2679106363357126,1.0234863766795748,0.08975618881638459,-1.3999526930441741,0.22256545500829575,-2.070288545243892,-1.882316618618579,1.9119395651111026,0.4826315887652958,-0.03777845475050351,0.6219564726088692,-1.355780289087166,1.0127822091569105,-1.0250182459978598,0.57416694019404,-0.7463923586802648,-0.608952905060404
2025-07-01 13:58:41,-0.6397494396272989,0.7986418053712463,-0.3112396903050157,-0.017431827837823405,-0.3852335891259903,-0.8207318480243834,0.476553244832565,0.3597051353982922,0.8204909815398136,-2.86001306805971,0.862016362572687,-0.7636842183373161,0.7591304535745608,-2.2225576828177327,0.34505105794817537,0.1454637002818891,-0.09384491172322595,-1.3465061238958214,1.2689039251022782,1.9154456331505623,-2.0206634780272528,0.7831029235309801,0.519949346429243,0.7616270374424805,0.0068028346935745014,1.8393874819094658,-1.1452735434147017,-0.5705492846128879,-0.8063956869587191,1.252847981955671,-1.4285059276458874,0.2995912324155723,-0.9208695817134438,-0.5616724748342462,-0.5522931310467835,-0.5186471957267368,1.0486919233573682,0.2888833460769474,1.0224678724374736,-0.529773477414186,3.0191718065411575,0.6311665399395173,-1.6825553661584745,-1.1536997237101807,0.35201277394793123,1.7528327147036304,-2.833156473557107
2025-07-01 14:58:41,1.3246570201943795,-0.9935632649073366,0.8532383623868771,-0.09569619438921087,-0.8094716585048712,0.13230813062395608,0.7943063260028845,-0.33745151961126935,0.48397949678684987,-0.18286084994947133,-0.061345092605393205,-0.19211132552804427,0.4015925044774596,-1.0902714716812079,-1.0210756437576607,0.6384905671753759,0.5120718271210494,-0.6413412209472309,-1.657782162861444,-0.6969182424522725,-1.2740296575236285,-2.3459689974224975,0.9399942726645986,-1.260089429155551,-0.8826558648126391,0.2590602283182687,2.0665667926510327,0.7687218574768078,0.6093094351156438,0.36173664746121065,-0.3997218113431872,-0.9884918085424544,0.7037224627184806,0.13416682894064605,-2.575149488619549,-0.578879544333074,0.023603151757610963,-1.9718723402364127,0.40276109222008377,-0.5558727062722685,0.6745476219180997,-2.158375373421919,0.8221286495123088,-0.711150335836726,0.0494820116488751,-1.6514743808730532,-1.058946128984263
2025-07-01 15:58:41,-1.1520853284354289,0.937816720119955,0.8662946846455045,1.2895105102943512,-0.22690233961321526,-0.21534299879356522,-0.8494495144296735,0.06440272055853348,-1.3377432560761668,0.1556136777679798,1.240735665778731,-0.042445704755722506,-1.3831355802067082,-1.6903328863557927,0.5352088319954738,-0.5839747281086946,0.2529460513424885,-0.867569179792153,0.44249272788637894,-0.8852050527073292,-1.1929611403505451,-1.3902894208468843,-0.9702354665039186,0.6499098325903208,0.5913845003642069,-0.5032423479460862,-0.6181916361170765,1.5763557660394234,1.842752674135601,-1.0836192411063155,1.6115961844208075,0.9897873797442287,-0.5483059755090621,-0.15246819492758693,-0.1611333880517274,-1.0531668704371002,-1.9280345781270674,1.0298962892533634,-2.2267839612899594,0.5712713508484439,0.29794140610917647,-0.623989685769416,-0.1578905844302491,1.6985010519536092,-0.6460238954884792,-1.5738953543962388,0.39565394316779096
2025-07-01 16:58:41,-0.6333658620291698,0.851257538413911,-0.39604427108445983,0.46114095372527386,-0.05216875519984626,-0.22606611406420699,0.07244753295347436,-0.5714468014637525,-1.0464369525156614,-0.2290119315319138,0.8899390743302796,1.3719449802854453,-0.9364697233777894,0.04877220084257103,0.7672805775077894,-0.04024966633023358,-0.8195116441451821,0.9306364491157461,-0.08428338416398685,-2.459416100429534,-0.8714668978547324,1.562211976901609,0.5853258277132308,-0.6179883653687089,-0.026960712602123547,-0.015013362889237394,0.2235467020150155,0.5550044385513494,-1.760721536107465,-1.0861115637779195,0.4888165136101907,-0.022976029384739794,1.0260613423808225,0.9962419431851295,0.2603950411088643,1.0176399532702054,-0.5579791076287085,-1.2275341169655394,0.12360818759956557,-1.277709524125943,0.2751316726597256,1.222439738713723,0.413502842194168,-1.6598427872925203,0.05962848854019576,0.02641713546845784,0.07991827891380668
2025-07-01 17:58:41,0.21984341726567175,-1.5112351325725064,-0.7279328277430817,0.7146540946885315,-0.22642275983647028,-1.043328992261074,-0.19936070309333825,0.8563583058924659,-1.2874477684946064,0.8596146123341053,0.3095709722066778,0.7754397940017106,-0.1258114866518012,-0.8607761796204638,-0.13938819159182117,-0.05957820928530767,-0.09377832801859767,-0.3939316579978882,-0.6560553076235212,1.2570309054290385,-0.7712883104813018,0.07225979475185723,0.519168062870575,0.25911309750549194,-0.17015190664900792,-0.25239258833790107,-1.6837332987590452,-0.3620492064762448,-0.4765763877927576,0.17345271929743963,0.09392899122884535,0.16447424139913447,-0.9071675685456028,-1.2511025951197807,0.11892760516291997,-0.11377047651401487,1.059944795511782,0.20543820306408633,-1.5707997557443039,0.06935805667358938,0.10954131720697609,0.6367513896271424,-1.4343746131959414,-0.2153411925471522,0.9158944783047067,0.7789068269400111,1.144842542249169
2025-07-01 18:58:41,0.1958819795737805,0.32279076875001467,0.5721953336624823,1.2457877561046626,0.5899093112828485,-0.2583741259069446,0.1290066064617771,-0.1976183229927449,-0.37308849299793956,-0.8120250144699193,1.0841484440173548,1.3916653862830237,0.7882799662866476,0.2911237878800951,0.15004300319786928,1.1910366994878414,-0.1170460076958556,-0.23282088496950476,-1.1539349975318451,-0.2042613136888529,-0.470479554812261,0.04257142037242294,0.8465968703380319,-0.5689527548379891,0.6107486380987174,-1.2572713215640645,-1.066267987641046,1.969076566618534,0.7213333983956012,-0.21463095882781977,-0.10629178488460302,-1.3000005851094847,0.783746678306423,0.6357253340893929,-1.5585304755361669,0.623651670232621,1.446371910016753,-0.5134772651605759,-1.0405693773311147,0.9465311559549532,-0.3185330482639258,1.3199494599240025,-1.0719781062935814,1.5425344235758411,-1.6658047232381248,0.33643817279340765,0.04982432209254254
2025-07-01 19:58:41,-1.6651973659209576,-0.2940358953812284,1.4648788476768135,-0.23291359148934257,-0.7066422495123061,-0.7612166028544557,-0.10103852622975112,-0.6721917859127681,1.009155241983535,0.2977091607386469,0.11678345129272229,0.9197754291578114,0.8240603503004791,-0.2769234294994107,-0.6288067145393544,-0.22934845131130335,0.8623188740052041,1.2902572230217921,0.8208594712104756,-0.14597585467081572,-1.044480798401093,-1.0140319368217672,1.0147213530633163,-1.7476578507499767,-1.1254847083929216,-1.8703072000551144,-2.1815232814654735,0.2520162221966748,-1.1875307505318273,-0.45729664046524254,-1.1141623475308695,0.10341418846929672,0.21960450149261143,-1.0952443004925352,-1.404731275822134,-0.10312559789740744,-0.9277676707381848,-0.2524700337620469,1.144799751392062,0.37775766419507617,-0.15593908483972654,2.7040646093279532,-0.2913860655563531,-1.4172017925222817,-0.12686833688483734,0.2544683992844478,-0.308703040153645
2025-07-01 20:58:41,-1.1289731466445498,-1.6335259116252552,0.2870502115048918,-0.253707361381249,-1.3271597340249228,-0.42819949589423323,1.4417451048950467,0.31222420346342306,1.3970189420146881,-0.07251426769712617,0.7518899392305475,-0.3232067226712676,-1.7699854756491133,0.48935173624958983,-0.9190228824911737,-1.8406897858735114,0.3664406569582351,-0.13439729328889308,0.8772230414434178,-0.7023254926829913,1.2355623015856336,0.004577239188038338,-0.8744904826612081,0.3323199060988108,1.0449325839314016,-2.1569943019585693,-0.8220902834792516,1.0893805660734124,0.041672583138054956,0.25882869476526044,-0.5180579427402617,0.025922952545200544,-1.1393872520358288,0.27047356398352473,1.1858126984357507,0.9026491137415279,1.5577236875376148,-1.4900342872116195,-0.4919554663149262,2.5354030169449993,0.14434944886526008,0.3555206483490385,-1.5122580568435429,-0.1422464118539106,0.04540821654913997,-1.1396555741149634,-0.8779918828952568
2025-07-01 21:58:41,0.9774185145984366,1.176785615993005,-0.8188979064900686,-0.7058855944869099,-0.8044647005545577,-0.5862321979365692,1.6067671482986527,-0.6180193587069054,-0.6669690031949346,-0.4802784220882807,0.23173528147684253,0.6031212087374683,-1.6068452036108452,0.42978710806885273,0.9994011922759422,2.8038353382000167,0.2604684653068823,-0.16575672776877182,-0.19058012925942006,0.5814292136824518,0.03127924821506045,0.9224303466172974,1.1300420492946115,2.0392129429074246,-1.0514939730242874,1.1846502121970406,-0.8998504333931051,0.45181793567838535,0.19501730938459616,0.6499547336935488,-0.958207052272624,-0.2513736311515741,2.243491404773653,1.0824124412605018,1.5983367304431293,1.2733273674232746,1.079210519789696,-1.6761792917629517,0.8573695920836428,-0.11066939496284245,-1.775219685765701,-0.020692049235128244,-1.321660981736298,1.1085876904674967,-1.9635342955441804,-0.1839076854469351,0.2819163882642659
2025-07-01 22:58:41,0.2927792983284749,-0.07209192404611853,1.5085142861556924,0.5248937278269518,0.9517063583396217,-1.2577668061035587,-0.42130945398839537,-1.1162760365026159,-0.6863521136299674,-0.13061296738687286,-0.5297855993653984,1.3491378269023566,0.338861670966113,-0.17244711213016078,0.2606856664861716,0.45894867361343705,0.13721799113900324,-0.07324960578157041,-1.1036037765610844,1.0452311743591376,0.866112056187306,0.22390402130445172,0.26353686794750186,0.9440490022133853,0.5207869284178173,1.2233685722756946,-0.10454350156880472,-1.2152034466986394,-2.1050051278680724,-1.0788480448649254,-0.4099474517491214,-0.5639341912229872,0.7457809191545623,1.2204697756011231,0.05631522506438044,-1.2810469874630526,1.3199467202176889,-0.6656189051447622,-1.1854872279839024,0.3466127919089947,-1.3176500429063172,-0.8869657401794948,1.7022045737310654,-1.1147006519564426,-0.5101433854040227,0.026500627590395405,-0.6441440072609153
2025-07-01 23:58:41,0.684615427844194,0.30850575642574746,-0.5525072810623497,-0.470306334794745,-0.47849010553930926,0.1679797836438381,0.12398121692495921,0.7382968149073768,0.5799957906034963,-0.8586804383084474,-0.27662038801751254,-0.09143218435292921,-0.49350072214472573,0.23009320372531092,-0.5458093906374444,-1.8781235845312163,1.0675067575147112,-1.5109662112649445,-0.4145687376162956,-0.7261387416881594,0.5275051622912793,-1.333854106924875,0.23305829243709417,-2.6054055738517246,1.2933379340601088,0.10272035470846337,-0.5585200653531348,-0.28670149066093437,-0.24140879065691148,2.3596994683786745,-0.16944986220955538,0.07523404007437322,0.2560227354789584,1.036889704103021,0.48463639497541877,0.9487794183077326,-0.2232478901536706,-0.5206061928127017,-1.7180622022594356,0.846301762081887,-0.44307490807245686,-0.2701162916472537,-1.7862097582541852,0.870868124646169,-1.4530725199439665,-2.210073548927672,0.23706877310273541
2025-07-02 00:58:41,-0.7381879055786348,-0.6886211208925183,0.622202641857571,2.3563465140868485,2.9599311326883826,0.6005301483365632,1.1966763971912984,-0.29720039388154207,-0.19979113386216496,0.46098496596360816,0.731267760604616,0.7190828065183482,1.9234146031394739,0.6158386953047783,-0.4457889515661613,-1.2202973318296677,0.05418202488336912,-0.05593331416717124,0.3433657595069481,0.9286697893454195,1.2268769114536153,0.5635939977005284,-0.620781301830738,1.144352244205458,0.35425007600185193,-2.5025378172848085,-0.6359049117616492,0.6688926554675256,0.17259724776830485,0.0578072345760513,1.3783593521838782,-0.574867547314164,0.47889857107683964,-0.6794437889598735,0.31461847671418536,3.1037541413525602,-0.2377835827780073,0.18634501761801964,0.11322863385036408,-0.031271302362749394,0.22623474940191715,-0.5474672637502663,1.201994137926248,-1.232225014224045,-0.31500077046349356,0.08021988386491971,1.0401017449136085
2025-07-02 01:58:41,1.318602732920705,-2.127507111567603,-0.9501948007269481,0.6947675282814935,0.9878150943574054,0.7547721135630605,1.4827714216920334,0.7848973725732613,-0.2800222825292685,-1.792251698537792,-0.20675928482783196,-1.9166630690209832,-0.021852462252574062,0.35780343447934043,-0.0635638452003873,3.025044468661137,-1.5359483315849007,-0.7090837805924506,-0.17661583212907608,0.6420133932106126,-1.4713504495447343,-0.12233610483977705,1.4111764069530974,1.1439895491113008,-2.477174185773362,0.8217665506647681,0.16954134439778404,-1.0534495104745496,0.05073232498859177,0.7348275615726197,0.11837227258996058,-0.6234116868034743,-0.3961159884059257,0.2832318056193011,-0.23356001105088395,-1.380699277169267,-0.7512021342012918,0.49778560076219214,-1.2337747420910115,-1.2254389375316497,0.7015227304044986,-0.6462429775830939,0.5969409167301846,1.0532667597183731,-0.5399024379133135,-0.6670311919489391,-1.8299049842740764
2025-07-02 02:58:41,0.3372331825293309,0.2411567820459411,-2.311850024376894,1.1066486617231819,0.593300960496178,-0.04512974405986147,-1.3734350949609702,-0.7922214763539116,0.17903581784086525,-0.4745745937831181,0.698760264833667,0.34011006362101404,1.0883427024603378,-0.5536152155475479,-1.1329238992728508,0.27451629272784955,-0.8375992131148748,0.4396736312728806,-1.732746948712583,0.292175804433864,-0.7004761352519354,0.4146127111120433,-0.06973548859139682,-1.382399210009102,1.5021340415021638,-0.7638991453857401,0.8922326742262938,-0.020819065054058762,-0.6052268278277915,0.5466179831938796,0.4443585185871531,0.4017039542043966,-0.18684467254482082,-1.3294940573200154,-1.0237014354479326,2.452460936456704,0.9568126269386891,-0.30384415818631255,1.0144280647437987,-0.6937870618799885,-0.12857336128985802,1.5128623781090162,0.9997977921352704,0.7623682941269825,2.121808666825869,-0.7425343303336622,0.4081744946974669
2025-07-02 03:58:41,1.2158900199182467,0.062338671053985134,-0.6516320866967801,-1.0589986668884592,0.25225621627179595,1.9973084529821792,0.04817932631820621,0.5138703842612222,-0.19654236872700664,-0.9825410611525016,-0.1534363343481048,1.7645844208902997,0.27143067754865496,0.24995566098539088,-2.1526416101284647,-0.9162666613029529,0.8948228666932119,1.4663876811960255,-1.04358516514447,-0.308211552552925,1.366938583618633,1.4120108259345239,0.15435856007214094,-2.137196225174534,1.1004596848451784,-1.9646301841364502,0.8395176251483871,-1.0600033000906124,0.9098964604032302,-2.227556983276869,-0.7645267981041243,-0.3051852764465978,1.4604576261539042,-0.11661927703549269,-0.9078067158942259,0.46566548948958436,-1.0537813704589458,-0.6552542240199221,0.034143201098001494,-0.5908249804394192,0.24820795354460332,0.23719526927972598,-1.5649020961889115,-1.178374259246031,-0.7175877144333038,1.0279130290436544,1.2847843088913617
2025-07-02 04:58:41,-0.8080377856126058,-0.2931794983366717,0.06216698267237456,1.797444382299525,-0.09474356829104597,0.05713741402015217,-1.4747683791057073,1.309636752237818,0.913772926221087,1.6540688560713133,-0.590035203223284,0.9886667649511016,-1.671176150282577,0.04664484930065479,0.6542133236468545,-2.6530070576623475,-0.9796167800984888,1.457633548057818,-1.215052194788363,-1.1592147184018509,0.7671389696317874,0.2501700822480527,0.7384497034204476,0.3069836699918021,-0.31780310084346625,1.5428065411804162,0.5299634761442353,0.09640546232390299,-0.3831200108197629,1.0474398713161621,-2.2881769576220683,-0.07708128638321254,-2.9248240182749967,0.1522670696871334,-0.10786785468306613,0.47798364249488645,0.5352508948135521,-0.10993532237580231,2.438882690035863,0.17460853978935598,0.08285063161614191,0.8439162602742855,0.1682797741157799,0.41891539052224996,-1.1618237318967954,-1.1145477945611457,-0.8860857731377244
2025-07-02 05:58:41,1.1528945567175692,1.5453301731601004,-0.5574505448322856,1.7635254842485704,0.0709879887070738,-1.7647766397603086,-0.8783038484235097,0.9851294245152235,-0.1904986878688272,0.0707300817489235,-0.1946929180093522,0.8956837077021532,0.07263588151708589,0.11133363848509778,0.463309150404163,1.5653866616105543,0.6972711047874185,-1.9554745817419934,-0.9009126587061961,-1.1734736974705806,-0.7001544172995819,-0.46279285986729096,0.0729617457627107,0.007145827487331859,1.7054881488196316,0.11179916780416942,-0.14259817088132504,0.45624451770242763,-1.5772329363958404,0.5078480592984607,2.0391003636096614,0.6003776475694097,-0.15616829820342415,-1.5774528959614,-1.5658477968298874,0.6658544169855816,-0.10686756449088605,0.8107845133468156,0.939856815768484,1.806606687321979,-1.3624490643254852,0.2475150362632663,-2.100103598161493,0.47634510040088085,1.9127527667889375,-0.018256465372199465,0.384282842993047
2025-07-02 06:58:41,0.4360828923532863,-0.8595415785742064,-1.3698916923118425,0.9640816816602568,-0.20493580613660992,-0.8833896777553175,-0.7538787648692914,-0.27835805362046273,0.9775854572792912,0.4411990684590105,-0.15403446020975764,-1.3920512955387547,0.18170831511013466,0.6246474328021528,0.9846977695991976,0.7565809799925431,-1.1185146431593151,-1.4539245334743311,1.1551683136835207,1.898925216612599,0.9442383809191497,-0.05381821360388486,0.5859954785814646,0.016270266182440624,-0.2161683485817234,0.5898167403635582,0.4576345023274044,1.3757126866023681,-0.2848022076168932,-0.34811922477474966,0.2412349706775364,-0.12722719044777514,0.09443761667102626,-0.7846299220356545,-0.11465019773726813,-0.3838014012724704,-0.018540621932009803,0.24272783306676146,0.8853146594485104,0.4662391242978095,-0.7630065433696342,-1.2169997542339366,-0.4899202212842015,0.40933611161552236,0.02703564550229412,-0.012120557641179504,-1.2895529723656447
2025-07-02 07:58:41,0.29389513294691516,-1.4888283409451701,0.08255864906953567,0.9568600445028135,0.27819445062966613,0.9202905698219044,-0.6346311610930755,0.8111627205882205,0.4994269878399674,-1.0598964113107485,-0.06764286521534647,-1.6610945811097548,0.33042338925992065,-0.4857867625267672,-0.5513491189988241,-0.25247571380942513,-1.3566276979180945,-0.24737469255360794,0.33828686610322245,-1.3089117130037773,-1.4099672559410692,-1.1179430003440336,-0.5532027267902059,0.06694512356385113,0.7776461543099059,0.8277506040050089,-1.3163241927869542,1.0144477596024222,0.6947972293252371,-0.10645668184570643,-0.2914291259948863,0.8242361983838192,-1.434303094418198,-0.3159425161020416,2.725398964093765,0.5071583185176264,-0.49425292270336035,0.9635408790395066,0.15630159927785922,0.9704353103509077,-0.15268871462957223,-1.5942644727829667,1.1610297124427649,0.5665612427066647,0.7577318979551816,-0.9078122024070184,0.4074328114028207
2025-07-02 08:58:41,0.8444762051545902,-0.5604144146482664,-0.040401118104488036,0.23154573277280016,-0.15324970402594304,-0.5988269446756199,-0.5859470381338007,-1.0451660780244636,0.0153188695974165,-0.4407891473614425,-0.8871929793720559,-2.2978194350668337,1.171692138831106,0.4732754598736283,2.0536121665805074,0.8982674670915247,-0.5603501143939702,-0.6378840791119823,-1.2675253565670788,1.4828177950198689,-0.5160926835508998,-1.5844990379872113,-0.4445166436014191,-1.3925977148822508,-0.823938250202122,0.29979156438179777,-1.2379261959021484,1.748628393133083,0.49578366601500856,1.8774359861049863,-0.09878148116414989,-0.9805951252438748,-1.8962099710800848,-1.1120866859639102,2.4245884824470396,1.2858890768578508,-0.5484529091306211,-1.5602871380639027,-1.6226124645726179,2.174041310345949,0.11223625468661036,-0.41290695405150984,-1.5555207376268565,-0.41182260936006926,-0.1512199166066815,-0.18741664404679004,0.23812698088134443
2025-07-02 09:58:41,1.0532449312688683,-1.0867529666162474,0.26028730818869295,0.6715243115973021,-1.0593409364451836,0.9026503212001982,-0.7852074293462765,-1.0461204823791386,-1.187216452876484,-0.7369764022978725,-1.3977481411962718,-1.2578490620940073,-0.6472834328644257,1.4513133632629762,-1.7851109817908952,0.5760883751266723,-1.9615400519273527,1.085500959779172,0.5539295615757104,-0.6257785319584656,-0.24727881559005313,1.2349819818563692,-0.7098973290493381,0.9373413035518384,1.5422172020167901,0.8951454395328011,0.9335866383708968,-0.879984783934448,0.6531694261069003,0.193200662994004,-1.574886369206911,0.8619635744535461,1.121903766722989,-2.259482995664924,0.7485759639150931,0.3365548543621867,-1.3618715877182035,-0.3391643625680017,0.18782746500833494,0.7608802338488918,1.3939366258555068,-0.10481350206552142,-1.5716427687533159,-0.4858778379868437,1.1733900671155773,-1.1579758982244748,0.22284064958589067
2025-07-02 10:58:41,0.0575273039410046,1.1771310450300911,-0.1374173065596678,-0.3227273056201579,-0.2051814511135196,-0.6400637225981612,-0.946005010810142,-0.08760146798667956,0.5131644270030106,0.3267797169252987,-0.6377891258369687,0.8627629899933017,0.5274770049188885,0.3400528795986,-1.1410857548758395,1.0120348992164676,-1.9797861235293397,-1.199601439191015,-1.3486647823557645,0.10018271240325474,-0.614967283333882,1.0086469443105879,-2.2827216473242293,-0.7888299295280882,0.28557334552728136,1.5520863073172322,0.03198718222782936,-0.5301446273497996,-0.10392814981421095,-0.49652255961642217,0.9455045075508594,0.11620423789184471,0.9907140258589385,0.02152388213297897,0.3068505928792828,-0.1730270274554863,0.5662162345674301,-0.6855882854739371,0.06328255208776924,-0.3158770699504695,-0.34981998039731,0.5444878748992887,-0.8572692415154346,1.2027462879005335,-0.22842372831302699,-1.0733519059208985,-0.46223801036574413
2025-07-02 11:58:41,-0.7917716303525025,-1.4852167806372791,-0.9207692170170385,-0.5479106208628316,-0.5395954383157372,-0.2858328544923393,-0.8693576971961825,0.5637385376593638,1.5809467098744958,-0.5666833053585506,-0.055193219287922736,-1.1452314275316067,1.6812208693896882,1.8919498276222557,-0.0933062751720072,-0.3142441978764223,1.1986869096709007,1.0315469331115554,-0.71564752301421,0.5719243509477522,-1.2762517035839804,-0.10551759062960872,0.6083569107725123,-0.5159823970609498,1.8796057361152454,0.7145279842932054,0.21907714467372577,0.7780715100944351,0.13725643394668613,1.4776965582634507,-0.06872882950794794,-0.4421426964642162,-0.7387068276568552,0.7429405178064896,0.08468632486664428,0.4767009160625325,-0.363726193558935,-0.47484620506293407,0.41328769837821866,1.1688125149112298,0.26804759949226237,-1.5279842028244175,1.8153580999905106,-0.4009192885581183,0.30536654985822365,-0.9438072478851804,-0.035450205517102
2025-07-02 12:58:41,0.672716707501405,0.8087446192651804,0.4208642858278546,-1.0283010345559538,-2.0416448631022397,-0.8943203873270787,0.8744384192671959,-1.1491163181737984,-0.14564071335836737,-0.027103230412333167,0.02626420576116944,0.009168937813114264,-1.0093307961980655,0.2590992628530112,-0.2522694943480201,-0.7272647729180659,0.8357027144947461,-0.24140513136627262,0.6293783359596521,-0.5889082568261017,0.276069566652909,-0.11254435607963986,0.5726435722853893,-0.18329939798336434,0.5488948124047494,0.7426595390180889,-2.0786329011231595,1.455644087707956,0.3057087296820531,-0.026129392225981714,0.0157882698878365,1.1354160504961786,0.16335249518764974,0.5026537599329276,0.08726202845986894,-0.5920290057369395,0.08197757253285477,-0.9291497136635066,0.9178561265688537,0.732920864171294,-0.3981384170209901,0.9406401536621894,0.3817060229172327,-0.9528048344232778,-1.5749754575747985,-0.7569468254229257,0.7177924674859283
2025-07-02 13:58:41,1.1172084183292008,-1.0371555237062708,-0.3425493798484935,0.2038037139967095,0.5886278509198047,-0.7250945566547591,-0.9987094466512704,-0.04179976708487664,0.9951706630114043,0.4073550765364668,-0.7415689811445172,0.07320539871034216,1.0518697343826398,-0.696853252756251,0.234173646624391,-1.304131717874067,-0.6793473530356425,0.2553359485572112,0.8464083102218408,-0.670061994807731,0.49068589958533676,0.10299120035599707,0.35564567903215766,1.0832734759379254,-1.7062868616596814,1.7434998412775071,-0.11876203001415493,0.24189842663757619,-0.682368450220761,0.9213180683946485,0.42634087434124823,1.052628436865177,-1.1643879887281816,-0.09411460190593612,1.3388352385547733,-0.9162460321801171,0.3496006628804319,0.9948427393197044,1.8495539509743484,-0.7703443336923327,0.8047313890174661,-1.8905021042290773,0.5766214682604079,2.881155893953322,2.8168073117172425,-1.5007839343939773,-1.121936244739944
2025-07-02 14:58:41,0.7662109319453212,0.03908062367741762,-1.4841530154672475,0.4035942260326164,-1.2461467811466964,1.6144163032453225,0.34416603423842307,-0.10379944786564595,-1.7254611746097106,-1.2644936397964006,-0.5488719832936853,-0.6228071017107295,-1.027152399640813,-1.0598665184527791,-0.6787671416923154,-0.0922507295717852,-0.09449883546066647,0.22832138287817857,0.15284320191321765,-2.1781051567826637,0.833707439159099,-0.4260492178802442,-1.007621911951275,1.6279074849524884,0.20480031318687017,-0.1308654870155906,0.1983359450811143,-0.3159465696941157,-1.3112547541792352,0.32771201663787497,0.4803885972530501,-0.6657008910941685,0.01576664045512995,-0.8991740796245475,-1.262064520254811,-0.8515557715547711,-2.2956894835451522,-1.7872313585460742,-0.08245639872904634,0.4936928249248428,-0.4727485586119796,0.6639255718666893,1.6075050938044622,-0.017885043088625402,0.621422709518621,-0.30131281419179295,-1.5891576675266228
2025-07-02 15:58:41,0.9568296250785541,-0.06134966034571598,-0.43924961753337904,-0.48525196744263643,0.06802403375027473,1.6673395059564664,-0.3476539657762285,-2.0411756660195493,-0.15992557835011942,0.8030090489492108,-0.28509430135512037,0.9489267292419129,1.3407776844004093,1.801178195982925,-0.8518689427636834,-1.3804829662118663,1.1397867947285345,0.8413790644667674,0.6615494999656638,-0.26604144335404206,0.20403427459688198,0.20131951528515893,-0.21936030556193373,1.7483238256341662,0.7015208182993941,0.11717900683005944,-0.8152332084346059,-0.5822088397388897,0.19115065786475602,-0.5238496147046408,3.413934309408146,0.7734891055392932,-0.778634587124725,0.6028758673954018,0.8153766258335279,0.5842513163909901,1.249108760608039,1.3701854594902387,1.3517608302340534,-0.3713765664899334,-1.4075856461375684,-1.6461109284663855,0.50448219214279,-1.146053902546116,-1.0056221548472233,0.47949973776150295,-0.8521546701279761
2025-07-02 16:58:41,-0.7705728605901027,-0.04176797673344744,1.382912857166486,-1.6680862201919022,-1.7514648351323805,0.09494135815126292,-1.2839978778835308,-0.6090659475131946,-1.2457023715633526,-1.195543744012552,-0.4127465469815198,-0.7986177203903861,1.0676672045743338,-0.3246421144735959,0.27736002758813977,-1.198602151725572,-0.15151471211540304,0.23247501731471562,-0.26848742052791447,-1.162775169531657,-0.2984411935607264,0.5648491585652734,-0.48391772220178747,-0.4697126441867834,0.07022366848015531,0.8519601172142205,1.8082892238731674,0.19204517304451696,-0.5772534088804578,-0.28585194591293644,0.34686841168825255,0.4232558355975424,-0.2643620712919575,0.9440942679273289,-1.1204457263931955,-0.6212301824320247,-0.29161196046244653,0.7783235911607148,-0.4849227007625918,-1.014798716288432,-1.3974801597187325,-2.402748179137819,-1.0140257234248935,-1.4650306906053863,-0.30643119121013784,1.4075050832060103,0.8709508997819337
2025-07-02 17:58:41,0.08173640330849936,0.8973550097648473,-0.7281388681785801,0.8975495536945984,-0.1641894503348288,0.3951745881082231,-0.8755556087361782,-1.0824096685356324,1.867620745026675,0.07527705797811218,-0.36528943576636214,-0.15544394070692322,-0.02333990100336355,2.270125533164376,-0.7520520529038085,-0.8771508861793942,0.2694853034401333,-1.3112426476346524,-1.7920480766023195,0.5606086928912228,1.2257565127436285,-1.1401944063177276,-0.6671434836771595,-2.0488072907511534,0.6015699469863471,0.9550720119837142,-1.000463290356689,0.2259661317593412,0.25138469293170146,-0.2578775333936265,-0.4734776831913116,0.49436965050129533,-0.2740051022217094,-0.2871734234824613,0.15779441303594136,0.3988404009027651,0.26577955528207275,0.7196372762523177,0.5887145150563845,-1.2877428888021814,0.6266922744730491,2.373465783410722,0.1627138222900739,-1.516226420405783,-0.7368316315630326,1.0960968974110905,0.26214469890725695
2025-07-02 18:58:41,-0.5447096165594375,0.7140521595353776,0.45743582696597057,-1.0980946436551466,-0.12797719241261382,-0.013308979950172474,-0.0699834449055824,0.7387496870584258,1.5253714308226656,2.8475417260833598,-0.021756457097802114,0.211829947338624,0.41206212115738033,0.13953224280883625,2.0674008626018323,-0.8028613273591392,0.25047238072430245,1.3252021832120848,-0.5216734837298127,0.2874481277721683,-1.0525988057161766,-2.2001138513491947,-0.48083782562417215,-0.7756512748743123,0.631794670760748,1.4994775441210653,1.1092411595857663,-0.9284704289574128,1.0219821601214902,-0.8879250616707336,0.658439307612691,-1.1699902891688114,0.8399781241508534,0.4712304071411612,0.6990609350356374,-0.5094265301391546,-0.19370494357079868,-1.1077117409272093,-0.23978398087780278,-0.7943291738875875,1.2587874547707896,-0.605049015714287,1.8031724978300236,0.026117275263412634,2.1194419172356156,0.981689860456312,-0.5829253987109919
2025-07-02 19:58:41,-1.674113486289456,-0.4573369018989418,0.8233559165499198,-0.5896763071776477,-0.7202990269809822,0.6780683201186947,1.589446809455661,0.16897639658352534,-1.268152925283194,1.084592391712639,-0.14622543290753748,-0.6093214058595189,0.7304613916645275,-1.4414421082990247,-1.0700842450364865,0.33431014042444807,0.2534602631583665,1.072564779894885,-0.2853585641173125,1.1416432230871787,0.3250908667561223,0.07266696106629743,-0.17012808454728623,-0.6148183638622599,0.5833325890666943,-0.286432474506743,-1.048416149351488,1.3175764794916467,-0.37473445412148054,-0.7709967509621244,0.7877231493591456,1.1344973088125434,0.6818494196294553,-0.42353227506710933,0.4312120011498418,0.053387137120651795,-0.8731534305476473,-0.23022581536514972,0.3003814140449106,-0.516829456613781,0.4746127080988276,-0.0445064537550098,0.051596385205499785,0.2907592510616589,-0.46959329009790374,-0.7603824516476997,0.2629886761387146
2025-07-02 20:58:41,-1.1507035339138003,0.5943780865606811,0.7573763034589566,-0.3655840274273692,-1.3196963294548416,-0.05015557871958506,0.6357065691323232,-0.9490052461423201,-1.8158919414004326,-0.9141852094932518,0.4533540949142576,0.6101067515081456,-0.6661103054912451,-0.21588226859214166,-0.31425122646146486,0.44644997674945186,2.347865446368843,0.5976380194416671,-1.9065899861886526,0.9522715955383015,1.0251405907565063,0.023845924994646425,-0.14787957971545385,-0.14033881230283227,-0.7141313203860787,-0.15267693184545755,0.6030892601176868,-0.21359607604996952,0.10778982984487745,0.7956476938306708,-0.03682158278078832,-1.709984401652895,1.3122703068053967,-0.2687198498879892,-1.432231977717184,-0.23986661544578639,-0.12923551834428207,-0.28763075453630804,-0.518384124118375,-3.563355193265867,-2.368029928837103,-1.0502606954407352,0.06831006471932709,0.18680614186047995,0.7685762158153545,-0.3139565417064651,0.47815456652459715
2025-07-02 21:58:41,1.1414842878433455,0.37240474545922303,1.8263054239923198,-1.6961859253414555,-0.945393493079387,1.0126717423703584,0.36924585256033515,0.4843778895196033,-0.07029676831602294,-0.890193854802624,-0.20622688603755013,0.8373351567022917,0.6554262930383947,-1.8329210744431765,-0.23542864647613357,-0.2813275695808071,0.1689817573326864,-0.06026049327528688,-1.2710109158199874,1.7017817753625792,1.4090292515842706,-1.902755430648323,-1.7263190334219658,-1.1360509993023422,0.16477784348097183,0.608807955448127,0.8608981990133995,0.8070269966010073,0.8537973670525447,-1.3148706929406127,1.2569258717788507,-0.1932108059305344,-0.8346215112485493,-0.43414062883339816,0.17553585990941623,0.8319090879380456,0.09530614887753124,-0.8785468566464062,-0.4350028406115362,0.7570206142159163,0.16597936118307874,0.39456817100590724,0.7174036177452311,-1.091601703043346,-0.07991018761311583,-0.6330796145275897,-0.44458957286436807
2025-07-02 22:58:41,0.038868676959245646,-0.13188414664290157,0.8673461178033202,0.048812128361796006,-1.7989038038430027,0.38756978437000544,1.2559886187370422,0.8280066314740602,0.6092872355731954,-0.8106975459266934,0.4515508170304837,-0.2585474218493015,0.4309034703311956,0.5237733421365177,-0.37070975632787634,2.0684622797309853,0.05481622352001314,-0.4905203190837634,-0.27255539541281004,0.2588936545683534,1.6025109986790331,-0.12030784928994727,-1.2523886522689793,-1.4782901081319277,0.8400874367712636,2.18331175013987,-0.010939895373622586,1.6405344263886141,1.5008233002964682,0.17479174864873262,1.167336677440735,-1.5031398462827412,0.34292938296220193,1.1533043765381519,0.10095893569936185,-1.2578419635882243,-1.1753272060410531,-1.3124155962664574,-0.29225531686472567,-0.6637988766859917,-1.0070718425640774,-0.8823734823691812,0.6656226121953104,-0.17820624114913836,2.341791898824848,-0.13547150802266206,2.0396206255720846
2025-07-02 23:58:41,-0.5192260629175426,-1.7685412034395651,0.7472630794370583,2.266902698747968,1.8446834367176927,-0.6212715861981658,0.7963665546016033,0.29201595692549825,-0.769331151130797,0.8161352250411896,-0.4688278645003396,-0.3397229539305161,0.43654393440337275,-0.8024905541066746,-0.8333143955367524,1.7507550643382752,-0.4550436102746646,0.8229157978371399,-1.0298361720942801,0.6997808084690298,-0.14621152166629586,-0.7041600203783187,0.14823228468667807,0.04349256022170103,0.2799288855761053,-0.10864322793664828,-1.2623704687002166,-1.8139751484092217,-1.2554284502506998,-0.2682162311626601,0.2470732511367788,-2.0660383499468007,0.8461348732304741,-0.4539114261666691,-0.6566821428646186,2.115852741767356,-0.2266989320342411,1.0040175492884873,-2.003306191020097,1.5264858707953273,0.5554945025166081,0.1533746733308401,-1.620468783934365,0.4005943948891335,-0.1116030517746311,0.13873793386449784,-0.78076350988967
2025-07-03 00:58:41,-0.6375836645880799,-2.833516688148036,0.372755919237721,-0.9186698169535795,0.7127827948905797,0.247418254002665,0.7507710412573964,-0.8402528620855395,-0.2269763582816801,1.6234010844179072,-0.10391039907750017,1.097973357297311,-0.3934272774528667,-0.3298200322809271,0.1761000775991139,1.559388919894861,-0.1496806544569284,-0.5326637018724365,1.3484684113210677,1.0298766601723583,1.3909821367567758,0.8327680593289718,-1.8854132441383054,0.9353939329466265,0.4341578161085794,0.2337985409674724,-0.5432727541321216,2.0738972043843673,-0.26079255223906644,2.010365859545541,-1.941289734546608,0.42615683507480145,-0.27528883103697516,0.8930710369820414,-1.2424588142574586,0.3617249456393718,0.7948784170635076,2.0848753178174886,-0.026490120775806644,1.3134652614461442,0.9041121370658208,0.4849757733340123,-1.1877708964828964,-0.21077833578206656,0.15060317867343612,0.8017807093451672,-0.08386072746038502
2025-07-03 01:58:41,-0.12514601147624338,-0.8061170075568935,1.096068977855687,-0.4929426522366885,1.5191252210767556,0.14644632182480805,-0.025703342621005577,-0.7818241255394257,-1.3635370728601244,-0.7809881048685019,0.14647912157363674,1.6106763799807504,-0.7969530299577939,0.29149297525737294,0.3174223668483514,-1.2554451315576076,-0.743233552358591,-0.07357761273339632,-0.8502109538900339,1.0150898589441757,-0.9911994272628243,0.13707488279186755,0.4691585136413715,-1.711424245285725,0.09040198317130346,-0.0042452034405487,0.550133103460703,0.6754609019734248,0.6265493703468723,0.8785914524549674,0.021560546913518247,0.4747054096769561,1.3414135477523736,0.7618905316486797,1.1642917886988677,-0.854518397804084,1.520448673898917,-0.44820399738992667,0.0906619546061444,0.6396316354703037,-1.7397514775986247,1.420588038796673,-1.3945617536542056,-0.12663320376143275,0.8699041587974069,2.361517532507487,0.37722071862500256
2025-07-03 02:58:41,0.4119795003179571,-0.0695818414463722,0.5593093990316566,1.0127908959120808,-0.7166569899413148,-0.890918192179969,-1.8940357742034675,1.5099569814388631,0.9235602974944577,0.5346362616895405,1.0223017573465918,0.6738606971639685,-1.0978078825041382,0.914091667756831,1.2246685763055432,-0.27517571654865886,0.6409014745859419,0.8691585795473198,-0.6862446163538489,1.2312906295414947,-0.29385732956010413,1.3687553939010593,0.9607331485357629,0.6301371818349176,1.619356885063701,2.7501309965266856,-0.2944648800312708,-0.9252584480945057,1.860473696909993,-0.5684271772519045,1.2893293796605476,-0.7031733558173087,-0.8414287646903501,0.2249462653273658,-0.5231972406964872,-1.0239889495617296,-0.8719814923793019,-0.6391998697648474,1.3679879301991944,1.197944808834794,-1.3151009521259067,0.5489793197128349,0.7735187300755723,0.7056089412910195,-1.0787618982707232,-0.23351281295320903,-1.7023064727200503
2025-07-03 03:58:41,-1.0686549895207602,-0.7991369498394326,-2.2426883209618644,0.24322404050120341,-1.223511107750706,0.6981701786005212,-0.2736027917900934,0.37933454339456607,-0.40552866133353055,-0.29096793682012345,-1.5238773273243034,1.0329964051957068,1.5442597683403956,0.4500692382552936,-0.3707808941392018,0.41349719993423795,0.6553558676864771,-0.2761461040664809,-0.918908622480575,1.0599164418780518,-1.4642974862985823,-0.6646617049047645,0.19517809599253055,0.32514921571908867,0.3553244124145389,0.1692466236738578,-0.996918814835555,0.5341032437561146,-0.7004679099651064,0.6167453832097407,-1.7771302750575317,1.129133321771177,-0.4347785707663285,-0.21195222608198658,-0.12613866186126166,2.027729442660789,0.3516073197294906,1.364952606790431,0.40505870114182074,0.3110926354032092,0.9349598773453915,0.21773191407934017,3.007453583448756,0.7581028934286376,0.9702986689717727,-0.8346720859872833,0.06401844673397292
2025-07-03 04:58:41,-0.8636830732560163,1.5439785062281772,0.5017284379631135,-0.6256382634659557,1.2755530357067364,-0.24174228340088463,-0.8898071409454354,0.37354652826358675,0.8538192706769074,1.122259945273957,0.4884164277732766,-0.515654196135974,-0.6929489256885875,0.8986039804485099,1.428022805410905,-2.8576417967844514,2.0508573419133023,-0.33838131453254977,-2.4621211607432665,0.35789967123271504,0.47079087445845785,-2.2919174858837645,0.7272909438203489,-0.6166845099319884,0.012014039494437544,1.035983055087764,-2.6511172856989513,-0.22695036216310713,0.6662330570136203,-0.6318594148714504,-0.5270835064630387,1.3617997915235245,-1.3452007141741589,1.5395148496771167,0.4068715965449131,-0.24657719818277946,0.2904136332943557,0.35147497866888106,1.5057566480957152,1.7350369253778224,0.4059544000094764,0.27599567601583425,-0.782785447976006,0.7210383569125267,-0.23783947138207545,0.6551124277004408,1.4447817274630146
2025-07-03 05:58:41,1.7870918709373969,1.637683113318977,1.4562445364815162,1.0771114589526831,1.3210118418220438,2.1115220666129293,0.09946040869575135,0.6631334042921335,2.392146368022875,-0.5860215167478201,-0.06078534935292937,-0.022575217860861807,1.8965675926855596,-0.8036079242748991,0.22757981775770186,-1.1219769679797547,-0.9641288400189313,-0.8914049667847994,-0.13769552719403283,-1.2730390309607524,-0.22128246079586822,-0.6487702003053589,1.017881785392691,0.7265241895439118,0.8989336486896083,-0.4756559940113133,-1.2299455774269548,-0.18765113433159258,-0.11067739608970889,-1.2397725216254196,-0.4070060689562608,-0.5047802972230041,0.34354171611566603,-1.2878799940442767,0.0994582048352431,-1.2566125402716277,1.049770115891013,0.5405414338883355,-0.6994883208857792,-0.7058014746864206,-0.8910182642395359,-0.47596843160490426,-0.23092279728845735,0.6363066262982827,0.12934368171826013,0.6394121982738226,0.7627873460413069
2025-07-03 06:58:41,0.8415919998472441,0.219386467024031,0.3088617278259462,-1.142337501763624,0.8971121355877202,-0.07123184646019617,1.0868434033884917,0.2302559108245114,-2.463197848923162,-0.32405385515749,1.586624868427414,-1.4295839936661898,1.3119598860019117,-0.23822783025591082,-1.3695544630156464,1.7217328786529598,-0.17758194300438326,-1.2570860965566328,-0.32014267919245226,-0.5108013396432785,-1.2276232781337737,0.21221214587166995,-0.1818735401792609,-2.7752438781781223,-1.7121484502348003,-1.0478368530076188,-1.1318069433744482,0.587858328526754,-1.5335369850442138,0.32459242396499943,-1.5167689761500691,-0.3160581040369125,-0.014528611932990855,0.6214608955459218,0.6741529841699244,-1.4788121143923574,-0.033353328174796804,0.6860152905547325,-1.3361795368983755,-0.4084391796373211,0.03849182021008054,-0.637009155987848,0.0015687805245860012,-0.45448828022593146,0.5186512713555129,-0.4513458069709276,-0.36986139180454597
2025-07-03 07:58:41,1.6714762382225925,-0.41432479582741283,-0.9405522633744821,-0.5321106416053125,0.37797753110900084,1.666920963115545,-1.928882745520712,0.09257367515658356,0.002629778577148286,0.4475713168232238,1.0882020693562642,0.1639311880040494,0.8722256778793475,0.15463809339927878,-0.015835833500354862,-1.4364463024180774,0.3429034737396388,0.4850698314490128,0.18913407857818507,-0.03317625184521902,-0.3226600119700068,-0.8449309162180806,-0.4099960904317718,0.6185711103331122,-1.456222489885565,0.876309694722559,1.4097597981946262,-2.3188835724992205,0.9808384520212532,-0.2840053656906062,0.698134861180457,1.5086530591526661,0.12995043387552216,-0.2617456543860358,-0.8352354394965306,-1.110445524853473,-1.078159576768678,1.4120789130954652,-0.27960334056311015,-0.6297893244567534,1.810144048959956,-0.28904784637626557,-1.5249664204220967,-0.3886809591182783,0.6160730863316368,0.5089364394465253,-0.7163599103112381
2025-07-03 08:58:41,-0.24175409040570348,-0.3249756567883845,-0.3632932830028116,0.7744842351661254,0.8009400007931565,1.9258215474257487,0.3313376988529116,0.35769124171973044,2.060304321691728,2.6782027747488173,0.7195600689103498,0.7116229612815315,0.32420258341748215,-0.983865531813329,-0.23815472129133125,1.6907909370830658,-0.3987813110782979,-0.7877015622087721,-0.15143792709162107,-0.19170477446595505,-0.09332441511541155,-0.09163584504808252,-2.092034831890197,-0.260871123166727,0.9002445768457478,0.16061123278263326,-0.7424512900405726,0.018529690877259846,2.567008628105782,-0.5655821832040937,-1.0544363896101745,-0.8829105235873685,-2.1784391430529544,-0.9734456369768923,1.1821056148690428,-2.0249353437852706,1.0223608050616289,-0.14093598781941966,0.5235739365835677,0.0936495978042293,-1.5175267474104333,-0.8488246558883268,0.7879387007871572,-0.16113035512762408,-0.6738975877920427,0.05017634398588212,-0.23147205912899035
2025-07-03 09:58:41,-0.039340844707562904,-0.06319261316257194,-0.35284938358820145,0.3883962688830891,-1.3388294289155882,0.1193261083582867,-0.21551794852552356,-0.44359935038672826,0.5999379680499934,1.945975217581568,-0.213152998027204,3.1028328955777496,-0.20805109378313819,0.4725367540433588,-1.114874105871576,0.7024809478301075,-0.36748559889427895,0.20430505866066292,-0.2550055978438054,-0.9072971646452049,-1.2536788502455698,0.3956027037680871,1.5782818368154399,1.1442149208128745,1.5650674980724397,-2.0919542071930497,1.2767632614372726,-1.095282856606824,-1.2217843191626794,-0.04464213022162749,-1.215130526213889,-0.7783780058900399,-0.9163923318558234,1.0430400246160487,-0.25502351234803095,-0.025590275318433345,0.6517547475761409,-0.8751176803517279,-0.37494193174055584,0.36033646200920005,-0.3935043061481968,-0.11851687674605912,1.0610473502834374,1.7321668473546776,-0.49231091381595216,-0.32201931202214884,1.6165878952122619
2025-07-03 10:58:41,-0.20044061243534383,-0.6749124054857674,0.7391640803394095,0.7990799297212018,-0.6156606378797069,0.7838594682114018,1.4790719715429796,-0.716479410986525,-2.137396460124608,1.9692024791461242,0.6976862102356478,0.3387873803420853,-0.5728669287866436,1.0431866491824815,-0.11922201804282943,0.4686175299634806,2.100079299725338,2.319782315204689,-0.1557461113644572,-1.6499109191135228,-1.1236681604579009,0.1455354747829582,-1.3578923973218109,0.9085593954210248,-0.6665635291631965,0.9612252324977628,-0.6006320417400285,-0.4083356563643335,0.009343725276792765,-0.8101234552711414,0.5775947240373464,-0.05930034832407005,-0.35499726009119614,0.5798727537130026,0.7713435481224531,-0.7858727976323361,0.1795857739335691,-0.16200330213968633,1.240227488623394,0.43235574403201016,-0.14322105072952837,-0.12676987569738685,0.9793371945609082,1.6615103905503732,0.8620449956277066,-0.9915313915428432,-0.9765138047193113
2025-07-03 11:58:41,0.671689750648093,-0.6546371439935882,0.08376113215648008,1.3233842808082952,-0.019040676710954867,1.0787301951945032,-1.2022829262057517,-0.7555995344416109,0.38985172266263624,0.931197250393082,0.3995699595768489,-1.0646203143247444,0.8790016239721837,0.6787714973039896,-1.8069838842294588,0.7068231231047881,-1.0310620711142033,-0.521289190611091,-1.2031235520110959,-0.7867386483131907,0.5397644219504214,1.7312525287691376,-1.154297636672458,3.5920454544243765,-1.3352695734757347,0.9092114972746332,-0.6799173680537988,0.005725027257686689,0.5296176846669189,-1.911565350124181,0.10699605314871702,-0.05543163607552853,0.523224400052907,0.021137556064179795,-0.2853882441688675,1.9491841791211308,0.9902111126244877,-2.39958476010098,-0.7020146117750076,-1.0222119451060188,0.8979681170378006,-0.318635794767419,0.7643293559844774,1.2416500915157602,0.9664175947040377,-0.5732092530114468,-0.9985638108069759
2025-07-03 12:58:41,0.298806602122644,0.5978121727425417,-1.2344557348536263,0.4107484245988485,0.8553121040442271,-0.4629798338862714,0.39391728838301954,0.4504091353000381,-0.6871782730473174,0.230358591541302,0.384905206727999,-0.08614471667390547,0.5998582927445987,0.14168250503009855,0.30416797907970283,1.4237111661185893,0.4548133056489258,-0.6191853341694729,-0.974410478450891,0.2965991089839596,-0.25760071889017233,0.42349054313014234,-1.3343414536519418,-0.4762895662582309,0.6991608028996611,0.8222131768246106,2.2451220893226944,-0.11109188169089956,0.5323354519161221,-0.13593388131087408,1.1981202280481655,-0.34217112087637647,0.11794447051042023,-1.6264529358084066,-0.3938598341443106,-0.15607020317897535,-1.7663111404714238,-1.2914427906301826,-0.28534873883305184,-0.7283996678505731,-1.4361503441774295,0.4431629874080285,-0.22298029564669244,0.3558323297948286,0.7039360033858665,-0.01642872035573486,-0.9388702175014176
2025-07-03 13:58:41,-0.5306471623450397,-0.49550584756745153,-0.8648236590809086,-0.02034950975768946,-1.3539169832920614,-1.495706592459507,-0.3396893056917815,0.7949753006276782,0.19210549284308737,1.8829482927079948,-0.02601892680979471,0.6436978776236004,0.23029897324619314,0.06313172913498571,0.41246784912814644,0.6403667751088955,2.5044691619774984,0.12466042062707695,-1.7260333500919072,-0.9519273945574512,-0.744450786718445,-1.1520379376211944,-1.3313759138832495,0.1864769778214541,-1.1571462546416822,-0.6323836788975914,-1.6426436677659153,0.4077068748802985,0.10292499573526874,0.30423710178736374,-1.0104354881911628,-0.3430670624524162,-0.5558733186436511,0.19315211519495923,-0.5288312890194841,-0.16894800625223785,1.4111749046015822,-0.45158842392020215,0.5437338871006074,1.7825278791131591,-1.6821031393966563,0.6026079557137476,0.6492579294457508,-0.611005295317583,0.07356283896249426,0.28184617569333087,-0.7543438963121061
2025-07-03 14:58:41,-1.1084747977490976,-1.1731963286546412,0.5355422220233927,1.2534281970827656,-0.19141690277449422,-0.20787193736667778,-0.19393527946034403,-0.04372979541713083,-0.9342256797099301,-1.0833222335138302,0.6813030991117767,0.2830658394513083,0.9445180755655268,1.7132099068053106,-0.9120732530263743,-0.7701318662403913,1.0321302278798186,-1.0449162600326198,-3.1598210818701133,0.8836111373963598,1.2053917571942785,-0.28483088901448933,-0.02518162128819983,0.2052355088864508,-0.8739349561757813,0.45614727751629475,0.6563364546695548,-1.2471067568408711,-0.5052205373309101,0.7448539272485518,-1.3912762853800837,-0.4178661694736001,1.2116993669514575,0.7101993948969442,0.33262259143568346,-0.188357212956892,0.6910113672231006,0.33255261740418357,-0.24141165694601838,0.779325675038111,0.43674884078671905,-1.059244897312036,-1.0087883080817768,1.3840201222918056,-1.9773081811076922,-0.7344586163158455,0.7337732831016354
2025-07-03 15:58:41,-1.3581660624738108,-0.13343253148563197,-0.09852793491510417,2.0107792587242828,-0.5452708707168695,-0.1272476361477379,0.6999916733300271,1.1334430160974969,0.26570485880295136,-1.0536467598969965,-1.3491267438352417,2.252268893928784,-0.5622121640049065,0.6313375464873862,0.08096471743390786,0.35281263627292925,-0.4825407849050959,-0.9585170082545359,0.3027517254531837,0.9337106898638505,-0.6276579340872429,1.7074274421351956,0.42657523429557914,-1.562778516815285,-0.4783124824933898,1.0544396866340513,-0.1496119585221017,0.16041662456939976,-0.651908344687806,-0.6933793989990337,-0.1533754908587546,1.5746723713843263,-1.1338391828794172,-1.5853135852002291,1.4346701566660789,-0.8555964805056181,-0.3383698909596187,0.6378714223830285,-0.5369562839653127,-0.8454980495661264,-0.08206790125349427,0.10066876287836668,0.8170513153320499,0.9402808731874233,-0.5760852715252182,0.26993001109520687,-0.036738371709386444
2025-07-03 16:58:41,0.8025594714689677,0.176405003112295,0.35839268608330094,-1.1652932411076569,0.6462980821283015,0.2769304890612482,-0.43393290217197805,-0.5004047607738157,0.6659637788880183,-0.46992455999758015,-0.12755326563491998,2.032832156993556,1.5485040150321,2.112982577736726,2.831069094981777,0.19306301261866055,0.12493249486403055,-0.35673016439868366,0.4598359141724871,-1.380279423533038,0.42793270335090344,1.303893016434922,-0.6057588723008376,-1.4377542229698745,-0.12046502751999634,0.23975392658136455,1.2589217672125128,-0.477495843435866,1.1436564026796012,0.36806355371712524,1.8265907692141077,2.0979954059553148,0.03618278786319128,1.6277394583051836,0.7096947548349881,1.0589831192695418,0.3634929224955106,-1.930870201436375,1.826694998196935,1.5048098186715564,0.2461156403560812,-0.09568194820022446,-0.6736252709515087,-0.0006207968323233059,-0.5853390863565199,0.45690342415283675,-0.9252222262024847
2025-07-03 17:58:41,-1.1576861678488195,0.6287739863363185,1.683881929949016,-0.3571672712461091,0.15490722206588717,-0.9833820212271427,0.34434620907393804,-0.14180603820766685,0.6126532898580711,1.084259400106303,-1.7021821047182688,1.1565837356005846,0.04750181354491163,0.06043548996067772,1.251297197780261,1.2052778868875789,-3.0432987864791117,0.475114022941081,-1.1439050989069754,0.590388550912732,0.7733395961606733,1.1566986366616505,0.04784462679794542,-0.4089690457577345,0.03911400737500263,-0.27175944412441383,-1.2583436195697622,-1.250147545112848,-1.3662808823899073,0.04855250514367026,-0.8020255291869628,-0.4106701114064536,-0.471010339660342,-0.589204543440372,-0.2041677555630158,0.7104495727624579,0.14481362479753992,0.4219737606483427,0.5168476392663838,0.45026983867020004,-0.29203062509635785,0.40085166439053227,-0.3648747131845681,0.7290351824624924,1.1101173270299123,-1.324662501797337,1.6314466793131865
2025-07-03 18:58:41,-0.12470238447269116,0.5494962396738734,0.9813389570448272,-1.0539436004287261,0.5726626473601776,1.5361511843516167,0.31734565649701474,0.1071732205830258,2.2495368859581766,0.26921006667284336,0.5976841844161417,-0.1519540112043926,0.1748797379990348,-0.49806060486600423,1.1645989138227817,0.40066222978824145,0.017281004485571946,0.552557624728947,1.6510570919490295,1.7271902368509195,-0.38571193178671287,-1.873069257558644,-0.24417689426675185,-0.6189723158291187,1.6391530324920391,1.100747298020656,0.6509220519009806,1.7155635374741736,-0.8254463093060954,-0.00725882803985215,-0.8624419093743623,-0.9700203957287119,-0.9671966179354304,-0.38889665811467306,-2.3486038081672733,1.7341780724692721,0.07007745754301883,0.3046565853219488,0.44195776902012607,-0.8194550170601919,0.7672020312922587,0.8250580491324644,0.6843596601718465,-1.6114878570468336,0.6964379997052034,-0.50808846599731,-1.3646816076627013
2025-07-03 19:58:41,-0.9300201007262948,-1.176739500131821,0.9600982061269324,-0.4330681481674115,1.0966603290182892,-0.25531639139829937,-0.37273198396456375,0.1513654892289519,-3.9241492801435585,-0.7724806922460589,0.5092948414832812,-0.7254763922885176,-1.2207290264332986,-2.0892761776043383,-1.918745711347148,-1.5921831552869594,0.1963030959672592,-2.1185319054228557,1.0333145587781545,-0.519119354877399,0.2813164131856951,-1.6801476410809293,0.3680233005929295,0.02598827954446715,-0.38378153452539754,1.5033812685100802,1.9561449285681598,0.938215331504476,-0.3608922572762642,-1.9824844720771662,0.031797506355775405,0.18071790617608838,0.10054301257357837,-0.659985728833759,-2.3184633080250565,-0.7033835600489968,-2.1604395930350653,0.14777768351288972,-2.3319808466746057,0.9763541788420536,-1.2781999963691277,-1.1861852330009526,-0.38577960264977873,-0.33438706224854164,0.5897401918327588,0.3294643890714771,-0.7891546912282943
2025-07-03 20:58:41,0.39084878651210286,-0.726553096863952,-0.3372519572329053,0.19515515584059256,-0.7420944982932568,-2.03944929241496,-0.03692806316777909,-0.73392351656342,0.7109423388009886,0.05948856257286826,1.9848674886364337,0.15749929421196068,-0.008329906471600469,0.09259987970785158,1.2886332381736867,0.8434744016650204,-0.4040345485389574,-1.2747863890961895,0.07580210144193557,2.1370210240300755,0.522835679778273,0.6100190288197929,1.158435190777821,-0.19396038047441666,-0.7801372415209961,0.2540900254919869,0.6172456631848205,0.6108495307327328,0.2553279266169577,-0.021940994198833916,0.6960066811766646,0.8742197733880371,-0.8850272057192706,-0.5116363083312541,-0.08750103070413573,3.445830571604177,0.4073521694230722,-0.05940182163625636,-1.1332443375322603,-0.6843496251256314,-0.7325753534906714,-0.3260943644438329,0.059341669003504995,-0.6529025935392642,0.44530341542248836,1.2633580996427487,1.076192339481169
2025-07-03 21:58:41,-0.5698306396594619,1.771434069752131,0.26232437615578125,-0.8941122767156897,-0.5155626758189297,0.571418516991393,2.3984432298101965,-1.5379193775451956,-0.8783289541528467,-0.4859184153851306,-0.21508080453634124,1.8803545681504854,0.20028474886762104,-1.223547428975677,0.5713159910167093,-1.3326704864406245,-0.005280304960746504,-1.0186923222914632,-1.166923266165853,0.9856477245195088,1.5025862631809102,-0.4183239600856728,-0.4111944829335288,-0.10186566687941519,-1.0387868836653418,-0.9414963680104644,-0.6798215424616791,-1.0419715132018292,-1.2160956482954972,0.35956958088770186,1.2019563560928805,-0.7196842792705428,-0.3346053714557011,-0.056508862385473334,-0.2530172924761554,-0.06409974907177952,-1.251949811268536,0.6738582513315036,0.3512973815665706,1.353128654623248,0.21132703036131617,-0.07512185859890347,0.11644352208681254,-1.615053118560802,1.7191697323420416,-0.2875998556816256,0.16761063001366014
2025-07-03 22:58:41,-0.10630399050164238,0.34578364561904956,1.3487224326628788,1.2406846284074096,-1.365169921481342,0.09177410067223112,0.282233528468213,-1.643865401391,-0.38768679824579055,-1.8074730548329938,0.3991307427162373,-1.5099678385049036,0.3677037668465818,-0.007325221502435754,0.7880868624307789,0.5387445531482394,-0.4707067961548493,-1.551606742324146,0.6256610133303487,0.2957694029709231,-0.7864090636006698,-0.9435745660610839,-0.21908351871294673,-1.0120310943142217,-0.731624497021265,-0.32009596831201254,1.8247319484269549,-0.48598549780831524,-1.2627659889728025,-1.1737288456499688,-0.9303849302923606,0.24173502250450773,0.5923744779410697,-1.0730431451525884,0.4673093184240933,-1.6344082319048028,0.9038943756017346,-0.14448032679109055,-1.129018277151295,-1.2575001475113183,-0.7764365508794301,-0.48563243554064595,-1.0008877309632473,0.24682140438285327,0.8331545749211127,0.2552589394973094,-1.7013952154724004
2025-07-03 23:58:41,0.6421103014832387,-1.0114897424824076,1.0842542215059892,1.7129082497467687,1.506469253514306,-0.7370916987811639,-0.8034601542762972,0.29637750207259544,1.1835516886162851,0.5409753756054799,-1.4304000347392378,-0.17835931392090998,0.17901674030508186,0.010204804157184225,-1.7613261160010538,-0.30289960269049,0.9017204743304769,-0.8665793891702012,0.5416829423654321,0.845029393165022,0.10880555545415778,0.21547994181191168,-0.41705612863905783,0.18254053425439362,-1.1270323042279042,-1.0553603534220992,-1.1409953564117339,-0.5473847670544137,-0.38574849080459067,-1.5986735161616272,1.3485543566592937,-0.10233442298252182,-0.7613195791323322,-0.3454828119144168,-0.9716310003720783,0.22572462899309395,0.3519244551457575,-0.41221862264075343,-0.03699520865142548,-0.20022768821298242,-1.7623534909942282,-0.811230518753041,-0.2639977005059932,-0.12156765920868283,1.6773914701905377,0.585210170772401,-1.0511829878063783
2025-07-04 00:58:41,0.004209919719216474,0.30753613174852185,-0.06002259888963592,-0.5216032766541523,-0.36604628516409515,0.24598545699601254,-0.8971063835339798,-0.027669284284154577,-0.7921627218316563,-1.8657043549757764,-0.2584129922706425,-1.6099800748473383,0.44726447203653996,0.6138763193085155,-0.12785084411907469,1.4330228762491781,-1.5243492809712924,1.054994698772702,-0.291135894782416,-0.4032611318902914,-0.708896843352685,0.06024222350595558,-0.6943534798661171,-0.5156999906746923,1.0252302578916086,-0.3836698264044217,0.009160291932424678,0.2655602848287475,0.5535891691181848,-1.1851008737081767,-0.20594754044781705,-0.8693050971869014,-0.02090893293806337,1.004438033934563,-1.4171213066794122,-0.09324585207199432,0.23637001041409356,0.39491730723890534,-0.43660168955247297,0.2227449749716022,0.07729778360962285,0.9930669646597476,-1.1598841182788147,2.3346302851751264,0.22157049689581335,-0.022959910337143844,-0.35620614049757876
2025-07-04 01:58:41,-1.5978498105648584,1.541773489431721,-1.0823392086801202,-1.035148981204957,0.30324826830411344,0.8129049587978403,0.9923865902019912,0.18462977952933413,0.8519669163432919,0.5533184761876886,-0.19109744777917784,0.8638870271693693,-0.05739041342426984,0.747288184944303,-0.860092703062056,0.8905111476079249,-0.3158187279303568,-0.3753525705396423,0.8892247082620762,0.6412990635716695,-1.3331914362043906,0.284154160953132,0.22185541309123646,-1.2972402423119018,1.2447195178668136,1.6093627937704833,0.37681482273971295,-0.1950393987355601,0.5098617074055556,-0.4466350197901096,0.20614154557715972,-0.41468500336002684,0.21802725446418836,-0.9458311505337724,1.0998887095641097,0.20101357286784866,0.24776997224142547,-0.09460121027896504,1.059668440961626,-1.101757659346334,-0.006508026344836476,-0.14431155366670706,0.5689823345819512,0.43239955304260735,-2.0371763462581995,1.1599133143441156,0.5444134261974327
2025-07-04 02:58:41,2.2322314770932,-0.7521937179410153,-0.5941944701285847,0.5889879941144167,-0.37864969608984544,0.6908654831831196,0.3557874041692024,-0.10064452672415569,0.774747550894225,0.6871478176208875,-0.6898291108238459,-0.012225556052746151,-0.004147960908989689,-0.9730021633324948,0.8522459462165403,0.26869485442622737,-0.22143992270729643,-0.4187375864303464,2.026468190011555,1.9976977248118726,1.3584296346295484,0.5706278621586486,0.025105357928759786,1.1879296995232629,-1.464070536025415,0.1341356180749425,0.14342488584451776,0.0070481902822537605,0.030082321377244592,-0.7447941841117374,0.4847052580483903,0.9298935205090039,1.571936573046198,1.1792130973498536,0.5026158721713191,0.1284711541881824,-0.16408419258699042,-0.04394040116020847,0.1134490592280113,-0.5303747442446998,-0.7489561253872518,0.05678463434709415,-0.9945144152753015,0.13081154542640955,-0.7398099383447114,-0.5885456086869816,0.8591029086877644
2025-07-04 03:58:41,-0.5862864079204908,-0.60440608683969,0.420275814925498,-1.4430726852572078,0.6099485334160817,0.5011425629213274,-2.379702838402994,1.5881296525345483,-0.29322048770048265,-0.08048150126688643,-0.8230536185335868,0.3470755701357282,-0.7651299546112784,0.2741784641285953,0.08377728563684401,0.7262127846840278,0.1949445369079965,0.2595596518728464,-1.156487521358672,0.06592943918011401,-0.15007136698144946,-0.4431319682879057,0.47328425421215053,-0.5830425855422793,1.3961839720576577,-1.3945660207534585,0.09453597094423513,0.7027244436018125,0.5090169764028322,1.469255938429346,-1.9930114967969286,0.10615874523158356,-0.1744772231990328,-0.1140550061166651,-0.5559666772025753,-1.2340957454693595,-0.295883723618371,0.3385253339827249,-0.24698834034393005,-1.8579284448556779,1.8094874612781067,-0.14527894370943148,0.18827537423253024,0.12141642575830218,0.6152177094967828,1.325367166757834,1.0911974452245568
2025-07-04 04:58:41,0.9278489767180991,-0.21607709960846674,-0.31196792445176935,1.0417740057953306,-0.5090886933219931,-1.916612617772552,-1.6046835776826778,-0.6648279126621953,1.3458724998149822,-0.7521771104153822,-0.8553317754110324,-0.5456167534869646,0.2457219800138052,2.550994489538122,-0.20389852491043567,-0.1792268059564892,0.16278849749798216,1.1629409533489483,0.023922204237519493,-0.6013386531942149,-0.438714830831066,-1.745654832200042,-1.0221982321030292,1.3427112579550713,1.5869163769062131,-2.6331784233474855,2.2584532945526425,-1.6072633828790288,0.0382389411362026,-2.06361936689821,-1.259689657359813,-1.0285408228400752,-0.9617806322692528,-0.5334014049414634,-0.4852760165327923,0.5457511996246256,-0.07539307735668241,-0.30700637340237075,-0.5253767723886005,0.2592231783393801,-0.38603635460367086,1.2394400155962002,1.2836562486449843,-1.0510664698699483,-1.434852964973365,-0.2840222933023087,0.4774446257769796
2025-07-04 05:58:41,-1.975795348570105,0.22031175271791414,2.1640918744901416,-1.705478063055476,-0.6733290954079545,2.148036307521525,-1.066664530120216,0.683972278219349,-0.5012879550598686,0.490005763161824,-0.7045794602380177,-0.11594576173981666,0.1353419316909527,-1.4323963934585722,0.012267769398613822,0.6225958306487712,1.0694729832292134,0.12736779036802923,-1.6462532579893387,-0.9726891988779168,-0.49915991561449496,-1.0940230240783309,0.18612243135523002,0.5316246593337046,-0.4422126536087037,-1.3345139427849135,0.9923276401971332,1.0225098353534514,0.2865318000598869,1.007476048631222,-1.5215556814013227,0.20010992399537558,0.5814196241359262,-1.452587601056127,-0.029501813976684547,0.639749265681861,1.218780521941757,2.3819491096555048,-1.4091416074525442,-0.8318154515012469,-1.185172684999514,1.0001700475073207,-1.0715347898535377,-0.5060873177357793,-0.5641707154505302,-1.6562023527434486,1.0976707592593822
2025-07-04 06:58:41,-0.6853943722507176,-0.10401152341516505,0.695110278784271,-0.48216241766524875,-1.1414522201373714,-2.40700789552074,0.3409514837082596,0.2924799917761542,0.8272152634057899,0.8913062891351776,0.28645172824687887,-0.2618547761588844,0.5200831339973436,1.348583369048113,-0.46156152456300936,-0.9034711722852139,-0.5037895892874693,-0.4295596187551248,1.2398677926738861,0.8394470900153774,1.8854940374056461,0.09108972877145988,-0.750011651482253,0.18156991178973167,-0.5288852886211142,-0.13084279161151519,-0.5971872842748842,0.6824008398046808,-0.48867080647157807,1.1668185699069895,-0.3608160843571567,-0.6827260725656198,-0.5854650136184205,0.49548422453104457,-0.7968266015088338,0.39634821757338856,0.6482864114325945,0.8417169197709446,-0.4857417403334491,-0.07064294814315288,0.028056728236443326,-0.7327995962086166,1.1114503432266771,2.223382760779808,-0.05671296569023182,0.18923247280987635,-0.21119054496171438
2025-07-04 07:58:41,-0.42456364098826194,-0.7461385172983088,-0.11023035803682127,-2.9748208623321437,-0.8796014897970232,0.28539596920427396,-0.36472981507031227,1.4267689508592545,-1.4842612077725776,1.041707005120293,-0.3984820333436999,-2.5096534473938035,1.5743093255817375,0.6550421700652693,-0.16155477109640287,0.8827314780635424,1.237216011802916,0.1970412340090169,-0.4653981442294475,0.011822924647419788,-0.152091386250519,2.5825901446758754,0.21735725422670377,0.7246332687810173,0.09285827825714078,0.5962442546577619,-0.2215821228647421,0.4763237384325588,0.9974884459637212,0.7961008968504852,-0.7251751016526095,-0.05125122259414778,0.10333773333357477,-0.0012219311745964388,-1.074248342811813,-0.2512774328809025,0.6888713259116701,-0.2239963501861857,0.19116749025575208,0.36708368764213656,-0.51009126283718,0.6482670055012396,-1.399035949807363,0.8870761937992457,1.097046606008704,-0.06650702256793974,1.9040462867638301
2025-07-04 08:58:41,-0.008779361832691577,1.5575315564795065,0.18955902585944748,0.32547239307317366,-0.7705264347048166,0.020638561765836932,0.47237283430209553,1.248721485966145,-1.0290075379728119,0.45089221175948196,-0.47999556743114324,0.16536354987344967,-0.14523731760735745,-0.1815669988554196,0.004442930448520332,0.9746445574632383,0.8110587668247696,0.23198299415209167,0.2184346132532381,2.158572530120766,0.4615099633294452,0.4364763244069935,-0.555799661178838,1.573867639751829,0.3446840537316852,0.24005848531237628,-0.5859299108733556,-0.41989319792424185,1.1481481319421392,-0.3168261227133233,0.9966331907817392,0.475913380521753,0.04932925529032702,-0.9972267999955049,0.17922293686762147,0.23861777265547035,-1.1265736225280187,-0.2842701382570469,1.2247456928644422,-1.2533693420289576,1.0303474384872422,-0.7318475710899489,0.45834637253369775,1.2421100193093735,-1.8642802418991598,0.09258620392904425,-0.021668722582684527
2025-07-04 09:58:41,0.3891519274678549,0.7205746919998182,0.11607416463240623,-1.6015408169626115,1.5174063464291885,-0.34396903572811527,1.7376180923102307,0.5828327416898677,1.0268120342703084,-2.6732894702229,-0.4454702778580876,-0.27621234144745826,0.8182744173260346,0.4774146415315516,-0.9875539992697044,0.3222732237586146,1.040737492130646,0.11859554471299079,1.4673600107677343,-0.7999076970613467,1.8191955616985858,-0.8422931468937803,-1.9490231196675964,1.5972008141663359,1.2891827554093171,0.09262720749915186,-0.4210393003529973,0.2761057017459433,0.8851577318532854,0.4934509325111129,0.34545698219700965,0.45091615034866916,1.1305046109646892,-0.7731131758817027,0.19876773391874403,-1.000058894601753,0.10269014586107719,0.6981380334851728,1.0478081491396625,0.7913889683168763,-0.1685612746381691,0.47612012019819033,-1.8898403570853846,-0.4533384023623955,0.19047854003595036,0.8676424185553214,1.2010694661677848
2025-07-04 10:58:41,-1.190062235478888,0.8241858834122268,0.026603158886732262,0.9898927738259152,0.44219098589242484,1.2436640100190224,0.18769117378341962,-0.28141720652401586,0.6155001932263434,-0.6347340402272068,-1.1222744878163313,2.7094045696663156,0.8746984899210793,1.5287278719576245,-0.8187899304297923,1.5525368081340845,0.5915551433045808,0.92483029302331,0.4990289470509558,1.553588684932985,-1.7266705827364914,-0.4586901174847897,-0.6351778092163791,-0.04259971427079189,0.021705830754277178,-0.10016657946276582,0.7105150040573489,0.8931215596718812,-1.3616925626110132,0.24526175422551597,-0.10103959977863325,1.5407326647567805,0.741075401475424,0.31974589717505303,2.0502958476739397,1.6729661624106695,0.004276467357105177,0.5114942737444633,2.1452322454112394,-0.46661264502596334,-1.6708429527995985,-0.06955035276192413,1.2375874033852123,0.7877222831808222,2.5102934634813563,0.5500124956983388,0.7574067243394567
2025-07-04 11:58:41,-0.8820587781064755,-0.7202521934043584,-0.11827420048124543,0.22278958913053387,-0.612001818650802,-1.71500131024667,-0.19481358042333619,-0.06789353660500376,0.3483404509210466,0.6239294113884312,0.09274145813297288,0.8214555297299057,-0.7928355195792098,-0.2490132474608308,1.3067691383146813,-1.1491847529605483,-2.6369587654835267,0.14891815600640748,-0.5123515573121633,-0.4642533766313034,0.22735669670505942,1.5844665962251865,-0.48157916748965207,-1.7687501248009203,-0.1132144448430778,0.783247062366953,0.2692373467553887,-0.31166344030894233,0.25757675669130864,-1.3940202667872608,-1.2987957155199708,-0.11654657107579132,0.19346589658188854,0.5774041155299805,-0.14334289033012296,-0.8284743133086125,-0.6604412332279173,0.5870673668667447,-0.3258504381569359,-0.29809372716033494,-0.12714840057882912,0.621924592180749,-1.2998972649888552,-0.8608337358313684,-0.4208800854834779,-0.8136410094881081,1.3800339761551876
2025-07-04 12:58:41,-1.2995222624669933,0.3314854350553533,1.7357581556907782,-0.7612069563946053,-0.3329310050964432,-0.33877500665650206,1.2899281900071142,-0.9690743359139772,-0.836618539744566,-1.020235001944501,-0.8431059841350175,-1.187414000410383,-2.2685321937723906,-2.038479760312047,1.7387668530528286,0.004247864981894692,0.1848702598703559,0.9792876183575987,-1.8092188655229344,0.7440948901276211,-1.1946997103386048,0.31989854595591405,1.4609397829326058,0.7726544389502877,0.9655284640923179,0.6463491303727634,1.9170121884911635,-1.0090967869345304,-0.7000646599706811,1.3006955321256997,-0.06958193545126233,-0.5608213043056771,-0.6287572678467716,0.2865310525893696,-0.18548438994637637,-0.9651418221435657,-2.353802026035829,0.16376856991306624,0.027239299566148203,-2.386801844820123,1.0314985525987337,0.16148108634705743,3.1346255693112073,-0.04697599854826142,-0.9133010942137945,0.38453178324761794,2.7615102698099507
2025-07-04 13:58:41,-0.36609364671466904,-0.13102040865227596,-0.3361745125698713,-1.1289335868360564,-1.1052670480003948,-0.4254500609120512,0.5555205689519426,-0.34580046687213417,1.1831084349256185,-0.4031473130776626,0.29099676970520955,0.3426835406746733,0.21280418618062047,0.650438562358497,-0.8379615986167496,-0.2671814328759425,-1.892115386813337,0.6662029186272003,-1.8407540874209278,-0.357162276138063,0.4241815467834845,-1.3383571590434784,0.45110038222611554,-0.12160454202192124,0.876358821379028,0.840067993593181,0.544486375704486,2.3045454044244518,-0.39162670263427546,-0.9215482184340439,-0.7905362990353721,0.5488416943253999,0.22435708830561157,0.857998684198727,0.36295525113213767,-0.4470691590469397,-0.7346744020560362,0.3506946368448337,0.8831281254114701,-1.0541796678301518,-1.2475474543524885,0.19110951305087334,-2.4717393681222517,-0.7150113666992618,1.585808578481893,0.12094729271457078,-0.45792486437546165
2025-07-04 14:58:41,-1.0884862260299835,-0.5004623444001087,-0.3561436733624088,1.540836661328849,1.4596470021178962,-0.9839131883341627,-0.5310510880220306,-0.05465410477411119,-0.12842491123497504,0.09843670474565723,-1.2121134952850217,-0.07309758366603059,0.5751582895542745,-1.0254756517703683,1.7322869192567685,0.33394359268298507,1.1566864578490599,2.413421265230992,0.8833165705089727,2.0225780088807053,-0.9458820404781565,1.354340331779082,1.882386068069986,0.37288467268335185,0.0006401899330149545,0.6630881729161763,0.23805244245836754,-1.1454181717100245,0.5356755009190226,-0.9125956806232116,-0.8239226291930494,-2.4683772007019864,-1.1174628407546683,0.5445581699285504,0.6548911005698851,-0.7788524136836468,0.06716325338955527,-1.9675825166411534,1.1347342059203842,-0.5565623960295358,0.6536496222885195,-1.1816818683720391,0.19573234798983546,-0.9491128484445782,-0.3920133202635242,-1.7207083537248762,0.26895889212349205
2025-07-04 15:58:41,1.2213914761246072,-0.6814684813213632,0.19342770811651822,-1.3342719531635256,0.701066846225548,-0.627989477088589,-0.9527490268998275,0.10069226140793666,-0.9591043197455642,1.532307008638077,-0.30134557065078954,-1.3482130480240981,1.367258753952731,-0.9439636771216815,0.38122459619912774,0.6691100127053384,1.0222860578375967,-2.3211990257434163,-1.2255188254138885,-1.2496688255989672,-0.569960334053044,0.6245708182292998,1.0132238568000456,-1.1995370199138247,0.8290422846433984,1.0550838124940871,0.5046993842689399,0.005714753716140057,-1.2034497259892134,0.42131970612306074,0.6130274520884451,-0.24475258958001672,0.09080064148890471,-0.13263543511337658,1.537290879118721,-0.29653327299175836,1.4688886407620396,-0.933992931510376,-0.23017625901790253,0.8352417434303206,-1.5371231206955551,-0.1144725382020152,1.3444949072844983,1.674133965115396,2.088991294270856,1.334482334147458,-0.0011813355579786827
2025-07-04 16:58:41,0.16941989053845777,0.9993034137700513,0.4915443421875105,1.2316119097269522,-0.6569835661930429,-0.4567269811963745,-0.11701929115849896,-0.3725800331860946,-0.8740778061063786,-1.6193671857053578,-0.13030160741797484,-0.6425881124710017,-0.13333403637578028,-0.3030511356394983,-0.5965343349705494,-0.6682046448584138,-0.743641191750858,-1.793778752164399,0.4712081025173677,-0.5180901491616294,0.14889765809722935,1.3701632801348638,-1.6150704917609509,0.5504341338857751,0.2673062480154537,-1.1246314305373275,-0.7642507150273429,0.12201775626894812,0.12051240256446066,-1.2541267081364313,-0.252819010226514,-1.0274279106724715,-0.8408633860448991,-0.5701765762669797,1.9209003396068658,-0.6416191289712484,-0.10260306497118389,0.12356443076091182,0.396179470494386,0.1140159637448582,-1.927855215281072,-1.9624357328864466,0.8624714106701877,0.8728941355097206,-1.4011921555590567,-0.7342425693363086,0.433111669693976
2025-07-04 17:58:41,-0.4804678792778113,-0.5709671426580646,0.9781601447454081,-0.2768661296791806,-0.5895744383886716,-2.183815884571847,-1.1648125557003288,0.11673541687110488,-1.1145471556219821,-0.7166215914005298,0.5274197719297795,2.1771353764103227,-0.2586986441717536,1.4973739702552946,-1.4689249052451754,1.5282644732218331,-0.17219524286107823,-0.5652557393426787,0.9592612577022943,0.11186317948780179,0.0689324596370414,-1.3803512407763643,-1.226144973425876,-1.4002449712639098,-1.1080011190875998,0.008215799387773136,-1.7766242824687806,0.7517596729938805,-1.8218152383499602,-0.2422156635448287,-1.234678176829655,0.1279673251688117,1.0556296497267763,1.803600914375109,0.8838339613583238,0.4435443090849505,0.6605719095779606,0.791431273445538,1.6887193211562814,-0.8643006394232582,1.2039662269362963,1.4139111549445609,-1.9590276523640373,0.4516058148607492,1.6016448110896004,0.028508917163402068,1.2645657027490722
2025-07-04 18:58:41,0.12155856991311989,0.2456913097094465,-0.826204821307326,1.1343943401388115,-1.1073785661954458,-0.540508341933463,-1.7586998891027612,0.09079657195567155,-1.30328463423655,0.6820972168851461,-3.5507574675372444,-0.3396076284360515,-0.13079890712872871,-0.28211335243931357,0.3115136515651647,-0.6061666220164165,2.0784547149658503,-0.028620583585136115,-0.19227337996787505,-0.5154434324976928,-0.22384112392006483,-0.8588223349131732,0.21216005422729617,-1.1025943190271188,0.14101194125834432,-0.04779477043772655,-0.4882114872270448,-0.6247579365733231,0.6792467306646172,1.278405438886843,1.3641164896155216,0.00042187660100963405,-1.137084744239981,1.172560437722307,0.34780065476959193,-0.3785959177884169,-0.44276273439024977,-0.765054633733097,-0.43263669696445156,1.3047710597540274,0.002738705412612685,-0.7490823506340851,2.0071196507599818,0.9204254334574066,0.10923028841663952,-1.1534852259962596,1.4169391419685087
2025-07-04 19:58:41,1.507687441932492,-0.04941834955497492,0.1590628433911301,1.9030757617396874,-1.4813577584578623,0.29235144238124633,0.683488115720418,-1.6022359115627514,-1.2519852210624145,-0.6162308121822335,0.3260345598010128,-0.014739587563361543,0.4152331507584783,1.3503519985322745,-0.07615487694958996,1.4491027909137748,-1.5234125962701874,-0.6846127182953832,-0.9333031791033062,0.052548928833519554,-0.19986868045007591,0.02549710638638865,0.7028316754215358,-0.08021296859742327,-1.346526071879127,0.5459029427562578,-0.22048113437320943,0.23815080369923405,0.19876542396348265,-2.3392228864827422,1.4257875266373823,1.077065042880836,0.04757737880186232,1.0240186430991551,1.2022198948565626,0.23929139351646972,-0.08320820532118631,-0.9474215505200394,0.6201171354273661,0.6325614522603683,-0.15541434203199833,-0.7538944981057385,-0.5126254168388394,-0.5056542048247122,1.0663452253708672,0.16038171096755416,-0.2852473987304475
2025-07-04 20:58:41,-1.0108082987849076,0.40092839702214483,-0.43442870235406,-1.3310869179416658,0.6377253607070043,-1.4915796945360964,-0.6896532080539117,-0.4563597418621525,-0.3543208166663993,-0.615124503883664,-0.47836478322991915,-1.245591902959951,-0.12527664592264515,0.21627522957282383,-0.18673799161223228,-1.8174490068163651,1.1049369413561905,-0.7711392008550405,-0.275505424128131,-0.5050702583424392,0.8627379562448642,-0.5634485994887231,-0.009562957963337518,0.18103165436610177,-0.9805576070090952,-0.01280779065236787,-2.0560775898706645,-0.8733859433684894,-0.43767559903239533,0.07114257402415,-0.4870175480657951,-0.9782393480508786,-0.31287722034564813,0.3189493575467527,1.6490018783962952,0.3367678377925379,0.21034249556865386,0.29984326939556594,1.3420131725634052,-0.3544952264663053,-0.9205007633721028,-0.43443359252154734,-0.15205484239753658,-0.38039240284408077,0.6886541992634332,0.4974201317680293,0.006650250733786142
2025-07-04 21:58:41,-0.5083923743099195,-0.8545035708794155,1.1647747950467995,0.09620770395970844,-0.17228574730441454,-1.5473314098154736,-1.0351162115370713,0.4229459153937941,-0.9898381580518709,0.47534491282864044,0.21776549325668532,-0.5690952694543376,-0.8111431537402354,-0.34819521823194444,-0.13896602704290237,-2.819000733918317,0.6436625327491665,1.1729251900344275,-1.1949048037149683,1.4523035261567616,1.0762861030391095,-0.41432777732531484,-0.661000550386979,0.34038528081356434,2.1634750587474647,-2.0094713678922003,1.0770310748370504,1.080941893868006,-0.1085986073939206,0.4696207044885948,1.357230099483769,-0.272227023437099,0.7093893806537456,-0.2528420293266437,-0.8434672245581276,-1.1120463249936985,-1.303248702426805,0.2684434433606056,1.5885696311713815,0.07721097632034907,-1.4959872086122943,-1.1266887475933558,-0.6992600514542955,1.9838132802494959,-0.6289962212595978,0.9024959813318666,1.1658662738758314
2025-07-04 22:58:41,0.05365949334252611,-0.09785506393859782,-1.6224513694545244,-1.0008910044205772,-1.8144721293191899,-0.26650977831286293,-1.7040748927058975,1.8063508335479646,-0.24482733841940282,-0.7749688578607823,0.23305711602413098,-0.4817773330859776,-0.7248192102809491,0.22969306456158883,0.016802366447829054,-0.557708985827101,-0.38801266110660504,-1.0625219394442313,-1.7481601389101,0.345616845154666,1.0017406828348743,0.19947406560861713,-0.9257700395397099,-0.186765636657845,-1.2237121689890125,-0.6953086203581793,-1.2247060551180555,0.9793545401892505,0.4875957634557742,-0.8000193326113235,-0.37304416388950934,-1.5882922688294896,-0.6558496474053601,0.9028520009886563,1.363285477582676,-0.8975908214251235,0.09621795394852752,0.6883301483578136,-1.0829718698491402,-0.2940864093487277,1.15875213426295,-0.15622200933331648,0.047754330237204795,-0.07041711154328245,-0.6212790600163174,-0.48093798037338764,0.01025681971485955
2025-07-04 23:58:41,0.04726770634297808,0.8619140267629878,1.573904287589478,2.130517861903504,0.5798317544904436,-0.11628945308724778,1.4186694295013094,0.05045460510748302,-0.7227055610140106,2.5062530156763394,0.3989100115918193,1.2232710931868196,0.6538677724543489,1.6434115514292043,0.08524350293840463,-0.3680132931060763,-0.2428885439361725,-2.0942528465962758,-0.7390295209980153,0.7774762681394664,-2.1940722892268623,-2.2855693245533115,1.0690673619474147,-0.44975703048917576,1.8129342002010551,-0.09236747082874733,-0.7191623967423242,-0.38757045289490394,0.12903347126601059,1.1297259218375417,0.4564260166214813,0.772430785100111,-0.7561892151524867,-1.164828344015637,-1.1706401005895781,-0.6588218474054364,-0.1456952237428392,0.5656202246010165,-2.1876596055325814,-0.8703963706743812,-0.6947305185856615,-0.01276365966515175,-0.10729665212243451,-0.4878465057304765,-0.24688593418244825,-0.2758028738917985,-0.794070009509538
2025-07-07 00:58:41,-1.223120361394066,2.546620502844603,3.082246592892673,1.3554587170687724,-0.2109569451048389,0.2808467292499493,0.17607875037820572,0.7559161364377109,-0.6559744743549366,0.5369717947558202,-0.9224431262754613,0.3460856552131223,0.6948106452046675,0.8328566225300339,1.0098685113094756,0.9922060170131575,0.7678877536613574,1.007696211250347,-0.8869246824496748,-0.8831658748751673,-0.1518071551526139,-1.408067939484526,0.33703596967950084,-0.8129076835136777,-0.48305300304649273,-0.8780865533645837,0.10805258154636184,0.24956756475579625,2.1873210583095695,0.5732116733904451,0.14642393331425413,-0.9015517507925686,-0.3411101012027504,-0.8558837112577863,-1.4062519914830185,1.935618877534863,0.586864817696153,0.44087419222870305,-1.6831176327345019,0.49684306142264306,-0.3481033670157009,-0.9441300663199247,-0.3286503730853933,0.6507258307710807,-0.8840623563470424,-1.1897463997646014,-0.9404381768908251
2025-07-07 01:58:41,-1.054760767845549,-1.2456922976164504,0.8864404256935242,0.5390654805456349,-0.6772503521384018,-0.8144028583500734,-1.3320039322863713,0.7481590153031126,1.5035307588796178,2.287654425519484,1.3691832424409132,0.1747086875280404,0.18106178161744604,-0.053756823944413785,0.7235185538222434,-0.25942702987680105,-0.7790582471446019,-0.5421604164217428,0.5956953022854642,0.6114805396371461,-0.9044965278198909,1.1595189223074933,2.1708572964835056,1.1400424120176254,0.6895580052641582,0.9699895743424084,1.9258029423942726,0.8265021752508436,-0.07935819819191073,-0.7361483965264535,-1.1333992969878852,2.1389976580299734,0.5709527352200929,-0.6179506474430994,-1.6080351447262875,0.4409923445697929,-0.7048155910708721,2.0958712711731033,-0.17610959631747325,0.12170464742166863,0.7492752954116206,-0.7460174435722915,1.2024822886060829,-0.934799754702131,0.9284214148064431,-1.8617156628926925,-1.3151116615250538
2025-07-07 02:58:41,-0.7829065082732879,-0.22918094163786787,-1.4965241297093401,0.4409686001630721,-0.8403133797144123,-1.3259669884610878,0.4576521239642373,0.8853443169106524,-0.38408550248625273,-0.46150632908095446,0.4896111607112896,-1.7520932853887428,0.11278861228571693,0.6311769695474293,-0.48139650070873047,-0.3635234233720713,0.9043450387784933,0.0503916778528432,0.32386888848478856,-0.19857974844532553,-0.6649897358771322,-1.0387994312115187,-1.33168133625975,-0.4904429601010186,-0.20114405813693292,-0.8285966345013726,-0.3253767069858879,1.3446794586312418,-0.6974613022484775,-0.08673825296709894,-1.2965234105261303,1.0635355679417797,0.436592477681337,0.850808962450681,-0.9932123822341811,-0.8309968044443048,-0.6151639576087513,-0.8283607594478462,-0.10796864890632821,-0.17495901408476502,0.0749594171728618,-1.6705337231601405,-0.8459654913294959,-1.1139145262575765,0.2937816594657131,-0.42576425057212286,1.1801179458009146
2025-07-07 03:58:41,-0.8313068651279937,-0.9673460929319633,1.9545604413019946,0.707397927875131,0.613858389557247,0.8513513881473085,0.26095704185740826,0.8835519831415772,-0.6857122004342797,0.9668359738746842,-1.8206245425116636,-0.25045432648244537,1.0018462211475094,0.8514799984928866,-0.06612031133494131,1.5987023600023167,0.37422802442027714,0.4174490848686851,-0.5566541060954533,0.963606207379775,-0.755617947751669,0.11873965009078134,-0.25012958317640344,0.7203210832998426,0.4035700979851403,1.0261051105979087,-1.0545951751220293,1.1903325322689733,-0.53430629440822,-1.0727310796187965,0.2520472382436386,0.2371992114902123,-0.04362106118128016,1.2930902519470244,0.3433198366132653,-0.23708753323793416,-1.4303098041176807,-0.26304118711205476,-1.260066883299017,0.16832845036803537,0.3103664553609806,-0.013921045813376559,0.32089366115702406,-0.704463549811836,-0.39323210574231054,0.01675394751175531,-2.0539862899035537
2025-07-07 04:58:41,-0.6886742441695026,-0.33213534132737754,0.9294675439476833,0.05130682218745807,0.30453545692391654,-0.0369787747744673,-0.17615403760423895,0.25275912204900464,3.1929709901871677,2.0296219981436314,0.938519060204184,-2.760394298493929,-0.9256608002310829,0.9769110822203613,0.561143245086902,-0.5143559035813646,0.9918989545627381,-0.42229190549026896,-0.6778463893757654,-1.0199124488380602,1.3311923135936288,0.17155178256823334,0.6339078364410885,-0.9901234869111197,-0.7244055499274599,0.021985383827002263,-1.0399140129108226,-1.298190212999601,-0.3762061670623526,-0.6079781602382555,0.7120049452791304,-0.13588976156368504,0.3937155285504629,-0.3158138693365517,-0.591725874940227,-0.17593999795297105,-0.4309923322881362,0.23533484491767553,-0.07075157804294634,1.3471014365871063,-1.295386869712055,0.39261763438816744,-0.4760150017249954,-0.796692231967724,-0.3768495784443538,0.3582137290203101,0.06952403139313793
2025-07-07 05:58:41,1.233331931659032,-1.0914830593709104,-0.018485895143121336,-2.382158685642211,0.19356240220779192,0.6742688996302872,1.114155689408519,-0.1574945454178178,-0.9379370233688393,-0.9171227562913894,0.15569319116829186,-2.095260311315922,0.029569189846149285,0.733697732613676,1.1175259549342864,1.2870492184164457,-1.935996826778017,0.6969687898942197,0.4764536493087824,1.4243293500503968,-0.29659313275541915,0.45164018893717495,0.43360686391521086,0.29972502038535753,-0.05752377924874856,-0.8694820506221766,0.519378227571323,1.1025634216498064,0.557299643105484,-0.7058775460531025,1.803614128965341,-0.32814224016518095,-1.3348217561200308,0.3072596781587776,1.1466207435939697,-1.4294494211372524,1.0819705390436358,-0.738851501430974,0.28752802348978534,1.0464195499390911,-2.3051315951036524,1.606394787021105,1.1444199136844038,-0.15851853518421233,-0.5348807085866861,1.746058080974668,-0.17607298176294098
2025-07-07 06:58:41,1.3247060281142549,0.8076507662415809,-0.07827767952020474,-0.042909781131185855,2.7761667070418703,0.5635714120927011,-0.4714329069389102,-0.6915661855885222,-0.25360222211886474,0.943471030107336,0.5980622918327979,1.5891973999488989,0.11496294487367494,-1.291104731908844,-0.4795868244236352,-0.7583589506450756,-1.124119240069312,0.1941259677869384,0.5683485856912546,-1.5506780724083273,0.6095363985099306,-1.085975768229855,2.443019307626765,0.819279959266672,0.3837061120913261,0.21990778423644589,0.23670127800810276,-0.5487458544213799,0.4641428884133704,-1.0761613002587471,-1.9936355390243021,-0.08405497372694924,0.15059551646917002,-0.06102525366681576,0.6913991552967553,1.0676953919495382,-0.34851169333928605,-0.08389305563435666,-0.10882071651232623,-0.1331616955032369,0.11591499191885274,0.46399482729752906,-0.3001787451247207,0.39130954945589436,0.06045432326723184,1.371300911653413,1.145122613562599
2025-07-07 07:58:41,-1.1054099004455453,1.1932338680133363,0.5401893539711641,-0.2967553685049339,1.3103794723797508,-0.8384368440958769,-0.1243446890554986,-0.5943381203317908,-0.20890883782339767,-0.46911641545507743,-0.10044306419601369,1.2186865037230123,-1.4097729606087934,-1.1650064644518248,-2.2193213447509534,-0.2590258778994219,0.34716891505915815,1.422593193557408,0.983675947691951,-0.4161564890993157,-1.0863566495049977,-0.8094633654883168,-0.8687557731436251,0.48012002528516895,1.2277445921240209,0.8058158627811376,0.0654947647405883,0.5955534296824563,-0.10304811647473186,0.3909267479510433,0.8063083316673602,-0.8408397615048387,0.672319164037595,0.639981779257614,-1.0300534992687584,-0.05572474215363614,-2.5691349982017924,0.5281166630939695,-1.255187688409024,-0.10468686045240058,0.13813015424768874,-0.4958769435492368,0.05538929622744349,-0.10381607200080308,-2.246747171114445,-0.8619236727794861,0.8108791650559553
2025-07-07 08:58:41,2.5517410994914425,0.5861260861459454,-0.5146824518479817,0.5534879721966146,1.2663200917973294,0.5705904020583124,0.26560445711717423,-0.8905569868662679,-0.18065689893505602,0.6451049999584831,-0.1874267209837418,-0.23960174089447192,0.7460229622456801,-0.36630902540016136,0.8018501494219819,-0.017516228064325786,-0.6449609461113132,-0.6289126774789802,-0.5686622796066242,-0.420410128411788,0.09704461771899302,0.3035149473768411,0.8941751322134557,0.7317728092583354,1.1666368912260379,-1.488683699585587,0.164079826389736,-0.6559908356666131,-0.3739622926925,-0.9065036652063558,0.8458170619420706,-0.791081067999551,1.1273743434155954,0.9594546307249159,0.4321480353221154,-0.9054812956320224,-1.9904130365826238,0.6457437692290005,-0.4869119531721235,-2.4291489871317147,-0.13924956506648345,1.1346846162866868,0.45946569816069094,0.061772239455608065,-0.27669313799348083,2.2676254670156455,0.1852317266545051
2025-07-07 09:58:41,-0.8894629706995502,-0.7715658007909983,-0.32400018032770517,1.764729118721753,0.7769263539300563,-0.9208249450315481,0.6601109265136804,-0.603488207717785,1.9673402497335757,-0.5099448673429252,-0.2828488995337682,-0.2952671974476371,-0.19606142227158413,-2.096041106026207,-1.1104168978953364,-0.7793686425378284,-0.4201096513881271,0.9361436309437078,-0.12667847769889234,-1.0890155750547235,-0.6222331453450313,-0.8377489556081226,-0.3208812249444982,-0.22742118074206397,-1.5074349706567973,0.26177955078959875,-1.8293365403258426,1.7924610533975118,0.7294360348400711,0.7592458373809213,1.0432826566100708,-1.8022027053555891,-0.28578065146994447,0.7921887161167053,-0.6684128461806573,-0.23898686136969707,-0.6292435478921361,-0.5265287724122139,0.026391186411996295,-2.7499965277235665,-1.5759017410448108,-0.8989902743713682,-0.6824358050418172,0.9865573564074579,-0.273838901762352,1.87723122844756,0.5398130421310441
2025-07-07 10:58:41,-1.8635908435441204,0.6093873289475681,-2.0505982046968017,0.6395940649526017,0.7385697921272628,1.0537190879965856,-0.6943136026278307,-1.625995914613352,-0.1790736973970117,1.2705424916928008,0.8058592291232527,-0.1988008898972463,0.2613861744290637,0.14338253337541654,0.9715360499987193,1.0160431653244293,-1.0334398173442336,0.1844182058598564,-0.24464854963814303,-0.6260427758121218,0.08287971537631815,1.0393060230805586,-0.4513112645519231,0.31651603392465943,1.0043208178167105,0.2952491648948352,-0.41433405223554004,-0.4884992164963648,0.781735964284382,-1.3381324600105555,1.802957422032348,0.2673021854766884,-1.3357733791901878,1.108202879841591,-0.6937732623825179,-0.4804118873698497,-0.6716654002012842,0.8546813484956844,1.0471005299703289,0.3617796960024438,1.8786871342171303,0.15253803984388017,-0.8954315617553074,-1.048054823599791,0.4080624380929571,-0.9003323281460146,0.024660377575174357
2025-07-07 11:58:41,-0.5607570811850066,-1.6433957501481185,0.2846215588071766,0.7323807833843549,0.28293216389305315,-0.2640653784944077,-0.4931326485183999,0.12410362380677867,1.1267491938959193,0.02161543276166756,-2.1188789868328097,-1.1821247402729034,-0.4839862259159974,1.041193848352553,0.06565153782371007,1.219775891121699,-0.5039521977626583,-1.403578715581976,-1.0666668055251556,-0.43615507832127554,-1.2229591681434246,-0.9243312499356957,-0.1217796319790908,1.5348262736029057,2.632998280383285,0.38658341537811836,-0.15931328734010827,0.9000694213176312,0.5174298704812428,0.5600103779951179,1.2333585798873978,-0.9557745525837574,0.12380830419153649,-0.04330486339421281,0.35466167640076446,-0.9356573082353058,1.025404897232604,0.07841082962554173,0.6439137795904029,0.12805951787008304,2.2274328563027233,-1.0064035043887605,-1.2733958909531713,-0.2848654158395405,2.1648342241920493,0.24321616922587305,1.1427543890552077
2025-07-07 12:58:41,0.43659631653853,-0.2166806804450934,0.29220976514770625,0.49608411720083634,-1.8552799032632217,-0.691692201524343,1.0149143347934446,0.26539769499550286,0.9256603133774819,-0.9225638564895974,-0.3069183935165225,-0.24941528655281262,1.6364844076126945,-0.13495064714696514,1.209451347689734,0.7245031749343767,0.14567025515546111,0.6060822582544486,-0.8790227862596666,0.8758404707944317,0.9978702970846147,-0.11178295272452575,1.1740658274906128,1.7449341546642483,0.24050872557210137,0.8810911965275025,-0.6976218960091822,-0.45541076021088456,0.27518472640831393,1.907413173597447,-1.048858216766102,0.5410556483694378,1.244086301743723,-0.6747124890890545,-0.4018797265729542,0.2526218532037622,0.652867061143995,-1.9080616150984497,0.6911334928952889,1.1844092796850012,0.49646725773951167,1.9305224827024754,3.522481145951477,-0.27450117786652944,-0.020530541645958356,-0.3435355135888064,-0.8831777802608982
2025-07-07 13:58:41,0.00972369156536384,-0.8971762725570238,2.1136105035442516,-0.6125876073811299,1.5991128513306625,0.5949862520926815,-0.6272394106222163,-0.8382578661906401,0.037768886138677536,0.8525965769793208,0.7902267152828044,-0.2418937438650611,1.0072433530941713,-0.9901269551471265,-1.4416158455009584,0.9045383808053432,0.8842516129419807,2.5045484238390006,-1.237883477712111,0.24938392588491007,2.2007411476218217,-1.3762185666996938,-0.06015467541435666,-0.4881565283773443,1.7760139933534238,0.7478097328488444,0.036395414636994826,0.9230253734077829,-0.5546027984830914,-1.1636462050368683,0.9447913477593202,0.359316036589026,-0.09321812952616657,0.19124640144835334,-1.1819273952016633,0.6977348041095579,0.1624889767760086,-0.29680853972002147,0.21792479139597648,-1.7188753005015902,0.6883858338202617,0.5466568745508379,-1.051197558106589,1.074161973365231,1.8413099146807648,0.5273915381070688,-1.515215940127393
2025-07-07 14:58:41,-0.22238656137983892,-1.252155581343132,1.2258079147991796,-0.5034069776524448,0.5579380726071396,2.089558457015952,0.6010219006128792,-0.061495473677540734,1.0330515810739167,1.593538549303894,-1.3120539289259001,-0.21923020689440806,-1.5048740752744263,-1.0601366166291253,0.5746178441606624,-0.18933615134794238,0.8899540178595283,1.0078765646975307,-1.1090155252167304,-0.22528707788611269,-0.06313539694553283,-0.08299237251966897,0.6460938496384228,-0.5434226172115794,-0.3832608913068218,-0.2715193822908568,-0.4000419781442269,1.5578839421526798,0.48667451430959613,0.8683473926476164,1.208060017930833,-0.008673541267776568,0.39716416889514194,-0.6769476470961424,-1.3201174410523617,0.6572672462023762,-0.3581467367909189,-1.651320081872228,-0.756816338492673,0.5110577446497444,-0.3016701624613873,0.25920329570890377,1.1120323185534549,0.28614323278392034,0.6227852201002677,-1.3321266353641008,-1.3148533171367778
2025-07-07 15:58:41,-0.43910930659894315,-0.5786678758415037,0.9783709272628074,0.5063875309176771,1.3630007101971957,0.4345511184347557,-0.5994331989935772,0.9358587886359432,-1.0929384053923779,-0.9565633837317972,0.1893704201572168,0.9694308344799354,0.19684296469664941,0.278750261190392,0.4955118944471597,2.1603005630236103,1.6952639991268588,0.36329625467721816,-0.8747888262218099,-1.0615032117950165,1.6607330579683126,0.9068367030199169,-0.24415197570905106,0.04105443404950675,-0.5995764128219797,0.9925812901835791,-0.5247207957651787,-1.5671967401275426,-1.0692534832249974,-0.26568289033612025,0.5954175030109553,0.3134282291612675,0.3819391787037943,1.2304158043716955,0.7306643400089284,-0.07043064491480905,-0.8107785386832108,-0.4086222267130944,0.41295390064854803,-0.48754557075652744,-1.049722364972255,-0.5845073464983404,0.5274391116654625,0.14194562484106013,0.4177006621628137,0.8103924554643582,0.2117009077572226
2025-07-07 16:58:41,-0.7571804751349758,-0.15582058113696862,0.6992497071855769,0.028350779639550745,0.5205234246522165,-0.7438966278175267,-1.417524566750606,-1.386334100117001,-0.6270026085773391,0.1836083939945936,0.4961005095754322,-0.6448554005486394,-0.05087777620205008,1.0630158582217117,0.9393850423560216,-0.5190244725368346,-0.586092474607083,0.11986485191290845,-2.632794526395847,0.7976194365960577,0.311882752231521,0.08293673616417215,1.90884186026422,-0.9523190035946552,-0.8644697081912217,-0.16218338147944958,0.532160812426695,1.0448682663917992,1.5601168725304764,0.6931342700132591,-0.8177230406431816,0.43068680662907777,-0.31522720046783004,-0.8271265165861396,-0.7650894344114697,-2.2716690286559302,-0.9233972727951248,0.27698900991701475,-0.45643743947807036,1.0332736525367978,1.2750902406642077,1.258816193637516,0.11130895253352568,-0.06884728562302278,0.06346400092616888,0.8465005536854533,-0.5052963202016715
2025-07-07 17:58:41,-0.7204247135507795,-0.033214822861593565,1.4791174772772777,-1.5928009685242268,-0.08206299958402492,0.24349840587705485,0.0920952632035466,1.0931654843610583,-0.20878969632014555,0.10433480754399362,-0.7590410591555283,-1.4378758232872306,0.1340979576819256,-0.7046980634368575,-0.901896106015639,1.9321970317277402,-0.38894741652037224,1.800657791741317,0.07189064944007205,-0.96251665729169,-0.12129318742956796,1.3550879576590533,1.243785704362722,1.014774712082348,1.042916069219851,-1.5427304231319938,0.5324609262339619,0.5650644320974743,-0.7782451584945359,0.9257586994128165,1.2180914354218042,1.1795901065925851,0.20445147202175679,-0.0738303381289874,0.9042237965625446,-1.2507137946055729,-0.5623688544687765,1.0019275252034432,1.02278813739687,-1.358259044728573,-0.09010116269480192,0.25094644227542817,-0.1181982180025882,-1.2361537199797505,0.1903726264282955,0.10552607063244183,0.6253268761392081
2025-07-07 18:58:41,0.173237962969472,-0.8404715171877696,-0.14009232232088617,-0.11480619710218265,0.32211832179829986,1.1513944262990259,0.7590757086780912,-0.005514822787174182,1.0480522452644967,-1.7371430024438135,-0.4919218287476052,-1.6896030540230575,-0.727399357793812,0.9817308801666256,0.7346344573756517,0.12216800487744242,-0.6237699032754641,-0.21856258503679193,-0.08034295241915816,-0.14994374295753077,-1.0361473525435967,1.4558311284227226,0.2909520736469462,0.14301620984528082,2.2649337232956688,0.7422916947456675,0.5632743948389223,-1.8496402420003355,0.964918686748431,0.47395396051108807,-0.20841442334438948,-1.0360191274408583,0.1978086966587134,-1.0812758291975113,-0.043041143507796906,-0.26034338905294746,0.33356953723251487,2.0689252250427606,0.7845887721517417,0.8628415591074582,0.10704791310870256,0.5622080099748945,0.9136360927056356,-1.1096536672748658,-0.18994846329149967,-1.8220503764495466,2.1933453089423507
2025-07-07 19:58:41,-1.4061019505710184,0.014957824648509236,0.8466275510924224,0.9471455439606485,-0.04330108368710679,2.1196693871284413,0.2793383369160279,-0.04744159750121192,1.5806501448022852,-1.5344403735350867,1.4410541424741445,-0.24775691676589795,2.2280336310620283,1.2532432026358882,0.7786587175089716,-0.8773580221911293,-2.8930630165158853,1.1974785239530983,-0.12948652202638383,0.6706043478556968,0.39169657166743854,1.3776849589831142,0.6595579432805067,-1.0004330792443186,1.2141775930210121,0.29517063785070824,0.6548488411831281,-1.146184063619005,-0.032247139702644416,-0.4068381405951035,-0.48824270992992247,-0.36052015551214633,-1.1985483787860929,0.460898911412226,-0.9164368103571279,1.1048776977294041,-1.4642599382735528,0.5387303184322804,-2.1557272538640957,-1.0185181945168673,-0.7634966236431745,-0.9479341848232391,0.11403982572322406,0.4470395749640715,0.22416630577187008,0.44893296983404624,0.014473155080338963
2025-07-07 20:58:41,0.3479152800976408,0.7547737311030638,0.7856244120109847,1.6462267902921381,1.4671209016976543,-0.7968900138157462,1.7570611986899884,0.49081485722817436,0.44104269500189525,1.368333095056232,1.0005872991635996,0.09428554591674344,-1.167246222818718,1.6568583236123082,-0.7469806832679518,-0.2302950565628008,-1.537873660132896,0.2967446263639317,-1.7730561548537356,0.8523291859137175,-0.5248747255017663,0.24471133405034629,-0.35638502424370283,0.10889763779045425,1.1716731115357775,-1.1140752076416778,-0.2554376279681241,0.0792682971333428,-1.8128645709491824,1.5203884108420196,0.15313842658346316,-1.9683411464636547,0.22780147371756018,0.30272902872896756,-1.011190424499254,-0.2057371309265572,0.4786272642641245,-0.5923502174131181,0.1849460587318961,0.8454910088164451,-0.5192897874364638,-1.2575835245719547,0.8182442989091477,0.03143317667347176,-0.41403904753568865,1.1482782357849928,-1.6366884098852967
2025-07-07 21:58:41,-0.8601639848897091,-0.8209553713794249,0.2566655562236916,0.9977326836956009,-0.7833330277103516,-0.35537630434291273,0.04510567517755734,-0.6042938884845077,0.45915195402253106,0.7540631174071276,-1.8339025871029129,-0.12988849796067853,0.1570392112000881,-0.8475799101723924,-0.33392863481066637,1.3418831118831243,-0.3697863685460692,-1.2919567349532879,-1.9643980737122446,1.7754461171859184,-1.008482839739673,-1.5744111480862861,-0.27953871590235424,1.5226838836690815,0.4403005543941582,0.11827039881033703,1.315570026889667,0.12347170298160974,-1.240127717334719,-0.6325364218762463,2.6994938277179283,1.5140786358323368,0.4423606006663028,-0.05549407889272984,-0.5387105076950163,-1.07133096715344,-1.3006868108078318,0.49849366012645685,-0.1251381517060592,-0.9535550317448739,0.10414689646054268,-0.39236904052881943,1.257705309171469,-1.9218259885021853,-0.7275505399663338,0.8836186925623569,0.29230223705169595
2025-07-07 22:58:41,0.7429492566747566,-1.0214630248122973,0.2415161271923241,0.8161589855720787,2.4407090255830384,-1.4287777175053895,1.0991854434843809,0.17511827253130244,-0.5148293605064049,-0.5694631870959269,0.5023049160046615,0.8934762641637154,1.3028420530427176,0.8038154413384916,0.5936939045835251,-0.5694855553359615,0.3543698913911924,-0.9060998955249996,-0.526615356929745,-0.035468108375198114,-0.03759018057396161,0.26039907535773327,0.05540552474929616,-0.411219642663052,-0.5103744156352964,0.6258344634012378,-2.038900691274808,0.2537801641903312,-0.3553000173790213,1.7905989921948176,-1.0001245211840293,0.6311569928691437,0.08464341770965095,-0.6749402822581492,-0.8661749600272369,-0.22117094329142237,-1.3862880824139112,0.851322763272651,1.2975442120012386,1.3952314646354236,-0.881698773548566,1.853708255637334,-0.8509887691195412,1.8032212666429814,0.27817480981225307,-0.5512946587451978,0.5654349825542099
2025-07-07 23:58:41,0.43049521852389344,-1.2939766964990538,-0.9370598645176937,-0.36763772385908605,2.48309309405203,-0.25591807011571305,-1.8642080261767782,-1.5263970175744153,0.8363349393372425,-0.8716926785809607,-0.42585954991805136,-0.5965678132352675,0.7120543303560923,0.4673037569116777,-0.5423643077810868,-1.271497860628733,-0.5261339282819434,-1.2374769517843114,-2.1957053051306876,-0.6096947427712033,1.5422348651100317,-0.1521283624297589,0.3853620291791235,-1.0582590674758974,-0.3767510222815256,-0.14816788789587182,2.1743230807792084,-0.37955550236549435,-0.3396341819477357,0.5580468872143752,1.2124499655145964,-0.04496410408965609,0.8039435293247565,1.0700311533710358,0.028759923832603552,0.6931103079553127,1.7604673145418275,-0.523345904896381,1.5579590355129815,-0.2603082882559656,-0.2661991171702692,-1.4985328603625274,0.22337751344505283,-1.2251859464826358,0.2952488262289632,-1.3913801435760602,-0.5851861144519752
2025-07-08 00:58:41,0.2272937160238237,0.8701315147936944,-0.3862309568714522,-0.09410102349232366,0.5648387006627907,0.7898325549945857,0.17207387631292886,0.43908484378346196,0.3097023075744983,1.5851771638408911,1.2809589584997818,0.4133464463928401,0.04487226097909612,-0.288123147721376,0.7845311099239072,-2.3233870763521076,-0.45610570600881606,0.8217550346052684,0.5403648838989551,1.0502476028672978,-0.8150067785433618,-0.4798529830655122,0.7858716200213162,0.40068417583606813,-1.5385446137600385,0.8002806256954106,0.3956786738928266,-0.9102621331434962,-1.7122449478137862,0.6571908419037005,-0.49731778935215115,-1.6399157677096523,-1.2988204276658357,1.0098504163101008,-0.7860971240176224,-0.31961950266721817,-2.2173689702916155,1.1592372040925216,0.27462930800567464,-1.2851975891661316,-1.148821476632112,0.06310831959158217,0.3677060856770608,-0.3007241967473368,0.5202318559811749,1.2840628184921088,2.5757243259822764
2025-07-08 01:58:41,0.4799183886289916,-0.01573165416821645,0.9493863606162624,2.0793950076424665,1.1775692654167147,-0.9688239365279394,-0.7999871362025974,-0.6240843259130328,0.8867759627100301,1.0046371984600735,0.05371060166176386,-0.29747838778815155,-0.5141222943807339,-0.40296512728821565,0.15836983626497975,2.3771717879572423,1.5472963847198515,-1.8722759271347917,1.6254380762113858,-0.474142436273459,-1.35676053852042,-0.19061057103909332,0.952153313240833,-0.7374593859988485,-0.11321039102693006,0.2115226551091222,-0.6382058476075884,1.4812986721977233,-0.23774691698010447,1.7899931342133237,0.658280383483888,1.5542760601157963,-0.10201976591201642,-1.4127842799008632,-0.19117101373138243,0.4103575119465619,0.2783369773544104,0.9401971144514379,1.2872529235324888,-0.0023116845663713895,-0.7573174646413326,0.34447222213400724,1.3015186531076917,-1.494531256819215,-0.12368733429244197,1.5395207017694585,-0.39546531409540114
2025-07-08 02:58:41,0.2483648847650567,0.9547044910199666,0.19041751699800988,-0.8306040116160984,-2.2489789095470325,-0.49410705675325783,1.173630535119073,-1.188286795399723,-0.02480740393019004,0.9014032563385862,-0.13701752054544278,-0.669415388025166,-0.9530739995303937,-0.2916397106384412,-1.3819118541907005,-1.385163556983062,0.4121359713831787,1.1254869991568173,0.8078097634040878,-0.789075746976705,-0.5247830179058489,0.4172843280174008,0.2301504757084851,0.3506098792077939,0.15096638704280363,0.2541310600363912,1.3361119031605182,1.5420712677465789,0.15713310383049386,-0.6255525784023669,-0.9452321560337045,-0.610594210624191,-0.4795347967263844,-0.2186407401857727,0.09222782484147798,1.8275484426215372,0.200735770678992,-1.78160720636979,0.43498529390498464,1.6239582511675597,0.5253673093808744,-0.17997643343745584,-1.3340649318584172,-1.508088123900003,1.7578616575161456,0.49759655450960455,-0.4637890166530907
2025-07-08 03:58:41,0.5620783399389264,-1.263885649529615,-0.18082328673951453,1.3556731222974905,-0.22524669364794703,-0.10844745664429369,-1.5758440398116902,-0.36570033192017964,0.48576697009802816,-1.260511331654254,-1.3735209383366853,-0.0035535617304183866,-0.28934633481475985,-0.8657354977303415,-0.41375302950591214,-0.9648669755442685,-0.44795377919474844,0.8542507883697755,0.5440431998152135,0.26474257573015153,-1.33555177402647,0.4747307886079284,-1.5955222361563193,-0.4902835210449423,1.1427594241896928,1.5384023053763811,-0.9772779361470602,-1.558976460644688,0.8620623598983159,0.1723640684358271,0.8077934731856327,-0.29349643999869957,-0.9116390105278933,-1.3747306046882675,1.1032221191791796,2.0877861189869376,0.09966941240345675,-1.0768575863952212,-0.08913967743191092,0.8077570939410624,0.9454141055955912,1.0609188507318208,-0.23940824597868496,-0.36409475255360824,-1.2689658990962112,-1.2642487494740406,-0.21750024039694546
2025-07-08 04:58:41,-0.8524619844032596,-1.3621032229150198,-0.992644366660375,1.309966621268069,-0.5537343199412743,-0.17920434220720452,0.6825051678681766,0.3601595688576841,0.12762593772099026,1.3119236572731803,-1.0869658909904467,0.1644009124507987,0.8626604448920893,-0.8877793893719629,1.4303952728373925,0.7226574138401753,-1.3532109703156967,-1.376133662634983,1.337390883009316,-0.18671337063244245,0.7992089067480292,-1.2877297899247018,0.2946264673779623,0.6876160076942143,-1.5373658810104465,1.131025380911217,-0.4338365421474944,1.6792288282751995,-1.2130845377870905,0.8174539667801517,-1.31545804046869,0.39966690650005954,-0.9391687092310526,0.15451358963836184,-1.0262196250098718,1.5176177344788278,0.2458375038323829,-1.9611004971768404,-0.1458060812620158,1.144530646030002,0.6237546126220008,0.1655244182489124,-0.4683363396058444,-3.1473816222909843,-0.7051692745903558,-0.006660425275644005,1.3398031965467638
2025-07-08 05:58:41,-1.5804846206618288,-0.8827225924143093,0.3990663598342726,0.7406512097884613,0.16320401294819215,-0.5134299989531474,-1.4379288357520537,0.6907713179952149,-1.8386912426079276,-0.6218195744099473,0.2597888715370501,-1.5601491981096152,-0.4032437371424021,0.532195085240707,0.7270064799569129,0.8370900808008188,-0.7656455061836933,-0.7479425103909594,-0.02702582736402765,0.7164935784397864,0.023360774618874754,-0.4826126470213447,0.6658446809877142,0.5283230089056169,-0.7274638219968328,-0.7223894113530097,-0.6700932975778483,1.4446121054252976,-0.6945314486466182,2.1074402921626936,-0.296614176489629,0.06197485841854608,1.1314987360596152,0.48059767224214056,0.8063520407768079,1.367499798108994,0.5961171715708132,0.5766991670446946,1.3119804833285884,-1.1492126995641676,0.4103378200775544,-1.0633802299124304,0.3760341966028029,1.489966600742618,1.7006839393291593,2.9694116078230155,-0.10600342599481748
2025-07-08 06:58:41,0.8148985626354744,1.0272719235583159,0.6464898655171113,-1.749900443623431,-0.4078054836741971,0.8271586399448669,-0.6476605046625576,-2.853806446604789,-0.8554994060375657,-0.7814350599925192,-0.30254784704484344,1.387730757760799,0.49381727379953494,0.2946628539240665,0.9646406685575928,-0.43901870483880284,0.24468151573784397,-1.3364107951903998,-2.2262633278842396,0.7788964533289008,-0.6789630428130646,-1.9710256745105148,-0.7854619345142857,1.2930866692022114,0.804016922274156,-0.693247285269552,-0.2760691598771638,-1.239573322148583,-0.5349751677145799,-0.4973810362924248,-0.3948509537201314,0.5336457318791028,0.9507215456322862,-1.1831526901026563,1.1141213150015181,1.3773167044230712,-0.48142534540148846,0.49404738879307214,-0.15968022793839184,1.0790179800767035,-1.2903331301691703,0.8448564655063292,0.24438628249559838,-0.21796051729347507,-0.07326725089338713,-0.7856724012953701,-0.9253242003632889
2025-07-08 07:58:41,0.8636902595980518,0.4586913304207343,0.31641145887297845,-0.0034268030230667026,1.1283698427838251,0.44976777130487183,-0.02657166030842,0.09098834237901278,-0.06312097650658002,1.626531559062616,0.3306142756280879,-0.1875487558501978,0.9363234848332034,0.9746488725270062,-1.8071107913997007,-0.12605523098283908,-0.6067857258631895,0.4303613841788415,-0.5103378907833266,-0.9306583779284592,-0.2230623387282851,2.416432784949437,1.4574564429804249,-2.617146233729662,0.4093186643346118,-0.28394991356873744,-2.6084409615651496,-0.573899225875519,0.4712459788283937,1.2696518222400692,0.5363840998660253,-0.8804467304612333,0.04138119758364174,-0.7494358903354995,-0.8097743842460348,-0.4944418773859438,-1.8266811384270791,-0.711896585890859,-0.08546388330672666,1.4928160269241715,0.5119461603634445,-0.5332456224196107,1.2603393056960057,2.1190367010581386,0.9172098445908315,0.20136188704100802,0.668629125336359
2025-07-08 08:58:41,-0.016554566280362736,-0.8114199114217109,-0.31769916414667104,-0.958773139082041,0.35698931157566344,-1.1894994523521174,-0.009331506164683865,-1.0178668568195302,-0.025862711053909884,-0.07955638726551433,-0.5564943877891981,-0.5725466563690487,0.5280435717077182,0.2867008473385611,-0.5548395127337035,-0.33745275324667406,-0.9716105430813606,0.12941651519584663,-2.0376015353430375,0.6274531659744733,0.7186878977921667,0.1563332943116155,0.32474179572300693,-0.18937272119682427,0.22243425975129894,-1.2342510352892615,1.3003075975347247,0.1727531368059781,-0.6971455354143871,1.1795905770261212,-1.715356037246667,0.573755310153404,-0.31279879446458725,1.2447199717066548,-0.5136051702857019,-0.8052030623195633,-0.940344709181761,0.6610470620555441,-0.4252761348468061,-1.0081558358992846,0.9702390795648342,-0.42762627024787864,0.14817080682456785,-0.11377316773798657,0.022637910974633225,0.012057112626439992,-0.5959066486501268
2025-07-08 09:58:41,0.957476942834881,0.2123120342348589,0.20381930653684252,0.8638010668525419,-1.149569388318227,-0.03023514831502402,0.18722174902207325,-0.14094655528021108,-0.9855509442803114,1.2510656202406025,2.0972661042983587,-0.4248662665026435,1.0203251625198357,1.337312348091432,-1.5747982350200773,-0.9503713673455619,-0.6641625894343157,0.6563700093111978,-0.10886267250186617,-0.14460944664971015,-0.8086419817359844,-0.41556637726684686,-0.084278809175699,1.0634211165518963,-0.7232020754948117,-0.7851727722055676,0.9040271679457706,-0.7774015086587907,0.3004139718432406,0.013212401181340478,0.7221672024551434,-0.11556195205786435,0.6256950012516315,0.947477415823033,-0.42378000016717826,-0.7299895339343639,0.4887485570505308,-1.332849348657213,1.4827295014015498,-2.6482757541134294,1.553762615695622,0.42003454808043583,-0.10613465224705622,1.658774319094977,-0.19357423810515892,0.5615049068740271,1.0314239895740762
2025-07-08 10:58:41,1.1702130272572497,-0.4149370916117645,1.507905226914511,1.320404339858853,-0.614943169171747,0.9435139839514929,-1.3683064382936634,-0.35360500439426,0.9716887010680606,0.4946629620102412,-1.2336224422647084,-0.8517884639804206,-0.14167922112035966,-1.3670189316706625,2.5262154212138785,-0.45708151208518816,0.40157450939941824,-0.8970323841916064,-1.1018754827728325,0.4098827648580887,-0.44109946505319625,0.44756452147635567,0.7168072649647032,-1.5092089949844012,0.45466542913207897,0.4733686096741444,1.2258536065631447,-1.5062589813448424,-0.06034261683602101,-0.12921083512776607,1.4031468782138004,0.39886303370577764,0.48692877439409177,0.05626811462214186,0.63967862370251,2.1081137335060043,-0.8205471394375009,-0.8049740464254097,1.7121607915231951,0.826746965868066,0.3994115649494673,-0.39820009139351475,-0.4565564936776455,1.0269166708147572,1.0283650142652851,-0.38693018383908007,-0.18607337840000887
2025-07-08 11:58:41,-0.05521024638924118,-0.18942682450989945,0.045009418813591974,0.5094526030388198,1.812784770793411,1.7520455134313038,-1.6469773067990572,0.5706609596241948,-0.2153126969815466,1.3589451081152606,1.765697362352812,-0.7350683216346293,-0.811707732206778,0.8988376545426346,-0.7523364208276861,0.10798846273485983,-0.9732838698712076,1.6650678154748755,-0.32327924225567717,0.17136006417553806,1.1207887452513066,0.21529286708931053,-2.307844002840058,0.6406519612007326,1.017669526971918,-0.14386653724688087,-1.1441861797196544,-1.3251816316658995,-0.6965494673649487,-0.09887590618688624,0.052464408422237596,1.1198037880797738,1.0882911699689304,0.07109092151388671,1.9393255179985056,0.5436372915819181,-2.251530941104483,-0.4774442082984869,1.0834315115098991,1.4235011943859524,0.5658840611700177,-3.0847316910267186,1.546807367380205,0.29921954435177034,0.9047962231248514,-0.8097681337785954,1.1718722378692235
2025-07-08 12:58:41,0.1744798881985536,-0.12720436404908636,-0.24865302872506334,0.9027346603718761,-0.302355459502162,-1.5311137292334762,1.333005321300679,2.232447507927247,-0.8925436854444918,0.3019656071835845,-0.2594199531549127,-0.7287111838913068,-0.23101584748711015,0.4007573500750579,-0.049641649116684367,-1.3443596924752765,0.2691998339041096,-0.7996332032076077,-0.2616422110635916,0.20316843725757805,-0.8020466393613889,0.4414956435359824,-0.12084722297131706,0.29776077129395284,-0.5223439409638244,0.00035297667350160346,-1.0285672875900524,-1.6790556152905187,-2.201487751292952,0.8475544970463468,-0.8143297105790338,0.5164767874280379,-2.1697752831749417,0.9200716191171485,-2.2149455657450168,-0.011356659399416385,-1.2860831174329945,2.024388006926935,-0.18069852319138743,0.37447433856897355,0.5332580990806842,0.15633445043596558,-0.17033055955493281,-1.874904276043899,-1.1253395812541307,0.08060206505453285,-1.551802456583236
2025-07-08 13:58:41,-0.2101357139207012,-0.2380325846068646,-1.0705489066171672,0.7061313688830597,-1.5205386195229986,-0.41923755663266177,0.933908445310937,0.008822909706586222,1.28880280465845,-0.34866316414649823,1.2258608878871806,0.13482565685748413,1.275179235896349,0.3165870537118675,0.9689881747960999,-0.16462350952558338,-0.1631767263680586,-0.5383139700841607,0.2728304911540636,-0.19271877150486647,0.5190232344307983,-2.07742354949322,0.5312670986710254,1.1041818011528728,0.7629463328138476,-1.5418215025750652,0.3030597985294021,0.5923298381856471,0.6493033932193872,0.18637010436460708,0.20283655308886178,0.09144511016427652,-0.9408728132117629,1.6219452867818016,0.5049842651826043,-0.19115721936638927,-0.009769545842473085,0.36901995059202913,1.619678457574269,1.0288470745292164,-0.05426923150531036,0.6105299156799517,1.1807024747985655,-0.5969564744095223,-1.9713426773649014,-0.01793896741142127,0.8130098711960612
2025-07-08 14:58:41,-0.5868423463346698,-0.9111056509905681,-0.15529969215171432,0.7189873134923606,-0.5223477040943374,-0.016314669537107925,0.5989332407754582,1.3250278116653398,0.07277042232339181,-0.08074660278148214,-1.2027607488506382,0.8392953369350997,-0.8150411448471679,0.8829408003394151,0.48330319058584725,0.44381972660896213,-0.9433726798224037,0.05859128561339084,0.08996533451041186,-0.06904942060156881,0.5108422046990017,0.6095219322018044,1.5131938053003182,3.011207942256145,-1.5534703784370612,-0.47343477584434424,1.615898750463982,0.5895041212662283,-0.6076704932857255,-1.7565747685822743,-0.3663911401017384,0.24581946175962188,-0.2457930751178647,-1.369222532635126,1.0918974279313254,-1.0773744807418,-1.464146701492086,0.11423247934905423,-0.17275406095206675,0.3765164312587722,0.6858988079883395,0.06982077660605583,-0.5695253274875175,1.496159882180302,-0.022266358054903047,0.5041133549815126,0.09154185642244499
2025-07-08 15:58:41,-0.2656411278931192,0.5420939233124611,1.7521108210823728,-0.045559683721056135,0.026684199056185902,-0.05065861273895368,-0.5228849460283915,0.011094521655224699,-0.9063861927632958,0.4481125546486995,-1.0836181942588,-1.7820461291584917,-0.8181325825522927,-0.7693210367326305,0.8467827617183684,-0.33429310370913096,-1.450836972780255,-0.844460337721281,1.369189346821307,1.139888947712847,-1.631430722445438,-0.831870340371955,0.9391193962000739,0.2556575606949734,0.2622375731188312,-0.28125941450906755,1.0927737128051207,-0.7611277664402486,-0.5955881051411621,-0.33419522299687854,0.5692760261489069,1.5779520599899248,-0.0865571825582979,-0.34651749017227657,-0.6869734509748802,2.3904711200605973,-1.1879224200626457,-1.9526644269811284,0.3322686137513253,-0.9490032148132864,-0.4441072855299226,-0.39704038199367053,0.44848696569767016,1.4356837967517475,-1.906220546879386,-0.2082831111682848,0.4426725612772347
2025-07-08 16:58:41,-0.31914779279733757,-0.2556589813498611,0.026099843767305696,1.4185922815741443,0.7455339698353368,1.2102648988348907,-0.46677776852904584,-1.6488932858410283,0.25102893410761906,-0.12736561150066977,0.4343431745164452,-0.8226928129160573,-0.5803318866772998,1.8671796327099814,-1.2438660737057152,0.32785635771033544,-0.7237962454418927,0.2807698732140884,-0.638054864757331,-0.35050172830211374,0.6960292921204476,1.3459025042431285,-1.2463472895761198,-0.6741525095196708,-0.9645474299879524,-0.7225205043265708,-2.2067929078787736,1.000251199207109,0.003306227369997969,1.3653707016447036,1.8699883593876068,-1.4487755335906491,1.3044112542408277,-2.0438372117883175,0.7118931071338904,-0.2365508060385727,-1.9514881064225296,-0.016558130845893977,-0.13994317855183896,0.5077489875740089,1.3994354548464094,-0.18118867695260432,-0.002214547269212471,2.7031724451403614,-2.0869224038495195,-2.146628391133255,-0.3427653391513002
2025-07-08 17:58:41,-1.3592985046017634,-1.1866264315707877,-0.6156043654042328,2.3524482063263528,0.6795263690279112,0.20742464309662131,0.7050970851158883,0.6854796427177282,-1.4994340189588953,2.1240349514613737,-0.17625017975507343,1.258121960566337,-1.4209614441976588,-0.4622052263824654,-0.08177342840089508,-0.1449274651540241,0.40201640622082324,0.49656660192780944,1.1742471770321463,0.7961691375184985,0.794437172922584,-0.9948713036240112,0.44386842874966953,0.23564518261720352,-0.5755867161735768,-0.7848023478922227,0.6593562512053506,0.83226408018847,0.6074879421277942,-1.3424547864539993,-0.29608271847316975,0.17638840484087137,-0.16590184369551825,-0.20134605539748035,-0.9697495417017671,0.0760028724299379,0.27771782819161683,-0.7651655539656728,0.8772299397177368,-1.8026110504749633,-0.8815209755990626,-0.6288176670772249,-1.3566679682241791,-2.937257362646022,-0.09990580794330607,-1.2971822013303926,1.2561480084405912
2025-07-08 18:58:41,0.5996803387081405,0.48366130586675593,1.063636825712956,-0.48924214309910896,-1.7038622335786644,0.3066819402969647,0.173336829933714,0.6805546479809975,-1.1246708077224712,0.2300052277410226,-0.8847045229785725,0.7938768502871684,-0.13481321017068165,0.718296919984963,-1.2940081197926574,-0.27723523632431535,0.1283171842787632,0.7803358104129803,-2.2744383038508484,-1.091380367288242,0.3101237982642431,0.4942799117375935,1.7359351312522213,-0.2684917332387878,-0.8331023490750958,0.7802484333493519,0.4334191766433164,-0.9751039717185048,-0.8192761034564214,0.8217871761330316,-0.14769758177669454,-0.9487437819896584,-1.2859848001243976,-0.27495960037283396,0.13590664451565454,0.04842465141386549,-0.7541587967546313,-1.1963977230509821,-0.4605199369275918,-0.7426507134441876,0.5525656286503606,1.3413334015710754,-0.29362175054404166,-0.9034636576889132,-1.0225898546571868,1.2908372492801812,-0.17916493749534804
2025-07-08 19:58:41,-0.09951978983170462,0.2347460442063952,-1.897635178800109,0.8205515446178545,-1.2157488486747479,-0.6645633846441714,0.5045779404997508,0.10305768647166434,0.9652675156361356,3.0160957704018285,-0.5362954454538191,-0.13676481543990168,0.9524394711358013,-0.06887543615718639,-0.2853556809815897,0.8225351317469421,0.18037554657966093,1.9397571355875476,0.7359766200038768,-0.3063411301731318,0.0730456467960597,2.299547006134057,0.12972045652146277,-0.7361099900033525,-0.7205053846877016,0.45232034330810833,1.3081853402005548,-1.2640305211837781,0.7613556193851118,1.2532039083225577,-0.6093935669565398,-0.09651671556293993,-0.31044389811294304,-0.07233503417928863,0.8001375930964739,0.6937736363115821,-0.9666739205195708,-0.3489225401595713,1.2292574949650938,0.8510035781368319,-0.4184402931391447,0.0749308126409027,0.019955879022826757,-1.1501414443437847,0.02839431793293704,0.6576053111576473,0.3656923441145177
2025-07-08 20:58:41,-1.1364743339159202,-1.166304950952078,0.7395871962366687,0.890412277224034,-0.23467303056385883,-0.9759560865768969,-1.2620657630328966,1.5050462351505645,0.36610168449167535,0.16325853215614275,0.05455563421384738,1.5955540919847122,-1.6069121000038986,-0.1921641184587314,0.13328007781294907,-0.043092976283208496,-0.29954776776766906,1.2740025031878788,3.0940733314691413,0.9540242796204591,-0.881692655150435,-1.570156078772619,-0.5288352600293897,0.5857537544753857,-0.34350503486046885,1.4090218794468818,3.329451716695858,0.6976612462588382,0.253780858906032,0.3285595800766552,-0.4561851627662338,-0.5917712730057659,-0.5875126599397252,0.7687251081902825,0.9305374203096435,1.4576713843589872,-0.22454472936096645,-0.1287275323397618,2.6701642266257033,0.5008838368159259,0.8288501734634577,0.002756342759329783,0.39950452070888026,-1.3109057830789141,-2.3459489325889336,-1.041827342005092,0.6922708837403212
2025-07-08 21:58:41,-0.39145915856837277,-0.45310269718507623,1.6880009980065775,0.32001010874232183,-0.14949615892825258,-0.535909590607955,-0.3640010346231219,1.192974496078782,1.92957853145141,-1.121139199339866,-1.5774567117783629,0.9876463471584893,-2.6404138638012875,-0.7946607355897913,2.3843987175385974,0.3077049527529868,-0.23048345354373054,1.6075180542723797,0.11483471950149218,0.12660172727509525,-0.17286007044270837,0.40131503141880714,-1.9320430377940667,0.025954185917099026,1.210239250743219,-1.5982237159026487,-0.31178728845865394,-0.05828191423230099,0.5533537695618017,0.8526454250057791,0.01887313043971164,-0.09037757495469097,0.1014666913876798,0.14830622636080376,-0.7730076292814368,-0.40993212350632874,-1.9569028145473333,-1.2905218970915215,0.15988243431647414,-1.5363588718586485,-0.02087669920776801,-0.07932868857128009,1.641584809353936,-0.06905133818660326,0.499730311915539,-1.489444445481961,-0.6193492409885238
2025-07-08 22:58:41,1.2191562742494182,0.5187956268475196,-0.1757421250995066,-1.0819969574038428,0.6054457563413206,-1.7891675110054666,0.1400215565407767,-1.1705020823224828,-0.13196604214489596,0.6384443918852469,1.0162419916018797,-0.9264525346758251,-0.32562079716821074,1.4623603606870001,-0.19533847294329656,-0.8937864803865287,-0.3711838180225087,-1.0152193873395137,0.5952252088515723,1.0400534795011753,0.8181739330688014,1.1855787725479092,0.3555135264830224,0.5303033267644525,-0.7437168896890621,-1.3139664207597455,-1.0618167390735658,0.73097295154448,-0.09636990569893226,2.1259846709906176,-0.35812967062895457,-0.39819871089488085,-0.6557552592780055,-0.8456693675626018,0.10650406078451277,0.37307598240724404,-1.5675257441259738,0.9811143432756518,0.8162156277837884,-0.48724461924071377,0.7682534152527852,0.4892473941800022,0.6353112214089777,2.5883154994086968,-1.214473519807081,0.2823131822922983,-0.2958103542648176
2025-07-08 23:58:41,0.6569634273727611,0.2918609901736148,1.0325743493967667,0.8146875571774149,-0.4573341270924858,-1.624018144292492,0.2757056880569425,-0.6759099090905504,-1.5716091674841939,-0.8924094803962384,-0.024256193392668168,1.2579217673933478,-0.27732119126220217,1.8529429299464966,-0.2303668786716691,-0.06799201480851753,2.2017803465310917,2.15615213422508,-0.6859723628866785,1.0094818546195632,0.7293402954607131,0.4361813616263001,-0.9724155192457035,-0.11476048268281035,-1.8198176905881154,0.25997990970444584,0.43678747450003,0.04441800365018157,0.08149379967677586,-2.1739358468968244,-1.6967884412191636,-0.2547361509597286,-1.365225169647991,-0.5008979836192483,0.6535062568795112,-0.3969203505461195,1.7215067191208115,1.2878075472287915,0.08138509571580384,-0.5111691003390255,-0.8074340384664727,0.43090872109881506,-1.7327749020157073,0.10439577395361388,0.15494982873032362,-0.0835669041164172,0.15870971663552744
2025-07-09 00:58:41,-0.14201328231980892,0.6363831808187815,-0.7033451820627349,-0.8122623481054803,0.9159484193129488,-0.03125222582534401,1.487662904671964,-0.5065325670522659,-0.2771649890900878,0.04230369570023112,0.6872906927704877,0.45845419386923286,1.3217467741998759,0.42282349630744226,-0.31721966104366706,0.26974552399708007,-1.3620105327995968,-0.8482906765325088,0.45978207246713226,-1.3944372367057556,-0.3483738347842068,-0.9133075726753317,-0.009627831621493272,-0.39372552495409663,0.5145347126186851,-0.821683536872658,1.2957558475943298,0.8917234439677413,-0.2830768480477316,-2.268134681257127,1.0717585397750964,-0.07600083324153639,0.5066246700071679,-0.7759236117726653,1.7427580053964367,-1.7750076730470115,0.4004297233470396,1.8204622079844297,-0.8925439457051275,1.7281627987443038,-1.0415453582547622,0.04096906999363711,-0.46594529544110463,-0.6846386675834742,-0.5208319530793962,1.982501218913898,-0.7304052278582532
2025-07-09 01:58:41,-0.5216257773801397,-0.2942346494822989,1.8708604250825986,-0.6163904296037901,-0.31442637768248577,0.24096898911294062,-0.8476741035258657,-1.0386846330266506,-1.1159516265138214,-0.5246206555598969,0.9432021264420506,1.0892093979689341,0.5359841805233128,0.9610572400729348,0.37236940050165934,-1.2532008336709668,1.5398948593664514,-1.2554079853106437,1.0327317892395342,0.42614472922130914,-0.6769380851888448,0.43083968542209844,-0.1378471782122156,-0.40542960463215433,1.0935499555786798,-0.3691159162929772,0.2557497766418887,0.13640654243010017,-0.4753903669511757,-1.132928175338109,0.9245559647965494,-0.45212330307119425,0.19680965222391114,-0.1968665908798223,-0.8414050287546747,-0.5225634436534913,1.7398076312640258,0.09061871478266302,-0.5072189625979382,1.0023408746744666,-0.4123703360046144,1.0646474509305917,1.2359967691580853,-0.6761207734533554,0.19339173100696763,-1.3379558664212234,-1.4956141651364352
2025-07-09 02:58:41,-0.6060604552317129,-2.0175272873921726,-1.2401185947231796,-0.8841159250790275,0.941803579364142,1.1490938452831179,1.7709356045840183,-1.2511563868670028,0.02595824086753959,-0.22106681411376586,0.5770956670669256,-0.44211626120968045,-0.6400888897010629,0.882380152481384,-1.6546649142280352,0.002470272650856136,1.3023542815520377,-0.3332676798034419,0.11139344538506676,0.04282514198140522,-0.3042749571052246,0.996553150241032,-0.9917667109724124,1.5440166061251859,0.34982790754599186,-0.33556893227704615,-0.027497573707990948,0.24533964620271956,1.1065223137612774,-0.24241858636747277,-1.0357185966883746,0.6341510123110548,1.3482639528500424,-0.21067320693153777,-1.184943697989489,0.1257190622241621,0.9970383972281214,1.6114702299225223,-1.685504548274481,0.12014670437310489,-0.4921935895983313,1.3938760675614272,-1.1729564167616389,-1.425587748630889,0.30709083495329087,-0.5350901699382111,-0.11748188884715806
2025-07-09 03:58:41,-2.0013566286506697,-1.299032210194851,1.5975985060595188,0.15133299149530155,0.27441991697863916,-1.0781259697311807,0.5050141983752017,0.5304205075984489,-1.1377566462183413,-0.4137672604976949,-1.654154334356787,0.3203072686760435,-0.48356779509601144,-1.4654509681857966,-0.14749743727143266,-0.1819640988400625,-0.46325245119186553,-0.7748103867617944,-0.9144026750095412,-0.6150627963539753,0.9488882837218953,0.3565051172305989,0.08283261685842495,-0.6479363990716897,1.124388134139381,-0.4154789200477888,-2.237638745672358,-1.3580895043432557,-1.0832817387663982,1.2976170403053173,1.6609980698437365,0.43318921395042215,-0.43718404288401785,0.5309708341150023,-0.17259600295507072,1.772134864251529,0.7354476732026968,1.1617674980113046,-2.1747806191395527,-0.7062876161564398,0.16225763342067231,0.48234368437783237,0.8699428667905131,-0.3239923686225736,-0.4775613450628256,0.45192580999458926,-0.3197544983857549
2025-07-09 04:58:41,1.245061086577716,0.434347190364944,0.3597182330353037,0.7452245168316118,-0.9294513507646514,-2.2847061204129364,0.13181569820018688,-0.019481477895480142,-0.6067380281887504,2.1111165398743745,-0.4874319265359124,0.892569246319674,0.4311564967418712,-0.37947745077181183,0.5445712817435929,0.7926795208397429,-0.9130001842756253,-2.14164468854578,2.5471794520358433,-1.1074815381376157,-0.8246392886018458,-0.22730818181178536,0.361785659138729,0.2673587916483392,-0.7246534236894964,0.12751617064340573,-0.07252075653513594,1.3164559422971198,-1.3141409865917433,0.6040012877767035,-0.06388405193751817,-0.8387777793027721,-0.9936890268749085,0.4913499245820884,0.7888081897355613,-0.6616407765454123,1.624478386652682,-0.15378795678474239,-0.6774429627119041,-0.9032984534694389,-1.8698921862345481,-0.06730538375887676,-1.5118103862202268,-0.24949825987105204,-0.025968191067268012,1.178671353859885,0.4194223807188138
2025-07-09 05:58:41,0.8742652146695172,1.0620414346277642,-1.2458107800224958,0.29137658523848664,1.263839174973415,1.3388201455450923,-0.6942663972928671,1.1016527283175581,-0.3013975583230833,-0.43527231138438766,0.0848909307733215,-0.41715051863590924,0.11314261603696892,-0.065751424122411,0.7501410822403647,0.2594366647509383,-0.4199030063532889,-0.32953546963348634,-1.2572763180835644,1.3741245434772758,-1.3026867394311124,0.45987771865372873,1.5514180941908036,-0.6655311748785853,-1.1945980040964452,0.05001278786991492,-0.10044892215964685,0.38935694695384404,0.42100962878847015,0.3952159659781442,0.11894890349359294,0.25420211721541397,-0.6316953983433874,-1.6973605858374687,-0.2604673201830705,-0.21034708746145367,1.977761056377488,1.3544877474577703,0.043226748952653125,-1.4921824419716305,-1.0692456091599043,-0.22717924787492483,-0.17630402555905897,-1.1169524059502083,0.10243273771396076,-0.5289736759294477,-0.22783550592396223
2025-07-09 06:58:41,1.8669002220197337,-0.9889465611312701,0.49240448997007935,1.3362491361792395,-0.5217302506127849,-1.1304541567196584,-0.9827797722205158,2.2154850425522574,0.23221368033564974,-1.0235073641140628,1.737242103232899,1.6846793940436116,1.492810535331621,-0.14157097467453986,-0.7911112978802475,0.4570894049796859,0.4578382679819335,0.7348758213454825,1.3521276112180112,-0.0071430538989573225,-0.9734673838178332,1.7392031967024093,0.26454559071232997,0.2964182615917759,1.011967538096928,-0.07599525390593752,-0.5179503735457789,0.0887534987181491,0.3762536110135912,0.1279749783320061,0.5629495515096833,-0.24843612279742686,-1.0332527028436715,0.7401351970966203,-2.1543046232430565,-1.0594918525217727,-0.8149478762772482,-0.750311671573377,-0.8344430266869676,1.0643868372010536,2.3859906241415803,-1.0708012930909145,-0.3912628651262766,-1.1011708147232893,-0.9860987775336943,0.18310205085311276,0.9035633195102023
2025-07-09 07:58:41,0.33596033427237315,0.7843540188339649,0.44055631326725764,-0.0927422955397356,0.1098325773323187,0.21939873232272855,1.8884928975839423,-0.3698325820897206,-1.0154868422181054,1.0074554696319151,-0.8821245292004746,-0.8225958875295744,1.6632537876275386,0.9423652192117122,0.9364254109034476,-0.1401817593561555,0.049296407045298495,-0.7164611313275736,0.18172280351264417,-0.2766593213860999,-0.9238819946548416,-3.556040879729632,1.9545936824535939,-1.599143129536605,-0.5153755510281692,1.1658959595372382,2.2756181473562727,-0.8092031337023343,-0.6425268669913804,0.17976885884314897,-1.0103349126342023,0.5922139631639144,0.9384442355704158,0.5222300126114315,0.3798841378873876,0.4606680583755958,-1.6801178949389803,-0.76282128752129,0.09012715101599789,0.8329852835994335,1.5405442950891322,0.8279664591162071,-0.6260599336308301,0.10095592841617242,-0.2526679680088883,0.630968609161495,-0.4056370969077304
2025-07-09 08:58:41,-0.9869955043009303,1.693945390720368,0.8528800381934919,1.1376307100388774,-1.0668455761987297,0.8736098846512077,0.347788731732178,-1.2338822288756692,0.08440254773471079,0.5068289127054627,-0.9615692265678336,0.040444470134140334,1.224537403533153,0.48672105038696784,-1.074759694014882,1.611031875174928,-0.5755015319720527,-0.7162341078631393,-1.0238401581805183,0.4055428972847465,0.6393072042920028,0.07044521317372597,1.1602285375244865,0.4529335264042909,0.683641397049888,-0.8056794925048936,-2.0819919395373643,0.5787707555826079,-1.2835233562869697,1.6582712827229096,-0.2945003682013595,0.7079236541685059,1.4601213178304067,-0.5488939307916243,0.6322533531652784,-0.8986622154012074,-0.9427636980673385,-0.10398659299779987,-0.32107297891411946,-1.089329643022069,1.2864450219505685,-0.5436394524662964,-1.9277878674479605,-1.4021937252741663,1.0282538587963732,0.4070116059338775,-0.24147306144871813
2025-07-09 09:58:41,0.7113444736793275,0.9074403935502152,0.47348872162224775,-2.1106550715093717,-3.143015234863068,-0.5674325065222579,0.5047905691067012,0.9677560889169884,1.4506312283433003,0.09863765003927197,-0.6128938784330403,-1.507998745047047,0.6428043771619011,-0.25125408866359145,-0.9044352412326614,-0.31446431734503466,1.1009228768019583,-1.5097799770427704,-1.4129155030840888,0.00839986573497711,-1.2857700711989548,-0.06732921003079942,-0.5603190997391402,-0.22143811906210445,-0.11570210369900391,-0.4162745003358171,0.14889196216312822,0.26064762429024196,-0.07372562810318516,1.2810554436485633,-0.29659971844365335,-0.8148722317710488,-0.6267812485558809,-0.845019993693316,0.7854012525514684,-0.6037046636593087,-1.0783262383361294,-1.5933091387205873,0.2710745219608048,1.7098069234712,-0.2558627486088893,-0.17604094184504843,1.0599332279817741,1.4626515061410517,0.21134663640093335,1.20165023451808,-0.030630804777645272
2025-07-09 10:58:41,-0.924389487170217,-0.9493920917421623,0.44705958610842866,0.3523807846554065,-0.49828038949616843,0.5473461724492706,2.060205435774956,-0.27556113581952646,1.6998309515118815,1.0314564437264813,-0.0979682814228162,-0.24701791956796398,0.31704249707428056,-1.0744718811848415,1.536959443536626,0.4745142052503316,1.496518661076104,1.7180877743562064,-1.1874959231230107,0.870131427091584,0.17541514695900892,-1.366131360977494,0.9799029340973647,-0.04958559428989327,0.5313664970285541,-0.9948543391551362,0.33290278341078644,0.025736449642176702,0.9334376001601011,-0.04034875201605268,0.2915318356104864,-0.866913250966192,0.6294388043956365,0.5473865719354877,0.3114307067128462,1.4826158896917536,0.39491117771320017,-0.5492448877836509,1.3737247207885428,0.2801998018602647,-0.48637897908612066,0.7161705649226073,-0.8113466275418161,1.472712682846827,0.5830223595978489,-1.3698875610951462,0.8619006149824799
2025-07-09 11:58:41,-0.3916987981164697,0.21495635788344197,0.007039566175116329,-1.1191061040212464,-0.30280272155743687,1.1662416978010453,-0.29464360710062104,0.8388738226786422,1.8110917078324413,0.5961242260362201,-1.5982932653123092,0.2872746671730405,-1.1066924270006386,-1.3972716285956224,0.2172922342443669,1.0961162741692316,-1.4842776110708624,-0.02433753903973995,1.9010095520428352,0.9134302946015638,0.7161702584374168,0.22358514493537937,0.30266960013620325,0.03546092274634372,0.5833270516066098,-0.4606189902325952,-0.6952017393062411,-0.747092193146636,-1.4189943925285493,0.8112914012205119,0.2762585393928498,-0.481040259621975,-2.034363507468583,0.21673014205806035,1.6382729921599355,-1.0178852800692422,-1.0121734941356948,-1.7479675242021242,0.07569331045535661,-1.753032392473253,-1.1501270893888527,-1.1995432997974496,0.38011498409162486,0.9300896278181376,-0.8764015340388298,0.9875730064223085,-1.3016302706341545
2025-07-09 12:58:41,-0.3505754416893955,0.43914364145154305,1.556618850667247,-0.6209354063777069,1.3757633491866836,-0.6743967878333925,0.44577720452612823,-0.1298196372592515,-0.8890772920864422,0.23958315161244084,1.048234846119998,1.1115560712203134,-0.44585003342857726,-0.3763471418488722,0.5844512458470221,0.5748545696238779,-0.759521290673047,1.209890556416096,1.2134410452246909,1.1328017923876985,-0.3197256754723291,-1.1861033516634594,-0.8779533792520058,-0.08990160998074001,-0.9981220626917979,0.2802222036981679,1.6017256401662125,-0.8585667845010412,-0.87360319417098,-0.7296927087960356,1.0649864077212912,0.5553281136416802,-0.04609193824561007,1.2933990148025492,1.1810479281535624,0.28559322740256676,1.933206173815098,-0.6915322017175068,-0.809426073206278,-0.12283664833544113,-0.6149177889398842,-0.3176282393739686,0.04424452203684218,0.21005801476510855,-2.107469428046128,0.11840259677383884,0.7407509993071617
2025-07-09 13:58:41,-0.6382298901510933,-0.92574598957073,-0.09387174766568512,0.07166975684264923,0.9178063789200941,-0.294211473219562,0.8203456109205203,0.5368829177889574,-0.9801233348503668,-0.20703656438728932,-0.8768676568431641,-0.9902329635648959,0.24358991530585294,0.3384903471553909,0.14067233349229605,0.2960039626789314,-0.3950936355825344,1.4436225993130105,-0.7483669867674965,-0.30300054682673644,-1.86938638674766,1.3989678293637395,-0.6166163372158611,0.7740312535346034,-0.4496632896462311,-0.5499037429741579,-1.1704409458001634,0.2449796287977376,-0.07826349763426783,-0.8593200642489738,1.1165316830161214,-0.9074838381549383,0.3505825554204808,0.8514541306472955,1.8269410239008859,-1.2723587471713529,0.3694282546207188,1.5669068209563226,0.05481223535967373,-0.7775324090036405,0.2246566205354085,-0.8358562234147209,-0.2758166849753804,-0.2577380194288083,-0.22184196707969847,-1.1722473796602888,-0.4198897597473026
2025-07-09 14:58:41,-1.0728869222086173,0.6849939697848719,0.05371508594321055,0.8659034547265909,0.02911284423752903,0.26055576325371244,1.092514718307237,-1.0547103622728509,0.2603691276885027,0.3864196186955914,0.2822675723182393,-0.8100301639126155,-0.29642499963210156,-0.4425770763865792,-1.0147260728697176,0.13844453632836876,-0.5592880506821114,2.0709188241082317,1.8363117279334036,0.6738334276788666,-0.12727614357495431,0.05509937785960621,0.7380303742366978,0.4344605462625149,-0.3304594739264817,-0.7356676463723072,0.4555353712266745,-1.6188482230121377,-1.4014194763647168,-0.04459476177577412,-0.610845967976241,0.8286112051641769,1.8655463778540708,-1.0280455747667359,-0.8826394560010777,0.2367009165579049,1.6377975854885976,-1.0352734428450674,1.242668131300543,0.7919503089390002,0.7136366505350726,-0.9982525432744794,-0.9016450857391662,0.18871412261201992,0.1781386145444887,0.47798321529526533,-0.3949370563103147
2025-07-09 15:58:41,0.23285286220630563,1.2281696505433435,0.14875710852646182,-0.15559635342796252,1.3238762131904713,2.7871381932455663,-1.118740195898391,-0.7746757519977544,0.2658003880497366,0.08838820846435172,0.32856576150360944,0.6005631241809753,0.8395299837293835,0.8280263203675338,-0.4501365640021451,-1.046563428327812,0.4664014180373463,0.6895840825366879,1.15435692349829,0.30492488277964885,1.4004347463524809,0.5527905326786874,-2.121499221505198,1.4882549464652488,-1.4078637979340785,1.6780539721811742,0.3145595205880349,-0.696720275516209,0.3270022713372779,1.6225264431644497,0.3409056928202353,-0.6206199572699269,-0.10805349863481739,-0.20323713579170752,-0.1898959170251247,1.02093340452433,0.6013404915420644,0.9527730187725254,-0.7822885558633708,0.06734974351336184,0.759845529949715,0.3589511513490504,1.325650477364517,-0.7301387711569418,0.41560858616010365,-0.642597167026274,-0.9844491127443646
2025-07-09 16:58:41,-0.44520880989135153,0.6202664365158419,0.6162964328494807,0.4271116819656173,-0.6633981884368696,-2.0371951463809825,-0.06346709195131683,0.5377129393106093,-0.8076959687190773,0.3227238936655688,2.0185275493115356,0.8485165206618814,0.3836151044204598,0.11445488032404699,-0.8297007256772958,0.005529184301920258,-1.008150115497056,0.2439103233914636,-0.2364356216808284,1.1069178427852078,0.11203252157665358,-1.534765118282918,0.32929841836411633,-1.3857275469519437,-0.7026849375913727,0.5279496082162163,-0.5902258842646467,0.8761422051323878,-0.5322176650677848,0.023463279408943997,0.1107327974159576,1.8122472958795277,-0.958465926814418,-1.4710770114053235,0.37718039505387646,-1.0694967382164566,-1.0130037165134662,-1.2521768526630208,1.6112305525745363,1.3832127087184851,0.6372677166457373,-1.3624450551781795,0.5140499341992543,0.11444710710284658,0.4963465391932803,-0.17952806998737447,0.9828738930427502
2025-07-09 17:58:41,-0.45154142778196843,-1.2548419113847136,0.2654812852005362,0.08170586595825917,-0.33286198242274795,0.6505070511577169,0.4474836231072663,-2.088820457560435,-0.4294491379086969,-0.14160556347205783,-1.161504031243857,0.8745094071439601,-1.1139218861929399,0.9668902176995013,0.8092649069820216,0.7191024282750904,-0.11919961474169423,-0.6423787874804786,1.0964252612791399,-1.8466399984800692,-1.0845268354635835,-1.2998472513615713,0.7818146365403761,0.6273941677079996,1.270257022666341,0.963373833603858,-0.07451771094861383,-2.5242549089978836,-0.2830554211627109,-1.4328669076687393,2.168916997452867,-1.1878992597477807,0.10093312461525854,-1.543813981219268,-0.9478898746621891,-0.7856189209373073,-1.3166674963634462,0.16255972591662443,0.26755712942257637,0.618913916613946,-1.461863420109065,1.2612152319501102,-1.3558652441065366,0.5095852926054004,-1.6158269379940275,-0.2300830755453854,-1.7033806006482126
2025-07-09 18:58:41,-0.9836319012499821,0.12299670216369034,0.7731752611603349,0.7722643328575323,2.3051372563129258,-0.6808219998618981,-1.0483644881878955,0.26153023467868836,0.8856533266546389,0.5185266633272745,0.3950579668255914,1.3003562948342637,-0.3312852464551192,-0.32572095020220143,0.1519143591233868,-0.2979032675287009,0.0226393982852528,-0.03788332056971321,1.2454792428044172,-0.632664267145291,0.9699637592036248,0.7580831076870941,-0.39979999975208697,0.6425443674739838,0.5586568310917195,1.9186444750605511,-0.06273013463416148,-0.27570510623481814,0.5351452140737032,1.1341288114624954,-0.6961966684366865,0.3437230325441226,-0.16129245041309492,0.4156203001010452,-0.512558997554994,0.5567484100139992,0.0766955622061533,0.44313350100997445,1.1988539725608924,0.8103272818210344,0.778538388291915,1.240683919728247,-0.5144195684496229,-0.818502709412617,-0.9340634213968534,-0.19011565293643004,0.49326768796092857
2025-07-09 19:58:41,-0.5778513932206403,0.968775508069376,0.6474401863204907,1.0608680028052522,0.2190857205779908,-1.1728225256482014,2.5314139193121634,-0.09933379166080412,-1.139829598111847,-0.7666488323549412,-1.3815212839244913,2.5901085920984843,0.6599365885450295,1.9915411249327926,0.6859661811977795,1.8517610371595503,-0.35299514591284115,2.6582421282690847,-0.5342492481872214,-1.140949939556467,-0.07381456776412429,0.285564819940329,-0.7043612673039944,-0.2525323864705086,-0.3542200099873527,-0.8787407225120111,0.9071237023692841,0.4208795468867312,1.2788610707770025,0.942662910682725,-0.757817991605218,1.0307278782213671,-1.6669225997748682,0.8179446094751017,-0.31685094287736404,0.2852132843159989,-0.8578601216018623,-1.1412607259071992,-0.44634209834941047,0.9955564099741856,-0.47477307629515214,0.896949532158801,-2.6417249908506566,1.7152056603996992,0.47889653049303105,0.4925569528462774,3.3851978842535053
2025-07-09 20:58:41,-0.8412274218363591,-1.2331748531691638,-1.8278706645213445,-0.36317250012240304,1.0052195424954402,0.5839236378359336,0.8757082176874511,0.5087192825439271,-1.4567273129875564,-0.6093174509599515,0.42403063504049904,-0.8281715945463495,-0.21478054798181892,2.534267659821291,0.8755873239685383,-0.9813918298180013,-1.291228612909499,-3.340438106633243,-0.878995176710702,-0.4149674088331676,-0.38621362720371666,1.9366035889218696,0.27097165492433994,-0.7261840295461212,1.7041696034521765,0.7813949640464536,-0.04377014842744086,-0.7994079244468763,0.4005398609472145,0.10099113819952621,0.6662502366439651,-0.3758890680115403,-0.4869593311569447,0.9282003217321412,-1.2961558439756633,-1.4177248741636057,-1.9607966703901059,0.17239425258165444,1.0812305462530118,0.2647614949380188,0.11315113565343014,-0.1594344369006776,-0.3892235039129629,-2.0478971588312507,0.22714730930323132,0.9196173817434165,-0.3626195971648634
2025-07-09 21:58:41,-0.6337436251932443,0.3660376096393583,-0.003824392034231244,-0.1254107716521871,0.05374057867597393,0.011173380383844023,1.4199238152076201,0.4120068052436277,0.9766496321976594,-0.25144195141507514,0.48182760201249536,-0.016199660666751724,0.3104696894174802,-0.690034268526967,0.7254710697667919,-0.05917425197725508,1.33106330699172,-2.292363786687115,-0.08978171161752106,-1.3023407920576067,-0.6276584085158242,-1.6980284467430895,-0.4252813393668256,-0.05881327645423533,-0.8988815858147843,-0.760288643822778,0.43601966338181325,0.8720817551699217,-0.68125532705281,1.5515515781016131,0.6299432663210341,0.7964997422484171,0.14289167406571648,-0.570201908286799,-1.0486314993580008,0.9304403291331363,-1.0801947289937832,-0.9457770977071871,1.2344147164858845,1.9316937919460544,0.15244844325211082,-0.9833188384913579,-1.7073032744057648,-0.09458549172402081,-0.5268878614211672,0.39636521110763134,0.8826513771638778
2025-07-09 22:58:41,1.9344443141843344,1.2854952203402725,-1.985872296721337,1.0160824728224056,0.1744776368470869,-1.2560400937880538,-1.4070474371560782,0.6250748587202899,-1.180220286670117,-0.03319217794847676,-0.33289693449006513,-0.10244997690940165,0.23019786163562495,0.16953293445256928,-0.363747426342683,0.14344513678860624,-0.2782935499409381,-0.1019906240494862,-1.248113504654479,-0.7289159872692024,-0.5041708387724336,-0.5123696587965185,-0.6096735643107501,0.07195700792752248,-0.22172569706720996,-0.664424635569603,-0.5553065601556004,-2.654628703198054,0.8285670668533518,-0.0713036892783239,0.2924984815796979,0.07078245787401562,1.5064511188103638,1.5788126797494586,-1.4502131292182312,0.11000836353322495,-1.545325871240257,0.6464867969331579,-0.7892816186925727,0.9241507750075031,-0.7442643862993297,1.0873536205510426,-1.2093205323609655,-1.0665099678098255,0.8753086501322135,-0.900578301634281,-0.2641143770796653
2025-07-09 23:58:41,-1.1071828591290889,0.8002425404426434,-0.44154730590315355,-0.265822800635189,0.43113238794024955,0.5204439759567139,-0.9609938872462945,1.104736042445421,-0.6268866637781783,-1.0989603404279764,-0.12028930117746432,-1.0112124389690098,-0.183801462110368,-0.12021341357256275,0.8570632678771367,0.40495565533658734,-1.2121789173141544,-1.2236946934313315,-0.6001081444606182,-0.6776090115238796,-0.27726679388541686,-0.23768176600213964,0.4870787780397051,0.8502177682903527,-2.0473818421227725,-1.6515200611609786,0.6251077631388064,-0.427009902346559,-0.7628869157056788,-2.594003322248573,-0.6321676566306488,-1.7918899364310257,1.3519565070782433,0.40717244709138933,-0.5937479477737407,0.7355804418892117,0.4943862720375972,-0.24323229038207958,-0.2570756458745208,0.35709678742586504,0.23876458754827273,-1.5439817491265626,-0.33029882496310115,-0.3129348821679876,0.12229905951177224,1.302935902860351,-1.6680853341423763
2025-07-10 00:58:41,-0.4338636202290082,0.6028334624541815,-0.44202136156656174,1.3469338483453115,1.7380009576286528,0.7352535969906238,0.493606301558606,-1.9397999837887776,0.8772026617419809,0.21488852615523188,0.18835332624783632,1.889028356491711,-2.238242469233271,-2.2823603363452647,-0.6003110019425151,1.000331597728316,-0.6612647800340857,-1.4987824081094394,0.31019603009557023,-0.26947831016929924,-0.9347403917470645,0.1974704590253259,0.4432993451241253,-0.8442007746511625,-0.8423094551739628,1.2580471565656983,-1.5805810823302913,2.208664313274118,0.17225972275065926,1.0083883396272109,0.14189972699906744,-1.7805370471245918,1.195088781238765,-1.6192019934128772,-1.1562012851549666,-0.9572201608872538,-0.3887097810506524,1.21710033608016,-1.596432494656721,-1.687149004386626,0.14522656512922916,-0.2365370685479742,0.27975487176857144,2.2980772168534873,-0.04471788533961965,-0.2108883084876815,1.5321711735000976
2025-07-10 01:58:41,0.8567199013418108,-1.0884817244686433,0.562266068448686,1.351086376462393,-0.9169987434672706,0.28931019672820335,-1.352687270016908,-4.7667856397977635e-05,-1.1826413132753653,-0.9417346533969184,1.0189988221472188,-1.5585543371808397,0.2178264671518,-0.7573555969734854,1.0551859494056077,0.4440186362489377,0.6564013283164033,0.21320784184690159,-0.32561554055856223,-0.03503821363107076,0.43629139163894815,-0.24316618120763983,-1.3348511930464877,-1.316767387430856,-0.3162445767641244,0.3074686710454055,0.33559729795611315,0.09420942567555475,1.0008946356245787,0.5364303575979171,-0.22321991143324887,1.464062993734337,0.9513401626050889,1.2268304470788065,-1.8871097621054091,0.9597507121383204,1.6709768999470422,1.4225362939640869,-1.310055620855058,0.399365158169907,-1.8038624994106853,0.2296416072290031,-1.174347923355072,-0.4360583333572409,-1.7235689605029885,-0.08394148242286006,1.7029860600820803
2025-07-10 02:58:41,-0.7612846313658781,1.1316487377539393,0.63685116684599,0.5992298191175871,-0.4399403273094929,0.058520124564773,-0.3933312323118444,0.28790893112285915,0.19531104555069992,-0.7835599988594221,0.13619630043312925,1.0220469359913886,0.13347945453825963,0.29238551804272567,0.861191582636174,0.21144945225625636,-0.24110908224913308,0.6414537694401702,-0.7568474993286693,0.5120331856605006,-0.4777101717282558,1.0982511809851156,0.8978362730266927,1.149966478244393,-0.7913923885663655,0.7261691883830335,-0.8442165962908214,-0.10562970063525041,-0.7638261504245073,0.9047410898374499,1.1916553157896765,0.6153560184660279,-0.5396505473540064,-1.2886482124797487,-1.3874847573157012,-0.06318843927635617,0.11530636961577403,-0.6955667107082047,1.4182837015861585,-0.4546581755580984,0.5712931470028628,0.3605911394434046,0.07682140022711613,0.006465979946830559,0.24482008890664336,0.16883921073769748,-0.6816937491622745
2025-07-10 03:58:41,0.5246309292629442,-1.321439123774944,0.7567162034618671,-0.2870256482684767,0.05180188402963202,-0.6715027479905605,0.8147163020243483,1.5239483113538872,0.9660336737473707,-0.7593565494229344,0.28026596043131546,-0.20122372446615405,-1.0050386174856152,-0.7965942144264141,-0.8772354138228362,-0.25171543704584703,1.7901760366428572,-2.4293571049749376,0.785434561549573,1.0210255985859644,0.24952264491331164,1.4938361993256062,1.22584150230037,-1.8416639273743565,-1.2416190212046536,-0.49289306285080675,-0.9979756486772684,1.1621910900948855,0.11478762335915856,2.4865062494212076,-1.1733265371941204,0.1596685913106908,0.8766630472381686,0.7982879539904293,-0.46817065806256847,-0.0791853281050909,0.4535533490483684,0.3855552529316026,0.6673506400805391,-2.5172966889870114,-0.34214674872184514,-0.8744393401912484,0.1623332988138281,-0.22682159206269192,1.3763167398423055,-0.12846196807447505,-1.2216280842190474
2025-07-10 04:58:41,0.33748571672121747,-1.7388505062249564,0.7340349387266234,-1.21359072397359,-0.023942438903991246,-0.029773174517322844,0.2761386629889117,1.0468521341972385,-1.1875776570624244,1.3550013936619503,-0.07122996080947894,1.0109904572392232,-0.029586570098984088,-0.7698785287361506,-0.45770957121682543,2.1048353663116544,-0.554537233765596,0.04795964377251909,0.006486865251073443,0.7156355615491771,-0.49292695084127514,-0.03932507179104974,-0.5345024209540474,-0.17466200120496614,0.006061586220387396,-1.0171449168478273,0.0674106375744802,0.5493629929727102,1.5794329940534138,2.028597524238823,0.09036556340438316,1.7831155136078005,-1.3301344650227267,-1.0173342666427556,-0.7701885499467012,-0.9026212828008977,-0.6208705196025021,-0.3663685871582237,-1.1529743518916866,-0.6542099619789872,-0.08233469129615716,0.5096044276172442,0.5585149568906771,0.6834004218548217,-1.0384075798248598,-0.3621830396048901,-1.1677438788804744
2025-07-10 05:58:41,-0.3200475207723651,1.2836026707548107,-1.1803544342073473,0.4941586123918943,-0.3938113647211383,-0.03901905356208497,-1.0928608230150978,2.1093567048674626,-0.5765382779848357,-0.9150081912767672,-0.7833798497548597,0.6220940737038714,0.14405526789033696,-0.34354890717866804,0.3862206473123038,-0.7837856382414908,0.11205957576979812,-0.2946223073155647,2.0959175553615776,1.5486354383686836,-1.1550269961833535,-0.14357237981435683,-0.15943846999839675,-0.4178924575207666,0.3109897096097094,0.7258928392798291,0.8571690741908085,0.17324710300955637,-0.3101167278259904,0.9155419333518964,-0.7840959065885303,1.7747546215881158,0.3223633081288,0.9511292390086348,0.3664188924643398,-0.6287261331891046,-0.27329943479191826,-1.8038226986738473,0.4647541034301855,1.2514062802225199,-1.3210569224459432,0.27091998915141896,1.3167753296482219,-1.5411021686893853,1.1919411555995554,-0.3399138010870961,0.10616736687321075
2025-07-10 06:58:41,1.2415595170659612,0.6540636232466908,-0.8586214190513243,-1.3049546312468103,0.2470015357561116,0.29184897775704255,-0.9110024365443347,1.2970416278764305,-0.014959463581877231,-2.1589372570071634,-1.1093198422276018,0.08257080718546769,0.6459382428184876,0.3051659635605607,0.38656768446889245,-0.6968756247161951,-0.09608032314845064,-0.0537318979994145,-1.0421039502965146,-0.5764275267598433,0.1656501596813146,-1.5904961872748684,0.7212543026063909,0.11079172783192578,0.5961727161151763,0.11817690040032663,0.9921170999020081,-0.79502693518845,0.6557151057788365,0.46379198605271804,0.2376373367358874,0.6333538151236605,-0.3535794392646603,0.4868445238385456,-0.11351000626854943,1.2066238656971686,-0.5334543151762665,0.368888741481758,0.5110284731561207,-0.02701382477500791,0.7138095163550984,-0.19416787535267196,0.5205407127374321,0.21549296034427248,0.9028827209775789,0.28673360370293577,-1.2995183818110985
2025-07-10 07:58:41,1.0431405038993313,-0.33254541253665415,-0.6746312881324783,1.5999626823715256,0.09608254717778168,1.3781788876439012,1.5665841531135847,0.6957868006879981,0.3379637986006133,0.48669994039303277,0.2400303419542623,1.543340883015981,0.02267840109446615,-0.913529716254331,-0.04969467986110758,-0.020731071009671153,-1.397037763141348,-0.5408248878335343,0.5567899714008305,0.22527310572150094,-0.23761535647755083,0.46728332797229466,1.8826233655644744,-1.1988504969871905,0.5260087183049971,0.8002558476193697,-0.0909451513933676,1.529884495648375,0.1352278790209339,-0.24875608239738872,-0.2445477366645139,0.6862646574209172,-0.8592663335304108,0.4971629731591923,1.0123069808433272,1.343094441264462,0.13409159336816465,2.074102957269532,1.1925432595977155,0.6217992389301936,1.3467458892246607,0.6805604510902962,-1.1071141258245556,-0.03696754412931767,-1.6552388753614353,0.4637546632874875,0.1503007559488939
2025-07-10 08:58:41,0.6436349770884318,-0.01083207857382022,1.410524113066968,1.072359715580244,1.0006923800350522,0.6150784835235618,0.06364571381525402,-0.15110591936277698,-0.08696568372663031,-0.5112073473529957,-0.1843678224134924,-0.8438877707832879,-1.319329766120571,1.410943305569004,-0.6142640528602368,-0.5973798503871492,1.4535158353387148,2.1686832376364467,-0.01095548334649281,1.7690995270293601,0.08922936380147149,-0.24058302911196505,-0.26306314546953663,-2.1306972154990924,0.7339245176336069,-0.4033518929500586,-1.1045523729224753,-0.05463258663665176,-0.5564910405185847,1.3553702295691825,-0.7804175988049525,-0.33299854646240196,1.1804180923822474,1.150383039207875,-1.283837233900429,-0.09792924632517579,0.3892520517766339,-1.9580727989173625,-1.5724053140569505,0.11460008257364965,-0.7520497968250803,-1.6759434930539092,0.7118961428110421,0.3345830524725369,-0.3268697447095228,-0.6012333587618932,0.9451498565904638
2025-07-10 09:58:41,1.4015061754019793,-0.5763572206182447,0.46267985864291805,0.7062157938981091,-1.226184747520034,-1.5673783225761566,1.7728356812878374,-0.3817065919022322,-0.15199533175922178,0.7358559015796358,-0.582799061357906,-0.05899323478213866,-0.6980609286870089,1.6824681284531142,0.8490487884282236,-0.04344763250988405,0.6850509325630747,-0.5278104871854864,1.4679043528424882,-1.3566718029062887,0.09738297464354582,-0.15892119682717532,-0.9292295659421471,-0.2572245047232149,-0.23097477731934823,-0.5071477145697613,-1.234670137642798,0.8722263803744247,-0.9021031416524743,-1.018259829117164,2.1251933520050286,0.11861285534176128,0.8912146752512944,0.022872249064667022,0.44483667005695254,0.23060657354425104,0.676052197237834,1.5602984499496437,0.27921521578649916,0.03932650761967203,0.21219179212681574,1.1843825494411553,-0.3482076568156857,-1.7994419413247782,0.5990771873175414,0.3925838980574915,0.5552038559702798
2025-07-10 10:58:41,0.6863412639343416,-0.2753471514239879,0.03292524069264989,1.3083583551911429,0.13501220733092562,1.3775882021960002,-2.900820635404517,-0.767477985605644,-0.22513367736852485,-1.4902196399226129,-1.477992754860681,0.36301812818368107,-0.3870681907997827,-0.43465551000758545,0.9579128639025339,-2.0268826532478106,-0.6530728515609817,1.5577100750657704,0.6702464577257844,-2.098503014427395,-2.207392101133624,-0.5884180921564162,-1.8374984720696033,-0.03185947837156052,-2.5852930203927253,-0.08640484817797804,0.5290652381276003,0.1021155980765988,-0.2815057144851637,-0.7561512233806792,-0.1384062211364293,-0.4620953508011887,-0.37612743244881863,-0.03024264671940479,0.3330621855331059,-1.9169357177132438,-1.4857215087593492,-0.359679708245657,1.0671244166896368,-0.229086265555274,0.2659364039456046,-0.9889798059201685,-0.6829572883524863,-0.8454527877407944,1.8703066318727422,2.9238043203162207,-0.4698327987998401
2025-07-10 11:58:41,-1.728850970965875,-0.5613221999032567,-0.0637812952471519,-0.3823006897234973,1.8510790043629854,0.07109260305937712,-0.6535283011779418,-0.8405096110695132,0.6175840206584498,-1.1302519274802196,-0.2394039717821887,1.106312452785691,1.3757764507437311,0.4974909069759547,-0.9440696481168925,-1.0462205065797483,0.3857271137677178,-0.33586157265120126,-0.44696250856065844,-1.363997615564751,0.5757368404670157,0.6836118183836131,1.076129489245962,-1.6935312315715103,1.2686657622493513,0.6107658432319639,1.189535652267792,1.6263863064246808,-0.07314362996599387,1.0214836479849454,0.033641163927067404,0.241442689633407,0.09626580916106457,-1.9413877094367962,0.8468044440183389,-0.07410104217208348,-0.9972496877346423,0.003983767312468791,0.2518646305158447,-1.7290687431653273,2.4492461880663376,-0.27269805020241117,1.3387948018941966,1.8118317896229248,1.657795427627328,1.3518596063256658,-0.25842860204171714
2025-07-10 12:58:41,1.1052233215810328,1.09136582170425,-0.4384475269588192,1.3681519093251318,-1.1315030001910997,0.04218515332199983,0.8343662598538165,-0.34860539291775194,0.6119729210164299,0.03287607366294104,-1.360109362577134,-2.03476019040224,0.8131205181752319,-0.6053225547809465,-1.936696835858623,-2.1197196391045945,0.04196399780860316,0.579861218604712,0.03338127243259688,1.3475094882026264,1.535400679116046,0.43385027992691705,-0.8575403996410502,0.287027134359941,-0.49421958383744263,0.3200478995812573,-0.9513801266560932,0.6091989902621919,-0.32452479505032145,-1.018029787518983,1.1164325553208252,-1.175530888628956,0.5430170081011123,-0.05393666321194142,-1.3602915551883645,-0.9134357345320878,1.271341693031824,-1.1625612588994025,-0.9105099874635857,-0.6630337801706434,-0.015532656207703123,0.4722206010437381,-0.3884629164877822,0.7469515378379269,-0.9420818098847399,-1.0909543901243066,-0.5169355049028198
2025-07-10 13:58:41,0.21093219807265193,-0.8312396862973884,1.1057422612909293,1.081968230267169,0.1140326834394598,0.14163350172054362,1.500164604974449,-2.001842338787148,-3.04121396731586,0.28728985364907816,1.9832469522961773,0.3507043312916139,-1.8026225227441237,-1.3770754308707756,0.02063911060618757,1.5722233720584768,1.6130371614414498,0.5797493594702794,0.5824942112597469,-0.21796326648344547,1.4685588749106937,0.11524424323349411,0.19846225602355144,-0.14047831122686544,-0.003965022423187577,-0.8668837768581557,-0.2702649500995622,0.48061754006490076,1.284700307563513,-1.7916022216004155,-0.11948985746540043,-0.3580768327522767,0.2542082937489661,-2.1773495398731515,1.02865174546985,1.4568870787163937,0.8811063058318269,0.7276353831310297,-1.5476972237538764,-1.397597053075065,-1.4440204619479997,0.076406426311169,0.6041610982829165,1.313439429514143,0.21310367963406007,-0.2484209493681189,0.8028526082409085
2025-07-10 14:58:41,-1.0747203541820534,1.3906697819727412,-0.4379848703234377,-0.7486277871682816,-0.8521387828187726,-0.12948596707657087,0.7437376750591874,1.3422319507194014,-1.0335323293821033,-0.6271940065121541,1.497626290237833,-0.7204800175210854,-0.007144848604539628,-0.4861635890138634,0.564436290721588,0.01411197562042247,1.6174955127872608,-0.9467572468378787,-1.386384618352647,0.8891308259162508,-0.8361708438166996,-0.3284164878318747,0.1227682297652184,0.646158933550601,-0.5637474092366506,-1.3974101536916521,-1.6855042044736468,1.140345283712426,-1.4151562220011267,-0.9538694881039775,-0.37753720715581335,0.441798173879216,0.5131623129337127,0.895002996717932,0.7875744848611839,-1.113784507262771,1.3766889364648434,0.6649061854839552,-0.47045638162462433,1.1798126499509858,1.3745284613988438,-1.7289458095077246,0.9379661963298656,-0.7342938853753094,1.1355983045720353,0.7592004472717835,0.043782859280864485
2025-07-10 15:58:41,0.08510008152596371,0.6581343693102498,0.16391844263697317,0.6734947724145914,-0.34440731630863614,0.16303424506034853,0.21676355814165374,1.0276927130528004,-2.0638686242850808,0.07709985731039339,1.0563106946592247,-0.012033733133194419,1.1786140336615538,0.3722964178198734,0.13033855082472562,0.8777658098421489,0.11577516165438961,-3.0678079051654477,0.167618961462946,-1.1396918310406938,1.2256911422669825,0.863998161851867,0.1678479785876602,-0.7441606698065196,1.9182828599607613,-1.1327647466113502,-0.41317372307484085,0.4745818975578349,0.8689081055001782,0.7078455750558118,-0.06358910826097446,-2.4361688165343147,-2.035973748447835,0.1937773344117521,0.14257351390718892,1.715800732495875,0.9830621367999133,-0.825944372690359,-1.5975956780302023,-0.6292302965038061,0.5169373141494527,0.8385111558225203,0.1396141822977261,-0.7888728236698634,0.666116679907113,0.6404268501206308,0.6520096257061095
2025-07-10 16:58:41,0.9468256396573592,1.763378775370393,-1.5711113634964675,0.26909343674638225,-0.5625068750837454,-1.2121400442580024,0.6733415061830824,-0.1775544606219344,1.1773438450991618,1.1570598953026145,0.5966991030571329,1.4033916755089972,0.4662273431557975,-0.08174751594848023,0.8386600378706098,0.9043159500029783,0.13917650708283102,1.6225896272384077,-0.6887729274935042,-0.11365633202181237,-0.3991079273845223,0.2670389529291296,-1.309434608372355,0.49594883071601464,-0.23470379239591393,-1.1331639840140981,-0.13460604157031297,0.7158633782003105,-0.707037255020301,1.8696744625303634,-0.68972425431512,-0.008710541195473123,0.7209891358784267,-1.1733106666306288,-1.7286088716732726,0.2825229648873999,0.540773935084548,-0.27493473434446963,-0.5476908770624151,-1.4429874618242522,0.40158816466134284,-0.7807165786453245,1.5406491645191758,0.11423050212258025,0.7035161895736766,0.44088345703554394,0.2266739424157701
2025-07-10 17:58:41,-0.2164626827011502,0.3711293533956119,-0.13236986545905133,1.062404252111462,-0.023274098808433067,0.7364855458371797,-0.8978827717253551,-0.9725859774295978,0.34898480665444775,-0.3135939191510865,1.1909159810865844,0.6301479082873743,-0.7334777686870781,-1.4960223275327285,0.007785325437057866,-0.2892038897841317,0.12986974758942915,-0.38223110891947293,1.2220951644798086,1.5307623053613715,-0.45459999850931926,-0.12387849458112347,0.2679011092817024,-0.8663763900311026,0.5934866696754331,-0.17412827819458174,-0.9223171672893203,-0.47194661266983184,-0.3589291355813266,-1.295853865881095,0.7912229283198163,0.28186660390979057,-0.07882460913658944,0.20434698313332186,-1.256519500260851,-0.5754168562381109,0.534978846286866,1.333644038739483,1.247842433680148,-0.044617060504453465,0.06304234887359837,-0.5216584132749237,-0.25492944295595665,-0.19450387838363872,-0.5817995899660365,0.4142563172297836,-0.8645854057555054
2025-07-10 18:58:41,0.08611046896139339,0.03320369956861929,0.9777767708021919,-0.3042545208191134,-0.06040468903871712,1.3187493465829392,-0.49571759017139355,0.5513406263981673,0.16093381358114148,0.25359642543754857,1.1004466946473008,-0.03214264368996011,-0.25622914831322724,1.542700598559949,0.28370026019304273,1.5435029623610164,-0.2015855441301458,-1.2773094231902673,1.6275846225912527,0.42037525746211657,-0.23518814174818833,-0.11023416612492822,-0.06378539609623562,-0.5853736096791418,-0.47642300464044707,1.2131077882612358,0.6154545841341922,-0.4868854552057958,0.9018818306845472,-0.03346748051928087,0.778646411336244,0.8701170061251238,1.0498523709817695,-1.8409555026509934,0.5728964778648903,-1.0646282572760999,-0.3080612784382953,1.565763048938351,-0.024819373986716044,0.3692811415357316,0.4453728026606471,-0.07374536773132406,0.2881030670118989,-0.42849350581057716,-1.9208958856415301,0.3767914216746197,-0.6001571341823225
2025-07-10 19:58:41,-0.011684676191500586,0.5796932169648275,1.2643606558426854,0.36131892334932003,-0.8682943196922357,1.3292273590080124,-0.00925070238048916,-1.1914223515183957,1.4069154721816528,-0.5075323366613832,-0.24246758326350545,-1.74820745440605,-0.416870299480269,-1.0386921986270565,-1.0278135469138534,-0.7900448578232214,0.32692090012748215,1.5586939687243224,0.5529049947155927,-1.111387645847712,0.12142160549224645,-0.7535025126147158,-1.060683388166977,-1.172213421225781,0.36177900680686953,-0.37907239951884103,-1.1781169807625878,-0.8687072418920981,-0.4545779493324489,0.5459596503727615,-0.05835892497823345,-0.8664116895579942,2.1533312901511845,0.34248325900131804,2.2169307469703106,0.42671230806603444,0.21597633626520743,0.8289403463033088,0.6365927693330116,2.1454438488000664,-0.8601152068681034,1.7539852248480348,0.43093334773609204,-0.013501549094960893,0.42267585266541646,1.0685840585288198,-1.120389103331959
2025-07-10 20:58:41,-0.339861277765974,0.7375484641282002,0.23048243745240743,0.011659171858214369,-1.1118885765216953,0.23700953100602698,-0.07869137163963093,-0.04694001485166435,0.6655273018941023,1.308324172555542,0.34860326562354793,1.1832415364095605,-3.201043303479972,0.6092247259727831,0.0025298281275489224,0.42745766968335647,0.10316659160049538,2.066932252296583,0.38809356154017255,1.2305396886966857,-0.5011711639318107,-1.2536886040147956,-0.020987086928118702,0.08462878932978095,0.6011596550451029,-0.7657958042480276,0.0350630845599228,0.808051355196523,-0.5221901115939251,-2.8436851833874908,-0.05112470861740169,2.3978236578483862,0.9802938340324961,-0.2666398702726727,1.1449376406439862,-0.5575967161180669,0.8326353966111966,-0.5578765499008562,1.0581399648356518,-0.5462639322640238,0.10694435893942071,-0.7609739246985362,0.7433864340020501,-0.8997426744113781,-0.8027239516452968,0.9112944816391138,0.47600915452645676
2025-07-10 21:58:41,-1.0798251484117474,-1.0180681844108215,0.586101968062209,0.3774421767124659,-1.0619537485261048,0.5818701545481969,0.5020163653775355,0.6335421104487592,-0.7629236328137373,-1.241639716750663,0.6219134744934475,-0.34375829131362784,0.09258043881192322,-0.4052937782274071,1.2887739176765216,-0.05014734130621061,-1.3545514109404722,0.7515945326144354,1.3327315800442328,0.22514577898887939,2.2489484502960786,-0.07586760010009926,-0.8599048122671187,-0.0961612308800223,-0.7695902534129754,0.4051326689812144,0.13106611598904366,0.09221369731714256,0.0827183675274908,0.2527498196022077,-1.4338978569732956,0.6527307781803461,0.5830746340208154,-0.3578264237343422,0.4621283001586882,0.5096994181627456,-0.7671124427299286,-0.6796554978798848,1.2859910010165916,0.5031824821906138,-0.6740065944631304,1.40441118382487,-1.0130628344836483,-1.06583606544932,0.010887698082033015,1.532935990450749,-0.8249383429833421
2025-07-10 22:58:41,-1.0988050442853645,0.2770894470031719,-2.6348482486672666,-0.20817567278192,-0.9340683387587947,-0.546773043025425,-1.3599175157007979,-0.21717012974384964,0.7064403816897714,0.7937252169357097,-0.3913513427074319,1.5757122350673445,-0.8485988898107818,-0.3290235860235341,-0.3383010996892031,0.42526449851214065,-1.026650542055834,-0.353942994984941,0.4538916051268677,0.6508991619223078,-0.4957855233290345,0.1414523632965946,-2.2070996290775136,-0.6690908390639828,0.727122358504711,-0.11749345672597042,-0.12241841070983829,1.7307873874989317,0.125869273339824,-0.037997204391109644,0.6488705355971761,1.2108496815219116,0.5595918452525522,-0.8568092887844231,-0.3932497106879669,0.5165341873654974,-0.5857414443704687,-1.8250490961434418,-0.6167634823535134,0.02713509875464688,-0.19120120336837235,-0.22750767727616159,0.5653718817782656,0.42145216830831705,0.7244434354891796,2.267269314199119,0.14046249250231813
2025-07-10 23:58:41,1.0243896983767977,-0.07769146882461375,1.050680109575205,-0.2249185785381906,1.1301735848406205,0.6258675536431942,0.36643948304092433,-0.9061308668114612,0.2626956785313919,-0.21202010162621263,1.2431500753528963,-0.4420457576035285,-0.8714896431504089,0.9615613183413868,0.38978241535155017,-1.71138661065409,0.3452249833038562,-1.0113011668280598,-0.5896900678692919,-0.7830052761498423,-1.9656720151689309,1.0442918026639658,2.6518214539101495,-0.8896459597203425,-1.1347837811063881,1.2868438144301795,0.5588263533269127,-0.6887487730929356,-1.0945285419185686,0.8875943563618901,-1.0214748320191658,1.9543534342608302,-0.1390852027257258,-0.5312384612674457,-0.2804819470347108,1.0271244433124564,-0.4021001616352287,1.2198020136407768,0.5132052871460305,-0.3547038115937179,-0.3856283227480978,2.741945688589931,2.321414540350476,-0.17677846228886615,-0.40762434733148867,-0.4232047269831198,0.3957412349837728
2025-07-11 00:58:41,0.11303858318734294,-0.31555165165775473,0.5747185255776107,0.24295841338861,-0.3086790510423796,0.2290861152323943,-0.34387488178841374,0.1548679457412778,-0.719619974548346,-0.7502220614824502,0.31325936528701087,-0.12570459261394198,-1.8068782977611595,-0.8375864415262395,-0.23929584764583325,0.2389134727083946,2.1355023474059505,-1.5692732577245168,-0.0015149268196152886,-0.9688661200773616,-0.15217162816815782,1.2286258113991728,-0.5759795278045365,0.621207827426409,0.7758210627426178,-1.1179577580998474,-0.5189322700618437,-0.8299394481255611,-1.1386845546390076,0.9739495184028497,-0.6244274219223425,-3.8073996224536844,0.2280922211506352,2.1658112545827826,-1.4819451563931698,0.7764433388806591,-1.7962621673760295,0.6337835714069108,0.7447551395417165,-1.7888019261557442,-3.013212896376477,-1.5910300009674379,-1.1964494937034056,0.9546359860468819,0.02016909346899198,0.4024926941026906,-0.37319393668918815
2025-07-11 01:58:41,1.8295499841634415,1.186814735995865,0.10779957266183851,-0.6611860955395532,0.4238647609536754,-0.5225817438821264,0.7731368053389851,-3.474999162385502,1.02533595927819,-1.1672031986187386,0.18501898249542473,-1.2116136800916144,-0.7100894138061049,0.34830257940426756,1.4187127350385569,-0.020576569197165603,-1.3135988946458566,0.02964641802059019,-1.4088956718546157,-2.0279623907438964,-0.20911867082069807,-1.370591610613054,-1.2521593647159797,0.12103443041266572,1.967549799430864,0.9029088618516656,1.0730943590920092,0.6988667364317271,-0.6685967776239462,0.4021533340643596,-0.49823131830870876,1.2148473275904785,-1.3232281468371445,-0.010427274083957487,0.3476742403850353,0.7597109807125593,-1.406747014024392,-0.3415462324371463,0.7450247916050369,-1.0472956816264423,-0.12177737523487417,0.08744749555906813,2.8058701759301914,-0.3218369678460614,-1.075019227177387,-0.5023723821039592,-0.08402447487708391
2025-07-11 02:58:41,1.2877352477224981,1.6823881548289088,0.6341080420828347,-1.1242030625215256,-0.13251272241680753,0.8695074655908809,0.14636445283546348,0.4066250151503488,-0.3489668715217556,0.4642967371189222,-0.41881726531356755,-1.0672761845205665,-0.5089776915227134,-0.7680936828156452,-3.165071263874796,1.0881137962877172,-1.5983953252838885,-0.88414691751872,1.4312161167558062,1.1947264830543116,0.1796071945367432,-0.42324816587609304,-1.6175055169253574,-0.34238930918879884,0.7762370384445418,-0.03827582524854756,-0.32979412927835056,-1.244930316862187,0.6851655018370799,0.40087329682869755,0.8122053983243354,0.1679124850331715,0.4178479596709499,-0.8770293554894509,0.07418285819821756,0.29786701072858773,-1.8785636169575797,0.698728343969845,-1.9019105934646365,-0.14832761987543638,-0.15982347600925442,-0.1582129989565202,-1.1279422802944963,-0.20044707452158128,1.4161485751041507,1.647020916077536,0.6072849613871383
2025-07-11 03:58:41,-0.7050707114424182,-0.007796365257660677,1.0649964528271627,-1.7383431766030761,0.336111046287598,0.2319942656677752,0.6495588588900755,-2.802206332958389,0.17546195892111835,-1.294181517378378,-0.9015928137869604,0.2177875687787194,2.0771188810095946,-1.303101215364928,-0.11239709683438097,0.2604604110526665,-1.0603458988826981,-0.5941864299753868,1.4535487722977805,0.7306950421479841,-0.2172007596223211,-0.11797886032086478,-0.20400427295579843,-1.9015717596250774,-0.20652927773291746,-0.6760362838317581,-3.0579908199587735,-0.26141794907518756,0.8078579666250059,-0.9094343972204416,-0.18949535090040845,-0.46744242203792424,-0.8498730435890466,-0.6737829350558003,-0.41082721416736506,0.43650456607090826,0.46667737371057666,-2.9251632660474955,0.9586193058781645,-1.6489514644046273,-0.551072751025671,0.7948085417717985,-0.9926394202128772,0.6664333861312475,0.7979648254284951,0.2656266817256343,-0.09817997314628962
2025-07-11 04:58:41,-0.4322883759089934,-0.4280700902385638,-0.28693956634428486,0.15071671723688296,0.6813191684537572,1.2186376679851838,-0.4006401584631841,0.31310016841566113,0.568710821406956,0.5593932860241648,0.2766360070358868,1.2704865808841894,0.5518414297534309,-1.0782956274906987,-0.48324923728407154,-1.760962785309632,0.3597973432359804,-0.8339358165620333,0.20152056927509385,1.860564845025729,-0.2489266953196126,-0.961135204387706,0.16975118980872886,-0.045061221774440226,-0.8671457883095023,-0.4651399441666263,-1.2209958638470924,-0.5587226632028484,-2.812112223977473,-0.2654005175115917,0.3166963377360721,0.14980994746346568,-1.338094002239743,0.2113539765314735,0.9033489923421293,0.13433678679872627,-0.22931942675682382,-0.6010694290660693,0.8446328437063207,-1.6557433032371798,0.8520056392210811,0.23761675936842133,0.29686321341630734,-1.1288050300734893,2.9323045633543185,0.48203390941867696,0.11144511886813412
2025-07-11 05:58:41,-0.6684854987141005,0.6528552612921699,-1.76642876143879,0.936080913871399,0.37233672203571017,-0.7661528672155581,-0.5388292817331551,-2.231507148931982,0.11339484019676067,-0.833439394369672,-0.018842466214924386,-0.8825984817754479,-0.37236194511900483,0.027685828642843437,-0.05244933891458453,1.8218383832771412,0.4204478928347978,0.89998846660482,-1.5544397197536317,-1.0771261157087082,-0.42983062096079566,-0.022095137712908917,-0.22758318168468178,1.464420765107169,-1.5978614108115294,0.9427678475474645,-2.462328839992792,1.4424191857985755,1.2234765785253539,-0.4428091096080278,0.33446769194380965,0.7107031616998748,-1.1475860023805244,0.20139905344251713,0.06990801066051121,-1.4945653678140367,1.7380166553541538,0.3344226926632769,-0.3840348062489292,-0.667790048334636,-1.3629168199125798,-1.6258799952980691,-0.952358151137814,-2.1042415014888003,0.8262543943762355,-2.2596856426774528,-0.17037176492769815
2025-07-11 06:58:41,0.20018700647581253,-0.293460968654062,0.18543334308200582,-1.3868268997962285,0.4759365984112686,-1.246967434106242,-0.44053623047686774,0.38963066920675543,0.40050097119803796,-0.44359297736086944,-0.4129092197575395,1.8882114369045242,-0.6373411225430831,-0.2870704246917825,-1.31810268927855,-0.3556955023283479,0.9097241577267677,-0.4231187659130535,1.159291179023781,0.9572617394646298,0.008041167365571483,0.3919873285902326,-1.02834110814747,-2.4361909942358744,-0.8907585609437616,-1.8753640958971516,0.9966247933897733,0.7418160928446553,-0.7348565384829812,1.2242086800685317,-0.7711369132932124,-0.371598781539695,-0.7049295270046205,-0.15336214290486191,0.5429212958815868,-1.1154450220031906,1.043047524107221,-1.736914016235341,-0.752019817305804,0.07983850529263305,-0.7960894346873963,-0.8973538763961584,0.11756603737620788,0.5383449392408345,1.2986805207051537,-0.149799237455588,-1.4144567448799816
2025-07-11 07:58:41,-0.9975541433685753,-0.8896353033290693,1.7654475565594536,1.6134855230148077,0.3179227072526159,0.0406305369616189,-0.812440633143067,-0.10907818245774475,0.9734122056608149,-0.6206763459053162,1.8515969498457414,1.0834510008767688,0.27492851498792165,-0.26786602972065215,1.206486291966839,-0.8490927141524888,-0.2645068481999299,1.9086386257611845,1.3694841842610779,-1.8188179872796255,-1.4837308204001312,0.2630213853175735,-0.8928092241206115,-0.318924774123014,0.143933115184218,1.2647516197420323,-1.0972097493548365,0.021313731242104953,-1.7271421930223247,0.023066888497587052,1.4136286087447962,0.11388521477917035,-0.4980850200308878,0.08070277549135277,0.43681867795018087,0.3229397735469373,1.4518501138631024,1.3542093151740773,0.5009650544390359,0.04049047557782108,-0.08416116537129008,-0.02391454628614206,-0.38745730679201035,1.005907934182969,-1.668268143315964,0.68107525850785,-0.6276632027466502
2025-07-11 08:58:41,-0.04706762027338723,-0.28274139171664575,-0.7906735451016844,0.22888506849256196,0.19170960867092698,-2.180181925219572,0.6564518957188441,-0.7507482640755367,-0.17659040484973745,0.04123549787616703,1.1954153568808223,0.5552702877888815,1.9327598749392727,0.06839643096942685,1.1924498964466652,-0.5468028458597382,-0.6725248171723325,-1.5000607157832357,0.21434818423545293,-1.2678854050471808,0.9499566634634097,-0.7124125389212216,-0.8873218145673822,-0.11082589792336316,-0.4831488466955099,-0.487407339352067,-0.5715563937637068,-0.8335206340893903,-0.84672465119142,0.242510893832685,-1.437271084593236,1.20313806916853,1.7022199485277665,1.044636876366454,-0.7758529179328048,0.2874066765950661,-0.6979818793588852,1.5013606381362345,-0.954830508801603,-0.5258139377865902,-1.0606436793585867,0.1707678885408949,-0.40904109366834124,-1.6795193922393143,0.9664871602291558,-1.2538776708224793,0.5217805391040201
2025-07-11 09:58:41,-0.4547634446418514,-0.5534351800818876,0.5779883693351848,-0.0005242676738127709,-0.4764179795186285,0.6988710442157029,-0.34602379887079243,0.45927517589381045,-1.2268810841668933,-0.7007585099281328,-0.15561759390385302,-1.4244162525238806,0.4769286240315604,0.8331418161718067,-0.015257171417641671,1.7443530510458092,0.4878389302415203,-0.6257392288870048,-0.6467170095053968,-2.231666439350629,-0.8755447997048998,0.46845068900989056,0.7201957723016486,1.1139871931086478,-0.3481628860910207,0.5075628206382127,-1.2031418538023972,-0.49328812922268017,-1.140721960427923,-0.8815932184791812,0.24434366111235925,0.0003475143987632602,-1.1332355936154104,0.3469117701146223,-1.6073654505169592,1.4979380842297572,-0.4448121496501773,-1.7194516479742856,-0.08622259006757858,0.30064406755155243,0.49836476206635316,0.7272485901176831,-0.06679171882142583,-1.7072224677010595,0.9886743273491,-0.4618578617285046,0.7236590347744125
2025-07-11 10:58:41,-0.3381170871143044,0.8009221375335627,-0.7519265006775946,0.681607296414446,-0.062380601067480626,-0.5168271109582588,-0.12618531897333382,-0.02743828992224276,1.282558791487523,0.6156361306216731,-0.03883963797013425,-1.219037144586777,-0.6679843244179597,0.10686861045320473,1.3541942607531245,1.1024348280879503,1.5790380875738488,0.618959809630544,-0.5448613422269233,1.3627633073604888,-1.0146057821892824,0.49336364616718564,0.22897127369922382,1.2904511985227185,0.7754474386190313,0.9952352576764207,-0.4119913580860642,-0.008083507701277625,-0.020895266175497376,2.1729372138995315,-0.6599396760537277,-0.7852003501196096,-0.43253755589928583,0.17491836953217949,-0.7389832250796399,-0.28047250193554263,-0.45197270552605034,1.8357587320770785,0.48449280625461255,-1.5965589788205643,-2.4334033202853615,-0.051194954749698665,-0.5403709885501435,-0.12530323399421375,0.7604244331932103,-0.05262960624018387,-1.2713131435455494
2025-07-11 11:58:41,-1.20660473278711,-0.46137027324579516,-0.29039072680226574,-1.706117333078092,-0.7652504065886943,-1.5028022155409222,0.9591882407728656,1.1608061634508966,-1.4880355390083615,0.8395763489099464,0.2447931294934231,-0.4584720867795641,0.08025403737253878,0.016826586821570767,0.25829635044745936,0.34117486592926166,1.774904074606903,0.8689054068911934,0.08633462750702553,-1.4738937056743056,0.5434935051174788,0.05556592024826279,-0.7945257918291155,0.8559853499763066,-0.6772124586073696,-0.38934060452761016,-0.7163598221440564,0.16671954716273743,-0.5781537856999834,-2.0346833161636546,0.6757193000922627,-0.6369157237244064,-1.3313171068284768,1.4719829947194942,2.4129227189950413,0.9935839904036602,-0.3202169529123946,-0.4856557959629079,1.5110986425928965,-0.5842183486232759,1.5504974173780188,-1.363605951923374,2.30681510525509,-0.6413631259559154,-0.643622102145487,-0.5765374431882913,-0.9355258546144916
2025-07-11 12:58:41,0.7758776280472612,0.6590734277887168,-0.3922420030734581,0.09427871634805005,0.41314970454470523,0.38079300132049454,-1.6787863383317563,-0.7792766410840151,-0.787119595520006,-0.9320050608784984,1.1718027945800387,-1.0508921998351846,1.5334199621496096,0.32170902225800974,1.4810389999392795,-0.3799014262006784,0.7650463999375176,0.23972351628222244,-0.823507815976162,0.42802731113627274,0.28432090038134333,-1.0586197989315775,0.282051127205833,0.240828034471072,0.16669460927390115,-0.8052374345158713,0.9488749351472774,-0.06330952931559512,0.5416650892057444,1.3750698573051425,-0.9617643284536656,0.6318152862069637,1.2023448214506534,1.4404516758226857,-1.5718041053197818,0.4632828478718002,0.20825000578509445,-0.27500766622503553,-0.14647985610945188,0.11335653893568802,-0.11601951185197898,0.23775805880347203,0.9877009272604411,-0.6464324214008186,-0.026401902170461077,-0.736295375939144,-0.9846121872720868
2025-07-11 13:58:41,0.895708434352291,-1.4309143627209342,-1.2636036378144004,1.3342923111762945,-1.1673064287112989,0.15070219764719522,-0.4662736993134959,-1.6046465027529955,-0.33118293780247343,1.9236083510109367,-1.2741325146816498,-1.086080874112256,-0.6203280964274939,1.402845083425814,0.5453865997497243,0.6219402206662636,0.15370222258127508,-0.01683679552244272,-1.1235140946194417,0.4439511147087902,0.4086149786810989,-1.8761854870021166,1.3345701495152538,0.46904894714030415,1.3784058506333148,-2.002349274217184,-1.2695965565374452,-1.108399329555625,0.18564168228046157,-0.1289712454836627,1.5412694134871892,0.006523685691664674,0.5559441620234205,-0.8173127117601754,-2.4060041859911627,2.151823333241813,-0.06622615222380601,0.38940377809380666,0.24178567824784916,-1.1683866406783514,-0.6775756301388887,1.0157707062317298,0.23081752274245237,0.30723174520242436,1.6388619088246013,2.224408681606321,0.6829153405569348
2025-07-11 14:58:41,-0.49652201244277927,0.25088581157179873,0.13209707202734833,2.2002300867375113,0.3911157448764287,0.46731439768385247,0.8406061422973492,0.4832139895392501,-0.03426809967034117,-1.5552949766810114,-1.0533402919481498,1.0319420773293,0.18679614170092837,-0.8287177469671534,-0.6323287723419466,0.9781373962687329,-1.2665522715505715,1.7662669179479045,0.13500025892947576,-1.6496012773377577,0.8426675065329706,-0.3870894725248157,-0.7350816626298697,-0.44931172381842066,-1.050211394956871,0.833992257563456,0.213592615358393,-0.9432178255320967,0.3393307359814633,0.06626732388302398,-0.9148893542727975,0.2881337328004982,-0.6267212009818384,0.8490370649546595,2.5982265900560515,-0.6792952972932124,-0.5101883733603153,-0.2787902554229291,0.38950489687343015,-0.5884344343855021,-0.44991570398730335,0.1767430817567596,0.3478206282556926,-0.3360210315520376,-0.11807599405634442,-0.3831783636756712,0.5371348058777359
2025-07-11 15:58:41,2.8784660007305156,1.7211078871588623,1.6572526067644728,-0.1577632640470116,-2.0413549776917894,-0.44887808887432123,-0.780275380960545,-0.38414561829161575,0.7732414735271309,0.14302599385705125,-0.46238071992979307,-0.5592385266547845,-0.33011236571008357,-0.8827093234244704,-0.14421402677110928,-0.9788226342925872,-0.9510536918670183,2.2351385984158183,0.6859480651253265,1.0367214601013448,-0.41984336336548767,0.883748882791332,0.07366789965328156,-0.4764147667189037,-0.8496837273721893,0.27684630118438786,-0.9167079616111204,-0.498754257778783,0.21638126574873515,-1.6135023289981938,0.8535432082505277,0.09692584531790112,1.510984598220968,0.4895586561173814,2.997586162420477,-2.899467759451504,2.216520675629654,0.21577099243813086,1.107028260875447,-0.4089351423645842,-0.7451224166165581,1.939691249297456,-0.5863233638168364,1.510482549089852,-0.31938714878119867,-0.6118520488412885,0.29635435623960205
2025-07-11 16:58:41,-2.661602286717513,0.3445229615315206,-0.2081259346061341,-0.294939214999626,-0.5625636801005678,1.2576000935190972,-1.1840043079702203,-1.4580344267768508,-0.7293881949844067,-0.8631469361020352,-0.04988119742747182,-0.0949445976465034,-1.0928757453937752,-0.5696129697634257,0.182110241038289,0.4655819100827927,0.9086473449698187,-0.5574727104346778,-1.4113319800773452,0.5361799480519662,-0.016427307097816063,-0.3157584954804362,0.4848700058485381,-0.33435407063519074,-0.8607817674627117,-0.0631866388682966,0.03563197125316846,2.11970603587448,-0.9120050386305231,0.9370249193876273,-0.510837234984561,0.18991674995179644,-1.6470781869277784,-1.0466066721693517,-1.5077402934593789,-0.7523671645849991,0.6749267488640325,0.1528767605449202,-0.9055417156460945,0.7244655147657026,0.14442326247711934,0.9823745709787609,0.08931599917384414,-0.48428577155012126,0.46996467949081794,-0.02982421234293446,-0.9885951840762015
2025-07-11 17:58:41,-0.985683491035409,0.7107141725652092,-0.2677935953539964,1.1047786643637414,0.7782543785713318,0.5760251275125261,2.1438675862174255,0.2523323223005261,0.3209787943172999,1.0867109540227191,-0.8334616916563465,0.39537622959868196,-1.279914522357895,0.42109520636405046,1.104289565449996,0.6095180483966132,-0.14783765935541898,-0.029480922407187485,0.06779942575713757,-1.2106485754840608,1.3040401344114405,1.6182054352878492,-1.3691264581209523,-0.72233716457856,-0.9136023471694963,-0.7260465930831278,-0.6258619680765242,-0.5287931313590538,0.8330260925409233,1.0210265032245112,-0.26335557887048916,-1.8079098534666018,-0.6507830317508896,0.11422808391079158,1.2981140835429854,-0.810737633022721,0.19189816780511437,1.042433604720093,2.0938227522338715,-0.1551225120124372,0.13283228268994224,1.7545239076514503,0.37108558044024736,1.3874871727368927,-0.48390828389485585,-0.8364446138268228,0.09696813542382952
2025-07-11 18:58:41,0.18076740157471935,-0.20295498599798803,-1.142100784077309,-0.598946894165185,-0.5330733817611721,-1.0146100754810916,-1.0561086188448803,-0.19690258797423085,0.5000419221689917,-2.002997875093717,0.7009021352396417,-1.1836448535141613,1.3003336007097388,-0.2756665659454435,-0.13485112895951956,0.5581975782902955,-0.33074300501952897,-0.41038160935976165,-0.3105551547032795,0.336984199167909,-0.5051155689303363,0.12052286570591418,1.8155536194023385,-1.1175842603233104,-0.7864599516258224,0.8775637643392681,-0.5098558583631694,0.9792674716131872,-0.46807937148677153,-0.2169603797862063,-0.4389492063460186,-1.0060467042756154,-1.8770439659819806,-0.7859626920192863,2.086954106164716,0.529538256616094,0.7385715843497851,-0.446101735275649,-1.3601990420598191,-0.04858727302402675,0.5160568812211057,-0.7079279611833392,0.3076234969619029,1.1657303048544552,1.5551673583157688,0.12783212085242743,1.2840298974913977
2025-07-11 19:58:41,0.7395982286132362,0.6670622357867222,0.806445491830029,0.9460323834714276,0.342205860650924,-0.011057442880130799,-1.3050857444832942,-0.6706701719498028,0.27793128258068844,0.5855707310285527,0.5916465809697096,0.3231985721249912,-1.6703525364045984,0.09748725273301068,0.8901988767348449,1.2430163586162837,0.7609437708710552,-1.5477887652968945,0.7078314470355112,1.156889812611074,0.8938416952720923,-1.610104914008651,-0.5892802563902624,-0.3080178978962819,1.8169046911139866,-0.442621099884094,0.36728805154190614,-1.0434182794585367,-1.0380725054791595,-0.7636474684714486,0.414278072971174,1.203175533935786,-1.332488593455794,0.08392851005641834,-0.8824292559571294,-0.22911537346856461,-0.10114725549982262,0.7244135481049018,-0.29459819709824736,-0.8030828382352019,0.11065552293324063,0.16866831840331928,-1.6764470509048282,-1.1589469694072816,-0.6561261714337971,-0.376026848889867,0.16120072125043555
2025-07-11 20:58:41,0.39740449850243814,-1.3730810291333264,-0.041909006207788195,-0.7377747426859883,0.31165211066663223,-1.2672242822761886,1.9503845966337652,0.11216588996959136,-0.002874516059063297,-0.19337584756935566,-1.6038154594437974,-0.24834314081888897,0.5264374878761369,0.3264991093263543,-0.040023042742969896,0.2829210651734896,1.3385988273672114,-1.4943698759709214,-1.40463488159261,-0.939869376631536,-0.704756601797757,1.015614167750767,-0.45372964252870673,2.0190834072163253,0.15174255025541913,-0.06070843384177634,-1.4687307486701733,0.9298879822239942,0.18737609160708524,-0.6457496533959367,2.189907470636506,1.232150633118278,1.98905269292777,-0.9789144330755689,0.3501968999350029,1.0394072291019054,-0.7648674598110252,0.543268075803166,0.22853105676322968,2.118931884090332,-1.302689019134501,-0.22319646435366525,1.6890493400737505,-0.7680088410849986,0.6155159534658781,-1.0815970285591183,1.4851840634383222
2025-07-11 21:58:41,0.8429062720251698,-1.3664089809732272,-2.0198043705356103,0.40259389537185786,0.0050685472138210985,0.5191866395622299,0.30649275701651274,-1.0302435981144733,-0.1592927290863909,-0.5248448237071923,0.9508721862396637,-1.0324977241150388,-0.13398901428603333,1.4076505072712235,0.08402682090083713,-2.429479157461981,-0.07104802613256736,-1.6411108052180468,0.45366592759672364,0.552187655454242,-1.1661127865051242,0.8099827347786922,0.5266078430417239,0.22324497270896557,-0.6769504696761144,-2.756475839376669,-0.5651894408753237,-1.5117751457944448,0.23547639862911676,-0.46966315316823637,-1.116461684244252,0.20528025101439,-0.4284345317185829,-0.1501688671503963,0.8182952357584924,0.4222674159221733,1.1057672711549835,0.5208016147343395,-0.20204893697466958,-1.2553335972027242,-0.2388173565563967,0.3028790023228949,0.3174934129128431,-0.39408744939713136,-0.45479904831581563,-1.002648467520374,-0.8886029785590907
2025-07-11 22:58:41,0.40461048319915804,1.3236122268536272,0.18388407918982833,-0.96107462751623,-0.6197269287633579,2.533605327956142,0.11056745098125062,-0.5943776573507032,0.06067911595418958,-0.16601019743967102,0.5920155674429777,-1.0462193437798841,-0.8362006124142275,1.8246917383485686,1.2929907112042078,0.9520342877007519,0.5286388541672234,-0.03994573984363471,0.22047813145051118,1.0929354233093638,0.9487085931976178,-0.17723573207808793,0.18312329816604175,-0.7692346769425132,-1.392270100651277,0.39177355354589743,-0.20288572999031196,-0.5013536268204412,-0.35945221475134637,-1.565337107961713,-0.8879669745925766,0.39777489783079784,1.439034689163902,-0.7258592087078931,1.2082915293662144,-1.2978714925516006,-0.04239521913324931,1.5899945888016795,-0.07833597466964705,-0.2471544005870134,-1.2136756895835212,0.03120210348378964,1.1988452711678315,-0.5012541008119143,-1.1111393935546192,0.25657363860226406,-1.3037941496480625
2025-07-11 23:58:41,1.5015704352442283,-0.8040222728250761,1.6374299651398596,-0.9498683039077045,0.43344952534254655,-1.2185758632206676,-0.3092563909301285,1.690260802860956,-0.6567406486988965,1.0544858388210008,1.5675358278876703,-1.0694233500012393,1.60894444735487,1.2590530342816393,1.3769684330289167,1.392078153825136,-0.20037063292629143,-0.43972164305250544,0.6147972690477996,-1.3167292447304966,0.5286488165618237,0.7395695844170266,0.19861897969632739,-1.0427863032417164,-0.4612923906128068,0.34068920863447716,0.7958072325083166,0.0495512906224326,-0.5567997150426287,-0.44526199152613744,-1.6471662240969986,-1.2728798963734531,-0.5685631382527669,1.2485089016470676,-2.1172796795907987,-0.10036657728797388,0.40478556259839255,-0.4689492904236755,-0.12153988202394515,0.5345924568758931,-1.138477453729757,0.7453769137149514,-2.416273495064274,-0.48924624294893976,0.6489074697651581,0.5811585458522665,1.1004373615597665
2025-07-14 00:58:41,-0.9405193648558889,0.7369106154189815,-0.22592722424853623,-1.87152994842935,-1.6151701749957217,0.6080190373318376,1.237685998773429,-0.06191606145596428,0.7492345204203839,1.6052450657228299,1.0787172092571768,-0.27286935409693924,0.22628090148196875,-0.5339044869839727,-2.5113022947879804,-0.20364602634944348,0.7555492031278498,-2.0660258979033,0.12632689343651288,1.727794746217789,-1.5394087759062058,-0.7482345590173122,-0.9499278151407604,0.7039336991926952,-0.3090810721844701,0.989055315058563,0.5235517307241311,0.22099902689542616,0.13702776540923442,-0.6460360356192731,0.3161496516463004,-0.4460742447237979,0.3800363550547181,2.1759068401427535,0.23397546111238574,-1.3144520327087597,0.12815547293114296,-0.48789363397548374,-1.7840865026331212,-0.5360665840141328,0.30294137158880124,1.5970315374727078,1.0806918830987742,0.0756002112326278,-0.5526447917964754,-1.2952181197087242,0.6494879040262378
2025-07-14 01:58:41,-0.2989337396238049,-1.463621490125439,0.15850930034153504,1.6980130320070654,-0.2728154936296936,-0.2512449743247628,-0.6446823445339371,0.6390943385841732,-1.97432872208786,-0.3245320581571136,-1.4136934743382874,-2.809759552853248,-2.6388412018557097,0.9417985071299467,0.8789204151049476,1.7506637040575213,-0.1904046619639503,-1.6753332773254825,-0.08890849067574226,0.46444860805962834,-0.19857098826280745,1.1836327321542528,0.6346443137723603,1.1048371610715868,1.538093455266549,1.5847317166946275,-0.6325645865283018,0.816329817656953,-1.3421700927954576,0.12073034840731155,0.5720219351391045,-0.09465995343240986,-1.0388825685991643,1.7593638099149012,0.295542749858596,0.8507203540881887,-0.2571071217372795,0.12671823262468213,2.1238196744298357,-0.5535804413899869,1.4113931381245934,-0.8865602115752336,0.7152994264604787,0.14467533537032692,-1.3461479114010066,0.794095785402877,-0.8239439612975781
2025-07-14 02:58:41,-2.476862208652593,0.5456373212377492,-1.664671367673452,0.3845573510730314,-2.1520710506538787,0.13060035024351802,1.9808221080526829,0.9739829636590109,-0.6805846166857105,0.5506983408550855,-0.32881020713334513,-0.1900380861622241,-1.9119762444522943,-0.5289434193063246,-0.2317574805219376,-0.11441023945879615,0.07946321963478548,-0.34586543623243593,-0.8046092897623497,-0.45182320329988135,0.45852328622081195,-1.2670648518507621,0.6026172852310263,-0.2392831604035284,-0.2014245372761181,-0.693748218324106,0.289269300327378,-1.2632433877101559,1.8933664000526333,0.48787282153385214,0.5516151777253079,-0.5072505522058532,-0.42736066528166705,2.1364669246424723,-0.1753736919398085,-1.8937934515612886,1.3023507732243087,-2.102642852723371,-0.5574395665262839,1.2871529068148733,-0.6609547831233096,0.702138066878531,-0.9329632718150099,0.4149597098091716,-0.423295394880622,0.6702109463713956,-0.28447149187079984
2025-07-14 03:58:41,-2.7832600942412125,-0.801386055997975,0.16911312858366395,-0.053803674952464096,0.17603159401051893,-0.6967598326595528,-0.364893757458812,-0.3502989788605323,-0.8959806568507684,-1.4072364104733768,0.40860354427092904,0.7049249410166664,-0.3649400836423105,0.1420951552985621,-0.9300724447659178,-1.97602238132164,1.0067154862237055,0.007299074155180235,-0.8151971986479702,0.2627300683290793,2.3278687237021263,1.8827979731232172,0.05354117553703916,0.6245983266833365,-1.0259556995388437,-0.5961512586048557,-0.8661157617502389,-0.6580683343912649,-0.20236644565734377,1.9083765679428262,0.9874495443946611,-0.5159308777412555,-0.8186555325920102,1.3402285506924398,-1.3605369665056328,0.9680385743050147,-0.05308202991264322,0.6434269014590516,-1.2400625270829726,0.9614929237934472,1.0506394461710327,1.1988929050058503,0.10464095812582941,0.261301062209537,-0.33248410032265285,-2.450171749625059,-0.09023749782610808
2025-07-14 04:58:41,1.6536063409228805,0.50798859127667,0.3827968438812046,0.5868901299430804,-0.6387822872685971,-0.9894921468899263,0.18925996833502778,-1.59638235749648,-0.530398469837109,-0.5066755681167,-0.5076636030045979,1.0238422967359275,-1.1175866207139098,-0.8576829129224292,-2.6627539647662495,1.1285725144118872,-0.04660975338770246,-0.3603299582130269,-0.0794738053314848,0.6691808311823912,-1.9245243351738088,-0.19823915800422412,-0.7432080134273279,1.015884489285084,0.9364002026942652,-0.47995674298888713,1.1053471233568148,-0.44802715412209787,-0.7317229908340075,-0.8847031884204491,-2.354748087452749,-0.7345971432327242,-0.48875956991364927,0.7398095808168816,-0.8604933693277053,-0.5713667573241831,-1.0784105566548803,1.3472427602120272,0.3783333698805448,2.818410481897136,-1.9647361301860227,0.6428761828419313,-0.3102451806418559,0.6707136219221221,1.0017580215549051,0.31505626432177103,0.6703918919835595
2025-07-14 05:58:41,-0.01776460972946009,-1.2850917566824114,-0.5833996368427141,-0.9888322738220073,0.45382206000162634,-0.6389556791396913,-0.8779377884173011,-0.02836888058160875,-0.07185342557203354,0.1929166591178899,-0.08018476991384943,-0.908642165136635,-0.4065795604015907,1.8105317889628216,-0.9757560993590764,-0.4286237356208172,-0.23227642208160595,-0.8218229150368483,-0.0580681483012982,0.48915221175232715,0.010562327697458093,1.0264107963381064,0.14220975752513063,0.6399369893900264,0.22979562957363323,-0.9402835396244058,-0.33700867341183016,-0.5814646573747061,-0.4411376769611508,-1.1262421051362974,-0.38741595357655045,0.46976930394421534,-0.20706965234783295,-0.6081806886042507,0.9514152929148632,-1.5536516847454898,-0.11961811751718443,-0.792740612985856,0.8759716466626714,0.7379134789079693,0.7311182175034612,1.2262167842859377,1.5652435921268946,-0.36055215473513025,-0.5104273884290844,-0.40703469396415126,0.018071375922689006
2025-07-14 06:58:41,-0.8326161642526776,0.5126251251280186,0.6624951812788412,0.46125406197714136,-0.29210356709555857,-1.3827707023338296,-1.6114454248493395,1.0848812484061576,-2.0282374263504006,0.6779015704603891,0.8425262434975187,-0.003881383816223968,-0.15752927247115384,-0.17395665803320937,-0.8666416306008893,-0.5525916297631687,-0.3150655199651926,-2.9596238168106015,-0.831291183354125,0.5423766805060004,0.0011089768510371067,-0.25907409213432964,1.6466934644704392,0.6407563881189007,0.6156987076105853,1.6762685592356028,0.2538176703875785,0.6807248713530898,1.174255401633739,0.8387908316901537,0.33796731547326214,0.17106613531924755,-0.656787209095941,-1.4237669729782612,-0.7770379241902955,-0.6320293576755347,0.9449988177418986,0.005184109464763999,-0.4412303710772001,-1.01139130122488,-0.34778498993355933,-0.06098370266138222,0.7497728560793153,0.44278841806003266,0.6480638900292423,0.13772586991264718,0.5336478190325188
2025-07-14 07:58:41,0.03260209183761533,-0.22198699537733993,-0.866978494192289,-0.41408497673763,-0.10951372029031692,-0.9498233488779938,0.20046100691936994,0.35391257676035787,0.747915894105075,-1.7580907755285573,0.1821147687676967,-0.9910849148262377,0.8164552489235696,-0.49030053999067896,1.7058435149214957,-0.13882470437173505,-0.42166786831255004,0.18387460116324503,0.09823848049259712,-0.6148307064103595,-1.2457350716978883,-0.7412303529953427,-1.225446642869043,1.0158480986962246,-0.1006786291251756,-0.025198945319837487,-1.7259762372786303,0.6412385735782103,0.41344236623632746,-0.65490996667906,-0.7637078828035145,0.6609751941338592,-0.8015595417146535,2.159282883724805,-0.9595505552790808,-1.471325996005709,0.930526523638638,-0.9474704195504013,0.3498325525276516,1.0906027488771766,-1.7536488072607601,-1.6861781830594949,-0.8161693837668029,-0.8670996810496606,0.4715345728119655,0.8170137279189287,-0.42229883256515127
2025-07-14 08:58:41,-2.1917164092275185,0.4365325706964353,-0.946984253839047,-0.48435288543671756,2.9508741047943117,0.9571815240828518,-0.1823138844327044,-1.063633070034059,-0.5980535930555271,0.3724424571980857,-0.24586864742294925,-0.807575023270773,-0.15643380641941593,0.20711494163008903,-1.1204886863114645,-0.2394175551835204,1.273778553213127,-0.5492889316585061,-1.0158293356297805,-0.01707475195015532,-1.5997887608851602,0.7300644057962506,-0.4289264236261572,-0.7369062855649935,-0.487750797017564,-0.5454238950819355,0.44228223481992146,-0.5150743128675529,-0.6117234009678439,0.08522153948205474,-2.078748210184858,-0.40542415006298727,-0.6224789392626384,-0.6267826420418012,0.002897073759095225,0.09459071470336339,0.23214794184457443,-0.006092499457623455,-0.19060473742156486,1.0390694616443417,0.03130640350136108,0.1793573089395072,0.558235731585361,0.04359758552470411,-0.5927717432465843,0.4948050314878477,-0.25925332920717403
2025-07-14 09:58:41,-0.15927422208267583,1.5230477815483334,2.6448006705777,-0.8068292108679359,-0.24341952637533337,-0.4753376511762296,0.36633335215203766,1.2139065320071685,0.3451782034318901,-0.725660210966503,1.6252231013988792,0.8101238841748049,-1.0767825510082365,1.4865558013217433,0.3063679618202181,-0.13084816128520999,0.13986666778373194,2.025139362555117,-0.8950815395795821,1.298214499808204,0.5029512895692089,-2.173765247458367,0.9893291758294235,-0.6253675758244585,1.5798559724976733,0.02966329303483572,0.883689951692133,1.1318520462436632,-0.42560193427786874,0.5371220179278064,-0.4672373458889287,-0.0015708018539110297,-1.1388620931740823,-0.47775263989610944,1.5726913653510133,0.21981787721605872,0.03515497936315512,-0.26490209882727,-1.1935169032576103,1.2077199345398786,1.1831484431565615,-1.073193956977734,1.0607326205547456,-1.7359745170062417,0.38568843444023443,-2.4130252629902813,-0.6759982663182001
2025-07-14 10:58:41,-0.015416845842224063,0.39181564328903123,-0.8844953789213378,0.9335869536379583,-0.18128189945316153,0.11007042514169212,2.6119640013277303,1.1782563836058377,-1.913991704608008,-0.17262070721215902,0.2061781406429578,-0.09276866782573072,-0.5389079145099431,-0.6055322478102682,-1.7291766068991987,0.8429009964965042,0.750977426912668,0.2164844572488869,-0.42246635976769353,-1.8379541176863405,2.144918549509447,0.15627994778230808,-0.12915365605011833,0.3793726710820417,0.6838708551313701,1.2834820605867547,0.010935230945632972,-0.5250838097429461,0.27973503191339066,0.7196201056401376,0.8528173771122726,-0.125633743626843,-1.5900803855950723,0.06332094232160353,1.0997877731679186,0.1170524965144838,-0.6427368914211513,1.055579405951234,-0.3441624908512585,0.006255582318274062,-1.0435528720974758,0.7100010214081633,0.06665820873309615,-1.2956296923379622,-0.525188770558119,-0.3724471568289571,1.3797128860588783
2025-07-14 11:58:41,1.5215371832311653,-0.7661249181861888,-1.7409606511299207,0.35231225460153237,0.8927020173813368,0.6247446689330118,-0.13630115077777039,0.5737685598323082,-1.598437849685688,0.747166854892922,-2.8056539267274405,1.5671504802770253,-0.3569218685263153,1.5570675350933099,-0.6209846747341748,-1.7906794841836482,0.6496223760552152,-0.259472323869862,-0.9606107160604863,0.38725242402996685,0.24423464082084492,-1.5501259973051178,-0.7091024617294218,-0.44702312625961715,-0.7492927505551227,1.6234281570817437,-0.14375917040387445,1.6326334551875055,0.4270944265852359,-0.7515347374947643,-1.0263238285821181,-1.9599867126345647,-0.8590571650153367,1.0796574412718887,-0.7305432612353204,2.4707772385658613,-1.0973912838791162,0.9731298950568971,-0.018294485244384276,1.3417708437855087,1.4281077998701304,0.4746536879177414,0.6381113285757484,1.113073475436267,-0.4911681634274305,-0.9478308868186758,-0.7683125726420478
2025-07-14 12:58:41,-1.2692244350730726,-0.6714661460640742,0.7260226133389639,0.6054918111802252,-1.5624358879704765,-1.8253966607093062,0.7619140281198391,-0.7414237572709113,-1.9764028336762856,0.36477189628246004,-0.2875546517399155,0.417481389602502,-0.8234483198510878,1.679619071928706,0.0751243664342148,-0.6799599065601231,-1.1035494882453714,0.01031939840649751,0.4209367423350231,0.20998905332660128,0.8104969540013877,0.32128763919382664,-1.2234007711619597,1.0533978822913754,0.11361276056414155,-0.4185046237034054,-0.527464798308658,-0.16352749923162505,-1.6336713381226873,0.4099041760982649,0.6564152529836046,0.6389416732430847,-0.016306399854295876,0.09023200349677897,-2.1869071973758225,0.4642006368575003,-0.1685856196547834,0.3185595207817896,0.5234797693639313,-1.0593581535234686,-2.2051253152556067,1.1116083927406075,0.7615792795146646,-0.11557514850437217,0.5007491511152653,-0.22577554926643234,-1.127308345008051
2025-07-14 13:58:41,0.3965173091566944,-0.11181385609064898,0.82608965606523,0.2778478210521672,0.661227342445707,0.39957754959970526,0.39879781695967853,0.6111871724415809,-0.8410775247217573,-0.7699750907648074,-0.49078850820991976,1.49420497221607,0.08256027526753991,-0.2219359839170739,-0.9171234315251797,-0.2137636521541128,-0.6720894235039703,-0.8991349261176591,-0.2390897690941238,2.2074553306481723,0.5094723043566024,-1.1668478298094256,-1.5759353070340416,0.26299953653948516,-0.3941212333220621,-1.2523068745074522,-0.851005612910239,0.030307994908667493,-1.2002458129028302,-0.8590051954041211,-1.3925569881604103,2.9395865320191317,-0.6387860236126188,-0.35855894923832804,-0.4076137236318771,-1.472191736996834,-1.635085881036191,0.12578167180227195,0.07104274877072118,-0.7441375415140429,-0.3292225082140738,0.3347328131302298,1.707582043749439,0.23553656219612837,-0.2743375814513073,0.9582964893864913,1.019815244339958
2025-07-14 14:58:41,-0.9692676226182739,-0.9320798876166236,1.4371867206302134,-1.6679258280603755,-0.6316985941801843,1.2081319959133867,-1.1986185252051975,-0.059356486066996346,0.05016693042157926,0.20253977556261896,2.1002249181695976,-1.1806434250648676,-0.6813204984012338,0.2488789496531729,0.5561526734023092,-1.432010199436525,-0.6029361288054396,-0.48224319131487575,0.3983173526252179,-0.8949485228709964,-0.599800800981431,-0.3603441626941535,-0.31830262623140265,0.30540752560682355,0.44055231228339475,-0.9761787067562752,-0.7310745042722196,-0.7632354806593399,2.0152144296190047,-2.784347710064331,0.1846208217793198,0.6904387880562229,0.32254641490161207,0.4026358969749199,0.13874350090185006,0.5725196645656597,-0.2340782403935754,-0.31631088749398856,0.8735185982960996,-0.008008717890829993,0.04758316811241273,-0.710511843580247,-0.134951074495573,-1.1190429278732006,0.3187105563660155,-0.7615674337104565,-1.4503978489228986
2025-07-14 15:58:41,0.3534505703778585,0.8490941215100182,0.19162603915641063,0.7823637962353835,-0.8553982594586035,-0.3081053467473127,-0.9582488646855515,0.9558069565626405,-0.6896877828748315,-1.3125332014823659,1.3691177608523761,-0.42766802104871343,0.35052221386415633,0.5640998193984985,1.1410419944997183,0.0787497470641372,-0.5814237270209851,1.6991203270164523,0.6963711466081937,0.5930173035250205,0.6688666193728975,-0.7307300658872977,-0.022128345313786282,1.6384395137856018,0.26233762306385133,-0.5415345998913931,-0.14680060861607658,-0.49421938056440673,-0.19825342490260867,0.1271848863103814,0.39159589566790703,-0.8722464539145325,-0.13616445796936344,-0.854687251462414,-1.00867374427131,-1.0801298081097201,0.32507518540293073,0.010647624491076946,0.4341592516520183,0.8098050377237139,-0.4909075784077696,1.1253976000125052,1.1854771934814072,-1.2408358669554034,-1.069731630529147,0.501670926847283,0.2771427746651299
2025-07-14 16:58:41,0.24525190228631813,0.009539701881535268,-0.5831872989141366,2.015181436284012,-0.9105229885845761,-0.8040355965674572,-0.8897162530069286,1.5168230436666952,-0.9692065454982667,-1.7845274180567516,0.7852440811996019,-0.5558801436218785,0.4157475176599974,-0.3473544216453102,1.464470713057729,0.047227078036130146,-0.4810703828274236,0.10024654586102191,0.8078665797772796,1.2078147131029373,-2.0883834226189726,-0.584020241201544,-0.6324883613630303,0.0969273939022824,0.04359908243293538,1.6949665108236924,1.1070818890840222,-1.1089617183411427,0.018503681124999945,-1.7121072885818265,-1.3262862755932754,-1.1373025672907808,0.4233762183997046,-0.2868794633993326,-0.494842371824672,0.4234861167698529,2.016406292476541,-0.12275019713537547,-0.7311389632708366,-0.05806693776551792,1.9346196366754098,-0.7723348079504099,-1.3986993268418517,0.45058234770710137,-0.4028514886521684,1.1925038829678865,-0.6465941215418092
2025-07-14 17:58:41,-0.9128485143208523,0.09969149979736618,0.52620076488223,0.45225190644019625,-1.543814648241344,-1.6239309797744819,1.587386084565007,-0.9536367828925245,0.3791726589238139,0.8304772614138325,-0.3838931017684178,-0.6311419515055119,-0.6768615438014298,-0.2379299940957319,-0.5700326435185125,0.5375848050945947,-0.36650299674236386,-0.344523233421842,-0.2314002997192973,0.4478261521905704,-0.43938583802888204,-0.5937270241602443,-0.8629038485066146,0.11572362909343722,-0.017039268498572475,0.7282154037561228,-1.643454617417678,-1.1816398957055512,0.6453183868495642,-1.5945216773565238,-1.483953157471478,-0.6056189364769289,-0.3773759553215316,-1.2526619764124456,0.7998079516552093,-0.23231552239036443,-1.7855925637620373,0.6868943642423264,0.9646457094259384,-0.6002083459339237,-2.31592862616819,-0.2909815334775424,0.8188877933035721,-1.420491393307137,0.293726373357111,-1.5307859403525625,-2.1823557339709496
2025-07-14 18:58:41,0.6144535555635077,-0.8382165561050425,0.3862210117579904,0.6807852683110036,0.5956733751575065,1.1011338913873354,-0.7299157373689977,1.372817051256823,1.1342682794215955,1.3452888402501382,0.6931582474126372,0.6410778373395767,0.42792537441484113,-0.10177711687734171,-0.5369511857661597,-0.8334733023322894,-0.7916198061994825,0.9237203353847256,-0.6326041985770414,0.7847354674885345,-0.12357197385470099,-1.0559149133995511,0.7945734119503272,-0.4420506448688478,-0.7438784866845685,-1.0367978276761125,0.4265290856479341,-1.4543550855795067,1.2745643601589398,-2.2065018561301963,-0.5169616328018456,-0.18058826923169172,0.4736034549575984,0.9243739227504347,0.3980110080427653,0.07648589866413487,0.09153547655680347,0.6826781571149858,0.9539532960661704,0.08157373010587421,-0.5140387095031942,0.1309329462174212,0.11975084394849511,-0.06055920328716155,0.35257108670142306,0.6192312680127577,2.1921002062883104
2025-07-14 19:58:41,1.1619309322647446,1.1628702854196853,0.31644971683162004,0.6989727063062251,-0.3987913002135191,0.13910870776521697,0.48292539882619534,0.5524002047396022,0.49598396622970964,0.3146345392394842,0.30555870081052816,0.4377770539526465,-1.172364731499199,-1.007124882978197,-0.3641075998947504,-0.5370629255841957,-0.08142703925044656,-0.0425362964486814,-0.9142123231938091,-0.22178473991468858,0.6354661644370316,0.1761711826439578,-1.9296365858245383,1.3004307388486687,1.0536933262083625,-0.007517664041496242,-0.818371490451346,-0.09225395431091647,-1.5683815035009194,1.1797425696252377,0.05102954344881572,0.8532805277031291,0.5501953686218101,1.2574377885451777,1.1355194889454234,0.3501066791237754,-1.2127007234325158,-0.6969566967657025,1.7217513612682946,0.8930218392740877,-0.20336393893182803,0.9376018324679081,0.06069711421481777,-1.0240837150442947,0.5070746617048912,-1.4776786617264144,0.3282671033800674
2025-07-14 20:58:41,-1.0695650500664016,-0.642744818687001,-1.8775148386465963,0.03319998214976891,-0.22791158863975586,0.16627064592804547,-0.8637724450255063,-0.5134688263076194,2.332784099834819,2.3884144238143423,0.2622390328362222,-0.5550390662698919,0.8062835119218683,0.68008175175295,0.2798945322908732,-0.5320694649326253,0.21518234329154443,1.7792682720282114,-0.6049611142703357,-0.6941726333382572,0.03904777663605706,0.7656485198956051,1.0436938388090473,-0.14403009528047825,0.327623900729624,0.9641589497710819,2.032262931410131,-0.46999665418344894,0.61162967004132,-0.8110386211793973,-0.2227393788352722,-0.414148212136778,-0.4056755072040658,-1.2748472989553006,0.4017038277924189,2.2792953715135416,-2.6217888020840423,1.8227205802557662,-0.7829059627807188,1.3682308973033905,0.21331549533237637,-0.22393644627521767,0.14704485648384738,0.6065610798256983,-1.8982908040055215,-0.01522479761675871,1.0100157980408178
2025-07-14 21:58:41,0.5058899204154194,0.9354292200505837,1.2641540672038223,1.4909378531342063,-0.339567253744241,1.046074821183695,0.055210805451308125,1.5271338489391517,0.23961896122407436,-0.939945467191752,-0.652102812417022,0.2111938648790379,0.18503262535716938,-0.43537690771883314,0.7303014165699461,0.8267590436643123,0.5790370564451363,0.6647945071183273,-0.44836707045255025,-0.4701307078039523,-0.4769122263382832,0.011181549165164315,-0.3280439529062363,1.850464273634966,-0.4434932133197901,-0.1224255241755117,1.3825913189257133,-0.38788191584337767,-0.04556671556843611,1.7279680979718077,0.5737544471638061,0.06171312317026687,-0.5841969958564673,-0.650143437102424,1.569229855722197,-0.313578445014503,0.009205406960245239,-0.234554670884154,-1.0625942109465902,-1.085000458649019,-0.8814806759915432,-1.2185690984333917,-0.07162209733976065,0.28143503447618134,0.5686962466880648,0.34228324234998714,-0.45508727738451465
2025-07-14 22:58:41,-1.061599263258198,-1.861172154694461,-1.1063011815654065,0.2183776588617577,0.2824681260626918,-1.900471157318759,-0.13064936762220164,0.6664543259098017,1.2887527174638604,-1.972159754835207,0.1485779719044616,1.6962845808985665,-0.9771817961629133,0.5977690419930848,0.609338759078953,0.310581661844135,1.403342019643621,0.4455954903113466,0.2705435230965599,-0.8475992738175155,0.3098706768312674,0.6546204728118159,1.0072975724164202,0.3527468247020967,-0.6023678609170569,-1.423348325244773,-1.9873844748532046,0.1730314752715515,-0.09586859684114862,-1.709443487222894,0.2579733620138091,-1.773860604935783,0.033279120265375974,1.2592502694503613,-0.4457911299840339,0.0581004205901693,-0.16212034381597842,-0.6292160318258653,1.8316866303411314,0.6637583921497162,-0.29439705745256173,0.4649800399301265,0.15864032267763697,-0.530483869357349,-0.07174402623290567,0.2063282749314852,-1.0699573422949784
2025-07-14 23:58:41,-0.7566895248748071,-0.09421605104775645,1.338313515872105,1.2142430556587702,-1.5499957352811318,1.2779101744484216,-1.2690167998003048,0.814394790098513,0.09991750508337206,1.5241111920775539,0.01767537669412082,0.8771296572112839,-0.8751426209575965,-1.3456879357970324,0.49527954160667415,0.6803020629630977,0.9781768904583632,-0.01286331883527729,-0.6388060558017692,-0.4090389684609956,-0.21645937359984688,-0.7720040098372412,0.4552969611057638,0.21728382167510982,0.11236351405156428,0.5337046043823076,1.5622449902862454,-1.8822268351543596,-0.16415843807626673,0.15505982368950064,-1.383957485559453,-0.8590309218965022,0.4006476542705543,0.7921745365685331,-0.9680866316228278,1.1318117678758481,2.038542364134874,0.8974226572187519,1.16540465194763,0.5050018634407748,0.9929507542435323,1.8706354829684966,0.8745714262735351,-0.7900908431916944,1.6796484934550953,0.8347524781381275,0.6420291804719149
2025-07-15 00:58:41,-0.35088027543239336,-0.5974674055568128,-0.1075798852887326,1.6862388992373052,-1.5975096752933597,0.08770768889650848,-1.4283972827535996,-0.6763569262004835,0.5457602726653026,-0.22919061163706383,-0.24900605302758444,-0.7996895743182906,-0.6437370309618697,-0.6607932025389944,1.4412259692270035,-0.3032243933752018,-3.070815800727626,-1.4931210546000526,1.0792481999105183,0.4203017601083852,-0.5410989753273681,-0.42175333678973503,-0.8340921320354829,0.2920979266694579,-0.08682203656176048,-0.022396720662784187,-0.42778506741525296,1.0845434975689663,1.071752480285194,1.9161530442090284,-0.3564372397351747,0.7432314759000597,1.3049411059718747,1.3080681956188098,-0.7046988807566726,0.008279381372845698,1.648559350233941,-0.5733583188922278,0.5671523477962478,1.6477894845212315,-0.4705397175798498,-0.8406845149414094,0.30109971628842574,0.6530600367254753,2.016418067496656,0.6314617746897593,-0.3525592578296631
2025-07-15 01:58:41,0.005147294360744016,1.0842121772114983,-0.4479453883567781,1.476378367191988,2.1639063380976564,-0.5128995532603359,0.37141035119785437,0.15634301323411612,0.008978285061378904,0.8783813775507701,0.0238359333679142,-1.7328935781589831,0.9667962236861598,1.010033798741045,-0.7825660446725136,0.034425559512157984,1.50901958485158,-0.3520120057208545,0.4927269122330029,1.7824056839486262,2.029996788713477,-1.1048599329782878,1.4390795221435142,-1.8305454346732786,-1.7045033447710205,0.10907483956051615,-1.1062221403668868,-1.1416913035708174,0.2891781083820355,1.710392962840342,-0.5760235246330204,0.3834640943166473,0.26847760624689293,-0.8524209604592589,-0.3019432045621197,0.16236670101007444,0.21632612474122961,-0.3457815476548543,0.8706605574848408,-1.5801598030124413,-0.23684236156206365,-0.3812931897157978,-0.6462894087134449,-1.1814604777718924,-2.3441142490508913,-0.6889340668669371,0.07382239914105114
2025-07-15 02:58:41,1.5818836793909723,0.5685124087852457,1.0763943280069659,-0.9027812244504874,0.7665536600726481,0.20476965101451064,-0.035826084056574635,-0.1947701269878683,-0.6284551242297978,-0.6461768483276603,-1.5262042460681369,-1.5396803623697213,0.7623404314628044,0.5756615442438829,1.1278813929668141,-0.05535484453186164,1.7686872924158277,-1.229078176266846,-0.9452848607842916,0.060123131520748635,-1.067202682201779,0.004262490362214532,0.050049893986360804,-1.6099863335982556,-1.336140215445622,0.40241370579627306,-2.1891132912420437,0.8968406259374875,0.08454533575444001,0.36708668914204406,0.9671582677691587,-2.169430818031096,-0.1618095328027627,-1.0560168617268266,-0.00609695441194384,-1.1453837921337267,2.1396180660926034,0.2486661819170348,0.8032781647276224,-0.5226184069661602,-0.7877825630991203,-0.5016927674021027,1.3249790752671304,0.9247468377686844,2.1956407530740485,0.18333493176813198,-1.1044841442589708
2025-07-15 03:58:41,-0.28323608097010033,-0.9297244278035941,0.7433470261788179,-0.4838720857819071,0.3052103663768913,0.8863520515169009,1.5340574398948805,-0.6707992768801395,0.12694756453243028,1.6312837915869025,-0.649129805926441,-0.6074913437429588,-0.14628432792508225,-1.1631968650173379,-0.5334830286979478,-0.2836681402135727,0.40997923108139506,1.313084651261126,1.354945690148616,0.014664708902425548,-0.42573865035469133,0.10081305542220774,0.9190927304127208,-0.2519693948991866,-0.5205473170178336,0.09389822185961894,-0.04989340587252615,1.7699409821704575,1.7831625261216262,-0.7831423773647311,-1.0271299742039424,-0.6879441426899915,-1.2087303122401911,-1.1270550572394535,1.9873240494234263,0.3690502967296281,-1.4752020170448694,-0.8844509900716485,-1.8773040399593923,2.7606272030400842,-0.458814851151165,-0.5282073675212872,-1.7575112669588846,-0.17491331525654988,-0.4500546234644333,-0.32168668962297736,0.5242350600423299
2025-07-15 04:58:41,0.11016168087345146,-0.603823404764257,0.5914627081783236,-0.28977366263891924,-0.37208219098558704,-0.0482840845026828,-0.0683774578692371,-0.6894470853120763,-1.2686716996555798,-1.055325584976799,1.7938896856321602,1.0174660212231306,-1.1671264172031375,1.6621379480873146,-0.3274086015350043,-1.1172552567678442,-0.637644242320838,0.6541078130677451,-0.33042923981737743,0.23764400508925856,0.21506275309670508,-0.4096881074052629,1.0842057052398324,-0.5176288494052949,0.7866056798823255,-0.24625540918270544,1.3289813435069877,-0.18373635799394464,0.8523437649425079,-1.5437031923064173,-0.3101518796591514,0.693155672591611,0.22842759811436963,-0.7093858507724755,-1.9661648529803297,-0.2495300318955257,0.6749290588628888,-0.26534265183335226,-0.6188850046582575,-0.6227114823576886,-0.4407384125695416,0.8759229911904639,-0.8357301283314964,0.4375070565205375,-0.7763907542463339,-0.367965367372939,-1.5511963606214831
2025-07-15 05:58:41,0.24471628020217576,1.3493976030725945,2.0286732048933986,0.32216405976356766,-1.2351553698380484,1.5547355558553269,0.1484006675624516,0.7667526562210369,1.329024966405255,0.8383928047344885,-0.8564301821577134,0.7025249854377424,-0.1082073738533206,0.378226668061911,-2.540602215245257,0.9552141944708029,2.300413091996944,-0.8537525864917869,0.16626240802540074,1.3949113487112657,-0.07930821941939663,0.0878527201470332,2.2071393033884372,2.0026464209365726,0.6624168395212348,0.9175685881866535,-1.1699547885492427,-0.19327534642957336,-0.22672057837125617,-0.6283548403098534,1.405251294153596,-2.3991811045687466,-0.8154549059977887,1.57649132259961,0.6396964518835366,-0.23523827004634087,-0.08310453117653802,-0.9639454087819075,0.8474019514450346,-1.6496925911069908,0.10525185154340393,0.4377873414808788,0.8057623092645787,-1.337829368313894,2.2247928565282464,-0.8416056484097513,0.40067286954517556
2025-07-15 06:58:41,0.5995587446551334,0.33973802563905986,0.013013549456307423,-0.9661660205279518,-0.5426004394097548,-0.5937050681949759,0.12514591879002335,-0.43592707418514975,-0.660214103645414,-0.34333986305956804,-0.8131771429620247,-1.5621995385545193,0.16088270341768382,0.8243701160520794,-1.0519874620134753,0.4915206248277944,0.3150704324074916,-0.3854365461667774,-1.7546768745350123,-0.4926069821489701,-0.4335012767229168,0.6750865538578321,-2.904986179346648,-0.090832486562012,-0.11507711816283431,-1.3685775103044726,-0.9376800749931201,0.8126178335655374,1.481525017278569,0.2734249482037976,1.689030436342511,2.0618081519059737,-0.765738609861432,-0.4094566810747889,0.1850210890156569,-2.385716746429991,-0.3076880227289504,1.2538428361149574,-0.2796038791073459,1.2516356608949102,-0.3921452740890079,-0.7598826961817146,-0.3883712263810048,-1.229811174802776,-0.015167185691167054,-1.7613305764140075,-0.30334742842372725
2025-07-15 07:58:41,-2.7923235403368594,-0.6002771294238926,-1.613635058885329,-1.357856867901661,-0.46646012105848916,0.698157706415068,1.1522186775756842,-1.5433782354193784,-0.7492151363927219,0.3092096537715124,1.1951211382365454,0.6448687170066866,-0.736131826586854,0.7943003806176107,1.061215912046526,0.3705267763112788,-0.8940233399029047,-0.2175970917303755,-2.446764752111195,-0.7043874299225897,-0.24894008264935683,-2.0617434251493183,-1.810780475447723,0.04441138377904906,1.3890743108605825,-1.6250324615852103,0.16681715507303074,0.42719229542750325,0.4728783033095488,-1.4165940093669698,-1.494261628044559,0.8010858175381833,1.1126978429303447,-0.08749108613204662,-0.5157963725691993,-0.461538799163429,0.36356455882548255,-1.053251913012306,0.3712399623222795,-0.5076416973929819,0.43969589122654246,-0.6552081264830817,-0.1777327902670985,0.08861925028825404,0.6348023273202488,-0.07949290709416552,0.23760197674409478
2025-07-15 08:58:41,0.9620189223771978,1.756652267702328,-2.165625928231361,-0.06341726111942474,0.01999190695156018,-0.8282525367236483,0.09166031770930169,-0.1829852232889251,-1.4414300497831698,0.2875114346931319,-0.4981400248407797,0.3986006128697782,0.6169880205308937,0.763827113630858,-0.3901762380033642,1.3408107730466312,-0.3795153724543484,0.5860024900119161,-1.5375504960351687,-0.35331324940665815,-0.5152602657341298,0.1047631688794657,2.0621403861075738,-0.9236622734729841,1.2320403719091833,0.152296163751244,0.18123417559123162,-0.3099511146262295,-0.3365915819365116,-0.7821034158090574,1.5857848354277488,0.16183201339344822,0.715784403589502,-0.5462169049006219,0.07133668518037434,-0.11964255134744253,1.064407605101451,-1.5099498484213492,-0.8305449955179158,-1.5019518919975496,0.931459074658681,-0.0937537261115834,-1.0150719163594408,1.0709989886666331,0.00958217140124884,-1.318137701415383,0.6450857068625387
2025-07-15 09:58:41,-0.07709561435761904,-0.014532328298380522,0.4185326320436875,0.39132137548687335,0.4765967197842447,-0.36640241012958824,0.9040611834308127,0.9254813291496263,-0.8305935500728515,0.6004899658232673,-1.7062843674033985,0.9048370636325164,-0.6791900428871471,-0.12221065671973007,0.5381769694719738,0.30917801153016267,0.1292653609046839,0.8977385697774776,-1.7634955809526807,-1.0495096096749112,0.9576475655826797,0.08307476389718811,-1.22460647372484,0.7568194597807023,1.673680485761121,-0.003714798143784812,-0.3231029161044828,0.11711574871281634,-0.5097044327352632,1.8606504075519041,0.2714201762264411,0.4294819848383332,1.2560022774697739,0.43043080824295404,0.2581060208484012,-2.34480969483236,0.8263977193949117,-0.4256244217437599,1.4251793417097647,0.02563383626837606,-2.134543365127378,-0.24186540312044558,0.7700807867642034,0.27616764299903157,-0.32171714098542376,0.023606380641620853,0.1952796147453168
2025-07-15 10:58:41,-0.466324185779446,0.38573256778165527,1.1357668306160809,-0.04917637200391159,-0.13267142424410813,1.6057400710638268,0.9383301489857402,-0.8145134891754603,-0.9989333127192623,-0.19297286852606435,-1.096206297401907,0.6665419068703891,-0.08880733934728688,-0.814293744778356,1.8481430163151196,-0.9648098085624589,-0.6720826237391819,0.39689366122921477,0.010388553361563163,0.9674147350688596,0.6993725285437117,0.6530511768237937,0.12035144490683897,0.1720854935803842,-0.725399446487849,0.08721402215349734,0.251373771894419,-0.269607287273478,-0.9555257778344377,-0.6286566917095616,0.109687576165769,-1.0578178815009602,-1.203012100651051,1.711030062496908,0.4079800644887731,0.5274475560584504,-0.5377282220684831,-0.6079564339544695,2.0188533861285602,0.18267618980190514,1.0627330976115887,-1.3320037336327506,0.5569953917327053,-0.18823535894400933,-0.18769315541027784,0.18974357907164535,1.742263560490249
2025-07-15 11:58:41,1.0700059166713858,-0.14773396116369963,-0.44775130118276185,-0.35191412330957206,1.493822149541799,1.7034097767798966,-1.4204394996133454,-1.4854431308516887,-0.6202350513944355,-0.18544164529319984,1.7751242946850396,0.6445708119179285,0.07012619168210535,0.9749780719869241,-0.869699928349619,-0.8384361055318658,1.0664556394482052,-1.6954376006942804,-0.9220181849285914,0.8335968523453933,0.7309648015769521,0.5191572032978995,0.41812688681028964,0.21673770206547374,1.1643922171284828,-1.3698090944159296,1.3567800394201153,-0.32221899987104835,-1.0343348945688626,1.4007160071285885,-0.8009167428630269,0.758966352034111,-1.4626017263735902,-0.990419302352742,1.0763278337911508,-0.6754631606457151,0.5931605880530841,-0.17290425834120485,-1.0314296265190321,1.5464648660454097,-0.34206997411932416,-1.8607402775167763,0.9839720406830663,0.8063896015655158,-1.2299035744659585,0.8691123416723552,-2.463659092283103
2025-07-15 12:58:41,-0.7129987941505611,-0.9887224259271673,-0.9775161439414619,-0.0493431008258235,0.6963322649087552,-1.90224608561498,-0.3478703498319575,-0.47646413547873734,-1.2709866155488392,-0.356510942638236,-0.024476678569747706,-1.1016445379970286,-1.197970383041256,0.11246182037138881,-1.5506731416805393,0.9337076862089688,1.3520283250882703,0.2966519176223354,1.0359192534660178,-1.0049521395039853,1.1143729766400667,-1.335893399205903,0.6559954927415412,-2.9396718967018303,-0.39822213384146593,0.08747879681987938,0.03195384664151726,0.5690641419214503,0.3073388764526954,-0.4448757321333708,0.4019578473265617,0.15465967711465423,-0.030459061674483343,0.9367998405282446,-0.8092978964350581,-0.5805884160952084,-0.6352036349924476,0.5572427579296115,0.30482955939890694,-0.6196335295583085,-1.2075537560596314,0.1125265491459312,0.3612529722975757,-0.6807628892987314,0.2254780939582095,-0.624714959884664,0.5243464798981542
2025-07-15 13:58:41,-2.612106889780115,1.3002145246679562,0.23575278782422232,-0.8564613798466929,0.6242461727742007,0.11177039033221724,0.44695862837869943,-0.012965468732740133,1.9052973003457339,-0.6170391760199909,0.43023494507273263,-0.8416377788798892,1.1804019676353814,0.9728743006292992,2.226652220950721,0.06805577681651921,0.21262410630713438,1.7534413906312694,0.2301886875718876,0.862835453120533,-0.44389427978788454,1.906284809450206,-0.643375155331938,0.33140050631335777,-1.3108272364527964,-0.836214151994249,0.1270626987484728,-1.688148245515292,-0.7035811895573802,0.20166101259438085,1.960070340349486,-0.7897492704390768,-0.30659008887914935,0.8632552619790406,0.422829410788502,-0.014543586484260367,0.07083066673413942,1.1167369661348778,-1.4893852492584851,0.8464935861711546,1.491421220799828,-0.7598926634308779,-1.159060299460952,-0.15757490280132633,-1.5672496619972973,-0.3967074710323547,0.6542524952036308
2025-07-15 14:58:41,1.1659573513629786,1.0697007117660493,0.1648607304747373,-0.7186901104763693,0.3542385396623381,-0.10291178103779852,-0.08624835870894378,-0.39258561301006634,-0.004376821286072643,-0.9782599098890408,0.4506284071168779,-0.25837131518433243,0.030617055276379437,2.1978615746509864,1.217855475669415,0.4527755496004854,1.2847469056658536,0.23298487149232097,0.09880460063450255,0.45543391594967275,-0.22081183563669993,-0.9591426361094796,-0.22946450596614293,1.648997852163618,0.02687375345180098,-1.2405484800253406,-1.880410662011363,1.3322963125788438,0.012457227626176596,-1.026192508166154,0.2092147496873484,0.2551380170930778,0.7668388456702624,0.11720398138998768,0.4798349201154398,-0.4628382557613785,-0.5924357323534302,-0.42435863952280595,0.11483272654365073,-0.7421596602217226,-1.0549560549354853,-0.23730601313980001,2.1145585093355934,1.4375979485397754,-0.15929891203518906,-0.4932652163432462,-0.16914645973460155
2025-07-15 15:58:41,0.09611042387374392,0.3089730717284852,0.06542251900152458,1.5567269629013614,-0.08886700925861131,-0.16338115767075453,-1.0200665434273426,-0.356031253680139,-0.5475009206785959,-1.2987150396755462,1.4576142593515744,0.24368797874769071,-1.6205562070390431,-0.6133911984005028,0.6163830223246114,-0.24969686811473712,-1.4921444324346285,-0.4582538742777731,-0.5040785224221511,-1.0706503871399835,-1.0977872804250595,-1.6128643901121476,0.4547053009331187,0.5257218009322541,0.4665806444934552,1.2230543348532514,-0.13249304758276595,0.47043854202760754,-0.42691215192320403,-1.0155998957467027,1.0668644706434938,-0.9753532198852675,-1.3399125781459547,1.589507107439608,-0.13287066602770667,1.051684717334679,-0.558192244342252,1.0704020823928728,0.41941745969760086,-0.5641651884151931,0.23457514311867464,0.0948087129874421,-0.7420759816837922,-0.2531672187505184,-2.2598769590418315,-0.008648813000065324,1.4608233627606348
2025-07-15 16:58:41,-0.3973341061420013,-0.11100250145689804,-0.49791672207494336,1.5382984618543705,0.05745501166415729,-1.568618943235573,0.23010236595906852,-0.03538317495590601,1.4341688211627819,-0.06595988261529168,0.4946455558185843,-0.6374066710421897,-1.5867414928814223,-0.006738828782630234,0.00868150085817594,-0.8902722568075371,-1.0116224478574616,0.627781713935658,1.1538630855130112,0.8184970924194381,0.3269118373494415,1.42320720685714,-0.12499350000847012,0.019303923894091194,0.1150401219625634,0.4465383296888154,0.027764368967845947,0.5640580417762351,1.3551842648530004,1.286199061243767,0.5232116674901512,0.47070994687209866,-0.009160969872623288,-0.9005734690304114,0.1657550268115063,-0.45605292079206117,-0.12477159129928478,1.967949801869335,0.21106667779064084,0.24448946324507556,0.06655355966539064,-2.1739567073944728,0.30934833030695835,-1.077520478157017,-0.8046177697686517,1.136889231720332,-0.24449571207772106
2025-07-15 17:58:41,0.5919513714920536,-0.6958417191703967,-0.4615489546702652,-0.21503148895622948,-1.0521136557751662,1.5633512564392127,1.0740842871798544,0.5222031857736252,-2.031391619285034,1.0351970727704,-0.7897471112580334,0.7501839280053849,-0.4392756141711636,-0.709750141471833,-1.6659503354208207,-0.11352768786896704,-0.44532263721654536,-0.20423990056425068,1.1372017669952985,1.5852484279263694,1.915141152195373,0.6714610194374789,-1.2612163821721147,0.2985218501892011,0.5403595991136596,0.52783210755894,0.505281293788471,-0.8858746631753673,-0.771123781126257,-0.12599634831713072,0.47110725028822564,-0.3003492460468222,-0.3386056793955521,2.337244789175944,-0.22333341737413792,-0.23312596518614903,0.4345438121022085,-0.7970652068054861,1.0503770334951639,0.6933063138601092,-0.814896320601197,-0.1737143679037513,-0.09190036801533658,0.7858208603258506,0.01209275138749847,0.5994681616704343,-0.5633692320712873
2025-07-15 18:58:41,-0.1555957746338444,-1.1206219461605154,-0.4439985239107331,-0.2085729466385427,0.2779310363355858,0.4235084281290317,-1.5760469494340847,0.1482794838017302,1.4354170530973025,-0.4285193346470287,-0.27862314614330763,1.2700953753780597,-0.12385239729749416,1.0846541851088267,0.8105263757261961,0.10016704172889565,1.2453261513692568,-3.4538814825392428,1.3355581835303127,-0.46090053669654124,-1.7384036334875077,0.4082529431825677,-0.7893824033445556,-0.9847684245773723,0.4623669689394485,-1.0709818922997503,-0.16401722484564654,0.2825844176474279,-0.38286493222728474,-0.6139726552476334,-2.7597726403542127,-0.16493853736675493,0.607239804299358,0.08665749056878431,0.03650829699081298,0.49813649937563836,1.845641322352377,-0.4696855221953004,-0.09011354530645868,0.42120834349160974,-1.8336734652065418,0.7275213641800442,-2.307887022924122,1.4446881509668659,-0.24249263039874,-0.049695760342575064,0.7227994469793229
2025-07-15 19:58:41,0.2582266621917318,0.12838721195413272,-0.8837412674168078,0.9980210878863272,0.3540300836860885,-0.17172642727773563,0.6848592094973517,0.6944320659393797,-1.2735288754405152,0.5469556424146483,0.5520721578471804,0.3179275135243691,-0.6868839227148302,-2.0663937006840354,-2.136370024101033,0.33711196227673956,-0.3009181444161659,0.8176232204665773,0.8516745282442155,-0.4999952452246111,1.9009303728789582,3.511296608237432,0.07705719673610056,-0.6059782474597573,-0.573553493440014,-1.575163632259479,-0.774926204142086,-0.04067476731056474,-1.2653834930586427,0.24293834405526318,-0.325541090948102,-0.34844980863462693,0.209533932816481,0.08933481065068419,0.16606720576468254,-1.484020638571887,2.4973193746789955,0.26843879279645766,0.464034729546782,-1.094094043245138,0.24146809405684252,-0.8514302848465973,-0.9694078965586443,0.5395128782333766,-0.039728363674533904,0.6755344737250725,-0.49484908806000877
2025-07-15 20:58:41,0.323673847274062,0.3943419592798347,0.5432677759708182,-2.705581901241636,1.1591946017560477,1.5367394921359414,2.020191818915184,-0.5182333534847575,-1.1780196789812891,-0.1900690160383403,1.0655379654273862,1.617829486336279,-0.9944933768975298,1.243312513837376,0.22185595893723242,-0.5787176016428988,-1.3764344085965503,0.1460471935377052,2.624158353806212,-0.4797517590672478,0.8517975282503706,0.8360374331613571,1.093229349922523,1.1201707136836538,-1.035439716138064,0.26942009805307915,-0.36058053858244915,-0.3693937778999482,-0.46449069955079614,-0.3591980244715441,-0.48991969912664113,-0.5375119626963183,-0.27376083727751094,0.03973516972485715,1.2085230509768656,-0.9096919796372935,1.0041201939074758,0.2308655717345592,0.1908338340938416,-0.023466290448241816,-1.41053880373529,0.4354378778683398,0.3295306608367593,-1.8198602584757508,0.488561401651334,-0.299997009404074,-0.10904807189247538
2025-07-15 21:58:41,0.8568504118276643,0.38213125740063947,-1.6081748027838405,0.5388412119912438,0.1036664807436856,-0.05488564369457257,-0.4180108223727682,-0.9726001030604717,-0.9466336217954004,-0.035575316177742636,0.008288754029000596,-1.0458037478972608,0.6192041165590757,-1.4727271917461542,-0.11797141085752207,-0.43580773818972024,0.21861812187403112,0.17182556098746318,0.07665132249207585,-1.475310722568007,1.4072166867844111,-1.639437725195428,-0.2633936213778399,-0.747797525321935,-1.2050577286742514,-0.16743383880833024,-1.7209474927622077,-0.32508955030833925,-0.9854449375821392,1.0513311844092619,1.8192595327577332,0.2785793901957001,-1.418761645706089,-1.592760275599973,0.8399253892877583,-1.1152366396878628,-0.3809963272963725,-0.61838344839204,-0.1351191613675415,-1.0487652335777111,0.8378731630563008,-0.33298658279599513,1.4425792200655057,-0.524808211683844,-0.40613753869946906,-1.5243066888616783,-1.4788840900649554
2025-07-15 22:58:41,0.8621570516489935,-0.9062645459507881,-0.7678613727398961,-0.41411451454906945,-1.3334948239458482,-0.5995618689801829,0.6215212586382636,1.4201446725135436,1.8811514828928844,-0.13871088074598917,-0.69817418534721,-0.44389878018990103,2.106945755033088,0.07774941534028658,1.5057380943164327,-0.27323030644820345,-0.17661995416439516,-0.07343129599938981,-1.2552757721564527,0.6843317719363609,-1.8915614933047187,-0.16286766154634277,-1.2410406859941558,0.9046700349648749,-0.7211120633999116,-0.8158901371385923,0.2994760389936838,-0.0709000959003728,1.9638113736560232,1.0234194585617842,-0.23471970424179772,0.4598838460734236,0.3422350658183479,-0.27714626217456007,-0.8643043358416825,0.671910415422845,-0.12472391554775378,-0.28985641855709043,1.2017800754342545,0.30354889528559514,-0.5748982006212768,0.290148751123629,0.668248625768272,1.4469846085900033,-1.738211613898184,-0.642181690695186,0.22071671370988907
2025-07-15 23:58:41,-0.15323158183699553,0.5284925961930753,-0.4325237129033578,-0.1670952481619312,-0.46054382723180953,-1.146265153461819,-0.9185711986053453,-1.6800616876215322,-0.8724498652440013,-0.5226238989316229,-0.6054091985021319,0.5451042467853068,-0.7613630427254408,-1.844925131800444,-1.0784057799910534,-0.06917615888792007,-0.25893409029066455,-0.5602735411856005,0.21483909036869664,1.2216040758859548,1.5798435665591182,-0.7240703612507681,0.4271683628417858,1.2247454403552298,0.7845277978214915,1.1166890335471813,-1.0988954034771434,0.7944519046049948,-0.767230901399482,-0.3030970611255867,-0.09963238006911206,-0.061603300176206556,-0.41090434647594154,-0.3112619137663729,-0.47084409193047977,-1.203428530350665,-0.1572160291172737,-1.070830123734574,0.6166168323647669,-0.41308384398911974,-0.90968570097419,1.0583473753419284,0.16254700182724413,1.009348706530729,0.0855121097758605,1.1399617671956384,0.024312021454878444
2025-07-16 00:58:41,-1.0829910837293826,-1.297607593645792,-0.5031941369230236,-2.4068230933289847,0.45645397713565794,0.5954158260138437,0.6940257122859178,0.08873547596395398,-0.25949848079934973,-0.13139802467536663,-0.7644257938784665,-0.694852207789035,-0.6219660010267432,0.809583234729592,-0.4728858328245834,0.06639883474352787,0.5061513006372872,1.605048699782569,1.379166667235402,-0.5243590384722803,2.1180236784186044,-0.7119656079169827,0.6888694583462756,-0.13437789552206614,-0.05747114630943223,1.0463512571234472,0.1441321247105844,-0.9086121127381313,0.3685156477051262,-0.5432839090850414,1.229051800586654,-0.8053278801227975,-0.8959051268943314,-0.08678343891037464,-0.515008517876379,-0.12436065645312526,1.8809368548129157,0.22920096502811924,-3.243784625593405,1.8526758951650562,1.276782552809884,0.2738894868647791,0.07612066501154369,-0.6738368174228873,-0.5348054974274492,0.41886666247293414,-0.9529983891313568
2025-07-16 01:58:41,-0.9790604483220088,0.30837812160480305,-0.6485223441142088,0.7006978248216793,2.091714324478854,-0.14044919375323478,0.9707549594867816,0.3181020726224519,-0.5491916400220113,-0.2876897582214652,-0.16551629784090394,0.34805088746553076,-0.05958159253527214,0.41711578694784973,-1.1279128512079009,-0.6849407800026629,0.3448560492539689,-0.7205485902923525,1.1738521707426361,-0.05926736001349853,0.791599786001966,-0.27707838508268984,1.2348660184170384,-0.22433622880958343,0.6889871961406083,2.2619530021763614,1.9148217393516407,-0.6377096387747768,-1.7943801896685263,-0.3118315316267462,-2.252094927928315,-0.6881758969348275,1.5624991019823746,1.2498037496230754,0.5275267673320673,0.07851325136860805,0.6035032346891724,0.7286777822646823,-0.8228902934034452,-0.5831503920611343,-0.2281821358219458,0.21579272395912777,0.8104766562544744,-0.13488876292374397,0.4677394665079477,2.2270035396098917,-0.1353443989834478
2025-07-16 02:58:41,0.39512171548562797,-1.6077211535667415,1.6551918513360744,-0.6186812759570346,0.05033603712490011,1.1188369255887163,-0.9074188025576571,-0.5299019196611502,-0.6744848289843508,0.2645121664862292,-1.4660919263989676,0.3893220860403009,-0.31649083646309084,0.5978733694333157,-0.3952484591729727,1.9234469447049176,-1.523136360674951,-0.12374468491089834,0.8534710284306042,0.582480509080585,1.79055808973675,1.1893594200685913,-1.0790631999045954,2.0153790025305702,-1.0594741781341779,0.5671601844819719,0.38964419144925644,0.42990749333752976,1.158148130395351,0.758067464883153,-1.114957318735114,-2.10914971146585,0.29558369674432505,-1.0390540742977064,0.06396660340377613,-1.3726706198832517,1.883260048883694,0.8205939150617542,-1.3803193699799916,-0.7028095561968923,0.7664185244915444,1.5509418923258815,0.18914874240066856,-1.8772837995339313,1.444346663383302,0.21092925478013153,-0.5942607251138887
2025-07-16 03:58:41,0.2085400796053235,0.5607579766773025,1.5546215629014923,0.07094713821623869,-0.12732697378730878,0.506934533194961,-0.005097016364290429,0.6267611792347196,-0.1004480544934881,-0.024295966731083436,-0.8674584566838512,-1.0255139718807509,0.7226428246831733,0.48331949157204984,0.3153269364211668,-1.0970858261870868,-0.6000739244877731,1.5224421513002555,-0.9353731371712972,1.384381621862681,-0.13070328310318063,0.6331715404350744,-0.18379717049435917,0.5559514471571404,-0.28262175728962197,0.7415374380786388,1.355177198134363,-0.41104209861539964,0.014469671885358033,-0.7032460021238738,-0.7337870697131088,-0.5402441662481107,0.0032823105381263994,0.8575681018885883,-0.06612796036541678,-0.4822943844194842,-0.9818154826042911,1.0595890900114258,1.259859580381191,1.2812486347705125,0.7400437315131473,0.7872081618245227,0.5154837857472817,0.5474874418175838,2.320037643730183,1.4797851803161535,1.5648444413517768
2025-07-16 04:58:41,0.8670974262574236,1.1394243297425495,0.8576542598832203,-0.3662874497976947,-1.0845220540411766,1.5780089905751082,-1.1438850019951738,-0.09828825619373532,0.19760040014050287,-0.07536671145114454,-0.5309374227351119,0.4568948044823214,-0.28850720255343865,1.4082288658455153,1.0058772527640751,-0.6178458295639473,-0.9628414451948453,-0.27951388875635974,-0.5591501602823699,0.301641376768075,-1.2649717227932349,-1.1749596180710438,1.17809135826594,-0.09703254228549578,0.6886088822339501,1.5255982718345378,-1.157104183073236,0.23650912346355168,-0.24665384697300338,-0.5474855010247632,0.38219512861993477,1.0697639553416305,-0.40177954587107395,-0.49307937042439026,-1.7995452132037544,-0.3212714236355333,-0.3111284269100772,0.6971507686888111,-0.2459135048698925,-0.5109335845232019,0.9568845969582734,0.6677248091811292,0.571763695934849,1.1298400744514574,0.16018894231514091,1.5792781486256018,0.8196180156988934
2025-07-16 05:58:41,0.4260600033189894,-2.435340139782223,0.3564674821313462,0.918102688601585,-1.4323732188588558,-1.1999820228079032,0.4731047720422074,1.840015140296071,-0.3265845956971076,0.13368835424683947,0.3046794464917761,0.4112147911920991,-0.5675421171236893,0.08684477676556644,0.23535628787283394,-1.5802093533618315,-1.6661882122255507,0.5164700845594875,0.9489648662101003,0.06267635377297374,-0.7428531603312166,-0.501692919118587,0.5339246062138008,0.21812562170034266,0.5339527321718572,0.31698801503092117,0.9609879146281302,-1.2300294003547916,-1.8658184293652438,0.40824564529753454,-1.0070707840828697,-0.25599849119488866,-0.150561957501528,-0.1432526578571106,0.024560027773467486,-0.2836038530539317,-1.6650695181345594,-0.8408763373788394,-0.4777982104907134,1.7312736443394672,1.7394963483967902,0.2670144013207424,-0.3444525013658852,-1.3064706568406723,0.4695485079732754,-1.27513732812513,0.1541189992492627
2025-07-16 06:58:41,-1.119254873001082,-0.1679564638279878,-0.7230913722556809,0.15618671609278442,-0.13725217014553212,1.3938148653484603,-0.41349577047210434,-0.3670099655607082,-0.4471139682206187,-1.1393687059845787,-0.06278773404618715,0.7837929631753167,0.14448327799606336,0.8478718441958659,-1.5971618654752304,-0.8819072439690496,-0.5947234278995641,0.2861418191454341,0.3797554032913244,-0.22849957674985943,-0.522123717029609,-1.092077107663013,0.8745561166200704,0.6369761358933906,-0.7453247174917171,0.44117133504467476,1.002962684243682,0.45717241965991484,-1.8941972487634509,0.8184816899130762,-0.12962924665330922,0.25206433086905583,-0.5395862638598268,-0.7661356168001108,-1.4725253160370235,1.2600621285643063,2.175816942029255,-0.2629077121098728,-0.5530539897355572,0.9719669541297525,0.5718118405160169,0.3057367904433721,-0.28354587626290195,0.16311901432463388,-0.16685726872248077,0.9490511074199917,-0.39512751422798176
2025-07-16 07:58:41,-1.4547669174684354,1.0705359008462731,-1.2558640486887653,0.863549901485961,-0.5187639780040654,-1.8303573403068327,-0.981136205759806,-0.21803943303103326,0.518628077950309,-0.29509701232273283,1.0544970599762504,-0.611092205647382,1.0215329624796519,-2.5788611786968008,-1.04235979971274,1.5264552636640956,0.7927199722987217,0.23460919120699203,-1.1178671076235351,-0.4588827146239499,1.3406678966087002,0.23665442216457006,0.7890803414080133,1.2906345688436602,1.079656373097499,0.29428942562125293,0.7778150414330484,-1.8002624773119722,1.5328243069359264,0.3647838914773745,1.0792222192521783,-0.2918984393560238,0.22321965825720164,0.5018160606416011,0.15067635738301324,-0.9422682365533459,2.0815907933331412,0.949583435707508,0.4473358234597501,-0.4264533426902399,0.536359216550709,-1.777691280598232,-0.18847932256965802,0.17751428122704369,2.926092483232702,1.8028732297395966,1.808551135778102
2025-07-16 08:58:41,0.23478278325088156,0.9176507923366989,-2.6963971986583197,1.0985021556111063,1.3812986098946152,-0.9292563550033137,0.6602532051348569,0.6121248785978839,0.53403052806844,-0.4504567756194659,0.21939559328062447,1.4843006185381287,0.41864218961363664,0.685785171884149,1.3093727112055578,0.6837136725988385,-0.9979078546890149,-0.9514185055819105,0.5368892616697438,-1.055033334561365,-0.40380628125894813,-1.1323102531342153,1.5512634646096641,1.8095402456343175,-0.634430169285982,1.2764507066852588,-0.39536007722795646,0.09413718216059974,-0.33144751921281634,-1.2199250612817238,-0.8798128662958314,1.7682675082343027,-1.2942963712968762,-0.3088225279590734,0.29795385265270713,-0.3184413459216473,0.03534864112609017,0.9548982018708118,0.6563072714543539,1.5939960687183974,-0.7895194834132706,-1.4809194190838033,0.6062601128970674,-0.849586207707519,-1.0564614007773614,-0.6741821362753788,-0.8415938389167329
2025-07-16 09:58:41,0.1378171354698143,-0.30836105136211367,-0.2911998300581622,-0.6027712487391879,0.9872593587452708,-0.2862109500725656,-0.09563378609399063,-0.5512767645324662,0.5323527647056387,0.19364726768803223,0.04500110175764409,-0.09560285946619297,-0.2105052974505041,0.22599426510471685,-0.5103837798605703,1.5178290982919398,-0.8681361863590471,1.8875054952509296,1.5788618065582383,-0.42771447010745184,-1.701524232805022,0.3090834549466258,0.745940876946158,1.514081047396724,-0.0020433247055053204,1.7008012287967926,-0.5121281926553375,-0.8453234456794356,-0.7487174998410963,0.7516370262494679,-0.2995160510333118,-2.194278271744969,-1.0192193954386481,-0.8227560438765157,-0.11652846449974753,1.1604114136182686,-0.3094505496716887,-1.2399701745926803,-0.2965473683947807,-0.052745942293752714,0.04325793955703784,-0.2851924597395729,1.9390468371659906,1.4508864752010773,-1.1462017678313043,0.32908364657455197,-0.15586779564777614
2025-07-16 10:58:41,0.3569021819132223,1.1141456358555157,0.252179521150525,0.36532854472691784,-0.09013825752542387,-0.3579400954191342,1.7491406265805722,1.6242553080033417,-0.6757020583956208,-0.840013187196994,0.8743438745465099,0.367384617769003,-0.6216054140176978,0.030299046479678123,0.971026421430235,1.8152572727679646,-1.095548384251469,0.9069262177314332,-1.7073512900251138,-0.41970302270062326,-0.14269149193600655,-0.383061595679144,1.3256444836975991,0.7644425134816091,-1.3348948512868246,-0.610457663626591,-0.8031028375708367,-0.08366468832464062,-0.15867871735615224,-0.05910524527652627,-0.14336999554749913,-0.9957625481336948,-0.2724862193814218,0.2635483732952853,0.3866187934838085,0.4341677780347506,0.1977870091419198,-1.6210232781199014,0.07188017103692568,0.9859341514000431,-0.47339331130536977,-0.7192289701970548,-0.19683925301061664,0.8805348741109188,-1.2996750474102678,-0.2162878862298183,0.4863274246831658
2025-07-16 11:58:41,-0.3426949382853537,-0.510503171765736,0.48789837578561035,0.7442021952193709,0.10601958122223391,1.3726681134858834,0.20071943610928725,-0.32477589976140697,1.3843861875998735,0.4048433193808638,-0.9315518502968608,-1.5015096728967605,1.1838811069856854,1.0229026273428838,0.44083558756776603,-0.18445501228365926,0.8637610728427446,0.5182098707923598,-1.357783182323566,1.6226861795174323,0.19917516194840415,0.21337904927148374,-1.3122180959982621,0.31040224345748735,0.6527000496293557,0.5646888646395439,0.4250117824751411,-1.3880102720742022,-0.5802762469171295,-2.565415374344788,-0.6297918588858368,-0.5948900609809583,1.2612831852435604,-0.3138531225462348,-0.9651601603947494,0.859066385889551,-1.0089920113588375,-1.3743882479377398,-1.265234653835936,0.8787836489062957,-1.2270820951381516,-0.8732461199696585,-0.12593257227640375,1.5736907853215991,-1.546933408983851,-1.6634558787580673,0.5753939777222284
2025-07-16 12:58:41,0.49902449190854103,-0.27813545606942347,-0.04802832973598655,0.746214431524674,1.4429490891837664,2.0077588612628094,-1.3163459908880062,0.057656017651572876,0.20836998691720807,-1.1468449908331888,0.42056500058668256,-0.5935331103535778,-2.4329601149369298,-1.187420129749278,-0.49072240626771635,1.380574055951873,-1.0060176486217371,1.495462633825506,-0.38394992577970394,0.5515502075177188,1.8648416016475597,-0.3664364312096303,0.14628844346551087,0.5738715178175583,0.19344729028299357,0.7546776242930925,0.1940625621105141,0.7280035607817671,0.3560747393374449,0.7619099390589107,-0.17094163574180568,1.7686072236663057,-0.05335236062514714,0.10849194950767074,-0.870723048834666,-0.2377468251145556,-0.4475175889313257,-0.7334191714832827,-0.749319834818065,-0.40428297470167984,-0.20865569226173994,-0.373503582308281,0.8703485044409681,-1.1288090703929285,0.35638967384666154,2.23112323075175,0.5033897960636909
2025-07-16 13:58:41,-0.38392963295929183,-0.4679200876709213,0.48711790085943313,-1.6176968576309203,1.2600483887909206,0.3604075393127589,-0.9033479609650633,-0.5235373162665752,0.9432438693311688,-0.8871372723482844,0.5398092088283079,0.7189656200910105,0.14463026902076687,0.9951553544434473,1.4550150474657497,-0.25788165099799987,1.4213418103730815,-0.9793323778049045,-1.418264657152933,0.6329030304537212,1.498064919131348,-0.027286674052767766,-0.6311417562913075,0.6776782365072312,-0.6865799619966052,-0.11895199887068572,-0.7869509612284787,-0.6805949365252603,0.3202282160305116,-0.6242548633789061,-0.5459487818692463,-0.8760275041692613,0.8160391470243589,0.20744563626920579,1.963762106712944,-1.0841292710823691,0.3082750666755753,-1.6486642047080782,-0.10199758370226022,-0.1209818003942383,-1.2402894169696048,0.3807863709058858,0.19304581202349794,-0.6729950001291787,0.19730463661463757,-0.4848620204853742,0.31127699533210984
2025-07-16 14:58:41,0.21157183945229407,-1.2248321813531524,1.443389684885045,-1.9108427418396225,-1.2866474291115355,0.39350015463254384,-0.6055958306308201,-0.7930030042048776,1.32258498323154,0.07035788726336473,1.234243192129836,-0.5621730578202627,-0.2972769847596096,-1.2717064082248952,-0.24466266469548115,0.25316591399220206,1.8615084578487144,-0.3563808061388415,0.5867344985878287,-0.7140784426219217,-0.4579623276817834,-2.15266495164502,-0.07215599604969299,-1.8851712261604643,3.3334677047714365,-0.23933182251829208,0.22460727381051568,-0.8756704587903359,-0.6121221446502966,0.19944771146039275,0.12447135380882779,0.6344090849259039,1.3672727762573103,1.0920534877484518,-0.5042870466200536,1.246540120975875,0.11625837297526014,1.1296052604313307,1.7782559446373836,-1.7727444283759024,-0.6908544924967864,0.3306254387910345,-1.2061244691751134,-0.6858807648266559,-0.26401953447134796,1.1872117186146256,1.1641018118332045
2025-07-16 15:58:41,0.15795336122547157,-0.09523427703501154,1.145339999856522,-0.4970937496367863,-0.8967827380644966,-1.3422582775902792,0.17171898245282977,0.3974957118574601,-2.879761270321722,-0.3592142820577536,-0.8910150129645602,1.9392427102457335,-1.1767885620799867,0.22249720431940245,-0.3234420959341434,0.13172511064435305,-0.9697458112800733,-1.2212504006953933,-1.739713332567449,-1.4872031889730604,-0.8443121874269577,-0.058516481052158446,-0.6540611985559489,0.35243322230274604,-1.4310731458969754,1.037510421049442,0.49045028358377835,0.5538864149140303,-0.386075811444009,1.362031617720982,-1.0490741719599297,-1.758184312854413,0.7265097309548858,-1.2308962235198144,0.3635893711870821,-1.80665039745301,-1.4701170881459489,0.9237552068653995,-0.69635062820568,-1.0899039655596583,0.5457286549442543,-0.3386146061620704,-0.6972523426726335,0.30377975724039497,-0.15343739405136378,0.8279108728957361,-1.4875372126863655
2025-07-16 16:58:41,0.10269106107295263,0.8114729646053722,1.8059495517763349,-0.8193846597481782,-0.8767660817832948,0.48680310992388937,-0.09931603890074739,1.4677907373397265,-0.06970471339151746,0.31098411253749075,0.36596668436903695,-0.6951728908628132,-0.8027191104645723,-0.044573974336843666,1.5972916490524443,0.6953964398337442,-1.3749028399697076,1.4615823078225427,-1.4955039822568967,0.8678515058926233,-0.4088692092834704,0.9931936726184656,-0.1543376357763765,-0.8215254563900156,-0.9175926847443657,-0.7150215582674663,0.2583763342963494,-1.196301254995557,0.8568813048047736,1.279317450901568,0.5738480259823586,-0.4552731273633147,-0.7349416821809216,0.21085977582186233,-2.2545036435451777,-1.0202784317610984,0.9360820284670184,0.23759540110726415,-1.3009992849461252,-1.016078720578345,0.11737979982741965,-1.7165413274000494,-0.5447038469398271,0.22434174156417483,1.6633532294067281,-1.59488600977947,0.5169631104882162
2025-07-16 17:58:41,0.10319606268630216,-2.2027052835771586,-1.1346956467250218,-0.00507006398781151,-0.40665397720336516,0.513736077670257,0.17702970004898572,0.03232099814372611,0.3340091886790764,0.9577352552486472,-0.5839128360990989,0.542651134630584,0.5693173132273971,-0.1554543166121959,0.4270425972268888,-0.03263113308156997,0.5971934553138264,-0.6422045347766482,0.6604260707883179,0.9166498175686931,-0.8636345937190572,1.4090661434849354,0.25545855535357864,-1.2362498557890254,-0.13482061761168096,0.09336551431514015,-0.33363470196149214,-0.2799797575752806,-0.12487592782708537,0.1350042594928965,1.1031014700008597,0.26476326980279147,1.2338815849271572,0.876487998906326,-0.6975492139364194,0.138615224862302,0.4234910153669914,-0.024789720285635225,2.406049011671028,-0.6668573349245245,-0.1443403111936961,-0.7504182057106247,-0.254156062377698,-0.9900322534900778,1.9191082101802956,-0.9414456047586254,-0.27115190506781206
2025-07-16 18:58:41,0.10281057802154643,1.1073899452725622,1.4425028360620484,0.2964061550337365,-2.964638806601113,-0.5612086662113391,-1.713765152976076,0.8325094854267185,-0.10856679527998674,-1.1720284920183066,0.3042428353668434,0.6454099364069827,-1.0229495253044802,1.3446091859671774,1.143675230244138,1.0606697521593837,-0.6801575877421082,1.35424359300074,0.23836707528571155,1.578452384420542,1.9719309560786658,-0.6489487966951863,0.063518370318274,0.09010366821105806,-0.6906019733055022,1.4384573379002459,1.1864767578885094,1.3201184451546517,1.1830377243528873,1.8841500298076117,-2.2156375712539,0.11820391001939101,0.8803562596959287,-1.0270757837718165,1.1306623354235863,-1.293543704161016,0.493106626058598,1.194867115486616,1.9743304612483137,1.0883541396456227,-0.5451815089736393,1.026031270277682,-0.5939989675260116,1.229293883738016,-0.7122774993094099,-0.530481840743866,0.03625915192980023
2025-07-16 19:58:41,-1.105819659806983,-0.18310880321221285,0.9878107344296607,-2.1480157005696716,-0.1049869257638765,-0.39173630452830915,0.16841430592183468,1.4520070809731587,-0.8868534135744032,2.708601022997673,-0.46838017646845476,0.4237940016990466,0.18210645068981304,0.5507154970836025,0.021086617501802456,0.16181887331457026,-0.4024131569623975,-0.2732104866326076,0.904712128453505,0.20170605656942436,0.3718178689507259,1.2186853475557242,-0.40442007069351893,-0.5418783388430041,-0.7547612674600006,0.7683572114869888,-0.4507838704805426,-0.10547971281653924,-0.458392795278254,1.5959467151183167,2.060212600731984,1.4553790974937837,-0.9033203342941589,0.16397424101729932,-0.6916803331124342,-0.997749001147516,0.42134396133972674,0.38531136601836125,0.22202847018264024,0.24015502597784236,-0.15039794505341353,0.72983017224643,0.14815028396097998,-0.3509254009600981,-0.5837024077509833,1.5447299405238133,-1.4550594533809444
2025-07-16 20:58:41,-0.22350133029858943,-0.3229651950314614,0.6954610961611235,-1.0217228138009464,0.7115684596206068,0.7138615005285631,-0.13876256840461546,-0.218807626007046,-0.9847150737763408,0.18190902148631766,0.4817492843723677,1.1386926514702775,-0.0893072588101083,-0.17491893818787893,-2.292557550066231,-1.9155323072793116,0.9271337305150091,0.1844771875778606,0.4913289124066038,1.4575356477781272,-0.49923845314098647,1.3708866408729328,0.12092637819604489,-0.44357502423204687,0.1540844437971152,1.7127278848595129,1.2218262926921795,0.5416691555825863,-0.13477659291452726,-0.7652554677628802,-0.4136836247318476,-0.10214706448429245,0.22118395718762993,0.7231683034860092,0.00892384347105042,-0.9215648651436644,-1.5023680199517846,-1.2499978798328484,0.2744277387457539,1.2992216382739223,0.8483465193149127,-1.1326962967769705,0.2841621724060485,-1.1544635437251656,-0.7158020735671895,1.1418195590947897,1.5462956293351484
2025-07-16 21:58:41,0.25364235789594713,0.05329760298787872,0.5222665230888857,2.0556151333480375,-1.0942090883350728,-1.8954685446424198,1.1060965579450734,1.2269804513422617,0.4311865635527904,-0.4058636688317507,-0.2653798891329056,-1.2501039688973339,0.6579029665177978,-0.6497599674330784,0.6247764586613698,0.6221670283744765,1.0368201097386942,0.06397984678774313,-0.4782269138907601,-0.6999765355114878,1.3798738639972867,-0.4058926540232312,-1.201484640367521,0.3604588489894093,0.3367725042622518,0.02154223116116704,-0.6742217073565226,0.011568214578998252,0.3716432217564927,-0.675463046367812,-2.352860228022049,0.25927753339847753,-0.45158188001650434,-1.1873943049172553,1.8001065822938398,-0.2510052366551036,0.5408898064098036,0.8201307867477673,1.2280166195557263,-0.18425613147769113,0.625408242530943,0.20767382321367894,-0.42475567275090353,0.07959019968130701,0.07036561369551528,0.11145056827299385,-0.5859432925443606
2025-07-16 22:58:41,1.0032395071501226,2.081001377782955,1.4904363913112795,0.007926575732379438,1.3278244019398633,-1.0399369834029446,0.25874284302745354,-0.10518344347843238,-0.9810503955992141,1.4109761571103274,-0.5133463538197043,-1.1488806310183157,1.1718316122025711,1.5348490286172065,-1.3168353355275104,-0.5703531140665807,-2.232548728395057,-1.0399144803705818,-0.1751874663604535,-0.07721921638769828,-1.0452965057596673,0.37049039505439463,1.3143753833844332,0.12126864907913197,-0.06335748451238836,0.6479827369013978,-0.08864993125791552,-1.2179446139441192,-0.10610877403934331,-0.8058700467765677,-1.7275945030230009,-0.33601792214110676,-1.0883041332438714,-0.5522464879023039,-0.5288379651821289,0.10139066792166643,-1.0984341422945294,-0.6579457510138986,0.37430880005033457,0.3179134741687591,0.4557295145197835,0.5915991171634251,0.8233256794379186,-1.6490508728512376,-0.42021721107998383,-0.8670950184536734,0.5147581621906596
2025-07-16 23:58:41,1.0742460672653518,-1.8534762024368414,1.2352351922423719,0.9136800259222246,-1.041572081841509,1.3657049998576638,-0.7284589045393124,-0.43711500912654455,-1.244127171116151,0.30675768867203834,0.5515457675077344,0.9458645186020571,0.20437661978587665,-0.701520132962983,1.1025088692786886,1.895194208108469,-0.6328903863210905,1.1841416916011689,-0.45249809114327083,-0.037267695487003816,0.8765841483028531,0.8501255549329648,2.2857781281697482,-2.0568293405463365,0.31337117329174496,0.09910939519342188,0.4279755197257677,-0.9543988417409475,-1.1236312016702645,0.07402872316623796,0.9628127628049267,0.44053466131863067,1.0580224409574133,1.0801618325233426,-2.034014290118764,0.8785270268088565,0.07152401912436365,-1.390341440595823,-0.36404675859354496,1.1849049851407356,1.264020710905358,-1.6709261109251392,0.024777482958381357,0.7333100128774147,0.05521259652297385,1.2645423872765464,1.2787015242734046
2025-07-17 00:58:41,0.531111891665907,0.3859253567948289,-0.39487775602735015,1.058946619359154,0.5466940117104926,0.07390038886520696,-0.21338486297638895,-0.14984205713819837,0.06998327540992368,1.2685017841713526,-0.16975210667210727,-0.09796814304935303,-0.21487464339160295,-1.2650228330218276,-1.5145104816991295,-1.8629602175654645,0.5375647819664134,0.4892406429155328,-0.6358011312758856,-0.44540252515550866,-0.018606989558768217,-0.4794890946758508,-0.9898311760728449,0.2027120695496197,-0.5210472404705078,0.005441603906410355,1.2509015286761145,-0.1698827275854304,-0.5343682762605181,-1.0391515534116653,-1.5367756698374275,-0.0931912195242871,0.9371508232496651,1.9574430854897382,1.055186695789172,1.1420906778328532,-0.5013771924057664,-1.6606911595954563,-0.3260512976277992,1.4178130979777877,0.4363363533146837,1.2523060830828712,0.9289933831348675,0.008595279782249577,0.18283466108945762,1.329332478543021,-0.056058882389957834
2025-07-17 01:58:41,-0.21056557805493323,-0.07345093360999658,-0.5552059825221667,-0.3446621837339232,-2.225869806949005,0.06625044032611672,-0.18284301566011285,-1.5348808337685758,0.2579165491586566,0.06613019776349648,1.4863355367365307,1.541958025932632,0.8573073465938178,0.3381003675917517,-0.39149315972332116,-0.3302793616930083,1.357847730357058,-2.15543863453177,-0.6717755647759313,-1.1525473373376398,-0.9108595544074295,0.3001496733941832,-0.39070083583150494,-1.0862177361389247,-1.4232497352236229,1.2383909010454273,0.7091605078194747,0.6109200750271129,0.9960544515648213,-0.9145210749540371,-0.1923663855834526,-0.5738309925391324,0.07707780289010545,0.3114210179935779,-0.4260545873953389,1.5738189377638552,0.3309179973795855,-0.7770811817112177,-0.21826282676918926,-1.1534523739580487,-0.11166178684443442,0.8964824007071406,-0.35782828656642424,0.45216840743151776,0.6001269798282258,-0.2670327050123878,0.6343042492763926
2025-07-17 02:58:41,-0.04262052291702508,0.03193843706404576,0.382798684807294,1.0568904296731754,0.32955587599227226,-0.3938117488242446,0.22277281120007716,-1.9821575148426214,0.446637371989931,-0.5219624730001294,-0.19918638261354077,-0.9749556605514093,0.5713349028326822,-0.98256426494868,-0.49899287285548655,1.3378042264946375,-0.6759636787410783,-0.7586110797889255,-0.3239253825805799,-1.2717200577672194,-0.8196457312637743,0.6048289042282184,-0.589282646527848,0.15267889505303292,0.3493908583338765,1.3993202253668693,-1.3408858073892793,-0.9272160158930421,-0.40670923024235545,-1.2162362919134173,0.21780712446777323,-0.7560178983218311,-0.6564347357879727,-1.0873613387955696,0.7040650960347179,0.6535926185881975,-0.17550581412116628,-0.5326906709464705,0.7386084873802494,1.4670298621351794,-0.39580920397805175,0.6157319774290378,-1.6592631030825027,-1.0344477204084697,-0.042179557175038324,1.367040582375796,1.82712163516598
2025-07-17 03:58:41,0.7612518940140491,1.3731257541323043,0.7837245430323287,2.1453445810279543,-0.718427816073045,-0.2185904183452313,0.3930265503554269,0.5281204816393837,-1.0696109366450914,1.4012472583453084,0.9112273658055665,-0.4471083181200258,-0.32229380645754774,0.5376408009729221,-0.8180711980917902,0.32377223256512117,0.5538467916725545,-0.7589790840643857,1.3564235482378626,-1.0009833788542852,1.0406710199599516,0.14083287647059506,-0.1731566545303515,-0.9033824147061215,0.5176880499838751,0.11600796812471743,0.5214972611057737,1.4857505416099204,-1.254350863995172,1.2004959296955642,0.4552343968281666,-0.5159440687915199,0.2718914224941461,-1.3164906727026398,-2.2532894013130957,-1.2423634020536591,-0.5102619761244134,-0.22122084721545282,0.19117886195565248,0.49535856776764214,0.9570654386852628,-3.4406233102130663,0.16219720564829135,0.3857937551135896,-1.1590364718300898,-1.5949789669363217,-0.03547897350468203
2025-07-17 04:58:41,-0.43950240780547384,-1.7429793080908285,-0.6585263122941039,0.977291675165799,0.5513357238567422,1.0967724032859567,0.2733270002421609,-1.8364287202216507,-0.47255132142273165,-0.9982563963398022,1.1236093779841947,-0.299172252464529,0.9392994048616458,-0.23993715967436555,0.7912664013930126,0.13983503047376494,0.6859275618171191,-1.5245788598049455,-1.7421129803136155,1.1364446680258637,1.1979115585623406,-1.6676380610982666,0.39343219751239955,-1.4869342587884078,1.4285469496132481,0.43479662184541945,-0.04086790344695721,-0.7867025182387799,-0.5050057242593455,0.06588714619604358,-0.5535376306403799,0.17892563310130763,0.7063143658417214,0.3637697361169345,0.4199618584683289,-0.2316744323506912,-1.0608076129797968,-0.003630912138876131,-2.2729342957291165,0.19332744344435682,-0.4594170891122232,2.5792309849085653,0.23109435507933834,1.1352550459658988,1.2121276969005306,0.26816213308151693,-0.3023265290961889
2025-07-17 05:58:41,-1.911711686626843,-0.785647332195458,-0.8104191391677462,0.8857621917115825,1.2249336684786734,-0.15179764997411546,-0.6264895704301348,0.724951365762175,-0.852967904119123,-1.2744626334744449,-1.688819791409886,1.7829985459200708,-0.33462639419086654,-0.5555499024319006,-0.4358820559739154,0.016336501553104427,-0.7987594043502415,-0.8684390605288964,1.225577143662429,0.5927349926246139,-0.07393009420654574,-0.4928881859540942,-0.6767081073645144,1.7829086136693806,-0.6268693607159135,-0.030923440326202287,-0.09122466733172081,0.5793074513512212,0.4653878446319508,0.3265285222332844,0.9399247313883682,0.5640329023458297,0.6821183063237123,-1.2450678852191122,0.6520610706323224,1.51063110766455,2.0498170648893232,1.5267902542639158,0.5481985396016458,0.5669658492782372,-1.0065603107404302,0.5538145869468939,-1.23737115945416,-0.9495145049832474,-3.1354930651398054,-1.2351919501045923,-1.8754179132576758
2025-07-17 06:58:41,-0.11686609080026968,2.800806014363466,0.4125612949487452,0.41079804937563075,0.7206659636158698,-0.5445489023407234,1.4289011791381467,-0.20822591170164984,2.9540267716299304,0.19605437906287496,0.054036317752141336,-0.4977221365620093,-0.6344107143480507,1.209622727079211,0.09173438237861904,-0.03259450379792501,1.083069898288793,0.0993905011986438,1.1381885139204324,1.1575438082782432,0.7764116059456246,-1.3069776854156585,0.04252766795648239,-0.3620046143044998,-0.17477546634694294,1.4104842043210553,-1.3249407759478884,0.9534535405583859,-0.7627488283032218,0.3776671417033108,-1.6165402730052665,-0.9199606381909607,0.5086618801753829,-1.295324018684753,0.19528837323840553,-0.20670322854552442,-0.8168120185845966,-1.174235884368283,0.4957711603708055,0.032805847131709885,1.4408159484696506,-1.874433886809193,1.0995905965502473,0.3729903094896565,1.9108359282135623,0.084512424095642,1.5698372196473658
2025-07-17 07:58:41,0.25496473434772016,0.7164166532117362,0.020825621096852053,1.0871261142717223,-0.5533304273327583,0.9220110123190597,-0.20619408987375254,1.338079883514799,-0.7631761702799544,-0.44316547304564224,0.9883600368717969,-0.848308401102287,0.8663061471148014,1.480144794752253,-0.9078915249219022,0.41345510699089183,2.17548641979268,-0.7881338338507561,0.7599232923613425,-0.1997263458621234,-0.26742345429148695,-0.36143842291930356,0.44641397579643316,-0.4788586619453523,0.7823356763770293,-0.08410851514291726,1.0992904566697772,-1.691954910249814,-0.016455194151543232,0.44250850671803654,-0.8712775158711453,1.9048801935404474,0.573755878877568,2.786828459972525,-0.6497556701757011,0.8231040710653581,0.32366648365630835,0.08325405203590343,-2.8377826766493306,1.394958147108249,-0.3041629212141364,-1.1884535931502416,-0.0030102671005790083,1.2176704632384832,-0.14517364528726293,1.1954452774258577,0.65639304852016
2025-07-17 08:58:41,0.9189881462860348,1.2724313014654225,1.6795281711904149,-1.0022653991555344,-0.38493250002922796,1.1604539148923834,0.45090530198257517,-0.008216860554029063,-0.5842307927188856,-0.28508814567979773,-0.07889841198808181,0.1124238508058591,-0.3139755458981625,2.012479322262401,-0.5755373133566211,0.3361736235397204,0.2096508442294526,-0.960835102946863,0.8497792863845841,-2.4614032612391257,-0.3539487743931523,-1.2393970321538552,-1.9316085526567668,0.9373769281469955,1.6564316110028487,-0.5105756837187637,-0.5795289932819244,-0.40850644114879553,1.5960386964686941,-1.671607605436584,0.3087494782653887,0.5074954386550699,1.8763619999053982,-0.2909531590863269,-0.27308609178191384,-0.05173377345775668,-0.16249732932236471,-0.502550652285451,-0.5706750598111957,0.035985348092354534,-0.026625533720449273,1.2707880382210817,-0.12362548433643913,-0.11894342129729808,1.5823952089117752,-0.9246400819063013,-1.348211040448688
2025-07-17 09:58:41,-0.10310590829523446,-0.055949163432765486,-1.5604821930062551,-0.7505903895169412,-0.08354990669751222,-0.6119499971430872,-1.257318647949008,-0.5282179685367507,1.2675026724194907,0.8557974790619451,-0.8523977339245253,0.9504211477533616,-0.31755427892968247,-0.6360438105623463,-0.277821399511451,-1.0217789968363007,-0.24765052986069305,0.6722263313339986,-0.6531453286461192,-0.015437658100843275,-0.8272889493586149,0.4522522293302455,2.4933174578295536,1.4891907695758702,0.38035713915382074,1.1981788115999925,-1.8863100690803192,0.5120784221001538,1.5829744470813856,0.395727263582516,0.8129987510104424,0.3294073685061554,0.9944369051269951,-0.8834935349738318,1.5364762108993881,1.1268954161728693,-0.6781215391427313,1.1321770195045333,-0.19991126715012544,-0.35265152149134743,-1.7504814897504517,1.3368414574399488,1.4280864559909636,-0.2931274523381644,-1.5822615434943916,-0.2859478212733731,-0.3107119413586573
2025-07-17 10:58:41,-0.8480110405168673,0.5396751851465555,0.9228108475194746,-0.4928311768034016,-2.061247980992798,-0.9064706299648352,-1.4942274421573876,1.4704163057452015,3.3862925926144927,0.644532557120662,0.1537995122763212,-1.1187475799406745,1.061698664615341,-0.06266842818444261,0.7128990853088985,-0.2785211865095551,2.3752617437945727,1.2197986457449863,0.459645781848639,0.06801576534207944,-1.5057758036386077,-0.9517262415429621,1.420224532274142,0.1443974462736219,1.6303582775437861,-1.3050547119458422,-1.1276987839950061,0.35722160758953947,1.6236620911560433,-0.11754077797762028,1.2475610355351447,-0.09885555391627945,-0.5150524493374884,-0.18971716752834633,-1.0112122347278762,0.07102750167258047,-0.07351843158547368,-0.8567155482045224,0.3305283994756343,1.0877898846438283,1.4484799474231387,-0.735741843591625,0.2744582131268268,-1.1493138362464805,-0.2995888732457017,0.8239158096592499,0.5977830489202731
2025-07-17 11:58:41,-1.3745059800817843,0.0812339959978451,-0.995393736979605,1.589255075993431,0.2121838695114087,-0.2462548791772474,-0.8958138380902377,-0.37924551786220445,-2.3111413858674914,-0.36656161373125157,-0.0371700990488665,-0.48210764247964566,-0.5841997165189501,0.9119379420907217,0.6681195934347364,-1.2254152174048958,0.025198046664899373,0.041674357974673164,1.3460657530484565,0.10623450899243804,-0.5435729742696445,-0.43122476946110916,-0.22565374060032548,-1.0595749071683687,1.9792948498744325,-0.5104567122129331,0.1267231733381752,-1.2010093695119333,-1.7814681423217218,-1.2904719192296088,0.10627155508803766,0.11542821891207564,0.3680233846322889,-0.657118449644666,0.39179632888394017,1.1131168470672166,-2.5492671608467052,-0.8356651484108737,0.6690438527807753,-0.30300325847065374,1.1339962449183496,0.008283693064911134,0.4906717000030628,-0.8569828814799483,-0.5826156599644904,-1.6096604668492278,0.6109713471524464
2025-07-17 12:58:41,-0.10457962917065239,-1.2966671551863913,0.36208459281642436,1.2790096787707064,-0.10470917595554524,-0.05412340771855012,0.9521864331389068,0.11314324049953332,-0.018223582917845378,-0.28435457642158135,-1.021933271174243,1.1794450456741548,-1.4231379396298254,2.509249764458704,1.0791466882872334,-0.5711890838379525,0.1477069644566955,-1.4906797460008003,-1.2370133349157537,-0.40353756948848757,0.04181252236282879,-0.4173653201691913,-1.1208093151435565,0.5876539903772605,0.2584787753725346,-1.1610948791436877,-0.505652859003282,-1.4373589599199297,0.49277131071221075,0.31044894937997725,-0.69585275201712,-0.9923566651714582,0.8908239638485878,0.31878793834904273,-1.6600100548552568,0.9611533737925779,-2.2416031743882394,0.5476932091505176,-0.9965129636325473,0.9533391270764177,-0.5090033012510847,-0.2583336996886433,-0.8633206762294968,1.3969074201878289,-1.1046125086039587,-0.12548138854079324,-3.0680684383751435
2025-07-17 13:58:41,-1.526378952928308,1.1640360738843138,-0.8226309209168581,-0.010268964303387048,-0.2067623360520437,1.971977282480701,-0.6256825717608199,0.28594349943756137,-0.6558932898877412,-1.461110187371774,0.23663086131929295,0.9217811389195426,0.5561220702591315,-0.1943988816439662,-0.8996052089013723,1.2191659394358139,0.6368563441341264,0.3932196666502991,0.819319724703497,-2.9284746909714605,1.7287195749736906,1.0211128681847226,1.0200139809337692,0.32437219016949836,0.6965324278822776,-0.8629515573819142,0.12446611311799824,-0.5804460389227931,1.698216532327022,-0.25834355345478527,0.5031374921011458,-0.3623310293380094,-1.758648618805441,0.8935643509218038,0.3409699393650396,-1.0211150597292962,-0.11838222345049146,0.4475342599368535,1.2749808260644906,-0.9436566370497255,0.16962973873227494,-3.171222309652155,-0.5925095646031735,1.376766754641951,-0.47369842334155243,-0.4478363910935123,0.23052812309740703
2025-07-17 14:58:41,0.8741382269661313,0.4509687427874337,-0.09950008240803994,1.7187510606379535,0.31618688664453504,0.7417566894153976,-0.10244382803034843,-1.139021994947635,2.1208859222233913,1.2454855618468057,0.13258844966780356,-0.6887778308327235,0.016232590862196854,-0.4944810545918453,-1.9054607467555127,0.5136847368497323,1.114820186357452,-0.012275495317148744,-0.7300633502899782,0.8143708903150103,-1.0719752952240553,-0.761048739283806,-0.09437386144314618,-0.21204422730755845,-0.5520491866728637,-0.38064838706992726,-0.20878855663642723,-1.9881621461026688,0.4468952729017731,0.047192420251467436,-1.07098183321634,-0.9129567415272232,-0.777773507392358,-0.20146274585408327,0.6476822763051416,0.2043139635205516,1.1412093002402937,-1.0054812561019801,-0.5532777902632178,1.0618797638809063,-1.8081304221070063,-0.27785924983062993,-0.3848513432447869,0.058516170507333085,-2.2505283608594184,0.6570449736578574,-0.2948759557464424
2025-07-17 15:58:41,-1.8746179686060074,0.562329231150716,0.7407932881286922,1.3553925661751844,-2.92429863338199,0.09550640291571481,1.3470643095353831,-1.07192757478063,1.8583020778235153,0.4903451670382627,0.5069196043008117,-0.6381543031415562,0.48848915592644393,0.1218234805693116,-0.7604277992665057,-0.15288598654139723,1.1936950974708833,-1.5851317627387147,1.1010448778237305,0.6968506506796339,0.1481604576907804,-0.2054387056664155,-0.006152499431875342,-0.04994660222828628,-1.1800866828174075,0.5297882279166198,0.6808279838969008,-0.5215440527221791,1.8543894488832526,0.4365784065972204,0.3933451463665911,0.4449074399772209,0.9393639996915221,-0.09887038329131895,1.405812600341059,0.6989155191334574,0.5249484822118359,-0.9467141338901188,-1.054674850859197,-1.1430174302952985,0.40283570543783315,0.20020181474297039,-0.24287163913556378,-0.8500307634701947,-0.6246316399469,0.7166773162878424,0.8494360071948035
2025-07-17 16:58:41,-0.08365114625688241,-0.4480365037405947,-0.14482615805084617,-2.192437273337577,-1.501431610718128,-0.6749956370945829,-0.6291218860076756,0.6434238243247138,-0.364719501622549,-0.45643834974752606,1.1094851253355784,-0.1288020249183454,-0.543818507690876,-0.15824223700714374,-1.0314845997483626,-1.2583981984440622,1.8927457160536674,0.8287336689156071,-0.9895329636426776,0.36593316890694444,-2.3837453797820864,-0.2851096610829744,-0.054249846975537794,-1.5768425690992425,-0.443419188680074,0.03821025262252851,-0.031575420096364624,0.30173167050510746,1.4529739557490338,2.9605660623664383,-0.5830292921341524,1.077389710665318,0.29324010358134894,-0.963481070004888,0.9072725076306843,-0.5685425069704222,0.571415046356055,-0.1585000447168885,-0.7574490041095098,-1.1325796783727777,-0.32689610300315064,1.4343300642425871,-0.17395042028485308,0.8179804150176706,1.0779007396312423,-1.3989286019089298,-0.5042520079896401
2025-07-17 17:58:41,0.6373425659560092,1.045549308853933,1.4205418945242043,-0.46350031194984437,1.2734223115134669,-0.27191523011691526,0.6321608455510371,0.5590147632289151,-0.6731933244194298,-1.0039933131091219,-1.5283178932065737,0.11528785485199365,0.8606097756047462,-0.4933516779161743,-0.05848734287698745,-0.41651104951707385,-1.2971872565103915,-0.6975587151570347,3.530403113704438,0.30415192174448125,0.6688782417385254,0.7023642935442163,0.08148468723766408,-0.20857211585989233,-0.9793380171392524,0.06645567287279665,1.2033775998625456,-1.6293220354054565,1.8942526963270456,1.4441838917296486,2.0383140097828805,-1.8913885642726074,-0.3315062459345233,1.0281932112342569,-1.3715235915943504,0.29229656337006066,0.09896632710767622,-0.24162193858535927,0.8481065288479862,-0.7541172162090819,-1.8579452012315927,0.1798776387257669,1.3387775655077054,-0.12273845859096727,-1.4634673346539873,0.10937128399384952,0.9343666418245602
2025-07-17 18:58:41,-0.2834760817549902,0.6276131761547434,-1.6740199195190055,1.0311084813821851,0.9190122321637318,0.12368200786187988,-0.26180280914094795,-0.9890540899129481,1.852729333237763,0.3938711340687768,1.8135119362886247,0.5286038110052891,-0.6880986810529564,-0.08554140665839671,-0.7959501533791987,0.31406346690638326,1.9550598215683113,-0.233821734650964,0.3254104311757731,-0.5469296214769782,-1.5421717571435745,-1.6860909145442013,0.7579306055696464,0.2968392496534004,0.457825620873381,1.124263841228365,0.17674943365703355,0.12599482807545956,-0.9801409576137191,0.3155470275862645,0.06161826779664492,0.4117620011802306,-1.5829391062669274,0.00890829818501796,0.7478337901369829,-0.5496785740239888,-1.2274026290010553,0.3044422465069892,-0.22802639796278948,0.3855795123896652,0.6196187398011604,-1.1116468008348912,0.4522380582481562,0.032567808492403434,0.35389970554925354,1.6501079201479663,-1.2541122075018927
2025-07-17 19:58:41,-1.668643711162078,-0.5935690358786055,1.7707692512830628,-1.9637297334096775,-0.747043849578367,-1.2413052846246841,-0.7362343200888049,-0.3075128051167503,0.6250958843523934,-0.5764274325727483,0.6102762000081197,-1.6737194903123858,0.25430545060100124,0.5048350403679199,-2.975182656438384,0.039782792279188614,-0.4133121570045534,-0.6915441386917227,-0.5293272105178677,0.4875935756456575,0.5810162580435219,0.006485851911538734,-0.21141808149293165,0.339071146362381,0.02776101613957474,-1.1942447674772212,-0.10130542601164699,0.09766668773836919,-0.850665855405712,-1.6726301471387743,0.3901345088940996,0.3555607303156745,0.08833607086289796,1.1117974272700224,-2.466554954281888,-0.4941928382798286,1.6774454493131798,0.5327349389329366,-1.405299516714446,-0.04902892335931583,-0.4710520526127095,0.9133135649068674,-2.0945002708430973,0.47249565848763897,-1.4003029593465128,-1.4160338120553688,0.7437234417088221
2025-07-17 20:58:41,0.4772583717428216,0.3056962828822848,1.861085684983422,0.5455960226565026,0.019238336358099656,-2.427013563874079,-0.1902555890273296,0.1672525570296701,0.20468091625547774,-0.29134251145555684,0.13365846818934413,-1.7637609326488946,-1.631792494183854,0.594573237370538,1.099486265960319,0.6908746929719662,0.6696212591967426,-0.7429877179952732,-0.848677122419617,0.41424721622240007,-0.16180470053238633,-0.5621495460275332,0.7787006903512829,0.6266491687013367,-1.478900724485788,1.7044733712067721,-0.0612857861867937,1.3457909949941051,0.05519814485496313,0.5094359664121163,-0.0469442116214941,1.2445488649163308,0.5565270385606021,-0.03946113351800337,-0.8236070348207102,-1.0739297935208114,-2.2188970031274313,-0.22853842886225972,1.1249746258584368,1.0031450656858285,0.32795996599689575,1.7650903445583235,-1.3426477104943724,-1.3221825291583773,0.3512843810702439,0.6236853844529999,0.79582849767395
2025-07-17 21:58:41,1.513267895085964,1.2908374840347785,1.4503438483259197,-2.44552891433725,0.020147910430611902,-2.8889194491619676,0.629337755152989,0.06804609920055371,0.8192370104710532,-0.18864107669986876,-0.6097865181405898,0.46488319663017386,0.7292803718887217,-0.1141197667516837,-0.12457234731002173,0.09412831286009232,-0.7759312728828553,-0.20581376803881296,0.42080325689814047,0.26868104191533626,-0.729701542655919,-1.1956264073483542,-0.4597316078637292,0.08864794064120332,0.1389129959103984,1.2801183115623445,-0.1304242262699641,0.28867381195888525,0.7162983446701984,0.039435431482109304,0.1485566012382804,0.5336635892685385,-0.5954678128996052,-1.3982397953930796,-0.7358803935239933,1.4100285043492906,0.44733245275540684,0.3915824074116428,-0.4730454675821079,-1.2163615335564053,0.9720728282096446,-0.8577038923647499,0.390780359990479,1.436669899267201,0.6119043880483417,0.3773821461309168,-0.1942091046768845
2025-07-17 22:58:41,-0.04398185218965585,-0.21259603876889,0.36873744749658816,-1.144670715466086,-0.21873585180404814,-0.13265976750349195,-0.3031364814325625,-0.9100206487181804,-0.35479581080455574,-1.236262162372345,-0.8691260035994366,-0.6266738488988016,0.14407547841922835,2.0523569876176513,1.5589727634270207,1.4053056826190056,-1.1319469522880166,0.3454104460571242,-1.1689661173696977,0.3720643130331828,2.178218089470807,-0.7164588716760527,-0.18461132302307273,0.10591390857873831,0.7160938738118374,0.4271564297903225,0.7173209099962581,-0.4397914606719115,-0.027578425777847082,0.345999498173031,0.4057888416725588,-0.8998653229792394,-0.8007638114710218,-0.34263264937006727,1.5770298933502958,2.3753380918217557,0.04458765401890142,1.3661428311964232,-1.157669964327448,0.6244095223249396,-0.8480769113665608,-2.8139400381380115,-1.3496726941875699,-1.5456390057440519,0.283724684175445,-0.0653893022092618,-1.3252338161975283
2025-07-17 23:58:41,-0.9057280206811905,-0.09565542631117874,-0.1909687336490783,-0.5286371673201884,-2.4867665332482107,-0.6578224969808752,-0.4622566573610345,-2.0795647127197237,-0.37361876679287925,-0.2799938910243333,0.2726103911252348,0.6016217915403334,0.442972730971437,1.990491208512403,-1.1685676836832435,2.37052033544909,0.8019520260443421,-0.1366197211384335,0.1381856823980592,-1.14100057911139,-1.2221343405198428,0.1847498810651901,0.14131995719536633,0.7542180093821803,0.4047437848511405,0.3849695433423459,0.6037722278013004,-1.1999761659115549,0.713262768622058,0.15401407653050866,0.18694683813808996,-0.03893340689721201,-0.9413667591752404,-0.14072596345074168,-1.1552052114895088,0.7662958205346774,0.2527926529484741,-0.8638294677696308,0.2830378734024337,-0.4685033864024645,-0.3787178605461649,-1.680257658771915,0.28110798972789275,0.061087764343242944,-0.4848750944471114,-0.544922931304354,0.32391311922412225
2025-07-18 00:58:41,-0.7512171549852773,-0.050217052231589586,0.17882067693302792,0.9234998457594134,0.8876600904155546,-0.3609436468142378,1.3752289798341966,-0.5891897884955024,1.8480767540272416,0.945491177461632,-1.3053846542513083,-0.6628463822850488,1.3666836850784871,0.5972742638821217,-0.21039981482866507,1.532407948101946,1.762887390699415,-2.2513471840940316,0.013865670835421786,0.154737923027779,-0.6010384727014205,0.08756857396478615,0.7454900159245701,0.13442897138718032,-0.7168687918389584,0.15205684873706635,0.5177902534648376,-1.302509372417097,-0.29119205221500133,1.3717298813447472,0.21138025462131557,-0.4483707382786091,0.33890785161517223,-0.6968674927475625,-1.218860036350301,-0.7549566632662157,1.591919883966928,0.22913916397695827,-0.2405812359462298,0.50227680167378,-1.27983138443225,0.3817023181715049,1.3595919922373965,0.1835945323334631,1.3881151864827879,-0.06355524721114951,0.9488144362402499
2025-07-18 01:58:41,0.47839392407463455,-0.4801502270412013,-0.47039669344067175,0.3689680391284526,0.15530421421190424,0.02071062607040553,1.743965815853265,-0.012391563955296359,-0.15169204512303577,-1.313667280064091,0.9236418499064949,-0.5176957647861015,0.5661424184459285,0.7556992837515935,-0.9670919839589743,-0.5930697097072702,-0.8142657675906552,1.134157424344937,-0.676288231882243,0.4838533656154768,-0.3129411926041725,0.6529816194400258,-0.8694821349031967,-0.18809415910345473,-1.634995351851574,0.6349673244744808,-0.055127116082587524,0.285950697944958,-0.038833917764108265,0.5759853788900603,-1.285861324868527,0.19948804505196957,0.9455793755952848,0.3841405475319624,-0.3313934889336275,1.260667474723075,-0.1682102818495201,0.8299988506454893,-0.1440158354938573,-0.4757314012430891,-0.9416485005003791,0.8032995624945957,-0.5944925063160961,-0.10906943445187435,-0.7680374526102444,-0.2196517396882735,-0.02159217798390528
2025-07-18 02:58:41,-1.6533423582618754,1.8196010453177676,0.6618308312116279,1.3700880407138292,0.3469100496167848,0.4584933841819699,0.7353373548578724,1.3575557604131872,1.420837637973661,0.08750331529239087,-0.592964024061084,0.9011085366501245,-1.3203449935246787,-1.164209634589247,-0.5809121826343918,-0.11437534545407077,0.10637217164452621,-0.23874615410489813,0.302905896619364,-0.28359880562511314,-0.2610952511485444,0.2636101663725834,0.32571212825796364,-0.49473394407974175,2.0009178170820645,2.0629964354874044,-1.0278955066301032,0.4182373565211414,1.384587876170133,-1.0474988020905038,0.4396282923532694,1.1081930633961492,0.03135225049905711,0.2161013178370912,-1.321354315170829,1.1243527123481696,-1.0747340119580857,-0.33397208141540363,1.863850420244061,0.769090425647914,1.3202037274461775,0.9075183175075223,0.057922550942235404,-1.4001433193993287,0.44780212264806,-1.5909768614779247,-0.665586428901509
2025-07-18 03:58:41,0.04831794772223594,0.44585799758301303,-0.8218692925329301,0.15755563502318998,-1.5736486497620104,-1.1308705685779037,1.0307293121846526,1.0742925402042225,-1.8820407906464074,0.4862895264250275,1.4959858955370249,-0.2115922151361979,-0.18191777275474683,0.6561625369039904,0.1485744304373752,0.1367382551929998,-0.8245597186094196,-0.676185652164657,-1.0002226965220462,-0.9566821116787467,-0.43070787161765706,2.613093581910686,-0.3039314139877506,-0.004268339750897577,-0.10795498711364025,0.6098777744697063,0.7606913814460978,-0.22475969894740352,-1.086861020321373,-0.29081625643801956,-0.026594861190216423,1.0924484839505222,-1.8964539264055178,-1.210240305951724,-1.5914321626013386,-0.4128278945531908,0.22674264518890117,0.015518097642522974,1.3480110609376568,-1.147471550699081,1.4037455254079025,-0.7304043155239405,2.0177739568129995,-0.5470079989777817,0.2578625123916107,-0.7667573058886703,-1.459692276100938
2025-07-18 04:58:41,-1.0031491319176369,-0.2499212663210211,-0.6714586746768769,0.5624702029307717,1.5393745409724602,-0.8429410566731945,-0.7459863523450248,-0.6232659151465062,-0.1779832850615869,-0.623051822156814,-0.9373417477329677,-0.09604967305801702,0.679830184289785,-0.9762847668251909,-0.8934182573927234,0.7282132817616059,-0.40881491520180535,-0.6333030634417822,-0.7087090075666007,1.22388550893145,-0.8275355624228167,-0.8529259844051051,-0.3081555150935543,0.08511869769128133,0.1557748515546152,0.5861495412423574,-0.45673966779432235,0.9298263419193366,1.016011103672032,1.5173426941323427,-1.2372985391766838,-0.5955943119701428,0.3767372515233471,-0.7323611408651134,1.5597042667950523,0.06663508973463199,0.4140298944909172,0.7341031847542042,-0.5876916117002774,0.8038652497359049,1.1822265705535349,-1.0722805958960353,-0.09930311720702095,-0.34813783748805444,-0.13612387021452158,-0.9298521384302272,-0.8354534234534678
2025-07-18 05:58:41,-1.161464829830374,-0.9420698669810714,0.07562153933002949,1.3535942780284715,-0.48168771257908954,2.065358277464344,-1.8311718969034338,-0.1721954135630203,-1.1266613981407019,1.5891412406198053,-0.7077842563069949,0.24230298627357091,0.6145918100801221,0.11823395510755895,0.680539714851736,0.14344602068669693,-0.4795881305640305,1.0002217687649104,0.40913149390583065,-0.31666445205048055,-2.0810947322176023,-0.4253088284155544,1.7920064534876203,-0.374967282393914,-0.37825900139805413,-0.9516410798013436,-0.1538146003147888,0.6241634551794398,0.06674132984519428,0.008840727628121462,1.2406187914688382,0.665904920613528,-0.12348803669895451,0.06705180104864797,-0.7251617742186236,0.7786473911368463,0.4457845110901883,0.5428319710338271,-0.3045733901868632,2.432881968394163,0.3833212136861625,0.4574103135640753,0.15150782206842725,1.1558457637656139,-1.0068018138596009,1.9813394128185038,-0.022789550123888128
2025-07-18 06:58:41,0.9245201519770383,-1.951962799768118,1.342494268750136,0.37636932616569146,-0.765810631832144,0.736517270095444,-0.9547385894416563,-1.5479537912221972,-1.212142607877224,-1.094839483606976,-0.5796482435685975,0.47174770007594696,-0.4351418664761993,0.32111905131962803,0.08144089865724229,-0.8803300477602984,-1.1873260786595699,0.033703999061494086,1.3179840006218748,-0.7181464612596123,-0.3619728372725388,-0.4636583999557584,0.662094402421258,-1.357942201954579,0.9610345309535063,0.3036499406663071,0.004139824194238197,0.5302052945684578,-0.1436271887394143,0.2092906079178654,-0.6326283802403491,0.19045918351394964,-1.1855414675649532,1.3502052680238503,-0.615914256835199,-0.9774798278548702,-0.8217318725295367,-0.8712080494350759,-0.19689554049566513,1.347404921836902,2.2448525446142167,-0.10546626849222311,-2.114090907264738,-0.4864787973223278,2.265370475266854,1.5393395325231238,-1.1092409167002426
2025-07-18 07:58:41,-1.6512723639199438,1.5996103155363375,-0.48331896421042364,0.12387982210587004,0.47723975824039866,1.6199441884532915,-1.395606793056875,0.16357233006517774,-0.9350660416952608,-1.588671397130468,-0.08544297677071495,0.04599833077154636,1.6147058284112525,-0.3776462958455565,-0.22328159890012544,0.5019314207175067,-1.3544563161406278,-1.720942171381413,0.20771853267397697,0.8482872486430326,-0.25493712781842864,1.1107719122967414,-0.7581689386138803,-0.5411763291506113,0.18271777212126217,1.0799906488111404,0.7157787113266392,1.009834755473258,-1.367207515441539,-0.38948072053437754,1.2503541214525116,-0.9613323576704064,1.2608416944733967,-0.9212056240693646,-0.6511875613358178,0.7107764168722396,1.6816657629397522,0.1521549145889688,-0.10005288809683849,0.6590964153069856,-2.3984231375471774,-0.3398989130259273,0.7556774857144657,1.162390057742241,2.169351338499164,0.9266228883965669,-0.28386352087481664
2025-07-18 08:58:41,0.11989979543111284,-0.7776216083269814,1.7526104123671522,0.25823897867729156,-0.7905360363722715,-0.8899910405890206,-2.456242714279626,-1.1417797248588084,1.6168897592847569,-0.0670653211139276,1.1505437586892373,0.7322641340501436,0.1683285064911357,1.0039912897391956,0.07219138241698604,-0.22163624427524017,-0.4682516444041083,0.4490475524359594,0.9735953486747299,2.3136576987166966,0.06306277778386223,1.438725675068394,1.0138555059033196,-1.0721343165307518,2.5368061103393735,-1.025133143068172,-0.7355519677972875,0.08441600503008323,0.7945615085033648,1.3979567384155882,0.7686976053788229,3.049017402565669,-0.6928998201232799,0.24282720430616414,-0.9205392653433538,-1.7243334597969184,0.6564356490544576,-0.5881409503945436,0.46347008283543994,-0.4915130259919473,-0.17569333546941027,-0.08832050830919365,0.4573856709501141,-1.3882714440435493,0.022648370793024373,-1.664823578352964,0.4281949340239083
2025-07-18 09:58:41,0.4445199852249698,-0.6249542221273837,0.3030747177495521,0.04811050466573786,-0.3525621999962538,1.821270313468465,1.5885025839756228,1.263386321308455,1.5230986769753028,0.16301127190465653,0.0017782229154731388,1.0016565473446388,0.9335412783734215,0.3503677164366717,1.8744893230930046,-0.6265180149904302,0.8959252648039022,0.5157838467194984,-0.7001738710321577,-0.596057400118336,0.5799242780449394,-0.12476329778557388,-0.6319171978239139,0.7846851490821675,0.207354648946343,-1.0922491723429848,-0.362753755057937,1.99863668052772,-1.7175130516577246,-0.021352706062836763,-0.7031920131105509,0.0931780369997337,-0.2343697087051659,0.2603074270358473,0.034673131970656315,1.541246908819668,-0.2144907345965081,-0.3268251639881062,2.4049037915039078,-0.3494562266452267,1.2444416758217043,-1.1609565028324504,0.26909696762908075,-0.9183372010362164,-0.9174644841905644,-0.9692416158587099,0.4823126419214514
2025-07-18 10:58:41,-1.2972378703056988,0.10715158451656012,-1.0369861465160244,-1.0646777246149475,0.8206131533643236,-1.2237883152172926,-2.029497630523844,1.1393410780167246,-0.0426384970511711,0.9133576703053014,-0.842286782828013,-0.7116854927679787,-0.03655071840864262,-0.2626457418735961,-0.7386900812905781,-1.9820211916827952,0.3652737955636371,-0.11292324909267981,-0.32621490225060606,-1.2312416348655562,-1.4086860831953607,0.6310474649726824,-1.0798270146606563,0.6090086766430416,0.7924906062551712,-0.258622904357306,-0.47463505110978543,-1.1581204968634748,-0.015553282076096811,0.7858860015022695,2.646190908006115,-2.601251543036759,0.3679103271160584,0.09294333149118832,0.35376589952781795,-0.4198586042593608,0.520563846622534,0.5311903777959454,0.49180499497919394,0.07922214461087627,-0.5413925297049912,-1.4785889647349655,-0.15776182083599138,0.23993550905114822,0.9001990918949104,-0.5602074675415126,-0.8782911495587108
2025-07-18 11:58:41,0.8077095189836272,-0.908663174590611,0.6713451682292797,0.7226257834743592,0.2295913598922986,-0.25365575069831653,1.2846682125373914,-1.2319291088599105,1.1562138179184824,-0.2895613706368506,0.8843383682318416,-0.057602800387701686,0.8213865747122264,1.4593988692034578,-0.5404989121516558,0.27318510087991266,1.8086946671743773,1.1956411895370973,-0.07203513490563974,1.3532359403308223,-0.2056902351457566,-0.40848383926404863,0.39476833373854814,-1.869561555076013,0.8867098096823317,1.9180021843082766,-0.21913418481321698,-1.6463370733648046,0.2056553015187525,0.9014080013416761,0.7039328689787833,-0.2550042930757837,0.026460141683602566,-0.1539268596680024,0.7179461454046913,-1.6610391670769302,-0.14962330389867134,-1.888561187630376,-1.0772955863908773,2.0889051059443626,-0.5262894069742965,-0.4005082127460743,1.2117689301396368,0.4248165115781201,0.21884222038042428,-0.005793430858442826,-0.3237539461279328
2025-07-18 12:58:41,-0.2639902016154255,-0.4737981836837355,-1.2435035036572135,0.6165563652878373,-0.6584783604870404,0.7373769602644127,-2.2165866753736805,-0.28217334339609695,-1.6391070876790625,-0.4595115187743413,-0.9907404646141915,0.17027116643461482,1.9031087854307172,-0.5574083967930094,-0.859088543567809,0.9202147776009341,-0.43644122327994206,-2.3933445191644642,0.34886322214151505,-1.0145773960303246,-0.5644221283007448,1.9789430675500463,-3.7842187345032188,0.051627525109593085,-0.051245048523110535,-1.937304560589781,0.6259019262343398,-0.10053718458300143,-0.7855333599749202,1.0982056015119959,0.9164173094088534,-1.210539146355822,-1.8951373073893298,3.031933680981672,0.21013988996498667,-1.1290715698132006,0.9755155197679602,1.0398770576495555,0.6921099198509584,-1.0981946955484607,1.398635401440189,-0.6812925623509011,1.505152968366282,0.9967621075957102,2.1741535565948764,-0.7851430064943218,2.212049862480117
2025-07-18 13:58:41,0.5615104151770732,0.5679744039915954,-0.16674869561527123,-0.45681804154963707,0.03514265070518326,2.3638527648464844,1.684533145306105,0.039090735854579305,0.6008946844216345,1.8701102480893734,-0.5202035183452152,-1.2085007127815734,-0.8951464178335441,1.630866115367918,-0.579088606171929,-0.27632559659265576,0.4019176634168421,0.4216281367748548,1.2242290514399174,-2.2490113010568966,-0.8015797644754169,-0.30103846592670824,-0.6339460019921255,-0.08737253688463635,-0.5418714351759265,-0.9193252375914382,-0.13626224422625385,-1.3553773727983969,-1.111020879249725,-0.9782126795289994,-0.35267342535245055,0.36607815560473167,-0.37814162846013394,1.3044105379671465,-1.3533478011677322,0.5373393068680145,0.7833989014304216,0.3332643096201685,-0.20816524746466933,0.5865876001441177,-1.7401636383829653,-0.43925876738021563,-0.603781636989784,-1.6854979291746948,1.0430320719609347,-0.8318613595676319,-0.9680651155600686
2025-07-18 14:58:41,-0.04960799501603315,0.08035942820299487,0.29279517656837106,-1.3662836509587362,1.205540771855142,-0.22078467828667908,0.055850388349624885,-0.1646607971405965,0.294913259779368,0.220795688411872,0.4821312729332729,0.5440662170956123,0.06380713176454109,-0.5529353595423283,-0.6671308730189415,0.6142506686378899,-0.9231244362486378,-0.33530980496120116,1.021439054534573,-0.8725661098875028,-0.22491186354721449,-0.7559481689081881,-0.31401774467774246,2.0347360903846106,2.5261513403996143,-0.08335870249310223,-0.6987638480061389,0.024779580308657866,0.24244309053896632,0.58882782231747,0.4070389511165391,1.2729818720573824,1.4640056342774408,-1.7713708476727619,-0.5385568948233841,0.6305352470632584,1.1513944210669322,0.3308908689443931,-0.17271896230492403,0.41904101774659247,0.08022799995113798,-1.1875208695155737,-0.7494178971832998,0.7583718827415923,0.9727421374305778,-1.5901205333390165,0.3920804917065435
2025-07-18 15:58:41,-0.10827426306188992,0.36370217960766393,-0.8071791409520667,0.11824004971964339,0.19706249990966182,-0.8545385068775723,-0.12996902938960325,1.207107528877245,-0.1008880300068566,-1.3239385191984376,0.05864450718249414,0.6494639892775794,2.5742999652400522,-0.09572218484247201,-1.336273159060518,0.9083585306626193,0.7061153027808972,-1.52474781067754,-0.46848235370022834,0.08028732636566709,1.2974588907048625,0.6593436646153771,2.301409102042013,-0.9688130430667468,0.33868629455080607,1.1096819136169258,-0.03709542118624149,0.6882982171744423,-0.5901763130544717,-0.1500739061719517,-1.8271861908094618,-0.2646746453529993,0.31217263101245213,0.6812274639818321,0.7236998167784756,-2.050513094966403,0.6425343957592392,1.4505542817092385,-0.1777649946895846,-1.27885655552663,1.7040790436740458,0.08408783738366661,-0.7213006656002683,-0.9604584447147895,-1.3376061811378177,0.3795200499144532,0.21031743796652672
2025-07-18 16:58:41,-0.6240304767739556,0.25436010264487696,0.4466390121895031,0.27913310910760275,-0.022574030853740837,0.5375520126825073,0.32818539905334876,1.420777683968102,-0.16535460884793296,-0.5639493313854527,-0.35502579525189637,1.2001327318918695,0.6199349571829228,0.6097270549801398,0.5387228527812945,0.03831692668408651,-0.6769758513824312,0.9211903667499896,-0.04434259047811771,-0.5872119592581042,0.597679809192702,-0.5293775656155033,-0.1228029161864272,-0.7084680268381663,-0.3489179344394452,-1.3856218238874454,-1.584993051556278,-0.08625692413306518,-0.07136018758206678,1.9080209319797685,1.1708056660095114,-0.770538307658365,0.8968056136046516,-1.515339151856962,1.0517030973477426,1.983813827470466,-0.8171502727177644,0.02863158205735306,0.12177918090089151,-1.094738881676869,1.4156816583166694,-1.5426510185340425,-0.059418971819517497,-0.09517287719632717,1.6069920535360298,-1.2689359345898037,0.44695161843114734
2025-07-18 17:58:41,-2.9603502263889,-0.0069407531380700355,2.255025182219794,-0.029733458162483763,-1.3326844165195226,0.618781163601272,-0.31078918723643767,0.5084197178468669,0.5289549773778879,0.9476389344924773,0.5650634471716293,0.4219182302159059,1.1275556847420967,0.40108953458522106,0.22229243457905237,-1.5878638519372603,1.4368003786356331,-0.9866176124527751,-0.635463702633751,-0.10060384022273364,2.6148177808179143,2.351946952554893,2.0165350093680394,-0.5499542775736955,0.639271743575607,-0.3122473008870448,0.30483787718173455,2.0868561684409768,-0.8009600020511466,-0.12432033751815276,-1.095400489105302,0.8863867246709679,-2.0540927226357724,-0.32451385137154043,0.5685733925775929,-0.20099515313523927,-0.18278876390453633,0.3715465859821646,-1.6702002638534768,-0.4717138315704555,0.5636593211300566,-1.0122365710933223,0.6816190920596206,-0.16333075772199263,-0.004948036377966279,-0.7070813300501955,0.2555356550632008
2025-07-18 18:58:41,0.2420846648697057,-0.5755837952008244,-1.7779473849068124,-0.5734486343935273,0.2998542122010676,-1.2208011446682532,0.14064461789476326,-2.1824740890437164,1.0572399136509905,0.9535174316561381,0.53031483296727,0.09375282927973001,-1.7406189671917127,-2.2524621662327995,-1.9136523242403538,0.3165732389296737,-0.07823413976250053,2.0504825832442104,-1.124991637252603,0.1360930120624943,0.33806538111796625,0.7396855764794997,0.44420669342052405,-0.9502440776712882,-0.24103105303380767,-0.4986845179072812,3.2660348869998503,0.22670643743548677,-2.05130978980511,1.0134909098152713,1.5044298621648011,0.025859769537130595,1.5115122334580429,-0.06204507197890548,0.2883718414385656,0.7198334219769922,-1.7580582586882891,-0.8832219898928583,0.001044869420638101,-0.5234173068374612,-0.04206585770119168,0.12999262509494452,-0.39535095101460427,-1.374791712546029,-1.5349013521021513,-0.7521177436923402,0.493647463074479
2025-07-18 19:58:41,-2.0658310075670734,-0.512450268028908,0.8674846071046266,0.5780880676147497,1.3460367261865485,0.5498140648786317,1.4630198172672457,0.1698062285729327,-0.43129379621135977,-1.1105662936023073,1.005718538969168,-0.9764263324248538,-1.670818342740107,1.4586165655464194,0.12140397144528106,-0.7512331504982381,-0.7879847790576816,-0.455075826058855,-1.0144897694861306,-2.366439702393285,-2.014901541053326,0.26727792356906854,-0.692523736459661,1.5122418616422937,0.9674900970710892,2.311485198967773,0.033246762137474906,-0.8437322325363699,-0.1427846373257807,0.8752903547045598,-0.8044613756491804,0.47992527616616304,0.21558968174994794,-0.12756760301523046,-0.313498181851367,-0.46047048442429667,0.08486671419619843,-0.34666676228140747,0.46317685146242277,-1.2651638478116207,0.5559023072179166,0.6714040964611019,0.3914016695290383,-0.47166807616247786,0.06203799136797278,-0.4660984840503049,-0.4592680823577866
2025-07-18 20:58:41,0.331756632862188,0.1495615516135542,0.07081921453057954,-1.3627493476811385,-0.9954186713055249,0.9923473610383633,-1.661854274457337,-0.9390403006758125,0.26204667943892085,-0.2840637321193588,0.4952581284347238,-0.5975786235028975,1.6566764663006666,0.548087873087137,-1.6127352144044684,0.21472855371617933,-1.3990565562962778,-0.28920092015010046,-0.7499638757449996,-0.4678495971854329,-1.2279665889490037,2.082035211584628,0.9614754557739449,1.3868384979398283,1.5037652069947396,0.1582664866167394,0.5668193389840492,-0.22208334118296597,1.2132143647592466,0.340160651151774,0.035812049872790123,0.7349084836005131,2.2659607842392973,1.2789044546420645,0.3151726923103635,-0.7217708187345252,2.2161674301587575,-2.6953266624768872,0.9934372403846438,0.34574301328055174,1.326621938487489,0.6529796074657828,-0.323073272278365,-0.7854268864559157,-1.2844960205855203,0.14120485489297385,0.15078162283629756
2025-07-18 21:58:41,-0.08005600920332014,-0.8879915733545066,-1.2833751877494568,-0.9334223673006191,1.2819627401886686,-1.950698665370368,-1.1920408393847164,-0.08608826170067158,0.7547747687752565,-0.2314435773326924,-1.1779805330433981,0.9404807800644457,1.5069927689031177,0.7104557711874977,1.1496491223500374,-0.1516661296210616,-0.8639926505887875,-1.7052231598180114,1.8716069177530352,0.16332127777901168,1.0331535661511768,1.209711237469176,-0.8018353660545114,-0.4303474110986667,0.15837772146143864,-1.5856009424581254,-0.29316099405610113,-0.3704263337891865,-0.6922906550837272,-1.4696590152934312,-0.9584848720590593,0.8561642201644956,0.7140103554326201,1.6907066379693447,-0.7299527163758619,-1.9445799983557033,-0.6392304960051343,2.185574701678413,0.464100067175139,-0.31104207361272723,-0.8842175272148571,1.09842873433362,-0.14882922006808594,-0.7643924056866683,-0.0649525168558893,1.2267373193182345,-0.14887020980791513
2025-07-18 22:58:41,0.6359193844556135,-1.12484330767919,-0.5717366675555986,1.1362626665882793,-0.6629788023694531,0.4386222324493656,-0.07960464905947089,0.7053905233621288,-0.6856072915998902,1.9472522018961944,0.3893180124391072,-0.15691735912867402,1.3711647999708974,-0.3023184906277621,0.19878500114743836,1.1689165956133094,0.2145839964618143,-1.5073848315970735,0.6830443837826599,0.6453706300814805,-0.9407981145305849,-0.04999648435461111,1.6426402888208518,-0.2115361638287403,2.815459346145273,0.7685706517769753,0.23045782334322282,-0.004459245965162751,-1.08599183538022,0.7891463843422878,-0.8751086078688377,0.11422636967414018,0.7818736691650685,-0.21534177695422782,0.6300965087653853,0.026460711384410054,1.7004136177305378,-2.0190313230242865,-0.16381144583094512,0.6286917922522406,0.116174865449042,-0.2212282227618576,-0.11271873198180167,0.1432123765537263,1.9567305819123608,-0.3348139636854575,-0.3789628390032545
2025-07-18 23:58:41,1.2658841999746826,-0.21752479588379475,0.706508348207428,1.8297087510463235,-1.5224387696477322,0.4287419410705435,0.6701875787652491,0.35147562268430765,-0.12100111983275805,-0.11724625592231587,-0.7080575902021894,-0.018257562636505843,-0.044720516827398755,0.473972491010216,0.49652900988974774,1.7809631079601165,1.3585869013155192,0.46988418106890145,0.4685074908991516,0.489325014564747,-0.855590885521855,2.6289325035831452,-0.10555894346221467,-1.722862848853319,-1.3728439026824815,-1.2252445715822669,-0.540954948573124,-0.5055240562319385,-1.1667945025752067,-0.23179136582652593,-1.1994141251440646,1.8317666395643768,0.2040639455077904,-0.2390575045007306,-0.7447670987459787,-0.35190690683330567,-0.03227600402081928,-1.1827287453434583,0.09147056662790416,-0.29680363631109435,-0.4285420095305319,-0.641764197820805,0.6849564191596325,0.4146171389210274,-0.9297219858966271,0.002081663873064154,-0.2663548595678999
2025-07-21 00:58:41,0.4360449311225646,-0.06447985334464341,0.950166443456664,2.151664375260257,0.5443871812867233,-0.6956204105529523,1.6170269292868948,-1.5725011326443168,1.356934544565975,-0.16712474228042054,1.8637185243705618,-0.4234838750645557,0.01824434385703512,-0.06397072496923285,2.149848793847671,-0.47100016358774516,0.6737386177141388,0.03793580825107715,-0.70725089495873,0.42801377100438864,0.8951465062560324,-0.758512975646283,-1.5947024211601248,-0.8864594376030557,0.020831688077769764,1.3309043340726368,-1.1246692593362482,1.346075582201303,-0.04544588386990478,-0.10818659865816597,-0.04711297348265395,1.140414985419262,1.251297259902714,-1.0737136289223217,1.7984171647804144,0.7220803699685318,-0.6887570535060089,-0.750889564869251,-1.812404443366918,-0.9867662374123157,-0.12162215834239107,-0.7296894055752585,1.1535886507306228,0.8452041266393122,0.466309820914311,-0.3936546056096298,-1.0487095768982817
2025-07-21 01:58:41,0.075032431842839,-1.3917590569285103,0.19682452445678078,2.5212412945659843,-0.5344302203970819,-0.8602805499167095,-0.26713951070434183,0.060136411263811126,-0.7754476288303863,-0.30909355013833606,0.2668681392990453,0.6794513172059811,0.9221246466098384,-0.506992587722466,-1.1661410937858532,1.644485140394178,0.20313493230353252,1.386024180274781,0.34247829166380933,0.10657432864952557,1.4226876485475188,0.46056689873207407,0.5823016821460503,-1.1394688435499316,1.134599577103857,-0.6108807108135653,1.2401272098551546,0.637230409089828,-1.596106072669593,-1.217326735285082,0.318137149269371,-0.21108853189313695,-0.8238276136933818,0.9582128448704904,0.7027552388827817,-0.9192236063067466,-0.044048858836877605,-0.24434274365912856,1.3302655198114974,0.3893278521091353,-0.8241572194030153,-0.29714187393348007,1.7783140632478929,-1.4826073685421983,-0.09636898823111784,-1.3133684484066217,0.12500987636658484
2025-07-21 02:58:41,-0.24124441563199486,0.019515616041373897,-1.4973838930154615,-0.6211177638155677,-0.9135351210356668,0.18100549684488657,-0.19905240760290185,0.779305104915806,0.18734460164769978,0.43029820347442727,0.1116753067439308,0.2847848735808069,1.4629275197012923,0.44670847820868886,-0.525381698012311,-1.4934055080278157,0.19788245813062394,1.6122664093271868,2.414381387206581,-0.2548168855644115,-0.924950419930688,2.05510970561025,0.047377893987837365,0.07270094477748508,0.4481512438070255,-0.09986065156562209,-1.1506231563201914,-0.5732486366970077,-1.5412093606184776,0.5540782635172783,0.29113727730778505,0.8346302850264926,0.4222076502648412,-0.7302792238416229,0.16348665920811992,0.635106317993965,-1.1806725287143207,-1.512108322962525,1.6710869913187545,-0.8084880147435997,0.07420207105366743,0.4216348776365494,-0.1834000084972961,0.1590038011662823,2.0194807020801697,0.22700798980947537,-0.7333986903941782
2025-07-21 03:58:41,0.53387099737077,-0.8691444278446816,-0.501319472645795,2.245531828280861,-0.9874692745269145,-0.6158693227685088,1.0636032126289827,0.5956647407991315,0.3450039397391418,-1.1649635789174841,-2.3938475360967697,-0.7305980635972312,1.2664303767558232,-0.7556614208022664,2.024529452600704,0.5327857797883677,1.466223567280357,0.8855842943492647,-0.620218262237667,-0.9660532122779188,0.7805685962579224,-1.321393055567936,-0.6186001291411753,-0.2998648530651957,-0.9713916806823478,1.381570035405518,-1.5043401858442644,0.690120122541729,0.6368049204752971,0.8488457073631691,0.4702020754103585,1.8666068959621533,0.7326080559687203,-0.05150728712992935,1.6445931926119375,-0.1364952092525267,-0.5344570812226738,0.5635855289697256,0.3048703756116948,-3.393889601086673,0.09675648104750474,0.00018430909393372122,-1.0438380205575994,0.35302060274259023,1.5508064759084528,1.2458601676540797,-0.6023015190904618
2025-07-21 04:58:41,-0.6987612482004592,-2.1255069183751667,0.16739184381942793,-0.49789703202606583,-0.2703569483415974,0.6852917586780995,-2.171364584654637,-1.4998862065760363,0.8632365479455565,1.5739706825549278,-0.3150897132215886,-1.7224052633015814,-1.8571884087504067,-0.8169647744592391,-0.7802690813884697,0.07388358630310556,-0.29543749066219704,1.1542738876333352,0.5373385074482325,0.8197148589312476,0.38682859996301017,-1.0585294738438598,2.462958189880721,-0.46549969317165707,-0.9556855213201826,-0.7889775470778635,1.5783043409657396,2.065135365470777,0.4468741436256625,2.1834660825420995,-1.0783467446057429,-1.6931092726290697,-1.1618422507469315,0.5597365397536471,-1.5753148566177626,-2.1670223892834484,1.6386542283945202,0.663711326971179,-0.1440058188623038,-0.735697660133385,-1.3013269325666665,0.3077055800397863,0.7619426323648567,-2.1905706886842715,0.15814696384674468,0.9904223220187867,-2.269504487174541
2025-07-21 05:58:41,-1.2452253989917266,0.8185679077059825,0.529617214837368,-1.789961764075167,0.3943149170361391,0.7607019944901063,-1.297812686609319,0.01739259117259242,-0.0724697865820743,0.4594007966314795,1.8681911680519456,-0.6587472976078709,-0.2871943067932198,-1.1634760716336665,-0.17643511692518685,-1.336951586590192,-0.41378018450352183,-0.985759007206426,0.2799730317014502,-1.262416076986104,-0.5474720237112752,-0.7312397711327434,-0.1083762290161069,1.776964654508139,0.027786467853460145,1.8426341627758975,0.17271948356230152,-0.3845040911907779,0.4475887398022631,2.143686521803928,-0.6997047128876285,1.065048115675371,-0.03736036042220592,0.6135723349868848,-0.6020431590594201,-1.3036567738266736,0.44804760748697864,-0.3983395735814394,-0.9048347220385164,0.7798493500477035,1.149425993454555,0.5428631399373277,-0.17530856346009266,-0.05402345752370697,-0.26746619343826633,-0.9567215515577864,-0.2317426772521911
2025-07-21 06:58:41,0.33379040271704935,-0.7373738246237262,-0.9981539221226756,-0.8320725882780796,-1.0255477770295278,-1.004626069478608,1.408990269122203,-1.1729553709600085,-1.3851785135909263,1.2867961973264022,-0.7569890322684065,-1.2977214720900472,-0.537267197188614,-1.1102537282315095,0.9918001179003056,1.2008260800978123,-0.19551442853143522,0.6282176692172575,-2.8673213602971876,-0.07832515776897017,0.9628066636129071,-0.5407531947134762,-0.9940369310144261,-0.7935041960791174,1.4057399347002828,-0.0685147484926184,-0.4357620007510498,-1.3510411258745314,-0.34229971704162415,-0.7055489928553393,0.24565139892148566,-0.21019163078137235,2.509424390963135,0.6747902280215012,0.6128345076690104,1.9495385444915454,0.4054298336320031,0.042072449384081674,1.235809706080619,0.020330691301555157,-0.13420071406840403,-0.275422741721649,-0.029152978269088015,1.854090501626113,-1.6340434410316473,-0.8947336466081902,0.5715636500109503
2025-07-21 07:58:41,0.9601611132062048,-0.6366246982260302,-0.9180041950957248,0.288103656119899,-1.6704057680338928,-0.25097146824718025,-0.005934604282873552,-0.13893258856465623,1.0790025645588874,-2.086355689715548,1.0821660724710642,1.707484317747048,-0.9722101670075854,0.18664977763783608,0.06772886969778164,1.2577642530193736,0.7336918527520728,1.919329112742721,-0.8056481960928745,0.1680892589516643,2.386438861389906,-0.4791950774378296,-1.0506323180452963,-0.7800105977840067,-0.7817453143485436,1.1231927225365361,-0.6677652714352558,1.5160346899334047,-0.552230259240143,-0.6077047596167284,-0.6533947525695764,1.557143458836788,1.8867563328429924,-0.7660590640908921,0.7261294625835799,-1.9779095319354842,-0.46040824500162614,-2.5336496123831647,-1.4408002418403703,-0.22609128983466142,0.8610406534715273,-0.5008797883875694,-0.7432491639411359,0.13258697974331465,-0.39170550223920436,-0.08589888750052196,0.08790320827304422
2025-07-21 08:58:41,0.9369360575131312,0.5277423248724745,0.6049625584089657,0.9370710872274591,-0.2417371356159458,0.8893291019459256,0.06330643858500301,2.9527783444235127,0.3582072794719153,0.16074026140703468,0.34722767990845105,0.8821284311669909,0.003927412551460719,1.109909576472489,1.0957507896773504,0.7115847553812644,0.5254553448563528,1.1078739655939014,-0.8690076769633475,1.6970394484080273,-1.8279714941373264,1.7668242619002146,-0.8048551479153678,1.3119896806945146,0.25818167611146076,-0.15236300224094007,-0.6789152178197235,-0.8198630132246102,-1.1282080584367251,0.15030966886552785,0.4239946828321016,2.1422453069228475,0.5322909350391914,-1.290331503745532,-0.793182790240874,-0.6372560386164909,0.32333431344802327,0.049671407644880136,0.7912773653687663,1.0795795435474247,0.4639826698870253,-1.275295236349132,0.27105086158996233,-0.18561883445217114,-0.3588940389991173,-0.6398782565555906,1.2774463099872693
2025-07-21 09:58:41,0.012263907438382508,-2.4957026794145185,0.12959708627298588,0.838125045960975,0.4731608342707766,-1.7716090764101413,-1.443954861327718,0.2506733992650529,0.3194049283811713,0.6437051285092454,0.19075561873373081,-1.4577140090777252,-2.475177365370849,-0.020048786845649272,0.5324139734537593,-0.20544275651261898,0.6591291281739257,0.41270552550131323,0.7062067530834741,-0.3783839875146062,0.3029409629233273,0.782082685646029,-1.35256687096135,0.1754160103307749,-1.0745966010233898,-0.3286202731288667,-1.3915503170161467,0.19421052741438363,-2.488954915032389,-0.6214791378079737,1.350543812301501,1.5063690335839608,1.2713536207414642,-1.4323334931234222,0.9228549791847975,0.9158231965068059,1.2355772136761125,-0.8716544288315349,-0.24938785953164308,2.747424976656457,-1.0377298941586188,-1.2770305302339218,-0.464874445068456,3.046713008498896,0.5982393170545196,1.0363382919699273,-0.7825447866489966
2025-07-21 10:58:41,-1.675381963446126,-0.4194869735385197,-0.3562245504557189,0.173626651470009,0.48894941766299854,-1.4339011646567201,-0.7560155237271212,-1.3611968972508675,-0.621227945925379,-0.0911267828152279,-0.39399406309440477,-0.09751954882084087,-2.348592290362483,-0.4544306355550817,0.5445394870961573,0.026180640150483974,-0.13044038533408966,0.8999365684306123,0.5238937512524517,-0.5459307907339386,0.5305302479791801,0.7730997449135174,1.6438989146805905,0.264686020538686,0.10783110037290518,-0.3759367675325187,0.26033779501590787,1.6692991532858386,1.407294054023015,-1.8953044805572308,0.1417895189403293,1.016932773104792,0.2774294084507573,0.5604952782973827,-1.2065234420955122,-0.4666519858413942,0.2049168579026632,-0.17829425899675894,-0.9123732666959719,1.4744266049602397,0.21352963915922168,0.33587904551978104,1.4292516526489885,-0.7523904853327024,0.06121964995308878,1.1767801404972251,-1.0054605655350746
2025-07-21 11:58:41,-3.0701734137195382,-0.18626384916908698,0.6858351543148433,-0.33150220252953033,-1.4583443114982786,0.6273972374883343,1.0642184608091754,0.16096052801678765,-0.1662869694198348,-0.5183821218620601,0.29432695545849447,0.053709357154999006,-0.42110635232685967,0.292441605570293,1.1689567546211341,0.01834667103167682,-0.6520149290730497,1.413179417513586,-0.04318205697119138,-0.2728880897771516,-0.4169892385110792,0.40500594994799466,-1.6396547883541235,1.5907272288775878,1.0610675539933447,0.6608929790401602,0.9811225133248063,0.6979080784131495,-0.4555286271487381,-0.0428693678947179,0.21964431137171075,-0.3834664231150823,-0.0569317019138275,-0.2670353423209917,0.03808521706775592,-1.1280216844026807,-1.528212680190367,-0.1897791392442172,-0.7876589161870241,0.2010674940043761,0.7341202023627194,1.458072008637263,-1.2305265397039369,0.26509816370307593,-1.967549317761597,2.16955212371812,-2.1401074038556374
2025-07-21 12:58:41,-1.275404997821829,0.6778587029359052,-0.07350919224061471,1.360220317540187,-2.138903329470643,-1.0404648892666097,0.675528502453901,-1.7745905006857066,0.38603866663009245,0.48400396856467176,-0.49101071804643465,-0.2633232252464981,-0.007252842397068349,0.842228208843955,-0.33445504805221776,0.6200318019694264,0.6708674240360196,0.691481642505251,1.2649620380176723,0.8239691133533752,1.2796267227385654,0.599595705615764,-0.058355335837752174,0.6558472125579722,-1.8383338326807457,-1.7811473836679068,-0.6114891987200679,-0.05160793516866139,0.800174474860481,1.543256439982901,0.45261618621002875,-0.1781580069826651,-0.3063470213231311,-0.7353769725342337,1.2564805288208132,0.9363210678790476,1.4061321312785973,0.2873534219408883,-0.1552403624604476,-1.0515062693837502,-1.2335083831896745,-0.6327783770008646,1.7718238003754339,-1.0900344941039384,-1.2954450036346852,0.27941803913676927,0.8464715725592071
2025-07-21 13:58:41,0.6228225591946194,-0.10770392400678457,-0.4853441231401547,1.1105140992988254,-0.38660184298242495,-0.43738437763319454,-1.2239435089919137,-1.9387541791715706,0.11804175727863991,0.5038332972010074,2.2061514045283235,-0.04998916859723949,0.9725536353899704,-0.2653570589432329,-0.01574101775223056,-1.2397299743303822,-1.063516944304299,2.0411789124154245,0.4102623327555271,0.23256204174282427,0.5194849449552718,-1.3632439283004028,2.1139634865586205,0.4430775724620908,0.7811120231809064,-0.42525897222450726,0.04609514360673773,0.793807326598699,1.876344585443345,0.46844438113758874,0.7313822639099121,1.7370277483987875,0.263292797083023,0.06526458926858311,1.2707043942640057,-1.0629958484990643,2.186887858101882,-0.6553421949521555,0.648499991168437,0.2238301324680173,-0.41285655569660556,0.17273781349348213,0.3267145298523111,0.09958494371549442,0.7947960333711275,-0.3738291915951289,-0.08944783360232983
2025-07-21 14:58:41,1.4287718014178412,-1.3382573473969686,-0.154048406226543,0.7767395085629152,-2.225119439507529,0.8434430096560381,0.26714748522447607,-0.7618320251748395,-0.7722763651629122,-0.5887876308808729,2.3792598882035843,1.1459993976622806,0.24069588580561127,0.7337862680615038,-0.06035755437622686,-1.5980769612690269,-0.1309750768224689,0.22464417618161506,0.925142635868684,-0.7664558933286839,0.11328100406193517,2.014551838058121,-0.2917590870181376,0.047395763392449754,1.5329605641612107,-1.053376681106417,-0.7539076387880893,-0.32149795174282003,0.7715032141024865,-0.43591774797649746,0.7639042582234705,-0.6972287835801941,0.2302589158964393,0.4067185504138937,-0.3826689146691605,0.9120634714157958,-1.0132810082375923,1.3092618122257158,-1.6986441272974389,-0.3681659166039648,1.0314167943113914,-0.4986235644885471,0.7260864751054179,-0.6058613741867268,0.8567111043444583,-0.4557439443393387,1.0687441030021165
2025-07-21 15:58:41,-0.8583644029049494,-0.654883389137877,0.21201497699087912,-1.2720725861866948,-0.544848179157151,0.5121791972169948,-0.8156925754347135,-0.7642209853725617,0.2776792311804427,-1.0315758027130026,0.22481488072199254,0.7634880213305641,-1.0232598436606855,0.7055901554573629,-1.2391812093040517,-0.28970961706247145,-0.19975675379968397,-1.3136268744969457,-1.6911675937476802,-1.0703225314974423,0.07452457965733006,0.6486343958313756,0.21189994117272098,-0.7271762619323286,0.34177785209294576,-0.36416268662041795,-0.6704300544289182,-0.16294766767419266,0.2441141091973731,-1.6333288977263842,-0.06516975694289472,-0.11935219262190104,0.39145151637639286,1.068944942781691,1.0909590989980005,-2.57625164881166,1.9776935768289046,-2.579408888076226,-1.0406285552284136,1.1890665676441032,0.7320977825354169,-0.6688931292765109,-2.321960731342237,-0.6436550967582794,-0.13772635844078196,0.6831825872891403,0.3060017698671184
2025-07-21 16:58:41,-0.7377541389639168,0.6163866043873344,1.0425176416318191,-0.693906990960146,-1.3641223591243286,0.6381225972088896,-0.4708411455320197,-0.4178008467885286,-1.429919353126013,1.328775976880485,0.45013033412959463,-2.289153590926241,-0.9376798648292473,-1.6031857800555371,0.007060364437613162,-0.6362208158352854,-0.3865463042870757,-2.08809947727195,-1.4155197188784023,0.028679701690524705,0.20163850784039583,-1.319558788647584,0.10450595896299213,-0.7653369827383728,-0.17568109660271888,0.8794109555849557,1.4066017617863176,-0.9475316457565319,-0.15447127023161752,0.7700900011145722,1.0288152510742026,-0.7151124435130802,1.295177960706567,-0.7487254121300339,0.7888163208841283,0.04860262469667218,-0.8580051551676238,1.2376105511273616,1.8728320112582184,-0.7280425002432712,-2.326422658236549,1.450554042003198,0.2051666508336283,0.43953291704056163,-1.485055779387858,0.5730910142740233,1.983356217685451
2025-07-21 17:58:41,0.6529552621945679,-0.5363935500208712,-0.1706615301608413,-0.22844236783515073,-1.1464241811322633,-0.7894490471944462,0.6017528968939055,-0.6377888196099273,0.2664857857902496,-0.14070798403682394,-0.28115144403181674,-0.3509767904889258,-1.38721612191716,-0.1087853395709731,0.5538687479598935,-0.39347971695960005,-0.21700253312549658,1.5680243226686434,0.7107831459732198,-0.12389246355543042,-0.7786966426219221,0.8621553519049745,1.2130030748641991,-1.5700564807951332,-1.2525716016466333,1.3215558890183365,-0.7566473027398039,-0.5874328356311823,0.9368145027597998,1.951367987201388,0.6685003880162538,-0.19981343724946243,-0.9943200952273414,-0.6321085192924742,-0.026369633487281954,-1.7538348396293966,-0.029882622313502607,1.1806292119342587,-1.4153658502171924,0.4178076824178552,-0.1587558938218015,0.7479055965511147,2.0887228195939476,-0.7907780472430823,-0.8658163838121673,-0.18235978515729911,-0.44288311691517773
2025-07-21 18:58:41,1.0416041786860764,-1.0845819327780433,1.6850158064751364,1.0640007739538733,0.9856373049974161,0.5007433264958449,-0.6324633470920544,-0.37465009044798203,0.2817953501198289,-0.9445125843434189,-0.6708287986430672,-0.0732790929756472,0.07868370171885153,0.02339924555230508,2.4549655179069254,-0.3495777262500296,0.7978534834329027,0.47419669645992846,1.7874972539680478,-0.5572188836748657,2.1984158430203977,0.14337370284278103,0.9121345242676708,0.8907158757316234,0.26580018972315794,-0.6479519250300249,-0.23125725368309566,-1.7144922110207903,0.05668764043517735,1.0660576721780894,0.39093838327642966,-1.0856764952542246,-0.9480364694682695,-1.0167968291608125,-0.7641785133639102,-1.6719626606959737,-2.4454094143750926,-0.491110895060687,-0.11275095953058777,1.583367620736105,0.6644182695304084,0.19506896296909212,-0.5827375162312453,1.34468212372285,0.78175653761677,-0.4530787324263482,-0.40366625544928103
2025-07-21 19:58:41,-1.4477158069798726,0.1959634574165678,-0.9365412169063944,0.4734590472617408,0.9424224650395148,-1.7606409722568157,-0.8466509666629811,0.5172362561481538,1.9134685171521977,-1.9113479370578155,-0.9043780065055772,0.41687057466754623,1.004752636434762,-0.15643875484640066,0.2632168346902727,0.7652154507787206,0.13595790324916276,0.2065966535930254,1.2880536610218454,-0.6749014640353784,-0.4468552022126565,0.49242161594980055,-1.1269627175348376,-1.7427405427281777,0.9014965876626101,0.4876368153740893,-0.3984517552549484,-0.5225082254298984,0.039325254115047906,0.8245115538667542,1.6020068582923643,3.3316260608410677,0.6893571469104743,-1.303182947919409,2.079942360815008,0.1513588884339161,-0.12280650789348582,-0.6361887184359194,-0.43256354931931484,-0.0008504212705585932,-0.31312302388005653,0.29239105262111376,-1.0634696094075553,1.4895001084453692,0.8963150267099127,-1.8689807790940194,-0.5142618307495469
2025-07-21 20:58:41,-0.4148617007621992,-1.0042153858245253,0.3792287830936095,-1.4829288336881508,-1.1546974748487149,-0.702173828249153,-1.0716460331419237,0.11474567685797588,-0.3450857037189726,1.1265835244157105,-1.610155239208257,-0.3194357963137069,1.223097495763392,1.3472568242572467,-1.22203607812688,0.5089183331891033,-3.0423743753337074,-0.06550861478504923,0.10136859517365163,-0.23230152090921738,0.1334366638351711,-0.013141307543254226,-0.19455998961102475,-0.16875327319549566,-1.999243466994804,0.5354680972668701,-0.8113840760301692,-1.2601656051422083,2.773906262404805,0.6865958282762168,-1.1788111932000391,0.7288673120347959,0.8691051722406345,0.2367949009406744,0.7888666269698708,0.30625488478921997,0.7733115256140702,1.0095932100678415,-1.9748366549179805,-0.3008792540143964,0.8414229362653446,0.49121757598233246,0.37365918236705337,0.07152305898009,-1.7241927327865172,1.93827207194563,-0.009003141625202639
2025-07-21 21:58:41,0.6107565034385722,-0.648517285495038,0.30377170289070415,0.23818989507875152,-0.8473462215710362,1.93459180272782,-0.19573431317474155,1.0718986805646709,-0.3203563340910142,0.5374072265673123,-0.1632707334388732,0.8241869516200482,0.7765040411009246,1.4767278098423844,0.5659025839600961,0.8547269977299532,-0.936448124188011,0.5081690187463008,1.2776030746827625,0.5693474873196968,1.9750211613809308,-1.0618641626808643,0.23239872714895066,0.8069376194653087,-1.0913843393167624,-0.5132706814405009,0.32880286424042643,0.6785504507304733,0.2981013599605065,-0.3796273907468666,0.8062556895098268,0.8968483067149933,0.1805880467271381,-0.43258083440854456,0.5145406002579045,0.2879217143188856,0.7604650128466105,-2.1081484591226074,-2.2347964778762957,0.4259755203280474,-0.9991073374356357,0.5399558368140203,-0.34869508397326315,-0.2321202382647328,-0.22810405165520142,2.2760906260334486,0.3128287160368036
2025-07-21 22:58:41,1.2992427405769813,0.544095941396395,0.054330803789276426,0.7313875181826225,-0.17855393718597418,0.20927432932983564,-1.6196463162901324,-1.310073492586589,-1.540132902156102,-0.2714690176857909,-0.7822525789708443,-0.21063471536647455,-0.16222199988312772,0.3468989802213113,-1.1883569191207533,0.05153424356872215,0.6140414209012006,-1.8785574160092582,0.42573548166899583,0.014479053492810555,0.8852238276184656,1.5835166864365753,0.09482482703757199,1.227970062630427,-1.4021195160732678,-0.9348231863205954,-1.4600184447412319,0.817797954178652,-1.998756305939762,-0.4242921417836152,-2.426756290570993,1.1467032200977338,-0.9840052432249616,0.4838075868827015,2.2851171899018428,-0.31010282034393283,0.3807467875876617,-1.2093045532155557,0.31929398216235877,0.4021849108862971,-0.09553753672951347,0.5527660814795646,-0.3012546676144632,0.1325600178582752,1.0871904375757468,-0.590772826924709,-0.3476876793013465
2025-07-21 23:58:41,-0.44097395546685464,-0.15513034016358904,0.7864673873238129,0.15590906457956763,0.36700853304497555,0.19204338682521319,-0.7157377460807843,2.0471722308423073,-1.0374524691129912,0.6407383183962789,-0.200450533235663,-0.6856511392807161,-0.0719826574529049,-1.3685427688166154,0.06812603581290624,1.0832389858395703,-0.3150629971505166,-2.017796813973915,0.2558020911408562,-1.3989807974975914,-0.6782295185281154,-2.366017905277736,-2.1624774881712723,-1.1765531862303134,-1.480102241074999,0.38033777825888937,2.4631341216940656,0.22390223282357155,0.33454679590850783,0.15399948542661385,-0.9598183656941242,1.0874602290060063,0.8620338157951732,0.1932837120830992,0.04112444746611975,1.0943604390170587,-0.9249193989232115,-0.8393673257035863,1.089344351089538,1.1850283495444753,1.06135399401989,-0.2923838444305076,-0.3367952567164733,-0.3798007329208827,0.6318809582244783,0.36686057101880126,1.4432172196382966
2025-07-22 00:58:41,-1.0687898042676987,0.347862037693474,0.05700036474423837,0.6953954678589421,-0.5958303745940003,-1.2860530494510543,0.3010814027290743,-1.1582781481812003,-0.8703786837134375,0.7127670573076408,1.8960269742271854,-1.147814117498263,1.150750815978857,0.8758671537884435,0.38173858067165173,0.8776703000852902,-0.6800719463746244,-0.20232332299953049,-0.42378330523540936,-0.06131369752632042,0.6335857355956389,1.63795440619021,1.189003204278872,-0.70556270741236,1.1659688991621706,1.7366503519046947,-0.3915874826718515,0.20153815663771163,-0.08995855487325634,0.2038413592918293,0.22925184263761872,-0.1842520502864753,2.282216162448924,0.7791578703370766,0.01280991321717607,0.29055728588325436,1.611354631020284,-0.14020823794220102,-0.996414549637008,-1.5585997215707064,0.5774708751074481,-0.36958617122112675,0.22495933975979152,0.5431120425220043,-0.32560831681750724,0.4976940192246117,0.21744606345656697
2025-07-22 01:58:41,-0.5001845208676953,0.47388723215414474,-0.9793545698491423,1.1728556574691262,0.17963496634472217,1.4372377038958564,1.2958429355842167,-0.4703412607522002,1.3811846476726093,2.31399483729097,0.017950290587951976,1.5293321631974721,-0.12530141492710814,-0.08585806707770523,0.1835526656610046,-0.567841861606571,1.3712332806070995,-0.8878947593946651,-0.46624167571988673,-0.18008759679761724,0.8431618403210146,0.6174833158466848,0.548205218718468,0.12965599360505817,-0.41104682528680686,-0.3529268908730161,0.20801387636257,-0.5133586352237915,-0.11687879460855234,-0.602751590946846,0.6150327460405276,-0.6213204772993909,-0.8502799777114483,-0.003352228690881565,-0.014373501110837662,1.983546876349748,-0.8821885046577591,-1.5893645438623982,1.3953752289949128,0.1540436615442715,-0.9811543510626087,-0.5439767890217774,-0.3749871138829472,0.8337239381469648,-0.44182215629401067,-1.5737625457071562,0.4359401262618764
2025-07-22 02:58:41,-1.1437413799163691,0.6283265661944212,0.43410362694107135,-0.809177804760284,-0.7444809445349669,0.4028066802700737,1.0894053088440832,-0.8722607276274237,1.2116892876578413,-0.4273144849197063,-0.13134176527991345,1.0921917587202141,-0.6385848948512354,-0.8551918376809533,-1.9132797382410256,0.051985224216324025,-0.7515340829050018,2.526491699621167,0.24988875277936806,-0.30157978648523137,-1.0490696096630812,0.4074645717022817,1.7961136836349074,0.08611434090541555,-0.34323751950301123,-0.09834875729691911,-0.3959227874746927,2.1699752492578144,0.989516107232678,-0.023934368865207167,0.7333915206739459,-1.2728998505792337,1.2275986178726739,0.5768224000896179,1.4579814311682677,0.6671770319039602,0.6272341036607755,1.3815585410176454,0.765564728118282,-1.7166361579699654,-0.6346133162354453,-0.10100241933214045,0.4498786442247122,0.19738882671822602,0.01368577332348648,-0.610283477078521,-0.1612365262086814
2025-07-22 03:58:41,0.9184926996352124,-1.5043615933422467,1.888715549250794,1.8344022392840504,3.001308981595501,-0.2431758416699395,0.08298368045829624,0.6860702284600771,0.20590760666589353,-2.23521432334348,0.7462285420162853,-1.177385645134925,-0.7450066868303712,0.24144049625613195,0.7387047810207716,-0.2732120835568917,-0.1979288534482288,-1.3058312400773435,-0.9083215589492096,0.9407627846013713,0.5160327870296609,-0.6962156221436383,-0.3162163703071176,-0.8276548655857493,1.5532287861913747,-0.8017423396271426,-1.5617003040637807,1.8407019648016891,1.1009449303938805,-0.17796849795898048,-0.177952188510941,-0.6744326266230122,-0.10087048427624097,-0.6950590618379459,-1.2187297221197781,-1.0522233232668252,0.4110674670190971,1.209669117981033,0.5635467044622717,1.7339245212924896,-0.010665810499221214,-0.8684752624979557,0.6597912820338724,0.8965261736204807,-0.9923258597980217,0.7364403842904711,-1.1839334035416407
2025-07-22 04:58:41,-0.974959946713139,-1.5512592723201184,-0.9931769055966582,0.0623238921156261,-0.31985792869310703,-0.43939018719390405,-0.5185667025282116,-0.592213249143409,0.2814866361288072,0.633222988039592,-0.9840651453775215,2.3799206862945805,0.9017370441715962,-0.08591315826838371,-0.20194339949580836,-1.0551222264471014,-0.05069429986862502,-0.8098657270571665,1.1376627016574872,1.9291863522159496,1.2220708555881499,-0.37969273138404636,0.29743133717358583,1.5439231886742373,2.9049049788202645,-0.031244553723076104,0.6222059760532686,-0.10000425781531097,1.7476112106778592,-0.06886720933133704,0.08551432706241677,-0.9858208041670186,-2.033421285203268,2.003946037376892,0.18365645484578008,0.8201933113493951,1.3267166242012458,-0.9476239845616041,-2.1830518794166984,1.3108025457224945,-0.16936440017457033,1.126659362019874,1.1253415043497097,0.00024144576056969234,-0.6090778815019797,-0.9519811015800209,1.0019090463368399
2025-07-22 05:58:41,-0.7220683516541763,0.981307303098133,0.9666616185535315,0.7488794646957911,0.12013350518956274,1.4346144093696327,-1.2628161869273125,-1.4280735706116414,-1.0964276467480079,0.5517129428329577,-0.9374423007442055,1.1995546532674142,-0.6995105139132258,-1.0254318295147573,-0.4094724034234395,0.6954829016512343,-0.0848841745918577,-0.12579073399708077,0.1803883223088407,1.4760396971515137,-1.2639395117747112,-1.6978142231954478,-0.6178669773460691,-1.631908721635269,-0.476272256898171,1.3777249639703664,0.532237055682808,-0.1278040107338608,-0.24468643925271377,2.2867189519058893,-1.060937658480548,-0.04732685474826554,-1.516448285242703,-1.1755726120108643,0.5306772474551893,1.1315628491109837,1.0443878088039142,-0.4885389621461985,1.7865508391055835,-0.6081351661334978,1.0067298134896494,-0.03866064735469113,-0.5828002022815656,0.15794650511521174,0.007892125099235292,0.25861375846543533,0.6731934080657362
2025-07-22 06:58:41,-0.23752710827066403,0.20382474379399856,0.4090462843004353,-0.6215884979058844,0.43328990762244185,0.49757758529793733,-0.961778597144506,-0.9364355608993523,-0.27359289365360545,-1.1835825675423244,1.3400456804091587,-0.18623131730822273,-1.3885355396309091,-1.2494293014388205,0.5799925713334816,0.2617252027899294,1.3503765812711137,-1.4391929340132703,-0.7811083211740598,1.0619492032800382,-0.31842768627908147,0.8784722616821239,0.6944018696476252,-2.163711001929259,-1.7336076708833417,0.04141370512760913,0.8135831437877076,0.9489045928795545,-0.004183802326438764,0.12172576560709164,-0.528009438804897,-0.007623464918429989,-1.0912042022712165,-0.5092023578608218,1.1594588788335076,0.8318315599917638,0.8607240849214218,-1.7644895751991343,1.2896152855771132,-0.09868917522265179,1.7363985670274553,-0.9364550949326057,-0.8452675133596631,2.0968890548394135,0.8980758866530634,0.4082854510511407,0.13440339243220678
2025-07-22 07:58:41,0.28155943633146907,0.41846874335639533,-0.46408493442555043,-1.258052005036046,0.14643493672741464,0.6116200974599035,0.005765745606721563,0.517330166118594,0.11177268479443461,-1.4822580854521807,1.9833758942116424,-0.18324190442924412,-0.34571992397472934,0.12382218602163686,-0.6896892456777818,1.1325736838150509,-0.1649527506038098,-1.1001310816298993,-1.6914916691047126,-1.1546687254913317,-1.232175491361525,-2.1326258745697553,0.4750367699190712,-0.0919537463390587,0.6044018681015951,-0.08404501344064742,-1.0151259794639016,-0.4101714204440306,0.5968044770680287,0.724025029562585,-1.7944134552585111,0.011018303594672105,0.4272659037806686,1.6991214755717923,0.5626570975228492,0.4474609127829384,-1.2520923383484326,1.087747880451723,-0.7477687020389511,0.12516044150819028,-0.6300624766697368,1.0202019853337596,0.1020484646860911,-0.6664848622201685,-0.2468199581211885,-0.6304664547679623,-1.0658220688886753
2025-07-22 08:58:41,0.7697545262983428,0.6346447770121827,-1.3283484713617153,-0.6654980241310273,-1.5375711495548825,0.7333124141505281,-0.03027160668633669,-0.7041052685013112,1.2423552886103288,-0.7846908432820067,0.5963471068298756,0.49880584082547225,-0.8799644798289822,1.1194838594101049,0.06339406117649464,-1.1785449652129685,-0.6488909227414046,0.558313904344495,0.42350693061141415,-1.4890813375201968,-0.5898943104028948,-1.5356625186209982,1.0518002867439975,0.2395792343400104,-0.7141974569470368,-1.0592415475721653,-1.1431975703363608,-0.02145765048953779,0.07152714467370919,0.22590462053379592,-0.9433314933281414,0.6229444674544315,0.6761639300365933,-0.30217650217910813,-0.7356485248002379,0.776322576944421,-0.573642945942593,0.6705624477643672,-0.5510242561690847,-0.2937763029757522,1.143827216132313,-0.3669767234516307,1.0380437928707815,0.26214226889016706,-0.16101950588537475,0.7469491250577036,1.6262630454847027
2025-07-22 09:58:41,-1.0439138751348567,1.4379189450177083,0.5196239558660317,0.007545972097639611,0.6536073486948685,0.10894899928652678,0.722566621767565,1.3243926519058962,0.7943441626304131,0.02035800543183039,-0.9059101257689278,-0.40197611826394275,-0.3168351078415843,-0.21076683295094154,0.7108915261995068,-0.8607693326564894,-0.3116464589103288,0.049115734298307095,-0.03108366660879877,-1.423708632985124,-0.22348979947783845,-1.4917257174665026,2.0949059344128202,-2.1933487440137642,-1.047171552031079,-1.1710430417081656,0.24702100488512008,-1.129201594864666,-1.7126677038530649,0.9139255447589433,-1.3248563339081207,-0.3976497661146904,-0.5055609863290353,-1.2294044266732134,-1.9100916829250725,-1.1117469750892903,0.6736052394834329,-0.07707322880843245,-1.2129829597916302,-0.516870472417878,-1.8554801502402618,-0.8786824991387167,-0.1216788551375485,1.8636002265646172,1.948422172378309,0.7759103301397599,0.37403466833513666
2025-07-22 10:58:41,-0.3738122209210336,1.1220155923501474,0.7456567687909873,1.8694601739604906,0.18364316507754586,1.141906306365909,0.5597900163187235,1.589085185414304,-0.7852593029876868,-1.5866120592135884,1.2552833539248875,1.1918922210958827,-0.8344283792917334,0.2937170754310983,0.38521927297352365,-2.030232237564028,-1.4855980954474224,-1.0178981028274914,1.1850656684464302,0.6411220264137437,-0.6271270074840612,-0.8613828453908626,1.1659439397340177,-0.22963565049189902,0.31688744138577263,-0.49811664278374146,0.5436927481781957,-0.44155023813776295,-0.706129826130584,-3.4037725470536375,-1.5306788940629767,-0.44909918781533203,0.1346453083632155,-1.0847262765441785,-0.478657700221593,0.5275014587711527,-1.6530247908186642,-0.7028030491903876,-0.5108069226663635,1.2179075793016876,-0.6625078014858504,-1.0869666559677695,-0.24796990307136127,1.0209726986757277,0.19505747423338451,-1.2929926063984982,-1.1975995913413857
2025-07-22 11:58:41,0.8218374790340421,-0.25061587744279623,-1.859373224902,-1.0662191470050926,0.40010265060653105,-0.26575932048994266,-0.2222091108387016,0.3250402939034688,0.8460554480330315,-0.4178552100404092,-0.027413435579714582,-0.6620133361431838,0.17334635685594046,0.9639851604927551,0.665791808112878,1.5899635845155147,-0.16395132059214468,-2.09185008457603,-0.9466998910396617,-1.759117951051398,-0.6469368492355945,0.11827158772949829,-0.6941669429245604,-0.07657227066204776,0.7522537855384758,-0.5890249129583347,-0.42525446874046946,0.06507163042478992,-1.1972800697903456,-0.4462221983039782,0.028017820783610592,1.2547524030442483,0.04319175794103715,-0.08044474197242149,-1.7257280088492555,0.3045793209346282,-0.17479663285574246,-0.6006567252819752,-0.22566148773206096,-0.30258326140381775,0.7679358714687665,-0.674593036466224,0.9179422580686841,-0.8338517722020676,-1.2030409963107078,0.20856200450531048,0.04184884558281934
2025-07-22 12:58:41,-0.5594312582439601,-1.7182895078816776,0.5901984386249867,-0.687447479910127,1.5002763368829461,-0.1794173969921287,-1.0966322194965072,0.2886041873910879,1.1341388225809859,0.6824054071225143,-1.1970675570734177,1.291779081828478,-1.14046924669129,-0.15580148267439242,-1.0517763823962736,0.0983430433591084,-1.322379512269071,1.9321177632251212,0.584509239725212,-0.2540063924362136,1.1651044584078498,0.12810355742182913,-0.5633771006020768,-0.674925918246638,0.49692405123071004,0.48537433904155947,0.10890330051341403,-1.7737458124057346,-0.7379844625189741,0.46737903438987055,-0.35081363711619645,0.7419534238770342,0.34509896030840437,0.15809514150983217,-1.1214402555934182,0.2547422591231695,1.733048139785654,-2.779307303136259,1.021312346374555,-0.5505251926804094,1.583005881857722,1.333983520064641,-0.9106072910837584,-0.12046088976120779,0.39530070860288385,1.1820909808848241,-0.05808766235221868
2025-07-22 13:58:41,0.5459946228882296,-1.2229128471401391,-0.5977620686110761,-0.2828970033323299,2.1615041973345543,0.7592738447767816,-0.14902592898513486,-0.09782073234236105,0.6729523380271878,-1.6537183522951322,0.7802629893886974,0.44119706604527825,-0.9394904947520728,0.16362893996829322,-0.9173990881764905,-0.2696051589579719,0.35300297413768383,1.3604910114328572,-0.6755765709475523,0.708171298650781,1.4091809228579169,-1.0026161734548034,2.2304269540696775,-1.3154746039772163,-1.181102844660316,-0.14839993314660627,0.25263018174848817,1.6886695726726404,0.6256505856324427,0.02992441053607034,0.9276412648472802,0.08342229326149264,-1.2409053530287786,0.2571040330763136,0.5017214912580128,1.5737605248388562,0.09434384677497452,0.45451974006470525,-0.2209787148753986,0.31830008648280594,-0.7584515705403624,1.0824531119379541,0.7490190439242214,-0.6471364085550205,0.03152000967917793,-0.8587403165033575,-0.5146310018442454
2025-07-22 14:58:41,1.3228524099715429,1.5604052892651523,0.4037027984567164,-0.5167214936252555,0.5066470365268537,0.27054084871040435,1.358228140185591,-1.2481879044069812,-1.2662875156910496,-0.8067916462058845,0.17377979035350125,0.23005201810521045,-0.020475198449221823,0.33210417298432404,-1.5675005917201446,0.48468432544713375,-0.16621855679888428,-1.451892049757656,1.0638217101794096,1.3129899201006183,-1.0966140104784918,1.1142996366907167,0.1156678708545078,0.10327086873496992,0.9347849936438599,-0.256794510933696,-1.543678500827443,1.2399465724547842,-0.7969307109637614,0.6257572834657066,0.014157833281049971,-0.7132613843910207,-0.11589079990183566,-1.0952495626871908,-0.09863416236837623,-1.0501435186847436,-0.1451788711730267,-0.7252408710265669,1.3126330716071726,0.247224022323311,-1.3731654769259232,2.3243858643573154,0.08110841384795787,0.9529881236393171,-0.5297207085821529,-0.5682741758818701,0.9431652304527905
2025-07-22 15:58:41,-0.9079530083206486,-1.0523909092508292,0.1811974343552958,0.1861966857294325,0.5482360455216082,-0.23799128463080932,-0.37746855901614745,0.9991124589145498,0.10247706147069381,-0.7478422309667693,-1.824907023397747,0.7749930668714027,-0.3130142423794618,0.9374609910509962,-1.1602095840698021,-0.7498863314445103,1.7023968445690598,1.525258683606307,-0.27219246069140723,0.6557288713688809,0.1703288730763149,2.3534201019345056,0.7986204128463826,-1.237475074469981,0.6279380245986818,0.013617208237194095,-1.3614213892106302,-0.016241096997915577,-0.8491786598775348,0.5825151003583742,-0.29212913855465716,-0.06190856577055934,0.3839775149944617,-0.6518878056736721,0.3984454236520603,1.3048876481452623,-0.4019206751365997,0.48896941067423244,-1.8096968362900325,1.4040396369041068,-0.36775117311497935,-0.343940392164732,1.1997036551418374,0.3028001751856124,-0.27207212836435796,0.8499289177362609,0.15960863226460267
2025-07-22 16:58:41,-2.775117935823364,-0.5204150529917251,0.00018253892757648404,0.10061749597902843,0.1109409454074076,1.0039704705562433,0.8834551905357043,-0.7217271864014619,-1.5345655458223366,1.928928869171649,-2.0764353716211907,0.5332375350123436,0.6104164402165216,0.7576832151098405,-0.8456566904332865,1.9171372512880358,1.2232927290461315,0.7723230783522429,0.033450084285894514,0.19549198924563982,1.9680963888220229,0.6396761153986711,0.27377137753775127,-1.3561368022893652,-0.3519463826019976,-0.6720787811989142,-0.1561821292970971,-0.11698859824648468,1.1824631732209412,0.659855263147712,-0.4440135591826551,-0.38668500506275966,1.4155693900374715,-2.1047116203639415,0.32345583290283836,0.03980197975820227,-2.0469311823034593,-1.1760317325745977,0.6807127713700929,1.5990056644720252,-0.5459152505549828,0.7624628044165638,-0.38258094661011854,-0.6912073702426335,-0.12697574561082536,-1.32891556181942,1.0818473851080264
2025-07-22 17:58:41,1.304277083713757,0.08400737292341093,0.19478271074571415,-0.390565125163177,-0.1344396192310764,-0.44454500268305563,0.9846806099279727,-0.2763472518920737,-0.56181029244854,0.10504237785944302,0.7973815503388171,0.9539618959934694,0.8350284538698215,-1.2919461539614994,0.36686539424535825,1.643322968695216,0.024274726278144955,0.3461583913936107,-0.922926722710192,-0.14381554447013217,-0.33367694949568794,-1.5489662263420276,0.29697078071970245,-1.1424916617524479,-0.25432165667487316,0.47925651728567964,-0.21517292943674038,0.1463362567642838,-0.25419795169562126,0.14247484842401525,-1.103411182659867,-0.6136060394574394,0.6942916445447797,0.3803894768924874,-1.5188805166800017,0.2931282848757193,-0.5295279579398914,0.4343737797788145,-0.7262379315436216,-0.8383191248316506,-0.2948177603040642,0.021678619618252057,1.187062556770329,-1.4113797598006648,0.7029156476870123,0.5419710131377081,1.6326483833142664
2025-07-22 18:58:41,-0.29918544017728976,-1.2671084530463146,-0.7116950319746881,-0.06803378387991482,0.28810145696454337,-1.1393931799531072,-0.6618963592984832,0.8205922143905443,0.2681026796227223,0.6640365982974714,0.7946251396127242,-1.782162734774232,-0.3929481599492241,0.5775689729814342,-0.36661047273669073,-0.6005721721861917,-0.9484495995193708,1.0970404654590544,-0.9940471746656486,-0.03712906663774237,-0.9545429455647335,1.9738412461674886,-0.16521588181411248,-2.2680458291579857,-0.04129289093233407,-1.0508818447344235,-1.1523492486117994,-1.1059724481509234,2.494285439749457,0.5213652962503702,-0.5771305232283781,0.6503868941720817,0.49201283914910593,-0.25405205628620486,0.46085512406529694,-0.5370260477899936,1.1855635922993442,-1.6422496621420437,-1.1589321667047927,1.3669895523905509,-0.8922569499458961,-0.22790956921674538,0.5087376460179934,-0.41956510774233,-0.05062007221741551,-1.5676091752521881,-0.21326697615576293
2025-07-22 19:58:41,-0.9046185900207684,0.18780486388427992,1.0904866235286597,-0.5345044029222361,0.9893233339088439,-1.4898657403091526,-1.5300384596746983,0.2151907409347873,1.1314617342282367,0.700645150972399,-1.7884218344652885,1.0144146839784942,-0.49283666127603737,1.716857919999357,0.4125991576920899,1.9263649257204734,-1.4874238614924717,0.18208755079228742,-0.5040622837707445,0.14166900965242832,-1.2328787175276728,-0.24104703464389995,-0.8033631454265904,-2.0236604219421235,0.018008361744039268,0.7680552195742771,-0.9054759882256124,1.1216593234173113,-0.23649938258660252,-1.4036027157131206,2.563770759233059,-0.34138737474051933,-0.8516305572330938,0.6400467197328031,-0.055498959802599605,-0.17892372936986864,1.9446116951334984,1.0872325911820335,-0.7582424412397335,2.1859337138302446,2.91143035107796,1.0046352138231212,-1.583987464005042,0.023891606255815573,-0.30459304513208296,-1.0401166090320917,2.381545912077031
2025-07-22 20:58:41,-1.28710780646507,1.4296008134274965,0.2652479376996133,0.0062546029774193735,-1.5865940123304372,0.7657620770997097,0.44064841842633695,-1.7251921533468282,1.0064299205767304,0.5890397826669516,-0.7094798637914369,-0.009381552669718117,0.6414201270491428,0.5357087724273958,0.11874829732174139,1.045422771906544,0.6278552007481295,-0.8006928262136478,0.43974199169504347,0.03539414952476626,0.2714314904594881,-1.0458518975704651,-0.20838277920908482,-1.4533670685576674,0.078298378576381,-0.8682494670125247,-1.2235813678759002,0.535994154165517,0.2377480468850861,1.2553926903760768,0.5345183295462037,-0.29258793805591626,-0.15680600301291647,0.9141128850092036,0.1908977815709682,1.143914463996563,-0.07758408552787363,0.5996332069379826,0.5058576419928367,-0.7734264024001004,-0.07752290703744812,-0.0741454033043426,-2.7237543034932714,-0.11675144297884019,-0.7638870434382573,0.7893054756964805,1.3318214521511946
2025-07-22 21:58:41,-1.3087436539435462,-0.5850373317372509,0.4179995117251848,-2.033445619073231,-0.6157666254244947,0.06454814484516351,1.0870616645871354,1.182294115834054,0.9899461632053708,-0.9361114342214825,-0.8801479304699978,-0.32081219398579675,-0.8592528242311558,1.5350176752862073,-0.16258494982924296,0.419293423241616,-0.672693059260546,-0.47746871963606413,-0.2035214678552365,0.13927889464227433,-0.3328593405102477,0.23920116442792885,-0.7992932620055798,-1.09791674476329,-0.5683045263567938,-0.08425908481511205,0.15721090789340417,-0.38488055676788646,0.24226032691541027,-1.2582313577940993,-0.0006475583682469557,0.6193089474471356,0.48471123623835183,-2.290176802028195,-0.06836971453032475,0.4957146466672043,-0.7604462419916654,-0.7998173477983224,0.6528513124286611,-0.6145750332174584,-1.1445028228272898,0.9339534203301917,-0.28124407190833184,-0.42919031917025924,0.4430152288835419,1.192687708276028,-0.47587862940469905
2025-07-22 22:58:41,-1.3039825098384878,-0.28152734167904014,-0.644710050023306,-0.9270283935239166,-0.37012345705819316,0.3934714415502233,1.295012858913833,-1.2727158660970415,0.5358045456235825,0.8333078403783489,0.5220454004822451,-0.22754851129025752,0.5753152593146043,0.5084717064615332,0.3398018515242357,-2.2735046714250853,0.0497355757452189,1.9194452777785074,0.34547760591834614,2.0772127541105534,-0.652727312212352,-0.9683259630575838,1.3645463894040812,1.2191293850091875,-0.4146375074628331,0.7272802683361673,1.1960360153268348,0.06282742957981978,0.007839388368673712,0.31042945305484054,1.4643613899308678,0.19727856037426683,-0.2520388972617511,-0.3755905313990127,0.4519492721768769,0.767206602483629,0.740595336142882,0.8115944192658721,-0.1989388892586022,1.171618270480276,-0.3716953966926299,0.8645112278669478,0.376346941746668,1.2818012718493441,-0.37343651020458213,-0.4684339376967792,-0.22657201018369205
2025-07-22 23:58:41,-0.38905569970256615,-0.6681880020169331,0.17326361997888146,0.7371573963622705,-0.29939303920163224,0.7346129635969836,1.7441856036245933,-1.5589458954124358,-0.47110187544900806,-0.17887341149795852,-0.9719741737006417,1.2543227049243373,-2.1971976786428584,1.1176795716108296,-1.4937891899195754,-0.10994255464972763,0.3610685449272139,-0.07057535330947054,0.23580583770128455,1.684735387815976,-1.2761116373942833,1.3116666695880372,2.097481591243896,-2.186681181404745,0.24955770314489362,-0.9829917211390315,0.7081067545377265,-0.38329767339716614,0.11362614379723847,-1.1912682862367738,0.9838141026389837,-1.0152783767325706,-1.095890407416471,-0.010030953816077534,-1.1326419936014687,0.16536766627374222,1.0215495729980646,-1.0348116054080512,-1.1565613701120274,0.7556364740790248,-1.6969378567491356,-0.734443204077514,0.3536132830527874,-0.08829739574956559,-1.664756709273102,1.0054304217152175,0.3308395868451873
2025-07-23 00:58:41,-0.15100503795692286,0.7570747942164848,-0.29163635589071624,-1.4122204905806468,0.599285242226387,-1.1352912766193404,1.329457722360226,0.38087060248995025,-0.5554708032830618,1.6441278290444752,0.04098526189314755,0.2156484578161334,-0.8484594074004659,0.47110732489915574,-1.7870288591176045,0.3138476883028795,-1.355337528537078,-0.19855684850011202,-1.3455507385159942,-1.3450449630531724,2.6923519020133333,-0.8472023424211844,0.316427473646686,-0.4217987377125453,0.274512743153274,0.6792261069598671,0.23588423242040632,1.050256394717701,1.885782470253134,-1.96631753499722,-0.14822933251296763,-0.838257083146828,0.9579814545620032,-0.12921929137014698,-0.5854187741262489,-0.440428583943286,0.185659830882316,0.12144094185254312,-1.1967554191215535,0.6943117385993338,-0.5086618228516917,1.3373700457093194,-0.22883582352279047,0.0865406138409503,0.48470557751363047,1.0198137525198814,-0.3572457063274135
2025-07-23 01:58:41,-0.14931012207963879,0.6391456604103195,-0.012425203192372163,-0.01573991549703855,0.4117919672575088,1.1191316390780526,0.08280795094807897,-0.7919659825517117,-0.09871261820200423,0.05480352503519052,-1.3304866133942261,0.40493874754334175,0.8459623042331031,-2.042784753471388,-0.34021048869110343,-1.1408377830056111,-0.7919555534787367,-0.6085956329786186,1.233982510146115,0.8344392869957346,-0.9183190266822376,-1.8518829702733586,0.20854027812698864,-0.9090714052415072,1.535143118850699,-0.14851322409256312,-1.9214517039360575,-0.5402396681620609,-0.6486898441883657,0.11140196596777881,0.5406681401652461,-2.083452425615691,0.15510362106046569,-0.30899685601062066,-0.9217983299934462,0.21005605675348418,0.8621536582843834,-0.45918239545467504,-1.7517320251983295,-1.9424358967634259,-0.9291158709758122,0.46531511311485513,0.4114045225741659,-0.6775988116399392,1.2929416387085366,-1.3142692542591292,-0.43151042485685737
2025-07-23 02:58:41,0.13606219008299802,-0.4951514559865677,2.2520964877979712,-1.1867360321599454,0.21609789404862997,-0.9668693490823079,1.4514587307131828,-0.4170961958806857,-0.2492972723885008,0.9606843543782868,0.6856346402068447,-0.194924835299214,2.0769240206666137,0.4057222435584205,-2.452601194159595,-0.03719314955846479,-0.37703595460323147,-0.0555451576593839,0.12057762552215776,-0.9982918541311657,1.8864126891326465,1.2617592807874713,0.9769374187662467,1.2565521507247344,3.741424049071618,0.705675553479982,-0.7684129412578647,0.10224322501847427,0.15849258851876288,1.0446407029242497,0.6311890953720467,-2.087651823210062,0.5153886528804036,1.806522267178562,0.5047620140594485,-1.9374477762938118,1.7462615976920983,0.3283190082125686,1.2014886728958458,0.30210226181580674,1.3673276675702783,-0.7852442565168453,0.30025180851611266,0.1545455782425754,-0.6990634001444095,0.06191090820997323,0.8306017888406049
2025-07-23 03:58:41,0.376880819083468,1.5244326558897145,0.7942076503083643,0.2508914131254316,1.5927547539381293,0.4598339459029591,0.08972242060493542,0.03027544865647681,0.8415495654495777,-0.3973292283590848,1.3883653987972395,-0.7070446769082203,-0.3543205904486406,-1.793201756566665,-1.3114580540818983,2.067098704142203,-0.9165595626572934,1.062912851840706,-1.3565612014834507,0.026621047286305228,-0.5164075319395778,-0.889954278261995,0.42131522406530714,0.19768351699913084,1.0278862559419035,0.3456456511954778,0.20936764435261335,-1.1195045137223345,0.4861531848544965,0.8097520019933062,-0.38695566176548135,-2.286004860511512,-0.15603111196839417,-1.7023834127250306,0.10259258864213361,-0.0643404915668573,-1.0259131051345978,0.4090205997340609,-2.1269023026860663,0.04784721011480965,-0.03549506221456746,-2.1671418519629286,-0.9665464864327106,1.742257123161588,0.6297233407812102,0.5466400033892009,1.1982549176268504
2025-07-23 04:58:41,1.491574348061727,-0.989351077593747,0.03431619704907618,0.5881600160247286,-0.014627364854483592,0.12444354972286059,-0.613993850428221,-0.5479661753168396,-0.6916359859808082,0.22274444010455288,1.594785390855707,0.6595630233991985,0.5278047251814165,0.5267464422052724,-0.20611178471030187,-0.6639813965896286,0.14123884804903192,0.8623326800501022,-0.22757184894008206,-0.14548024525607903,0.3808198092747541,-1.440564609329533,0.6257044558108691,0.029938299043153965,0.8265948302268092,0.1879694147893501,-0.42133959428954976,1.6413712549991912,-0.09156976786912319,-0.18170436921469724,-0.6690030101304194,-0.8938961442388434,-2.1697579440658417,-0.4799787667581106,0.8397769230841408,-0.40628184432788395,-0.7425138974781005,0.28203631423741016,-1.6095792941617706,0.17113786721731414,2.0630483743519785,1.3439230049876223,-0.5228342780360946,0.75110833686741,-1.1628486999200076,-1.1863156984288012,0.7108723247810793
2025-07-23 05:58:41,0.36806864307106163,-1.5055997824338399,-0.21299923100180543,-0.6378081838240444,0.7365077598077615,0.06600857506808316,1.2734516153316395,-0.07225670039312346,-0.15495213340995792,1.2066702046664846,0.3049108761888164,-1.0114836630791648,-1.8071370922200674,-0.289568487167015,1.1570432898259884,-0.889086021288661,1.026349226170641,-0.7680602143987733,0.07796229774307244,0.5223318705562703,-1.9601695744122833,-2.7079012609452078,0.4369814954635652,0.22640600777522837,-1.738615477918974,-0.5144783420442046,1.1377740521153845,0.11651579561756953,0.6487261684326768,0.4226415824605535,0.6096073555757983,0.5280144425132818,-1.088584029753531,-1.6907563670958605,1.3749964023859909,1.4589530321389095,-0.3123441698831952,1.7751588251357187,-0.646901692350051,-0.7576306094682976,2.715145758923471,0.024218817215013736,-1.6052542970469248,-1.7066381843458116,1.028886448312842,1.054840659777231,-0.5426329220242001
2025-07-23 06:58:41,0.005571770797623522,0.09716496890586053,0.13036084273658113,1.3618953784077106,0.5400641180896822,-0.8990116991571516,0.09713426167675988,1.617700902297022,-0.7372687825503358,-0.4564179177422406,-0.861514881988478,0.18393659137110197,-0.1977072124726332,1.4990446860747504,0.4041271046143613,-0.01668141185821326,-0.5535156441013805,0.47539424761292576,1.4794662133852858,0.8698850166179586,-1.2400842092824524,-0.7020704033261863,0.15054721043670885,0.8846500025535492,-1.5332260044624122,1.0167029356954567,0.07014544844036226,-0.3720966377146508,-0.2316355570088377,0.7575119453769696,-0.7737941675431359,-2.1811391645721283,0.41192963681506284,-0.8876793992352382,2.0443758961672485,-0.7632935255492628,0.8182313932795467,-0.5523053651275278,1.212633660372848,0.06420071738489108,2.5115265768656814,-0.1255503676306206,-0.6265002461976052,0.1688531287972094,0.04890054217619708,-0.265327840386639,-0.20791738842662574
2025-07-23 07:58:41,0.001460279594307867,-0.3577545763224448,2.4252624446506017,-0.26079116194879787,-1.4866076428526087,0.001328811086041981,-1.2800425497137167,1.246982289912158,-0.9072339635879316,1.0281206078609078,-0.9567391796063013,0.9441272017432238,-1.359010312759332,0.5087065959877246,-0.05053849721435389,0.22155554682182058,-1.777491156240453,-1.2899199799720804,-0.35915094565374583,1.6231788116700876,-1.1351272307193687,-0.7583629653788009,1.0976612395061773,-0.36531273459967833,-0.252373678378467,-1.094570410939263,-0.9361402091932948,-0.8156238598896299,0.4544866355699809,0.41027608239291663,1.124676240397643,1.324758985572089,0.7321467346474587,1.036360872814499,-0.5231044965093965,-0.3099017333955642,-0.021212423004188977,-0.9175251119123226,0.1648014660686231,0.3205125405929207,-1.1992459433487075,0.23957120735667828,-1.151895760846456,-1.0052274358588815,0.0014556913052553957,-0.09808953819652393,0.021957244094254372
2025-07-23 08:58:41,0.3306194578562932,0.4030941690325945,-1.1013744541871007,0.14110686294970298,-0.7828734533207905,-0.6137480579165567,0.16614115809408414,-0.43581753033346926,-0.49274863103546174,0.06161276723914617,0.8855540532021462,-0.7263005116108087,2.0249279284293347,1.8191308685968919,1.5161501970716251,0.09077540177761441,-0.30092996001190814,-1.19884891143144,-0.2355210353764505,0.00820529988052141,-0.11150226927988485,-0.7265286515096172,0.7418266179096867,0.686352049148957,-0.553269005091245,-0.5894188297031434,0.9869543265807326,0.9400465190560945,-0.005613546099459591,0.517373018431074,0.7149218078741355,0.13984798886948643,-0.2850354332516502,-0.6614887841872772,-1.7026182422975158,-1.0526100379875443,-0.9124570771296042,-0.755833058094526,-0.2937108264824486,2.4186138511076614,-2.389035352891934,-0.36897046976927944,-2.7349425516665637,-1.036925732743893,0.7329423877263673,1.8762266471988758,0.8146265970768866
2025-07-23 09:58:41,-1.8835955278966792,-0.2885816840405475,0.10161924276117998,0.6288907952141536,1.1949606055026853,-1.1585663722553128,0.15201704694002532,0.030776265381415042,0.0011594430033218008,-0.3957661863508455,0.3272075147817279,-0.40553384449061286,-0.06651545690709224,-1.3305103152148001,-0.2283184084452365,-2.2346326027107675,-1.2926095437346847,0.15191664321548978,0.8532604722825426,0.5123078318890737,0.2230109701841143,1.0334263282500753,1.8210200445061517,-1.5522034442279602,-2.5677882711256808,-1.4363105329336547,0.09251286898409052,0.5355808834424122,1.2013855068569057,-1.6731037211994941,-0.32402971268344255,0.8278449040204698,1.0419459452970041,-1.2851293579272538,-0.1961792469586286,0.6690682400678598,0.9435441384872346,-1.1010524865543216,0.4772022283498493,0.11388743613617203,-0.27172849140609884,0.9432461718670342,-0.7709451952980613,0.8666429697677914,-1.3287085208029243,0.21202636096039965,-1.0783762587749253
2025-07-23 10:58:41,-1.588742442720584,-0.18925503019057316,0.5508423816795212,0.5124252312153593,1.091618069124784,1.1384253811008958,-1.6959658217751383,-1.010731001522604,0.2512187294855791,-0.8189000478468738,-0.2954517928594203,-0.5029135942821304,0.2686150698273947,-0.8705958176166834,-0.915071506343159,0.26164269610112656,0.3158069918548416,0.8430319869989493,-0.9952145664625696,-0.4328223218809022,-0.38477795102552376,0.20840969989656027,0.03232108182589736,0.18217416716169352,1.4012530528780118,0.9438782241391422,-0.010483362891964975,0.5263415177822439,1.2167084552117955,-1.16965793338251,0.0969598914883294,0.18217309859607816,1.3607053978845554,0.06927052371839204,0.5760607776214112,-0.20325882017212168,-2.321963367620204,-0.20164397771765694,1.7002718664349128,-1.1068625432999954,-1.7016401444371103,1.1971234935184834,0.8586609253708697,-0.6079866296407346,0.1772439721262849,-0.419741954349257,0.018702977252564108
2025-07-23 11:58:41,0.7056431170492348,2.145773526837995,0.7212529783946806,0.46206127463079316,0.3180732217303216,1.1697878164121893,-0.36093922800932254,-0.7073116310299872,1.0390286902818902,-0.888987581679527,-0.4362045679721648,0.15065223002531122,0.6507944321178988,-0.9814788430766848,-1.8176604616504928,0.148229049719411,0.5695790843045042,-0.5501550847431803,0.15368607696569525,-1.8481782770654187,-0.17369986000809223,-1.5063146536822885,0.8403197677304565,-0.09677320717870808,-1.7227478939725125,0.7709154868841696,0.8041624402848903,1.1824785452649533,0.4983771024864757,1.6944523533117108,-0.020395666045010627,-1.313739970118949,-1.366084010350004,0.29293135788427654,0.09130480187962539,-0.2238423224980275,-0.20978371230600887,-0.31887549508748886,-0.5089758968825275,-0.18367647064724024,1.070774310822033,-1.338988228211559,0.16921459834667818,-0.0029636476901142247,-0.2290746234109482,0.24212005788301408,0.5176296705868337
2025-07-23 12:58:41,-0.29746426558127953,-0.01040770660719972,-1.1684672497489603,1.271119133259641,0.6331208702147674,-0.6094842882501548,0.5426405774492491,0.6818322544298532,1.4071752150823216,0.7666325122125774,-0.3034148460118704,0.6889792961224191,0.17483248691780992,0.007862367843162627,-1.056546420303341,0.6699830150604144,2.127805944164191,-0.5383223611804125,0.13689619450167587,1.9083563773393235,0.16348670024553025,1.8546511340604825,0.5193070200708694,0.6373908618934256,0.6346687787458275,-0.018630876659054104,1.3291148867031002,0.15544653786299803,0.9793480297566786,0.5702817451921272,0.3992248548689801,-0.031713131574759176,-1.4961666683958585,0.061946807828884336,0.11625613831593554,1.0461542543434417,1.9153280129889698,1.3072820079138467,-0.5975498090441577,-0.9097897379147054,-0.03295493718123802,0.5160967680946988,1.484434435340627,1.644618018979956,-0.7472220591941003,0.3971917874346568,-0.07238483397662565
2025-07-23 13:58:41,-1.1011627996028617,0.11656758590690658,-0.9928190275468456,-1.2865341578993243,-1.0623540952896993,-0.7276501128322213,-0.45410425261500076,0.19743336396020497,-1.1998703706875224,-1.4435168426340823,-0.7580609230265491,0.264439896607508,0.2819641944800683,0.2137411393570106,0.6730369726985378,1.1363937171751095,0.3028645830770712,-1.8581831992867464,-0.2129719202156894,0.5269426172961904,-0.9085323693715633,1.345934632154022,-0.30827832111739467,-0.22314653565179596,-0.2987095898924787,1.6033441515978732,-0.3721698543510294,0.17415527856609714,0.1861184236520717,-0.5295934319199094,0.53212940464676,-0.04831919695520222,0.5963890136930661,1.1377244254428212,-0.0770222751127089,0.11573720446248166,0.1062928491280975,0.676437440447957,0.916256256469764,-0.6126120042287461,-1.60823217787544,-0.8379536151560555,0.05328056741222741,-0.09386428324746258,-0.30592155223971823,-1.7485259805202966,-0.33442311861585877
2025-07-23 14:58:41,0.09654625752130719,-1.1201280184745515,-2.6831023144967756,0.4324049396495591,-0.6923059982482005,-0.654335392946239,0.9762358396318103,-0.15272564630558003,0.2722927083701471,1.4942427660601556,0.6808310706308516,-0.18639967459392265,1.2609731434861033,-1.8473294541523797,-0.8017161659998658,-1.2874835021854574,2.063368365600428,0.19497448464020453,-0.4569083936288406,0.8634170991980914,0.7626969285230883,0.3355530796755412,2.0673733411450996,-0.4331263046184142,1.448560533331139,-0.8372633827824756,-0.6187537230242134,-0.5090557294158154,1.6668903859526796,1.5840760878620674,-0.15131587826621287,-0.4788464810671724,-1.5011557316797528,-0.23920228132523197,-0.1894936063608936,-0.18726319481327858,0.43544530395928494,0.5269341003374969,-0.18561755332099192,1.0769615281188802,-1.2978391282156738,0.7483211659146222,-0.2569900137130597,0.7442913830117309,0.6939795141318541,1.1802340157026934,0.6337645108421063
2025-07-23 15:58:41,-0.5531719634409606,0.4684731501152237,-1.0025706885659098,-0.5723220729978898,1.09667139726285,-0.32631800667050137,-1.2149374601579708,0.25704506869264465,-0.35068773529697644,-1.6412760049966895,-0.30127249316864296,1.091041884533366,-1.0157185917697131,-0.1493200466863821,-0.8558841187795955,1.326336823603188,-0.35554823815731873,0.6838081452022997,-0.591155488198331,1.3137012605299163,-1.4377399982505037,0.8498265136369028,0.14000897887695948,0.17725032708451363,0.21701807053491143,1.1662076009245603,0.301979755159126,0.1258556484141888,-1.0606167644739781,0.04563871203416057,0.7087260561774801,2.6960417577394367,-0.14478966899180878,-0.4095679478774372,0.20577276869972824,0.4727801867903722,0.29726174384536913,0.8417726005523243,-0.09198939441786323,1.6156308355661315,0.5009579393771477,0.24811994129822176,0.6482971071844518,0.6649631764743337,-0.022176646534017585,0.8586660734605753,-0.6778918583337966
2025-07-23 16:58:41,0.11919896145054508,-0.7771669755474518,2.2629461916610105,1.7988260093703763,0.5194100734898803,-0.3828013764427213,0.37798396942332013,-0.30785500565181234,0.4949904009456167,0.43358088006900697,0.8120856751676601,-1.219844371811257,0.6319666458634032,0.822640604840017,0.7023555786652811,-0.5382988334035916,-0.2753434989915612,-0.680368921454488,-0.5679741246200762,-0.07858776727196413,0.6964138260802198,0.7801892885863226,-0.9089885634224947,-0.8471697113492076,0.38154521156449234,0.6935227548040824,-0.06410580679370967,-0.6273065076546777,0.4605501536406743,-1.3571366050933726,-0.02885333038141571,0.9959757721416049,-0.04193637614128664,-0.4778465644277433,-1.2594229296533692,-0.32720746729523337,-1.3325659546389894,-1.3614261665870302,0.9197130362446951,-0.4628904617942899,1.6176406457731018,-0.8942285661431146,-1.2772454262525688,0.7534707164191723,1.4379224501702197,0.17610084965313047,-0.0006204937197768359
2025-07-23 17:58:41,-1.1911060152519184,0.1922820386478938,-1.052658381025752,0.7515041017553099,-1.241251410716933,-0.5696408286304437,-1.3865395152965896,2.124013048511433,0.1275678837545257,0.3594618891170491,0.8789288193806603,-0.35042210411971514,-0.21745880701354137,-0.20526781382921497,0.04199025183969507,-1.0142861051634406,0.04665480229956373,0.4676005805240012,-0.0001843357175436075,-0.99326782796478,-1.7698963032455501,-1.0280803409453818,0.6882839249427497,-0.8979027438718309,-0.884135262639548,1.3728895712280016,0.4371871901479341,0.46553483850757876,0.46398014157119283,1.2262718365057108,-2.11730068429504,-1.2345899167288785,0.7307767063181612,0.7987781852396553,-1.862728161901846,-1.1734163334285066,-0.268461365551543,2.3744075369449504,1.3900191310323222,-1.376288033411831,-1.2492977001044623,2.4354404754632992,0.8951643524197157,0.17079062220434962,0.6010188399183463,1.787329576422729,-0.6159775760132333
2025-07-23 18:58:41,-0.15254728833534287,-0.4823107600424307,-0.9198291811594003,0.6697367332002025,0.749076541146095,0.6734616244884379,3.5970466663779574,-1.3916545430289267,1.5284710241105524,1.1248520737470262,0.6687406769873465,0.6533458255387639,0.29432330324583644,-1.154368640754496,0.8879693522962304,-1.951761622595854,-0.5592989710537114,3.3970300173622903,-0.3156792056479443,1.2111209098340485,-0.46149934293991324,2.1981729616243184,-0.6873353988087667,-0.08030893125385526,-1.7074406868732197,0.5623659928114387,-1.5762336574061406,0.4345814901093095,1.6288641069898493,0.4552569430973759,-0.8244416301191746,-0.32564710407861497,0.6363577332276825,0.22053872978864245,-0.7658058904418078,-1.4722501451606167,-0.7824593139616891,-2.096802861521252,-0.48782568619170746,-0.5206142002442308,-0.27758097209513943,-1.8366752026515707,0.37470281607947253,-0.20780421895530207,0.7305676522555923,-1.1572298712393434,0.3287593994650999
2025-07-23 19:58:41,-0.7091452300732402,0.2889469910129471,-0.14393474836165573,-0.12476108874611205,-0.015288752432551293,-0.7638859347132461,-0.9063831695734123,-0.14995003815620464,1.1537384628474605,1.0675848370192547,-0.38139518018376367,-1.562312776340891,0.7633229244034537,-0.1552160196379334,1.4612294013467693,-0.4754275837588786,1.2345167528555687,-0.45707340605698227,-0.23494273067380547,-1.5620847903626809,-0.18162291894945062,0.15834056114300482,-1.6054989623302323,1.0447606112957915,0.7467671137322905,-1.9324184434658176,0.3562612233393072,0.5896805623732302,-0.4726881827417869,-0.7260918513408867,-0.9609112190294959,0.6496899177825369,-1.2733520066392252,-0.907332058947164,0.8311496961055146,-2.171167728983183,1.4334468533922182,1.807010546401432,0.25894369975596065,0.9988536957358164,-0.1939463609088487,0.457822958513483,-0.09349763205264763,-0.0566771800131214,-2.2954186898027724,0.21689674630509057,0.25048724407063205
2025-07-23 20:58:41,-1.5852722082785373,-1.395786473950878,-0.4053640052997593,-0.8884090963232562,-1.971396144413672,-2.082468772968913,-0.3162784271401616,-0.8654171849283633,-0.6942182147559955,1.232659282837046,0.6326721246306479,-0.3077369349474387,0.21555184864806842,-0.4109358737077898,1.7167697135505535,1.0460293099160527,-1.3850933877137575,1.035943055358634,0.666373288211915,-0.3127836407520054,-1.6732868063712578,-2.037829607040824,-0.19995172839789588,0.04740042230635998,0.046298594779932804,-1.0423007427580344,0.6404825033174437,-0.985427554133646,-1.8698254260893206,-0.7984855827385905,-1.865216224632737,-0.4942753252765757,-0.7068904680675201,-1.8027672791352851,0.9888852401598371,-0.6033414912820623,1.6417222376324871,0.08671368055984333,0.02095621948331305,-0.6319581522724272,0.2710387792940012,-0.12167418905682617,-0.2723814779204683,1.8295703516281787,0.04475619036558079,-0.9169592103568571,-1.3216769757887428
2025-07-23 21:58:41,1.7569307901498064,-0.8386199895154719,0.05974621151175768,1.5272845874868919,-0.7403358600520433,0.599098200067198,-0.43446411387964257,0.8405872663394852,-0.7488641771196103,-0.5265685953566998,-1.0463886050311806,1.0052049475895963,-0.5398682008912253,-0.5243852484170732,0.7813304590320422,0.8307026096883019,-1.1012217516165124,0.7476556940791291,-0.6419935396622545,0.4281569240351583,-0.23277863845011515,-1.06547278756162,-0.46626395053024666,-0.18519736775485443,-0.5162038709464909,0.48475703350123805,-1.2129208776231803,-0.6765458098696264,-0.67467176041253,0.8450877165506775,0.12783823274062292,0.42052872754105963,0.7728082072059351,-0.5152652655808798,1.1085228078407374,-2.355133243511137,1.1306069248599537,1.4182085185240751,-0.9235689491844038,0.15779615834171606,-0.17856756780670247,-1.1081875725543573,1.3347322246829854,0.06697117203248755,1.6727570389243342,0.11782234897436658,1.8346618280325395
2025-07-23 22:58:41,0.0005111067331493587,-2.128669186200001,0.9766225291909756,0.051955408854084444,-0.33327203295579877,0.5736313175439693,-0.2371966570049404,0.514188074961688,-2.107146622633163,-0.011660078455310563,-0.6759593053864601,2.5846706062394675,0.7419594467806492,0.28983354229695574,-0.21004766753507575,-0.14965972934173916,-0.7360429925066495,0.13880141926024356,-0.7148346431701873,-1.4984964759078865,-0.8412277184403479,0.3293829168430187,-2.210423614630338,1.125570017271959,0.7338801960409277,-0.6575973157526426,-0.5190418441405491,0.5491753215153176,-0.6165505916542103,-0.09886989137477677,0.9245209843871375,-0.04389749720030669,0.8207713480185362,-0.29500978131143196,-0.9504665354305271,-0.3759232174843849,-1.439920423231966,-0.08738635711252514,-0.6994260752932018,0.1940067393048669,2.049296727680657,0.3090670323176097,-0.1364594408535658,1.4022939576638875,-0.5705255616169659,-0.4151343606040399,-1.2626871979506402
2025-07-23 23:58:41,-0.47813264073369405,-0.6027330411806225,-1.3617749407143087,1.2185729069624986,-1.8648718731341845,0.05605307549653216,0.42702657644614306,0.18168525782403783,0.8968799281353339,-1.1973647466474169,2.07153146500002,-0.41392946992233287,1.0019399887673213,-0.8697788139734905,-0.9253895991318024,-0.017329067316681903,1.1155488833025582,0.9693766879528759,-0.5934012643365474,0.608174783821118,-2.41678572716886,-1.3260327181955938,-1.1038910135554998,0.453500095631703,0.5784217110562965,-2.5424286638917417,1.658074859303327,-0.13396992801230764,0.5904316911855655,1.6780170556679195,0.6827748362609243,-1.0150725392051212,1.1906043928062728,1.072685216761996,-1.155991404876917,-2.2350397544767273,-0.7331303859061998,1.532715695332596,-1.0425459978752998,0.09454919833093706,-0.3388695374126247,0.8973495663592783,0.5475665419756925,-0.09922761790853625,-0.10691086662270971,-0.12475161860033365,-0.05172119903109583
2025-07-24 00:58:41,-0.20887615887098046,-1.3484939623034389,-1.5397662703129333,0.9319828107308628,2.0569859147776755,-1.0404705991949577,-0.1516459155375345,-0.4774254897151924,-0.0025555162651636734,0.145445597677824,-0.4410425778817969,-1.3183165035834175,-0.8145653688109341,-0.7044627771188434,-1.226912323379562,-0.9962082809636241,1.2344606857155762,-0.8574936611999854,0.9369664302701743,1.8990788391592262,-1.2994099827540064,-0.6698837211029195,-0.012209256103602493,0.4639093075381195,2.5200260712071443,-0.4764214026643819,-0.6597765353649383,0.3207830234948369,0.5763331239267769,-0.6615467300584298,-1.3671174604900025,-0.4606391769321969,-1.1362556819690528,-0.6276236513588143,-0.17524404789405038,-0.4678934136354917,0.2792794099819584,1.0897815331848397,0.9168246456355185,-1.1321708110996525,-0.1852476595932423,0.5662104190987091,-1.0764315852417508,0.34897525391183915,0.7893354968858554,1.7234071432020115,-0.3093671645658448
2025-07-24 01:58:41,-0.16310742172448017,0.07566453630568697,0.09705280041945515,-0.5796774256145213,-0.2519088289905973,-0.6948929085056375,0.21157756735736977,0.64794017705185,0.9045539502169527,-1.774597785047461,-1.1271292400324957,-1.0859973554084354,-1.7517038143983485,-0.4567278697173916,1.0199737591182974,-0.3046557365216518,-1.6206016328690727,-0.5863177136776367,0.29736861125059666,-1.4290902812502178,1.408053351622357,-0.9717780732637666,0.4956642062794637,-0.45646063597959685,0.9051731274639122,-0.35389259957884817,-0.3084595451150342,0.14671851819473442,1.5531335391549999,0.8077106034139252,-0.5853394321536617,-0.4347601355222321,1.1116797889571648,-0.3428616749972083,1.085997813566875,0.6177766530287233,0.9733655391057237,0.8733709885704589,-1.5410382325596783,0.18693403820891633,2.4758243143705196,-0.02594599678282416,-0.906126273337564,-0.9268177946375894,-0.011056231357884833,1.9055596066752916,0.598660012573293
2025-07-24 02:58:41,0.2399934530452176,-0.1961872244592849,-1.1001876200483645,0.3877915654393548,-0.8557824728339903,-0.3003898212091233,-1.0008087626625188,1.6253714890940987,0.6872685690778669,0.6499915182876663,-0.5313082677896761,1.7858152576518644,0.5712714692789865,0.10696933869890415,2.0577670299551496,0.6565894811685785,-0.7213718343229188,1.169027780477896,-0.02181914137484037,-0.5685803629644041,-1.2089532873017894,-0.8311460159240209,0.01820430271165637,-0.5631998789421954,1.4327074347290039,-0.4841837346251927,0.09626544216428796,0.4848763731944056,-2.007353346139703,-1.550195879535807,-2.3324475314543673,-0.46937100158084233,0.2751875841380795,1.3218981984803313,-1.7735665602368242,-1.5403422890879546,1.3171530822122797,-0.7154376058169136,0.9743940907658082,-1.0424356572541913,1.2869728551592847,1.758704031785615,-0.939858702295667,-0.9313451460546913,0.9450861326142858,-2.319010874754789,1.1274743385331811
2025-07-24 03:58:41,0.8545076356877693,-0.8218728290133478,-1.6630048050450357,-0.09916400578523828,2.736773573607811,-0.3296759481945796,-0.35924460342493525,0.9051892424276581,0.9493054969453171,0.09454886697716748,-1.695515730032809,1.266513672254951,2.4136724992267684,0.40291726391320887,0.04084234062001238,-1.5440576255027136,1.5690406705930051,-1.3241636008094069,-0.03824028255422093,-1.3456925079724398,1.2977067214606623,0.5265727267934959,0.7327647621598584,-0.6735302433199786,1.0944926485796695,-0.11362878678994587,-2.021738145108863,0.18259114981637775,0.5734989166630786,-1.1556353964691344,-0.04584934438765181,-0.816283252019999,-1.1572880942396808,-0.08047412222632913,0.591543876831645,-0.02147469376511013,1.8802583279765623,-0.9111888040501083,0.10562264035430295,-1.0083183403740719,0.10145972136189065,0.12438724789541585,-0.8271769411893608,-0.19103535269212,-1.0878963823647707,-1.9051032830031642,-0.6134088892990666
2025-07-24 04:58:41,-2.3642134128280485,1.1267074885089452,0.4329268971151754,-0.45262822547659304,-0.8577972014195657,-1.1464658700211448,-2.2292911817790575,0.5584705039747421,-0.7275767395103777,-0.05198388829913874,1.8306431593386883,0.23464877581680127,-1.0075387050571,-0.5165949149610399,-0.4844571066649963,-0.9340078855382602,-0.5017720071574691,-0.3031921398823823,0.5473266149583278,0.5879286843124931,-0.6474024621534262,0.36611450190115624,0.1993113218912349,-0.41608283547568753,-0.09740300487350086,1.5804966236133324,-0.5647928782364342,0.20678398310002277,-0.5057472437254003,0.04976381821123587,0.5445929428425434,0.0030499168940664656,1.9509388777293737,0.5220317494976052,-0.8472998169975038,0.45219213567719,2.2426411989555795,-0.16453497457127567,-1.1397993338525947,0.30679455399848193,-1.223935899311982,1.5102578743040616,-1.4933441107882537,-0.9309061535709336,0.033809816527933884,0.4554249801925317,-0.1829818990376875
2025-07-24 05:58:41,-0.5282313256349139,0.1409052647997244,1.0863054923506348,-2.0895681690115726,0.5170592591302255,-0.6462167517038563,-0.1256540889673156,-0.02213715736862018,-0.0015150786283105835,-0.8683825343617771,-1.758188356059708,-0.2481148584081754,-3.5932426700755373,-0.4459358176707545,-1.046053471835141,-0.020230656725764715,-0.6595618456395396,1.2279549496495106,1.5372531531029292,0.8596693126772406,-0.09750356100671528,0.04832605981563343,-0.8217272967209563,0.5651421584655058,-0.4195275240434165,0.00028639564673753353,-1.7260086809596906,-0.5911815976473448,0.5731954948314736,1.8965351128963275,0.4909902005010163,-0.09950933032485823,-0.7359462640516797,0.37776100827210707,-0.13405810839101043,-0.21123933107496976,0.08648145655946535,-0.017664658952396165,-0.5633191084258353,1.4773537046832936,1.3065191850150426,0.07213554487761338,0.003225013617057794,-0.4682609582631935,1.4635841008158321,-1.6611181108105413,1.216987102058086
2025-07-24 06:58:41,2.015387086336636,0.30407747994244105,0.7189494430502628,0.8438220169773794,0.5304150436189697,0.5799948494803885,1.5485258253645462,1.0140558241165947,0.41939165309570203,-0.6605514027426882,-0.7835086064613721,-0.5916452446726321,-1.2885359238301932,1.545043768592312,-0.917525913287076,0.847281487339928,0.3500911608254355,1.3779548802794086,-0.8643885480377099,-0.11531574483892582,0.4224526967450378,-1.6092541088184948,-0.3061849337192064,-0.5198293278325922,0.6224482480642367,0.1316680694210674,-1.5532028010771708,0.19733890426978437,2.7123124282062805,-0.14354220115343688,-0.5964139185676851,-0.9921353231555604,-0.9322509014396795,0.29200264081612987,0.47294673945604304,0.5951234131140517,-2.2729370476935973,0.3855517351490562,0.5859111523213182,1.469580012843583,-0.3722255224563758,1.582954664344158,1.5352498000826844,0.16518721986842516,-1.7423663032374732,-0.16714710030574623,-0.401098925589312
2025-07-24 07:58:41,0.663356330159691,0.4148637942607634,-0.8793821805488901,-2.051643072808103,0.2720001532473997,-1.1123155848336244,-1.0198454181625316,-1.1899107977019843,0.9038196677850011,0.7084731857025933,1.2937864425002281,0.4740956982571297,0.6123349852807569,1.774164970568859,-0.9731930432120286,2.4971605088358784,1.2353851236187914,-1.0819069335391847,2.1594762614858323,-0.34324778515057913,-0.05139347462364773,0.5994459693529168,-1.138337756250329,-0.2739168236415651,0.04383346554305737,-2.1039243160191616,-1.5953182384220608,-0.8956933596226876,0.3281438007293168,1.8301912948002705,0.15593754507195598,-0.8245127022166373,0.9643355576005918,-0.17983737071294367,0.8328458844392708,-1.3325498448387862,-0.4994782477621965,-0.5210943322752315,0.6860553741206565,1.2859165979385734,-0.9612683101680204,0.7629936984323245,-0.36082170720588835,-0.8529903612810572,2.0541011665929023,0.0422580506746608,0.5809442740174013
2025-07-24 08:58:41,-0.48643363379001026,-1.2758161887927462,-0.1928235859683887,-1.286214837513972,-0.201859253849081,2.150554171090417,0.9987159593289954,0.5495315691327185,0.7090568327274337,-0.9323423950952856,0.49388740409654164,0.5565119355370823,0.6098819080683613,-1.486210158750009,-0.7352059523667237,-0.16364131849991553,0.09032374205891038,0.4060481417708353,1.496676597222243,-1.466700567649604,-1.166451670266281,0.3546805984875443,-1.8297725114468468,-0.04829187988453775,-1.2822592833072246,-0.3509757120721135,-0.03433426141297352,-0.2795168803854089,1.460476279303118,0.8587076350580607,-0.4983269174293093,-0.9938377051501754,-0.2682506633104424,-2.2172652652925593,-0.01592716069119169,0.3712659050012651,1.0261608788989072,0.8804404652449184,0.6950672264484977,-0.6439226926460266,0.989291436398971,0.043485376636232594,0.4588146271975168,0.2921523920279002,0.1881669385234557,-0.5959654264699893,0.1538473048566058
2025-07-24 09:58:41,0.7733759334259325,0.203166270672975,1.2128566244440915,2.450170739642538,-0.11693753612012453,1.0648549277865165,-0.5177258264118166,0.5408363186113164,-0.6895239647126534,-1.130433873206324,-0.6862277991431416,-1.204909902495545,-0.6159378727510191,0.34862963467765146,-0.5515260570186339,-0.24882626970609617,-0.35685881384822404,0.3229777518458229,-0.04175089016981647,-0.3708320771067616,0.7988834669659071,-0.7882723723616796,-1.1623211784445429,0.1866289269682432,1.648792403637204,-0.13678166149747711,-0.5027159940343069,0.7352641337380766,0.588435356811244,0.11095609738254733,-1.411919712690138,1.4308206204164333,-0.604190525927075,0.9793514876403066,1.9990902307433966,-0.080057623637219,-1.988639534416862,0.7798968556221966,2.9900951308411323,2.1241379402892755,-0.8106286197621511,-0.4651866598644962,0.7409604305788025,-1.781574227612121,0.4503837478813541,-0.6031758404041545,-0.23891592543097506
2025-07-24 10:58:41,0.3023638495581845,0.6260149938497009,1.261644444145686,0.48425701748742833,0.5758118161046294,0.7845406485261683,0.9864379439176558,-0.4518212530303269,0.4491240438534774,-0.48295829476196533,1.0023823100397515,-0.08803210892898194,-0.9898029710586936,0.5447001943233103,-1.6512996623820422,0.015286901264432438,0.32523570508623134,1.5410243980093927,0.029369025512181582,-0.3720991883964955,-0.08234649853661728,-0.7982463325549067,-0.6441568009552812,-1.3489303593625455,-0.5126698540002718,0.4637117323335742,0.2371729549542929,-1.1442325851854311,-0.5794171547816883,-0.17658177269614433,0.7600717375106831,-0.2513750952266633,0.47117117565592165,-2.193945399720163,0.5104853605333508,0.1629744345320644,0.38623800682346726,0.8480161386295534,1.0458776855510878,0.7357257897300657,0.7001733636280494,-1.631076384904495,1.0614752155997504,-0.5513073086031423,-0.5181454308975904,0.34700563925436007,0.8337529828771281
2025-07-24 11:58:41,-0.31767589848868943,-1.3766959220269535,-0.8038588204231384,1.3647392729722996,-0.688287925412162,-0.3543249248262836,-1.7606591614665308,1.7369908290947305,0.3967726147841735,0.8178380496534711,0.33710055620438373,-1.8971982192695294,-1.798570282911587,-0.7056859519373788,0.7842391284795054,0.44369155299864455,-1.6772492900806915,-0.7142703466181188,0.5662567778847284,0.4159853126069373,0.9580748141101337,-0.4386561117771317,0.8297226127883801,1.4671690680678344,-0.5943404199552524,1.7175409295919428,-1.2324529620862024,-0.1556948340404133,-0.22230492859233839,0.5535907354107803,-0.6817038451674873,-0.3177244645300678,1.1659217205267356,1.7601059503225562,0.6441238333717906,-0.7817344492351932,-1.1714735430578358,0.24802286952524336,2.1304895633743883,-0.03019857710655981,-0.3269759914413292,-0.12067168565989961,0.9950650683108925,0.8650503557539899,-0.6083341333158954,-0.49256649864745244,0.3506235167969315
2025-07-24 12:58:41,-0.05047617639350908,-0.9850612324256965,-1.7271005672391935,1.1255454665887705,-0.769630881064289,-0.7953220923551452,0.287832732715537,-1.9392528099124924,-0.37539625126987264,0.797263001851977,1.757674986255562,-0.899017024067024,-0.7453433670669914,-1.6624108894586553,-2.2622586377172373,0.025141242071527053,0.10914984708395463,0.27253161588827524,-0.6730702698454306,-0.8807844886825703,0.5878165424680323,1.1705816896362176,-1.248738009239332,-0.3430369698359575,-0.1794753557309082,-0.7288068982976346,-0.4420864772645541,-0.3484542487174849,-0.41422610541980714,2.2408273984467817,-0.45733668053542564,0.7026711673849612,-0.9373408935602695,-0.47619257136416404,1.3710729031237485,1.3954637000069892,-0.396137857238233,0.19793581347862893,1.0041262856872981,-0.4975704968453537,0.09385387665742989,-1.211939211059719,-0.7520541817017549,1.222277670543023,-0.6813118634126462,0.007228806553303215,0.42917675616069856
2025-07-24 13:58:41,-0.1060519193738686,-0.04614363819543695,1.0330838285416288,0.5009062443014903,-0.6548269603030179,-0.025449808645245816,-0.4171517817153879,0.599117505899191,0.8386489514164517,-0.5247967586024601,-0.43919597225294693,1.4544741314423983,-0.297561642681711,-0.054533550185429706,-1.669745218160276,-0.6993883307320304,0.2080144013375239,0.2048365111770692,0.12929083835261523,-0.5479732634899451,-0.5994186887833834,0.5073664400434701,-1.1844523199304282,-0.7775275825799032,-1.9954855440234887,0.788022681242929,0.7681602551940493,0.4171385207800488,0.7056827870694922,0.28608335737610224,-0.9564814870407532,-0.7263326831059821,-0.5191531445007967,2.2702924149516153,0.8218015710355826,0.06983047558059854,-0.141240513193308,-0.2618570017984396,-0.5719268820163258,-0.6528587855322142,-1.2976198405767192,-0.05188825224011884,0.4871449492892698,-0.6658253371927615,0.07847999708140062,0.9991251198729317,-1.2342495862582357
2025-07-24 14:58:41,-2.1331298001302885,-0.41052442375329556,-1.2283734211025354,-0.004402803633139134,1.171084768220091,0.22159191629259375,-1.266532082374296,0.49475546356693106,-2.823452887193919,-1.998305732924351,1.7202827395928977,0.7670214942714949,-1.550120991766597,0.05068751622673036,1.2252710859929123,-0.13211585710300078,-1.4669191710824994,0.65903543440694,-0.16946615334312595,-0.486092553112879,-1.6532567577367192,-1.090523945739291,-1.2341115276641073,0.6568307402179216,-0.5969819937496735,-0.7903625905416752,-0.7954328343287321,-0.6039904857105992,0.17447365486907562,0.2505707065278943,-0.4213742863553242,1.2714914507270978,0.33492185069782343,0.30000660962988307,1.5599125458340797,-0.8110020663822972,-0.8158199046241653,1.083209949733267,-0.4481880845020067,1.8167063012702684,1.2730726661921863,0.5179230181028237,-0.5934538252766759,1.6221291446158626,-0.12057427445317481,0.9024062132032963,-0.35646878038933943
2025-07-24 15:58:41,1.259031960842262,-1.3317832978584072,0.645495355793507,0.6117194932319572,0.6840190359704732,0.6532797634866705,1.3398004185357486,0.11156642674871792,-0.4848881569789562,-1.3689786325502538,0.4627834906809801,-0.9652775522775134,-0.30512665033187436,-1.1374744101640994,0.21541170469469895,-1.037304364300259,-0.6331501127352464,0.7340574639139402,-0.4850260474742004,-0.5121901843932705,0.45389299933406096,-0.7261099604466043,0.763058046883442,0.09237533592622132,1.5599929677829703,-0.7663159755802975,0.39543358987655236,0.5209938431758796,-0.18058679731141938,-0.5956271589116408,-0.8659131339793452,0.011748225167929975,0.49878222704290065,-0.12825273995472342,-1.3954025371000556,1.8959771829927023,1.2898566667662053,-0.3475702372108027,-0.23725761632940706,-0.13133368187920635,-0.5386898575320832,-0.3152549348033295,-1.5554234082506657,0.37180691493396717,-0.4149249375964734,-1.0019101554408252,-0.32505591436837
2025-07-24 16:58:41,-0.913850747995443,-0.9729833774228291,2.1408241721030423,-1.9334335299480205,1.8100199774805636,-2.4892518843312934,0.7642785255429798,0.3831975816821044,-1.7983072813458734,0.19040503665195832,-0.3023143944998652,0.3188286706891798,-0.2330118196381799,0.40425835388366366,-0.1725509947540763,-1.431994181786475,-0.33192139480667227,-1.796363018199559,0.24516588597053146,-0.2735483346969576,1.0185402601779376,1.7572489840237167,-0.006556001912455313,0.09439084106518662,-0.5006061398616966,0.7398110519449399,0.4731365984981776,0.07927301590626773,0.7943674002907382,0.1752371916679099,-0.3479099701255975,-1.5182321178783171,-0.66956468743406,2.354183489965461,1.936688201972901,0.910737531743607,1.7524457358360703,0.5649622027428007,-0.9006769321148774,-0.4599981752546308,1.393282041991201,0.9918808453796808,0.11768941426775155,-0.2470782018939963,1.311163819795417,-1.2425597915005073,1.398483198930996
2025-07-24 17:58:41,0.05507833442882873,1.0216848617389693,0.7403168292930953,0.9581624650042422,1.9780783372187951,0.909489110307922,-1.3788712946591573,-0.3373193948981983,-1.2702947787480925,-0.1715223653188232,0.5653532631925229,0.8252180990066214,-0.3131312645765643,-0.5416750603831785,-0.9087332658644346,-0.2108585465245921,0.11800030263171495,1.5616846023603506,0.9627887444592496,0.8788843955617829,-1.3943360334488815,-1.162039549066778,-0.24300137646682626,-0.6320255564059216,0.8323589953039553,1.1686661667686291,0.38519746345176425,1.0581731384515278,0.5332699151549259,-1.9076518678894265,-1.0964024030346997,1.4356317529986278,-1.8758331685181922,-1.0334548705252729,-1.4904671813914805,-0.7840277225566844,0.8193254623580312,1.2473426539578254,1.4966038597592415,1.824697628451328,-0.09316551051248975,-1.039812347008855,0.018404320964769995,-0.2963941884848792,1.5661032562364756,0.9457204769522348,-1.3004167008007166
2025-07-24 18:58:41,1.061993210054646,-0.4984326511161899,-1.3475250103260328,-1.2623475577422734,-0.2961993385506245,-0.00784743676018243,-0.20169834328353586,-0.27323047956583574,-0.14177676327085242,1.0618591160652622,1.6773887801714251,0.13601017039040839,-0.2778718048447115,-0.6620822265723837,-0.5550605257734166,-1.1607168003951296,-0.9723206072528987,-0.24452181531375372,2.0532128223994337,1.3972933159551315,-1.3719867702632018,-0.3931362865453929,0.06756494115773488,1.0223350357299616,-0.736083917570924,0.8566614089686493,-0.07544395981575276,0.9526132708327881,-0.619163677707454,-0.2662560739522858,-2.301576906875833,-1.5408920013207124,-0.3364874219322161,0.500095024023422,0.0635353936015591,0.8080113072123415,-0.46389137041901707,1.2337479751713334,1.2007622629411887,-0.11821209845313892,-0.4885940896503964,-0.114101126649563,1.0220612095480799,0.19864278807717223,-0.21987975302125548,-0.8115340083549494,0.7325205660222408
2025-07-24 19:58:41,0.8127633444096443,1.3488326545248723,-0.2521701196212436,0.7250160792738654,2.6283979714588157,-0.18237479968608677,0.5754509811547095,0.18565920967329705,-0.5394930414203192,-0.2705051598409317,-0.041177765031175394,-1.208559947355569,-0.36791398581747153,-0.5266404147314633,-0.6957381972618286,-0.8407917060726009,-0.7414428272851107,0.48783664097566554,0.4389218876748457,1.3517622002791378,-1.2680693263948841,-1.9250039060088058,0.0831988439034575,0.417527513582702,-0.37676158556950823,-0.3842132414928397,-0.8543340241581547,-0.015359366764189534,2.106138576244775,0.8044229747823374,-0.3519083989949172,-1.2115021093848828,-1.0408537414432923,1.107799557772647,0.14230128343723297,-0.5965205591572784,-1.44164800241874,-0.29042115472443786,-0.6917555094491064,-0.11615081680039846,-1.2916990240970476,-0.43303478126716294,-0.2944296325045966,0.7685263300845665,0.20816280193489686,1.0012637232196226,-1.2600080993389229
2025-07-24 20:58:41,1.5583375192689262,-0.6052747357332006,-1.0789716064910766,0.3824656908988045,1.862032137088166,-0.9388045405721542,-0.2395527597780646,-0.6168580086269037,0.06289203549411033,0.16851768647526075,-1.1064866859046347,-0.7975255397360569,0.05367004171251173,-0.09287291480426799,-1.4260273701244621,0.4473851629557413,0.009749818127289898,0.33683168937169927,-0.2145864019638689,1.6471626963900121,-0.7409978786937687,-0.007561066973641265,0.1798380280637531,0.07345880842874321,-0.3222515485920382,0.7362591776533839,0.2961008412621649,-0.9592771227460601,-0.7556757396511621,0.18399102372918813,-0.12514285050140125,-0.3399762094162341,-1.2565078463809634,1.2433228174867148,-0.010658274331657511,-1.2962918438443898,0.8705750174399621,0.12432203526305893,-0.11571966886511503,-0.011014239486380839,-1.2963740286630607,0.9541796127285264,0.8641316523020759,-0.10131595809284272,0.2609100278888867,-0.1826155790918073,-0.37560274835903035
2025-07-24 21:58:41,-1.792274615199167,0.49198717098454653,0.2968110360025342,0.022498719237043625,-3.0899219572526673,-1.4831632061928448,-0.7696079332023463,2.9225816116690213,0.4697161704456237,-0.16900875294682785,0.05158499021716145,2.062900143767344,-0.292811885749349,-1.518799716951587,-0.27684681787479,-1.9775700905111937,0.4606274766708813,0.8265688461973225,0.8851010990358483,-0.18135804813685794,1.0679722099860687,-0.6388741756239378,1.4272419406477934,0.2661295292375192,-1.218089746340384,-0.09097563882582922,0.8253444146329842,-1.8524763253378045,0.6574850211441085,1.651306534440348,0.5539383262161832,2.1511017849067247,1.0950759371263104,0.24300157590542723,-0.7626666842140958,-0.2559153243164632,-1.0856388337982212,-0.42125752510922865,1.359927689136011,-0.30450648946282166,-0.07569100892518661,-0.30371440123100224,-0.6327474320691503,0.5964295620141691,0.3926303202661795,-0.7237265675897874,0.08974733142100078
2025-07-24 22:58:41,0.8542942368767994,1.2644224307161753,0.5334688713179783,-0.7478382447407561,0.26415590901511665,-0.5955493963315028,-2.518163168467134,1.6436089094081712,0.8000447340970365,-1.4596460136124907,0.049596723128310365,-2.0298296166683096,-0.8617054307935189,0.6118425356288044,-0.6525326323086872,-0.5015470361429989,0.8407045443581539,-0.5153316736089718,0.8863508272801107,-0.3164678611259482,-1.434853236174585,-0.6665310856936882,0.1943008294581569,-1.2487167565759096,-0.6331368707818223,-1.0517863477904104,0.6421099513641119,-0.48900985634032923,-2.1106352964004205,2.753961464606202,-1.3091567209698909,-0.2656749190864202,0.973114592068168,-0.7355090601592588,0.9212994924922717,-1.4262827526416344,-0.19008743748142715,-1.328494706536028,0.6681653890739604,-1.5585107594812293,0.2922238387865722,-0.2310963131178168,-0.25863895001688464,-0.6380558831077712,0.19837779879235842,1.1907636697452681,-1.7414017937833524
2025-07-24 23:58:41,0.18356564926514604,-0.9018049803437996,0.3725688905400498,2.097975773340873,-0.8780604416228256,-1.3099384573223076,0.764846064974137,1.7182520931186749,1.2410498675431147,-0.6618259706893491,-0.43327514922171856,-2.2543136144643787,0.39165338252190995,-0.6794356492693646,1.4273067255762402,1.8034934323926815,0.453009906792572,0.28678129427102367,1.1088906617856356,0.6982287386757388,-1.1831944065614952,-0.6092640161045741,0.29904495531892733,1.417631350505974,-1.5383214872354674,0.09498551149717396,0.03810112094696632,0.5227457061743453,1.3094398887031533,-0.8243308248082081,0.8633919397884222,0.04709539776902119,-0.42839280385853473,0.6794104486909279,-0.12690568953613576,-0.24197243158192916,0.05650123479998389,-1.3154051097849178,0.675266585716671,-0.2251099350074435,1.1312283962156668,-0.40315434265279826,0.2424907513755497,-0.28487497080519075,-0.8714808611138375,-0.9716175209651589,0.4237856305392991
2025-07-25 00:58:41,-0.5173780249957418,0.3006151188458961,-0.748540921408568,-0.5484371717938351,-0.6981000850992881,-0.21654867311066145,0.4165859404861446,-2.6051486652715217,0.7112542694959658,0.9044503249385166,-0.5198300044663049,-1.3366411001521954,0.673749612853598,-1.0874604475215857,-1.283075623784723,-0.877767310129758,-2.0346003046533196,1.6163980554558883,0.8127149522988447,-0.9173244890685047,-0.02716397304039915,-0.7723069545278413,-0.6063086579893339,0.026783050869856592,2.6695496575355953,1.2655828451717133,-1.2063451332299329,-0.27676875268263507,-1.3042497580491874,-0.3212236969845919,0.3411089822987615,0.33640080451802495,-0.2191532531253859,-0.4224744036372964,0.9522527729710104,0.35983465078481636,-2.006376706713991,-1.5904523330902565,-0.7155117427648047,0.6023905583907709,0.28985954431963606,1.4843930355341945,0.28358905340008633,1.2192286908544439,-0.22780359625384752,-0.3086254358389903,0.3969730707793434
2025-07-25 01:58:41,1.2027302423206985,0.9350504267384142,-0.2692660409107646,0.5681298089069644,0.7946737305915259,1.4919659015917806,2.0860893347074403,1.259986329552962,-0.20060447877965465,-1.9887626032557646,0.05967642989484919,-2.06341896991037,-1.545280696717287,0.6729137978815605,0.0554915532357544,1.63224753139666,0.07385783606313112,-0.6738432102026564,0.2769146570068746,-1.0293602901921548,0.007750724319040242,-0.8433733300160527,0.3988600518832261,0.256564325490398,-1.1281568922289782,-1.693696821622501,0.3709187118673837,2.3074003912022927,0.18801536718323994,-0.32419833747290455,-0.5814456130270381,-1.3355925110877964,-0.677056968099086,0.24122731016874563,-0.04713149639852887,-1.0734446598436038,-1.6837861949137098,-0.6987815959245296,1.0960437804490004,0.3352873514645464,1.2154628415798765,-0.10307888050844657,0.30519716162949284,1.3652903954222242,-2.0290730709429567,-1.0153374954447545,-0.5633926879890139
2025-07-25 02:58:41,-0.24819603332810755,-0.2651369658003559,-0.7413705379041363,0.8690648070910695,0.4972583803574677,-0.49307810670479274,0.5812755893043091,-2.2149454562860136,-0.8866719282599962,-0.6493432837289366,-2.0802381974694986,-0.1188668818981825,-0.17854959472848353,-0.1660304875230878,0.18575350842673644,1.6670671102849546,0.261879910246597,-0.2420448635485179,-0.09393870309561171,-1.3961307270864927,-2.071948573065124,-0.15779921810427533,-1.3268967299708785,-2.1140845658553302,0.037926285285388585,-0.022007440578479285,0.40599440457748354,-0.3158694346430212,-0.27289785142041,0.19081143429994873,1.7988460179020354,-1.5695927324096526,-0.4216859564924282,0.9951756302556742,-0.24484289222016276,0.01896573617544783,-1.475873766236947,1.070081855703867,0.06647311858812971,0.2292278028158404,0.81948507949138,0.9140146628869279,2.5950379117331397,0.16578119113553638,1.6912667126385335,-1.2957318316621382,-0.3711784509836867
2025-07-25 03:58:41,-1.089181919890177,1.5775041956839504,-2.105339624629189,-0.5289875791186865,-1.1718425229928093,-0.13046743867512448,-2.0106674653704757,-1.1688959763473634,-0.7148711461674959,-0.010711650414684486,-0.1939759179823562,0.9140311224692482,-2.049908940949313,-1.3575938317121983,1.3435054087422866,0.4616938768012786,1.1674091303011493,0.2621859847221262,-0.10684381990164188,-0.05192314294697593,1.369313066814511,0.2420720327449039,0.3416230450270225,1.3107146139067507,0.28915340615257645,0.2852886189082989,0.3753751673255456,1.0715376705641577,-0.11683235184028946,0.6074390826600095,-0.9677376909853175,-0.24923853701321141,-1.0240093981670169,-0.5484759890418801,0.6176278224813748,1.4353826367846734,-0.1035438854263891,-3.0099255348572256,-1.6091365188053937,-0.5711294082810704,-0.2728610513391161,2.140278817678599,-1.2602512751325048,-0.6420135119893993,-2.179963525082367,1.308125991937371,-0.9298694685080234
2025-07-25 04:58:41,0.4966567955298654,0.5860391541075204,-1.4941330731335525,-0.24742275883149922,-1.639358444544757,-1.4029746858071668,0.9034645421351096,-1.6835768857610516,-0.7691166484730295,0.052538890342717,-0.23907729393329627,2.328663764823859,-1.0667007575058594,-0.3688163969368637,1.0087500201938786,-0.024072563972279734,-0.9928197606755167,-0.1363939997422363,-1.817080667737794,-0.07491413433030154,0.20664932976317146,-0.060613115022381404,-0.4585198266747665,-1.188173297870982,0.08848928231532492,0.9131998066602448,-1.3727154532281274,-0.6871021934044347,0.9937548987918144,-0.2259228719962669,-1.4230774961509869,-0.80645073606543,-0.7803696184515555,0.14831575594790145,0.3170238800805228,-1.2623526634576978,0.7423920171639379,2.682279257910237,-0.34836839568104055,-0.12209584569543595,1.4141303301117594,0.04151596201822623,0.013916492171350364,0.7505598271056371,0.6263847323353545,-2.029763184258278,1.9721167454713828
2025-07-25 05:58:41,-1.332382808610332,1.3575603247919035,-0.11308796143820321,-0.8698468160536912,1.1935965934582566,1.2597036160247697,0.20804131592939828,-0.4614341806961598,0.9365877025292366,0.12581088239086388,-0.818552347430536,-2.2985776995753398,-0.36904299868356266,0.5462786052661666,-0.7129084861889001,0.16945989148396554,-0.8041299943568284,-2.0051351516854683,-0.20725844447150768,0.676246481754368,0.3833756000367881,-0.19035705652422125,-1.9038965955150835,-0.7500247784843012,-0.6350299826183162,-0.25012014175038544,-1.458755387735368,1.5891421200445006,-0.8140956713703802,-0.21890963325248997,0.9218623115224726,-1.0255081501302916,-0.7681469552114758,-0.442594157430932,0.5951217764233396,-1.2978734987653386,1.2769960050014355,1.788852654369026,0.4144145144525805,-0.9252476797707146,-0.3356044172947917,-1.179091668813975,1.9338884957831894,1.1950962964993639,1.2512967117003833,0.38666538951903107,-1.5541491373999543
2025-07-25 06:58:41,0.8421468362247183,-0.930736694113078,0.5510997774943108,1.6233222301884762,0.9289312312353369,2.130864292058182,0.748065063607438,-1.0561296657727675,1.1282951183674397,1.3515436165906067,1.6378571247498677,-1.4561437604354612,0.7645292841331195,-1.1063436836669498,-1.395871376284008,1.167766938918315,-1.709966411415488,0.3720881902608779,-1.3921586499170189,1.1036589761378133,0.7773199045087741,-0.8747032443554263,0.25382543709183586,-1.342992733319179,0.534295226265467,0.46639966299052316,2.267006840939657,-1.017834827377901,0.05733230279264056,0.5803555229531923,0.41809047290074514,-0.06880362654105755,-0.8665063704294451,0.9005930761465104,-0.3095421997934413,-0.07524643551036551,-0.7046350913549398,-1.596644407619734,2.363801482502938,-0.3653623296769739,-0.6958990860413743,1.2504906232896642,0.8472056795898841,-0.7173466227181666,0.7141953722037133,-0.9888177820837952,1.0644743825103573
2025-07-25 07:58:41,2.749183299616068,0.24058611273403968,-0.19182260157416717,0.47949961537103364,-0.402086977527297,-0.8725089562041544,1.1944306875097501,0.4512369934147647,0.0891935571242096,-0.9180168808512508,1.2395766025548591,-1.5095207506576473,0.1712889230076421,0.5824417314228555,-0.7289424145540019,0.5246433962512181,-1.7600806429993021,-0.7428740194396134,-0.7586592487245027,-0.8935658938306392,-1.042935219153895,1.2644810859659188,0.1507666841478976,1.5808038734699323,0.4897329044014467,-0.5830724749436061,1.0613448087603108,1.1785936645140604,0.21247162457431953,-0.11592861889916821,1.8472746407123404,-0.06764387346432839,0.6573772781855602,-0.24846269834015144,0.6001745426563624,-0.8467608058026267,-1.2557656451429668,0.21311809981656063,1.7951345594674026,-1.5229267090191354,0.2689481048457754,-0.7922084460061614,0.5927092552395524,-1.9772240697153065,-0.17842755552926304,0.38072843659320743,-0.6631574866156436
2025-07-25 08:58:41,0.050792460190944286,-1.0083413558149197,0.23345896582389722,0.8774593783612247,1.3561405795018553,-0.2002257970436308,0.7796895467021558,-0.3807641862563344,-0.03223398985908971,0.19996772760857895,-1.6683142122722665,-1.5565180093486228,-1.342195653373784,-0.1258548215911424,-0.2568026303282859,0.08194969734218213,-0.46813118781662627,-1.4971738015970237,0.6868774293070977,-0.16160224517034164,0.9246171394596533,-0.6663552714397529,-0.768208165119627,0.4286556593618356,-0.7360544084566634,0.6838833941368311,0.15209161729222417,0.22474545863559264,1.9401930240057403,-0.2585635243864268,-0.35984110716027656,0.8171444697441307,0.4603185020256646,-0.6025890651733753,-0.013254219107806461,-0.7598017415794965,0.10006355087382911,0.1681187152349111,-1.268268821489946,-0.8139727424833233,-0.48431354648740194,0.47344129182266437,0.2572229759512009,-1.4603305062972314,-0.2754802550130128,0.147019520227474,-0.10025476002095556
2025-07-25 09:58:41,-1.1804652827768372,-0.8359766127532294,1.1836217983165547,-0.12303891311100248,-0.07132502670366138,-0.2057321194847663,-2.024335244618439,-1.8602831290372581,-0.9500371868654084,-0.5664069147630612,-0.55921842467159,-1.1003636469430134,-0.3142199611876939,1.0845970951712074,-0.8857945520708415,-1.6027972485185584,0.7498128123906797,0.07762383538793506,0.9503109367900859,0.2310023389841571,0.3687954859564516,-0.9015387110545844,-0.6078448108628394,0.4582340153003121,-0.8509991321193399,-0.777139797310983,-0.9125937795865943,-1.8325916832064066,-1.037498747118007,0.48187136043188966,0.3459822361534438,1.6728697485197683,0.8746142703326261,-0.7894762599296433,-2.2517373888850063,-0.6944129505415194,0.32844194927974296,-0.16375751067200153,-1.6749460829182445,-1.3659811013304402,-0.667077498390307,-0.8295545162442648,-0.5894215685725085,-0.029462953384135154,-0.05156278571879982,-0.4896850135559847,0.9000339113500161
2025-07-25 10:58:41,0.03952655805389778,0.9159986715798147,-0.5037275460198984,0.41238950488269305,0.5078830085112261,-0.6303613830155834,-0.9592013302567852,0.5552323302433534,-0.32650553722151726,0.7825417095935423,0.4250712596952619,1.369449906306598,0.021854226837326816,-0.7870023745861314,-1.275713348119533,0.142859889216694,-1.4015519690067286,0.8704353134944639,0.31605668598658737,0.11397210056912244,-1.1819272253517512,0.004069707746882788,0.2027200643514364,1.0999726530182439,-0.23918088258929465,-0.9670701702307178,1.2659149619031187,0.6882600695407519,0.9421145811815811,-0.6884824506215552,-0.4243684217535881,0.1389544557193546,0.980088430265729,-0.8055738655913859,0.611648496206465,0.20574403393861998,-0.1855134601516289,-0.5297243794583061,-1.6282395330591755,0.11673262999493841,-1.2908896086770603,-0.19948010795245422,-1.0373934037126737,0.7309051641136031,1.5111671298012825,-1.0687005564802936,1.2163717901140365
2025-07-25 11:58:41,0.8707581665419812,1.0172936833674593,-1.3470820737590758,-1.2540413344267058,-0.31236521598732436,-0.0136363412194841,0.7327700508846935,-1.273382055724511,0.22780638169994707,-0.24603916566959652,-2.036058598012704,0.7438931106248325,0.12472126757802052,1.5912558931676308,1.2226894568536693,-0.9278345210516445,1.3181330686113981,-0.8704827119319932,-1.4082240194018272,-0.5071922169163429,-1.0139765808132681,0.5650997614179112,-0.8254654155794274,-0.516264068931371,0.16064599845632116,-0.5821351134876581,-0.6147422928527787,0.19150018868098645,-0.161716850327963,0.7449094171110083,-0.2937599106503438,2.161086142346957,-0.6223435081522337,-2.318992033118137,1.3149056558022314,-0.09721730141683328,-2.2006875200519227,0.5355461558780544,0.561176180881589,0.5886532022551723,-0.4538354927367163,-0.7398211586596454,-0.54872169239843,1.9922902819748105,-1.2702873220597175,0.6433153309031536,-0.3972346197723496
2025-07-25 12:58:41,1.190057794737266,0.3422129211616993,-1.223573239213311,0.26774112414393514,-0.8107531453348614,0.2599553964813476,-0.32274104521701424,0.6094328443654322,0.44685630848974767,-0.768145536487196,2.627658833142862,0.2736213774608648,-1.2149387090188775,-2.7284132365482017,-1.340717057319018,0.36949935425036406,-1.5073610400728246,0.08217715037055887,-0.8472241047902329,-0.15912822067320723,1.250884564014685,0.5588479497881937,1.194460207406519,0.5513636129787736,1.8743934741476584,-1.0134078540514833,1.4691828698219929,-0.653359979681224,0.1271502391283617,-0.5730630275244873,0.7455585909633117,1.6255372919105924,0.4189411294492001,0.7362816585464153,-0.5364321213725427,1.3961107491662321,0.056130869693774774,-0.674421324094061,1.4802732119732143,0.5732162988157666,-0.15902351423784675,-0.22273920369583863,-0.6163528489114602,-0.44241016629345303,-0.18471985337445743,1.0112098114396135,1.7862167949463603
2025-07-25 13:58:41,-0.8779451158343842,0.29584753590302837,0.43331371437147187,-1.1244040641696535,1.093019687364577,2.05232039167268,-0.15700279676576698,-0.891931375402919,-0.7326123143515466,-0.38051183143580014,1.032196508568498,0.40760555384471153,0.3730686513723078,-1.3672783599479594,0.30344574772750754,-0.0791962037753449,0.30036309631708114,0.2847786689382877,-1.2467178272804662,-0.47297676016886014,0.9119530310714918,-0.3066780949247837,1.3435349271544064,0.9893597936707869,1.6548688096438602,-1.0878601123581977,-0.21988563052201784,-1.463784258132589,1.0454971964952737,0.7556658669588497,0.44895092173576295,1.0149447018802291,-0.22978252179962425,0.3509011094491929,-1.1472090429276884,1.1574279938261243,0.4120690249624442,-1.1858064025115231,-0.10774172636105513,0.20323604957836683,-0.14976606478929658,-0.3590253631300011,-1.0557208952712047,0.40681400085033437,-0.7858247842751195,-1.1337924709223928,-0.6833169637450203
2025-07-25 14:58:41,0.5569900442464389,1.1723016574664005,1.331068693159828,0.20643216177901344,-0.6473446875275229,0.44997689324365353,0.6236131017947616,-0.7250018654575798,-1.0606272500398306,0.5006365088679479,-1.1334425108810862,-1.5645664157623644,-1.0119365643303562,0.4002936578934973,1.7829491089601899,-1.4757133367319448,1.6016219983836169,0.7381912943134383,-0.5380712991858921,0.2296188131221253,-2.5623374245137316,0.6468545979462762,-1.3957660997220147,-0.39042085473857663,0.4852697101677819,0.5232307527719834,0.8038019818073563,1.1026598865256005,1.3085752343478743,-1.4543775460652995,-0.032250777084605796,1.2702401801099243,0.16523371156336955,0.6851943120627414,-1.1118743984489616,-1.784617357253849,0.19226249127406383,0.33492725702032444,0.9131386831140735,0.568558791416692,1.3186960410701578,-1.1567126648594186,1.1806261629337946,0.5752652947273559,0.5688319085745782,0.5287369691881737,0.5561283164740107
2025-07-25 15:58:41,1.6024230370808867,0.14807786537317086,-0.6314413100178509,0.07384231116537902,0.5057758544889028,1.1803765171392597,1.1085676133665912,-1.1883370673290414,0.2800617819643874,-0.203781362673336,-1.2188429788602113,-0.3433484487289705,1.2928561096645919,-1.7277317101844305,0.4302117681565265,0.7174137642202837,-1.2393183489366597,-0.0039055417508846455,0.5123493703492391,0.02228465429813742,-1.1501686588856823,1.5984131240782748,2.2449345829571397,1.5940270297393402,-1.4845104687838597,-0.9088370517387623,0.5096806011147755,-0.4235919630781308,0.07177397686568156,-1.92948823129845,0.8659645766335439,-0.44034021588575745,0.24397214977701082,-1.045707430256909,-0.12218654048110152,-1.2019343671425577,1.210586324055114,-0.6220296274679439,0.570407180671857,0.3149917766366531,-0.013009836360738991,0.3734296635803274,0.2568521010197774,-0.48414431649848527,-0.22210903307119761,0.45459630583168814,-0.17281265641850208
2025-07-25 16:58:41,0.20173046935294964,-0.010271695170696052,2.090716835073682,0.31323782523638716,0.05757714968843023,-0.06083364877036413,-0.09507617641587493,-1.0240300387444616,-0.7114617476214435,0.6156673616898963,-1.4722747231830828,1.2383241845708473,-0.2627541421400508,0.8260433934541226,0.2301230076066247,-0.7828664058912879,-1.3111459684730926,-1.5977878396568734,-0.24068569025860953,0.24951954140415802,0.9970780239376228,0.07767113452048395,-2.4800888618915673,0.04038725786394992,-1.0785450302232418,0.6036511121523912,-0.05518365886623537,0.006590544978400943,0.9986611381012694,-0.5581613575852907,0.5944675666741278,0.4372531330974058,1.6941606086109247,-1.843311134908305,0.8471577709851635,0.03409230350616894,0.08455455251561578,-0.5076064621019112,1.2254082833122761,-1.0099233082022698,0.4028992373907266,1.2008004588087624,0.9850632100295197,0.8865589208146908,0.9146683382730062,-0.04812269112426261,-0.4649218683596654
2025-07-25 17:58:41,-0.6347645579198105,0.2320466165972345,-1.0123456798424364,0.4385459466945145,0.26431792280787403,-0.11910312510293261,-1.4167737171987251,-1.1374101231421307,-0.2069480305655231,-0.3928644908575211,-0.6593150782964476,-2.2650584496652173,0.8164289308229149,-1.289106483796188,0.09502203624295369,0.5155713860183431,-0.13185028621315978,0.7988888123701661,0.11210782098850243,0.16138595979324755,0.3934092166355008,0.5058296476352646,2.464436142739839,1.5175782930370822,0.4142105934492939,1.0850034103498618,0.5562046241479571,-0.4660863214498448,2.2096059707548004,0.11704371941535793,1.913116313532313,-0.37058888707265875,0.5518784215648649,-2.1557561794323643,0.1894608016786676,-0.21574637102587949,0.21438982022294903,1.046371667704096,0.717966168084229,0.4825774296821455,-0.7965046476685684,0.46913547836999403,0.3040675959315731,-0.19374386308837277,1.5567346137985907,-0.48908405146902606,-0.17823410080004282
2025-07-25 18:58:41,0.3774864615922594,0.6640118736422568,1.8935944448722914,-0.10290097666950625,-2.1119244173606293,-1.5982815128128525,-0.4617554751214426,0.7101245878599823,-0.08333016061825552,0.7619313979625763,1.320131896065974,0.6698534818392771,0.9838308559303455,1.7097731120756856,-0.7087487962297089,1.450429238982054,-2.0321432907425017,-1.5175463786875545,0.9251451838419319,-0.789829971967961,-0.06259088130460072,-0.9058539418269349,0.8199784901844976,-1.6566058590418886,1.3934026455781414,0.041610504779991835,0.3955613086108818,-0.3146825616521986,1.1174680583330583,-1.9140405888290453,0.235255684130339,1.1186743709189462,0.11705676801397884,-0.6873018525393408,-0.3076035759013308,-1.357454955228074,-1.5433395994101426,-0.2620870654419147,2.4032208945404747,0.4833042627916207,0.7863614148164625,2.014756601748214,-0.36769302385348224,1.0918015122841638,-0.365580407872789,0.5286535533559953,-0.016701539140427796
2025-07-25 19:58:41,-0.13996530489049344,-0.943652495818237,0.8808845816651523,0.5587549151582665,-0.5036659903445319,0.3645383676066292,0.09386191457064316,0.8446725447014223,-1.6147644715537997,-0.38668364773374175,0.5461938047752309,-0.8882182640738278,-0.5370829392136971,-0.8473523877351589,-0.05747900819192731,-1.0038778594376228,-1.2429002149351998,0.3714830545787842,-1.130444404570379,-1.0086918205271025,-0.002375005617116386,-0.8054693026984056,-0.7725674629298324,-0.4506759196423691,-0.544887626246715,1.0676974034075577,-0.4837886877877774,-0.7617284577228641,-0.4631472172993652,-1.8595553468662218,0.5490938431826777,-0.5574047416116249,1.7301151044646856,-1.183486457006309,-0.026581202944968924,0.26762875446554546,0.36174536431988513,0.4490537843713282,0.944815006201417,0.6991217186757152,0.493628060887639,1.6856240130276077,0.03696621259523433,0.3087600540084581,0.7791416686622821,0.15673047330178486,0.458049190309659
2025-07-25 20:58:41,-0.011105497504642315,-0.10672019447996382,0.7196670720949018,-1.4870402653455734,-0.5812439086449931,0.269830392090364,0.21121742407149768,1.4619467398242036,0.20755648855374825,-0.7878506955006281,0.12529991422456635,1.3944759552551769,-0.3528535068212385,0.09468398937790275,0.5052944423349137,-1.6698225521705006,1.7286662995545266,-0.09741017485346465,0.35532450231718826,0.0738867586377663,0.08611056800351506,-1.6544164796983682,-0.5608799120944691,-0.3984113677917074,1.2837263878399217,-1.0400567536698757,0.18105945460465755,0.3920111373662989,-0.8935244337875478,-0.023766186040636943,-0.6040077277469909,-1.5832422012744636,0.17570489485453533,-0.3012402054999666,0.44297557361032164,-0.0495927790752797,-0.37557722665690363,0.30381284107947215,1.5819532573148323,0.2068543301653445,-0.05096827972202015,-0.9755008582230325,1.398218364045187,-0.8479949323050512,-1.083694112061124,3.5845427473548837,0.3674008641922586
2025-07-25 21:58:41,-0.3188238139101525,-0.15232274977593846,-0.19321952299418713,1.185693075079472,-0.1381808920920844,-0.6053081033195673,-0.7424727656623469,1.7188752409574943,-0.49427923674400387,-0.09802546924077653,-0.880827091208517,-0.5186736094379096,-0.8513228395381339,0.5864988319582279,0.024208217115109825,0.3434503670441522,0.9876590173467609,-0.0872785439291802,1.4759490330988798,1.4252148671655331,1.2616685467560558,-1.4398064112863382,-1.5024305449116186,-1.3813294370255618,-1.2613674960060766,0.6385654473466322,-0.23203784673306962,0.13936852179550108,1.888554553793428,-0.47436924099254923,1.3290654114574894,-1.1941454670689033,-0.40874264281470685,0.10634963681319068,-1.5518046908188963,1.966679096409342,2.0870193015012317,0.8492248787244164,0.08194004846027263,-0.2386927565518192,1.8811731005465564,-0.11259967247168859,1.151340093003543,-0.6842484379693267,-1.5681826986324068,-0.48656528115915126,0.28894467820096725
2025-07-25 22:58:41,1.248678425755651,0.2962303518194351,1.2646849703491836,0.143410220346875,1.3477101434328378,0.6047788159024146,-0.709858319820394,-0.6180612661762462,-1.2654501181853037,-1.5537366862873285,-1.0009785005665446,-0.8821179343158457,0.5380263358990651,-0.1245961196971525,0.7958114171369322,0.8027089878848929,-0.9652492752754706,1.454102599583891,-1.4817584716723302,-0.46606466495797455,-0.46867176331396637,-0.3288640725413648,-0.9179761841243324,1.1927199889627638,1.2716050489990345,1.2400799006041567,-0.6521388527339521,-2.752771038056942,-0.3126884691307579,1.5676933933708423,-0.3449201090135175,-0.5683906248391531,-1.664112924975382,0.06518910990685325,0.6293081604795862,-0.7278538089038924,0.5779652987823632,-0.2534546397630865,-0.8348279560914426,-2.767051387803586,-0.6865564056703527,1.2588435033530734,1.3251462840551849,-0.24630272891214008,-1.2192906209671963,0.7270309675467215,-0.7131405509557852
2025-07-25 23:58:41,-1.8549354892751355,-0.23040613885886338,0.21976523962045028,-0.12194618476173662,-1.0018566727587883,-0.46688796008141836,0.18708602840789584,0.6020377214579362,2.2316822782160286,0.8131412470145899,-1.1449950785860303,0.9806231600179302,0.9217891567976301,0.7116181275543572,-0.2742824686271754,-0.7980130976469227,1.3612612463053835,-0.9221616799992763,1.333586638100682,0.7408892638378904,-0.4128292897057705,-0.5419394721974435,0.5164865100601533,0.35617803397418424,1.8809668637498722,-0.681023657212829,-0.371840443098874,-0.11079224993601625,-0.39311614419644203,0.7157593359240229,0.9782962943847566,-0.06933612023079937,0.31571105839776414,0.16718023019391587,-0.5999018670399092,0.25288964346276527,0.23303201248606753,0.18092826513799634,0.6686596850065225,0.4728251275361376,-1.13044260493431,0.7964766634889083,0.2554666974360027,-0.10873888575620629,-0.0017818921615318627,0.7153311932107219,-0.45538499053388093
2025-07-28 00:58:41,-0.3141564409559674,-1.8803625967021196,-0.4705403088411763,-1.049621077031771,0.6749306107347215,-0.16417943718005495,0.36557230855022893,0.7126275322342976,0.3910697672066063,0.4069070108234027,0.7373864538720395,-1.6306359199924056,0.521004555040599,-2.460459901437663,0.19741462859884457,0.3746062398121212,-1.5562703807583962,-0.29467390532186705,-0.15347191625181839,-0.4686844747950342,-0.05555242326123458,0.6870755847885678,0.7635699371984991,1.1397227238709382,1.0266844516111817,0.7276339107328085,-0.8376402237844583,-1.491105727962788,0.18110302801655623,0.80284274960814,-0.28317964780740557,1.204973322369736,-2.1210291336963065,-0.5374976484537742,-0.42468210546142743,0.9560751687902952,-1.1787763077700812,0.8525879004210305,0.027679112891457542,-0.33494251356886107,-0.004670821685003818,-0.29736914732056957,0.1496340404527178,-0.8165194752527797,-1.5177989865017394,-0.006980773488169293,0.4630118229929895
2025-07-28 01:58:41,-0.1700256360660912,-1.2032955262802434,-0.9815567410425722,-0.10130065525725818,-0.9785911478356586,0.7768522014530098,0.12930792203379723,-1.4390336819665113,0.3402885778289717,0.4713305957917121,-0.6715661732918469,-0.735857842769557,-0.16923293545569648,2.154509325738558,-2.3704401833857167,-0.7926334620541061,0.2936848876233305,0.48247865842998383,-0.3325831008626368,-1.5795976648556929,-0.470370198183729,-2.299547675920361,-1.3736464098657097,0.11508381550938618,-1.2915849367511985,-0.2861823137296145,-1.3911818947459567,0.5681863530123047,-1.1818397911604457,-1.0704422371497142,-0.08911326258073542,-1.1027782739612275,-0.1839819575134313,0.7967686507660471,-1.104689313168779,2.882197534281127,-1.146187450475378,-1.563096280811888,0.28124988692791364,-0.13173016398089368,-0.5575794153627412,0.9379541081628487,-0.1878027552690094,-1.2260908238988548,1.4063815073280608,-0.21778830927597218,-0.7276116119143052
2025-07-28 02:58:41,-0.013372452099113153,-1.2034929243474757,-1.594102318099712,-1.8339539553378545,0.059261737137077115,1.9169933847676148,-0.6133719571575662,2.6892306232438243,-1.3716745215411426,-2.0701817819784454,1.1584250916525376,-1.327114733326419,-0.05594931996857103,-0.7135957403549876,1.5716416089921978,0.28922592627068683,0.8405540928946496,-0.005922252884174068,-0.2374154639415715,1.4444952078832618,-1.6236227966194965,-0.052990791209407466,-1.279407592079069,-0.5908395231198211,-0.7991176692467274,1.0793719555847265,1.0092939874083586,0.8697729154108071,0.3430829853921803,-0.27950421296108957,0.04572304510905575,-0.9322627326013985,0.37525065418722026,-0.32977742769785345,-1.7477105217465894,-0.6296467726862544,1.1692669342189228,-0.9685001536180752,0.005791320940190624,1.3276034224043465,1.4739363134704133,-0.5696235890385329,-1.0398334864900103,1.0941073424149976,-0.9978759712988526,-0.7863707537191441,-0.24169118255223676
2025-07-28 03:58:41,-0.5306458668992313,0.9327893261975978,0.6931799419718574,0.5300592397720844,0.1911690363007111,-0.23661252118033288,0.36923249591631324,-1.2518950096892496,0.9224469513024626,-0.7660157326556848,-0.5898238020056581,0.1252068734303415,-0.05492637198730995,1.049224390497994,0.7845627509049407,0.4925588692421543,-1.7011263630912603,-0.9738146121955188,0.22858217324028784,-2.5605684835606586,1.2653618219701774,-0.0753296594479243,-0.9733164389726902,0.0877044104768384,-0.16607386365747684,0.1085193315780059,-0.2125136066462902,-0.8399042580364158,0.8988905355606284,0.5005695362499061,0.15524154744569268,0.6522358197850523,0.45308966807205336,-0.3483456320530008,0.6062016237337148,1.0377330165494034,1.8951116791554172,0.30320276723712747,0.576986702759446,1.0935122480465003,2.7207766222522842,-2.2769109140521824,-0.7698945639525767,0.11768307643908693,-0.6861348454690218,-0.04478043505092951,-0.6582809178691169
2025-07-28 04:58:41,1.5790446658375794,-0.4401076403004111,0.7941223615315631,-1.2711957856248435,0.31693845323205494,1.1481654707890288,-0.758447043399812,-0.7396894912204044,0.8925533080635463,0.13918962885056796,-2.7884759274595003,0.20249478926583295,-1.1228337259884915,-1.5275493483437284,0.888806861682528,-0.49278345031684834,-0.18457049442025947,-0.364651135303883,0.3718065938827681,-1.246945669529917,0.5410556787964707,0.40353390315733684,0.2413187286021378,-1.5783250612408437,-1.3236920340334868,-0.19500188542753277,-2.171625211950785,0.2647208333978138,-0.8614779344784018,0.8163787857637058,1.1632961556195853,0.8900783020862449,0.3836043773976993,0.1339825730927091,0.43222220791116933,-1.226023157794522,0.5534565043854411,0.47724309289019223,-1.7716019445604434,0.4138972520704622,-0.5712549969608705,-0.8524212917331444,1.6642527462159824,-1.8757726619511124,0.7633733260347156,0.8724216121173993,0.9045017108252817
2025-07-28 05:58:41,-1.9442753108003936,1.2905967238675458,0.19914659637884283,-0.5911077674199025,0.35767564639206834,-0.0284299662064846,1.0699999233909336,0.44584803142660484,-0.5499592178619092,0.47708282372700683,-1.2259375518103144,-0.7206801024644599,-0.6552972759879562,0.5313142951746335,-0.3711601098704232,0.11431350421139161,0.5857481658167932,1.3063719563659266,-0.10568688036468041,-1.3442276541003098,0.040258740371151285,-0.09387621221835485,-0.06506083682066927,0.533680333185497,-1.071689600727288,0.9880624030780386,-0.7998650789061015,1.9270332098432508,-0.49075413178334626,3.0026211322425667,-0.4853454969822826,1.6914927983785846,0.6458984309308113,-0.06364938808824497,-1.185638451756697,1.1013655883708973,1.310912213442092,1.473214351934012,-0.8024610765264489,-0.86561659391223,-0.7754833862863052,0.44617939875078644,0.39115617988327933,-0.44613389987728364,1.0502088801147285,1.4804009851813633,-0.6833644129458696
2025-07-28 06:58:41,-0.3385910367815258,-1.3544400244075077,0.14677715711034744,0.20358141341209057,-0.9007414911002387,0.6896868590939605,-0.0361708553682544,-1.0872624493498495,0.9154258481200575,0.7944606963284273,-0.12972688159734225,0.1120682874110562,0.9839204066316408,-0.21252169055138406,0.7840959492547025,-1.0863887070355547,0.5114533179910523,-1.6322402267632674,0.6678665417250876,-0.2788409994141228,0.26711330401715927,1.2273377089840543,-0.4229282038619788,-1.129028288785816,0.4787204945902077,0.2893581037317406,1.535052842707868,0.8938065899785393,0.29550222951138955,0.7064282632502229,1.586414265793198,-1.6412989213612375,1.259144209132129,0.4978388379716022,0.08941229243419585,0.3208168365068522,0.5739724677495041,-1.5038585859334388,0.17485658044975524,1.1113073134633948,-1.4710572327750193,-0.03726106542485149,0.35295263344663924,0.7849123976808344,-0.03694746985346291,-0.34665830167172024,-1.8496316893618963
2025-07-28 07:58:41,0.24701581083707977,0.31612632504059296,-1.9005063646928422,0.9002916146732693,-0.17908252108131137,0.17817972803437662,-0.4864434429469883,-0.3307644507918101,0.6190245049119156,-1.656488883739165,-0.8173603803891206,-0.3198882038391658,0.5955483777817426,0.7055206091617247,-1.9041928309177893,-0.2304542242289158,1.1818129409934646,-0.8216651518335886,0.5950029971903744,-0.8903053679667966,-0.6233645011798995,-0.40434689023519077,1.3250271457891423,0.5514247830594973,2.07637868790483,-0.060795937250390064,0.8551867461366829,-2.2940046396955505,-1.2279778848165008,2.958706897866584,-2.096401683798905,-2.3220640454327524,1.8683869316323727,-2.0420387497723427,0.43611371069715577,1.4519064709246394,-1.7096314626831788,1.0948742772912943,0.6557576532713211,0.49539758425722735,-0.935616599050923,-0.08110679881976368,-0.9453892991988885,0.8306296449062371,-1.1601947352251927,-0.28061056170642434,-0.2826374494671824
2025-07-28 08:58:41,-0.1284662901287503,0.6652772539070462,0.783781034041747,-0.4010997436980345,1.0596226309687826,1.9068033797960178,2.172698363661626,-0.4789908020890614,-1.6239300959393281,-1.9528402359325496,-0.893532213279697,0.06217528560237673,-0.621276796613122,0.4558194156078475,0.4859606159586468,0.8390781331367865,1.5866720729521917,1.2139350829655453,0.4101553088338663,1.5283024621364583,0.011747572014074281,-1.7846912180973726,-1.2694318099058624,0.7779491108708769,1.1714971286516993,-0.7441304691807858,-2.02465496006551,0.6733542174856564,-0.001262698155511766,-0.5997924747938417,-0.953077477614039,1.126724098477997,-0.5127098161568436,0.35363667616699046,-1.0937045791097895,-0.32740092899655526,-0.3875437758994943,0.6700438341937947,-1.2436171869695425,-0.6572500817014622,0.20243488924287895,0.3103413371668815,-1.7046402048472085,-1.032781547819275,-0.8635778817240587,0.36292289894531843,-0.44621361946155597
2025-07-28 09:58:41,0.05218441418789513,0.8970477996141624,-0.06121704850780422,0.9129959152675617,-0.17911025514533022,-0.5281024985662776,-1.0964214783737554,-0.6189133498956065,-0.9248700725399149,-0.18752393255806296,-0.4057151141936292,1.3646215459788815,-0.5791025163925918,0.46856461069111693,0.41796748595048727,-0.6130308265265787,1.7195276409128921,-1.1609254016423518,0.6742359332779866,-0.7994554342116024,-0.6505518924929107,-1.120368914179831,0.24066501859968853,-0.4160900749896881,0.05994536216596726,0.0974489483010309,-0.7419739241481045,-0.05760849141235035,1.1266645930028647,0.9632199680810296,-0.17521635733651625,-0.6056002714068183,1.1180019928678402,-2.5777478040199076,1.5106950470632592,1.7635345460139926,0.2585368386760454,-1.4434477212051868,-1.0870755418943068,0.4423879211222269,0.516906110736343,1.3780034383083961,-1.2860811800084622,1.3211563609786379,1.101427252616158,1.2463780921833587,-0.10057826015397704
2025-07-28 10:58:41,-1.0569762908103315,-0.8991523875070866,-1.5640620589255934,0.34629406213064273,0.5972611187014686,-0.5605085208361252,-0.3028554197172581,-0.17781375757529946,-0.7386657418531083,-0.9976913787785023,0.9908561909298306,0.13874139557588533,0.022723429090663112,-0.09837683722318845,-0.7533783571939994,0.34124888761619654,1.2617072521398456,-0.6480779523677961,-0.9342867196303473,-1.2206262895067534,-0.7524608731083515,1.187783566387712,2.001966675002287,-0.16691328864676247,-0.050118277274068444,-0.8195069851229065,1.7267964110839744,-0.3649875032837234,0.5402412928089155,-1.0283895636792382,-0.12162069852743365,-0.8340024656058354,-0.9722600362951028,0.3673745904288183,-0.030022962888198987,0.22753220995524215,-0.7958149283271287,0.9373514603203638,0.45693955199744385,0.3135693375946866,2.0342602907357965,0.14306194293122532,1.0881589357635812,-0.2041205515238574,1.7289889100739362,2.611319755815304,0.9203497051121817
2025-07-28 11:58:41,0.6217304417352018,-1.0411034733187448,0.5032636557395668,-0.9017578757534879,0.21357085369552276,-0.5144798069881179,1.205973590481887,0.41668447058015473,0.5577898408821319,0.12357894212947164,-1.3694062545542423,0.3171577070245146,1.1362931728769414,1.0241954052678304,0.28495468900348053,0.9669021713154572,0.8159156911418763,1.2632473952190335,-0.7634041220090987,0.43647600564929506,-1.682591719595568,-1.8706967072683633,0.38087601615139094,0.9247573259079612,-1.6478347273140295,1.2876770177085226,-1.9173817961424355,-0.5417524449138816,0.4352248685039111,-0.9295645237835856,0.3462867651412939,-0.06002642689426858,0.9179977128299909,-0.4957228834622126,0.5365309948594598,-0.5018708804614815,-0.4009999829680617,-1.2364055672728342,1.2153337126424915,-1.2765002621571344,0.12257663907005163,-0.5445903286646329,-0.5084035720430282,0.27043297345072903,1.5505400210493845,-0.03136972472899133,-0.1514581937360338
2025-07-28 12:58:41,0.7079468539290407,-0.09227433448956872,-1.1052109838717938,1.1417469429392255,1.5203483073053992,0.1886397805536599,-1.5564333956164829,1.1373736274802893,1.6960849086173735,-0.04027846200018545,-2.930821749169429,-0.15880478411796456,1.0133298131907664,-0.7550392625291459,-0.673317090599538,-1.8850998471852627,0.8126509246813945,-0.9904857443685741,-2.588491545211711,0.1297304700702404,0.1503144008316501,-0.5591587488072706,-0.4731348697125565,0.5979477946754286,-0.688878103756343,0.8673574372016728,-0.40060957329075053,-0.24786059866239019,-0.7758626116262721,-1.783314186831955,-0.035572937512513,1.9187183415923346,1.1249417351724715,0.39759799875241386,-0.18501385489421351,0.5749552028664385,-1.204972043030745,-0.04654407936626351,-1.2213644547314524,0.8048700485948688,-0.4571854990219062,-0.23093221562225807,-0.5650706605204295,0.10951871737079999,-0.7251260017203287,0.8602029895116109,-0.207110651724289
2025-07-28 13:58:41,-0.8106826099386893,-0.4346776754285974,-1.4183380868116862,0.15403035723533365,1.1872309570967807,1.1876792129557117,0.7415594091457475,0.8622882344454721,0.32605554435366985,0.8862715928523538,0.6368440997813899,-1.3112588963023524,-0.4088099249321795,0.09197920190957663,-1.497214041494325,0.9804360004001648,-0.28449412677708563,-3.296992375266117,-0.35728301750983454,1.896436098584416,0.25588542766317574,0.5660028207029232,0.10094588431101126,-0.9656478642594699,0.3504333304207338,-0.5982790000876202,-0.0863004310362893,-1.6232706500216212,-1.2555727706306876,1.0141098915370421,0.7241247988515731,-0.802651586632383,0.1885588617894411,-0.19993956246746472,0.11678835229740683,-0.551011962726278,-0.14973464686498722,-1.2402488507704827,1.5425202055568252,-0.6325669957450805,-1.4614402955697092,0.9068806983849901,0.8683709700077787,0.7059242789025948,-1.6737065425329352,0.9123540192932516,-0.1950114177283174
2025-07-28 14:58:41,0.45080831196519683,0.6899812415853633,0.10383038631112078,-0.5777325352237408,1.2185160551581422,-0.12055078963713742,-0.4693055959862908,0.08649883325377444,0.38575509022549126,1.8392242909454328,-1.558494416055978,0.03824841941715738,-0.437308138524694,0.1620524865290392,1.3961586505322365,0.6755058840201547,-0.13316291825831206,0.1150315768082521,1.112690010400013,0.5246446625480576,0.5719106260173595,0.8206574647351792,-0.2328627660835087,0.37464318342079655,0.40495173125775397,0.2852213924477312,0.8843203857624223,0.6913523910485981,-0.5628728160371487,0.3435981741071101,-0.16415208952053284,-1.8832075812333013,-0.9054740777972257,1.8036427425711035,-0.2736043879521075,-0.42347386549138233,-0.21193220126002402,-0.6560585841590822,0.0947418823085539,-0.44717297557029384,-1.4423045213926318,0.29985120609113325,0.47441246594292785,0.29444545411092077,0.3237304568415425,0.6299923899263541,-1.1677700691290098
2025-07-28 15:58:41,1.1189880578298514,-0.35961075100143364,-0.504851470025336,-1.0303339808009055,-0.19847570463528738,0.324522090760281,0.8372843937872152,-0.8232555431568146,-0.6413656454069488,-1.4419167620650055,1.3594172390996242,-0.8728357689117404,-1.1192667847991793,-0.44296770583326356,0.07973205377473466,-0.015575810790632652,0.3300430609713541,0.7317428423917433,-1.4197782865156316,-0.11318463004357318,-1.1752201384343017,-1.438213803101755,2.6883031488924427,0.6569995145554844,-0.8534553748868593,0.20670485984058518,-0.9463616178470444,0.316161845843774,0.48175144628967353,0.5982245296172384,0.779051224683579,0.5364455028793231,1.0783738717225329,-0.8554501762178958,0.020731946903499276,-0.3634603869645646,0.002158043904311838,0.615354318453814,-0.5711418194858775,0.9816340631939683,0.4966628129524825,0.2158842863799712,0.662182060947119,-1.4892483902960167,-1.8016349914589855,-0.3040664674446887,-0.2973241042536962
2025-07-28 16:58:41,1.6361041226890565,0.15195821408074375,1.9357719184941151,-0.21380227357536855,-2.2946918999961943,0.7158532507765333,-2.199784672859052,1.4268519806918083,-0.8199518083205818,-0.14062445787821176,-0.4555270640186191,-1.0964574331115744,0.7700578814605645,-1.3691987773216086,-0.2480627498781864,0.25159667891669274,0.2800160896696922,0.23686788425836414,1.1612242290431087,-0.2353809476653781,1.2522613965488472,-0.6573036907307589,0.5479260760204233,1.2597608700402947,-1.342918598708413,-1.2485682539430254,1.2126797103465665,-1.6278786896878639,0.7349343086025034,0.281809019442462,0.05248758132096655,0.18854668736556457,1.7336119405786639,-3.1944878545006246,0.6353996507418505,0.20010780440550355,-1.41239708793742,-0.9783965253889996,0.9922974749677064,0.3046859459546027,-0.948619517553168,-0.20591134554773866,0.5631094721445088,-0.07804341342768147,1.1936488710829831,1.1905504405219873,1.5876318917735985
2025-07-28 17:58:41,0.4312710435402252,-0.8234873042639542,0.6176956968616637,-1.697689066018435,0.22943100778787687,0.38638287276196737,-0.15975080287708854,-0.09296666538921464,-0.08584733958554554,1.3000076307473203,0.5907107115178388,-0.613840019931856,0.42011210256260245,-0.31807691083603873,-1.3642998472498107,0.41951306779845215,0.5583698697384328,0.6672271478084832,0.9313054919048229,1.2143812497297903,1.0901076647844192,0.8304099069722459,0.22557838143901413,0.18458733776115047,-0.21448872055600618,-0.2168005482765517,-0.42430872882653214,-1.096242288422409,0.15994217734439917,-0.7899443339164558,-1.471514933541393,-2.7480112464799213,0.6098067833463989,-0.24978756421004172,0.1722468513026133,-1.6166669680633903,1.2720045296178812,1.0027722954871936,0.27862703717738313,-0.43888360676321325,0.20917301052916776,0.2936053691563835,0.2734727294274846,0.20521526100425264,0.031152571877001677,1.3077983780995095,-2.180872985449007
2025-07-28 18:58:41,-3.053683794834907,0.03349087061212848,-0.02384279189846088,-2.6228020911354855,2.159279181573994,1.09892981847614,-0.3387002493073231,-0.4912238097464567,0.6138181068272508,-1.0790469068536375,0.773540996084901,-0.829608340401495,-0.0732620176961148,1.3769629726897203,-0.8286601136547138,0.018375620269730407,-1.0475329494206485,1.318859650018388,0.06409288956414233,0.678344674567363,-0.14045871581277392,-0.09891193651570762,-1.7121590433452591,0.47194950374399913,-1.0193666882512176,-0.24478790796475794,1.9440772605566663,1.7171403632810311,-0.11689743583293014,0.09721786636111344,-1.492096836180763,-0.9007818702323123,-1.7157043420689881,-1.2791412154663748,0.7754064350686375,0.4189716445254242,0.8455116212947438,-2.0145750407182796,-0.37817665036938636,-0.2614640291096174,-1.3105220129507937,0.6752251869929232,1.224052995921097,0.8306072555619657,0.5714890939463141,-0.9582768201559787,1.230088803806394
2025-07-28 19:58:41,-0.05990804274616269,-0.3610566016710229,-0.5689828430206214,0.6232252236080336,0.9191324191611995,-0.42686765597215465,0.6742670285389313,-1.6489740547359475,-0.12921104196426317,-0.3364908423760678,0.06191091767378974,0.2463887965470757,-0.5099838511135207,0.9812198864944184,0.12983675161373565,-0.8149406417552125,-0.23621044580170186,-1.1896288643920858,-1.8052883915199032,2.240114343868491,0.22877315179911287,0.017284914958169063,0.7882260763229283,0.9141888791065247,0.32916248711211366,-1.4632559135815422,-0.04004562684787168,0.8087241977678333,0.8555557815895136,-0.6165633854553049,-0.628522419140137,-0.2686041403168478,-0.4314975831302467,1.388782074262473,0.9339836170689746,0.5638281412398721,0.0015954614230904995,-1.750006684434857,0.021340798065248433,-1.0058452150082298,0.520491752343795,0.34529961402751813,-1.7877371220573324,0.4765383101631359,-0.3361980700465347,-0.5681729485245822,2.0120814153198454
2025-07-28 20:58:41,0.4990983314373488,0.37486988915382197,0.2145179857251361,0.6552096082874168,0.994697002251286,-1.0616590859846242,1.3069963871137058,0.89018782401568,-1.5131655003016151,0.8142863517795161,2.003976122811621,-0.4561735670458308,-1.8408097216307435,-0.294122017107225,0.35493503056086345,-0.0576431565397313,0.14808995428609825,-1.3515385647384888,0.5377425696018221,-0.06841099251591636,-1.313742319228783,-0.2642318660794903,-0.3396343640124147,-1.0609218492788641,-1.1535852953941157,0.5320304000488626,1.6213932099642439,0.8817736707091842,0.5426848307673496,-1.241366667690494,-1.5732721312399622,-0.3712337149722141,-0.622062689668463,-0.6803111837582283,1.6116828576905076,-3.043679536113078,0.23424307826958532,-0.7987272968625734,-0.026323005409070854,-0.8131288383564067,0.8915037891644985,-0.5416914328776702,-0.8754789144252989,-0.18562753732109358,-1.1633002672861532,0.1883822657907469,0.4740341245529936
2025-07-28 21:58:41,-0.07539250618107846,-0.013398948156303034,-0.2012296192841536,0.44509179366067003,0.34915052815875225,-0.5562420708367062,-1.4091014953319985,2.3209910615207776,0.960826815709179,-1.314758851266115,0.5417997548696059,-0.9674292728645528,0.6076734907985779,-0.043627948756234346,1.499434865488864,-0.30930937542091286,0.44459967871395445,-0.11144557228113393,1.6155565153509057,-0.6960573419975751,-1.5565865086448862,1.5488926636177387,0.5466406820790255,-0.4039499133760354,0.19022999502574567,-0.810376937324065,0.2090956441051844,-0.5990034216869204,-0.6469023344551637,1.5417479893491675,2.5758358870631954,-0.2249204589720733,0.9667675334383572,-0.6207269095655723,1.2263492244200196,1.3593059152029887,-0.3140063191442609,1.3623854205170651,0.37683469654148066,-0.9858493469693825,1.95016923245442,-0.5235739587989534,1.7528172164501703,0.5429335532940155,0.6868112111551541,0.516077088482692,0.3645932275566616
2025-07-28 22:58:41,-0.3921324601213805,0.7216600276812984,-0.9685711377346184,-2.021126906022359,2.2034991072454972,1.3496615736071176,-1.2755093968790479,-0.32481946405477446,-1.7427392033107785,-0.06363086438556943,-0.627726388945981,-0.3806059168453152,0.3228280436376015,-1.526837678733663,1.769433906689282,-1.024378025956775,0.18560592122460765,1.4467763993088347,0.5238708830283201,1.1662640769321404,1.0237938969516611,1.529964501186002,0.08827751195146726,-0.25990804364517617,-1.7930061140248335,-0.06985133881790682,-1.4375586192091439,-2.9911599433462457,1.4180375547477548,-2.0826743904631018,0.7849350765775968,1.3184724834671862,-0.1370738278433733,-0.4405053946722031,0.13405463811389778,-0.867005950589854,-0.10657691321259559,-1.1242507088704672,0.44539393426030544,0.06589049115764821,0.3411468153104508,2.068162499263415,-2.8043407176808772,0.5805229588821933,0.5396725571958838,-2.053294533941112,-2.6414437367436414
2025-07-28 23:58:41,-0.7044861483532198,-1.3685664791004848,0.46374800329950355,0.803626401208655,0.0115043920987697,0.08359039739524125,0.23500321782445366,-0.4067178636673409,-0.5609516870946301,0.5443109112885254,1.4579642797915404,0.36636037545500133,0.400985792261049,0.20832600661077724,0.69454828674064,-0.9718461681091433,-0.988088509422371,-1.0438880886520148,-0.6293230730617276,-0.5401855606887018,-0.37008243836928123,0.6778523701353624,-0.15429172802365426,0.0547363330203292,0.4904769088845188,0.18737571634670563,-0.7922213344492219,-0.6642013913998801,-2.204940279372781,1.8375264768588238,0.44215211612306027,-0.5635904075148135,-3.0502659019205396,0.3470027607330212,-0.06559905897494456,-1.1713593481910431,-0.3030116959165552,-0.36724569801623697,0.755789849051747,1.8915706235355592,0.7264123770436504,0.5702605840939822,-0.6031086287291785,-1.0313701338361032,-0.13699393129821344,0.47357806018079385,-1.2434729251929213
2025-07-29 00:58:41,-0.1941636419802863,1.5676905536703876,0.6550124490800148,-1.3912301139896417,-2.7456425692947355,0.5834327136355828,-0.877748356844656,-0.7755893798019551,0.766133620234909,0.8527651841706877,0.8613212420048613,-0.7418546626762451,-0.843204369159427,-1.7471562580695286,-1.4111648785171702,-0.343783445864305,0.541371096723676,-0.7320709583995605,-0.14504939488009835,0.7220714823810996,-0.9339690320535939,-0.7572518002411924,1.1303527213412166,-1.3151338553900815,-1.2213284257748027,-0.0530150388644077,-0.08809472651179856,0.33986694447968135,0.6724269337490956,0.6474937691578792,-0.1138440243827394,0.018470240302888723,-0.8566765891351696,1.1562359034537881,-1.0244664521786864,-1.0412451859372813,1.0207875502813974,-0.827077034004355,-0.24462351256806816,-0.40508439215249425,-0.2284480553200076,0.13412696037816704,0.045819931813897055,0.1716884920566961,0.2981943826585698,0.4016548464560944,0.7837453576131026
2025-07-29 01:58:41,-1.418689570617188,1.0528359181561386,-0.06426980838961083,-0.23217544359192596,-0.04325441846347605,-0.3659145092110057,1.2776205874913695,0.6250540349190172,-0.6273986307305256,0.3600280390799404,0.9589860848790597,1.969309807604224,-0.5016962999355329,0.5578819210023743,-1.3266498129616398,0.8542418371073643,-0.21911602001020936,-0.47546033093774,1.4564063596909218,0.9287894113376622,-0.5648588128906159,-1.2675031212366834,0.9292930210475513,-0.40138223701644354,-0.9408581633933643,-0.17802793464566813,2.2036866215655295,0.16618387671655127,-0.46467998859596693,0.37509855286856914,0.016479508215003043,0.7351686628254905,-0.6133917887592606,-2.662363920362472,-0.7044249676995639,0.06355032476471392,-0.6078705822465831,1.7561117405282378,-0.8419435156924068,0.34308759812726053,-1.0710364360120386,-0.5538998361060228,-1.5593286516136986,0.6715070169091222,-0.7570440571890323,-0.8022190211503992,0.2488580645697281
2025-07-29 02:58:41,0.44274494631874606,0.08963791671410973,-0.8394816379293778,1.1845257732811463,-0.6513682785978798,-0.34132435270651423,-0.11639018005405884,-0.36728813361095564,-0.044170147305111374,0.7788799070972335,0.5192758456607036,-0.8692640363750312,-0.1528265185412437,-0.15553582092920507,-0.06475479519171137,-1.1176574165547508,-1.0227277948353648,-0.13112411195696216,-0.9524631766110571,0.8038496984041406,1.6105581769003912,-1.0346642082744169,0.1654491626137342,-0.552879631033986,-0.4405340076171435,1.09373438109308,0.7525142561834413,1.8167973186016901,0.47668276223697414,1.2749975108598648,-1.4721098272007933,-0.13807446756606828,0.33697901159062177,1.039265011007312,-0.794848630387666,-0.4581696065535195,0.6459370813701989,-0.6520528201154414,1.6897277705678408,1.1205012081290235,0.7407573492224965,-0.4301369647083183,0.01925212278269718,-0.6908192836394186,-1.0805485255531253,1.0236446073071925,-1.109190060401612
2025-07-29 03:58:41,-0.1406831910442244,-0.350015434113899,0.9134295512128069,-1.4032128073212136,1.138885354287492,0.6370344407732619,3.0993499942338367,0.698844696478469,-0.9036883371732493,0.22314823999421296,0.5391779896463542,-0.3176736953517123,1.682025654707599,0.21114587412903435,-0.723586912778298,-0.5021027095514758,-0.3004220419360078,2.2249925307207654,-2.0814678163760627,-0.09455831108135865,1.924238972817056,0.013051066416902676,0.669932574038212,-0.4874574740727588,-0.6038500340348438,0.9479860679164349,2.4701666392595443,0.2774063095000544,-1.3390999624943898,-0.1735001265917934,-0.5065256855577662,0.06839628371946274,1.0328909734707812,-0.01513370855778492,-0.32161416683853405,0.14115307910230063,-1.204465913545284,0.03043650341308954,-0.9246068555969056,-1.3527155856770021,-0.169238073641219,1.8589797274750997,-0.843608798218565,-1.7419237180353981,-1.0652107019015118,0.5693995279918387,-0.10950821222957342
2025-07-29 04:58:41,-1.7704484190378187,-1.2625655605930561,-0.36581531236470977,-0.45936440610652407,-0.20967503992249314,0.17753569654578466,0.363729178060592,-0.42715163002725093,1.4890038651196664,-1.0337702293830324,1.9017004808272386,0.8423749627103759,1.826193423657773,-0.11191205199870947,0.6082454066027714,0.1751938393477401,0.11149650028273923,0.6794764902471914,-0.08269024449557902,0.15442795197665504,0.4085828089790534,0.6581532587873129,-0.0050834045356583,0.8800748124121768,-1.5447356284251814,-0.9016650772098714,-0.5035091336343507,-0.7789240359894868,2.2267634203532394,1.344018899264965,0.7877379682572152,-1.6021067315303035,-1.8806526246707165,1.6331957599318414,-1.3624877954974304,-0.8247278432595336,1.0240094739552839,1.5490778043677542,0.14133999521489998,0.7120043176757547,-0.5317335478708637,0.5907997168141806,-0.6144062492884527,-0.061253745238598375,1.5521546045622598,-0.6526633158218831,-0.07843777290285756
2025-07-29 05:58:41,-0.2558525994649512,-0.24784163319630456,0.23403512798891568,-1.1195226569308308,0.1115341828633856,0.649174009633986,-2.4942938212797565,1.4787696834209045,0.6156584760178156,0.19802989855739647,-0.9939750509047743,-0.9262127796724959,-0.0379303149904758,-0.8228531269398284,-0.6083236130103826,0.13857408609577074,-0.0006944408996632217,-0.6178035278690633,-0.003920893937533348,-0.1400850999300029,-1.1854423208542435,-1.1525621092513094,0.16984430382531257,0.4480940477385335,0.08544936334033983,-1.2965653767808036,-1.1493398215019615,-0.9118248203459172,1.5608261155029048,0.26841258115115835,-0.43068375764451056,0.3125960651322832,-0.0984607903567539,-0.09715288657496572,-1.4597412306562847,-1.6342815518795712,-0.9416679361597637,0.6219557693811225,-0.8163788322373118,0.7010160934494729,-0.07365079052170906,0.48243239020551565,-0.043419383720326485,-1.2121837517307008,-1.2150832229913209,0.7054006613031131,0.23586640529060668
2025-07-29 06:58:41,-1.209907039272742,2.498993974083836,1.1562641940451885,0.6173361082138493,0.155444051966268,-1.9239976483966088,1.474576294359524,0.5481262864529756,0.12955173919578697,0.32985585260459915,-1.4286759149348478,-0.9213352716696769,1.8521347509839057,0.8618442596563544,-1.7471777594978137,-0.6400197324240071,0.05819398029860679,-0.0771586111041539,-0.1383224963323325,0.15803463861388953,-0.36023458629269584,-0.14396311511142681,0.3909039394867428,-0.014804033118175226,1.3047078159834447,-0.4237773537946659,0.49199926691077833,0.8275835789010385,-0.5274016381909111,1.6963440699316794,-0.674113743359135,1.52859273590673,-0.1330882882884028,-0.9697190995344928,-0.7510344502813208,0.6321755422442654,1.2243983541574135,1.163390740824963,-0.19678522431252576,1.4656364472618237,0.8425991366405343,-0.5015673859901273,1.287139787356377,0.529825789260977,-1.0687586045004644,-0.37276842818431627,0.6967494854222962
2025-07-29 07:58:41,0.06628951295513794,-0.1826996547245231,0.7165437643651067,1.1692676880239004,1.6945994621380236,1.084554447995496,0.6021828474923012,-0.13981721009114081,-1.131659504209858,-1.3626914413280757,1.1745533495256215,0.8872875165067381,-0.38707006952108763,1.7442005242615946,0.11039144966901711,-0.3426274125648456,-1.3779539125679,-0.48281547301521105,-0.45201777752618794,1.2385647272522553,0.16345053137391571,0.7286923874317602,1.8224105422030807,0.34427872310155655,0.755975282669943,0.4459895773819923,-1.0618647973635325,-1.0069187249215155,0.8406583525207885,-2.4463445112643663,-1.1429438752498875,-0.7523933771093072,0.42134308437091045,0.4852169363190215,0.324246079814009,0.34271574239327063,-1.4000587967719018,-0.06142156525497403,-0.18375188868401848,0.1659787578518991,-0.055388852148627835,2.8127602753401115,1.199931298567427,-0.27009313088871595,0.3862246446496418,1.0965991987928563,1.130540580352771
2025-07-29 08:58:41,-1.298805850498475,1.4340670443019587,0.5001729780361029,0.8708861776235041,0.42790630583146066,0.8473092429776002,0.04598798724029248,-0.21876199887884315,-1.1622880194436436,-0.6075822186008581,0.5903020668864607,-1.3527177519711424,-0.9083565182314396,0.6753257210591443,1.036832328082373,0.6079977032197166,0.16614322293479572,0.07457331912980937,1.4043336597993081,0.5838515624639264,0.11340250757877356,0.4053930388398778,2.016650123550184,-0.05308964282480987,0.3330663388418286,1.4405974955958425,0.5180726480340094,-0.6484404019642559,0.2103387311544688,0.6323492386432187,0.740410615230651,0.13920715942153714,-0.6904200536185806,0.5715532898524668,1.2430937066747674,-0.9655289321732654,-0.6243915917383085,-0.21308790025159094,1.8416234478652354,1.0451595528248523,-0.4308555651864872,-0.08843880262051831,0.6587186617160525,0.45205113462533186,-0.8544728184175333,0.1857347427892994,0.13302762712606492
2025-07-29 09:58:41,0.2355809457248154,0.4419988004038542,0.26612945198853166,-1.971787796287337,-0.015333748405133968,2.020890278507015,-1.5123314580215947,-0.034597344013809775,0.73849049510414,-0.2843846030475243,-0.8659742286969152,-0.16698276467361955,-1.3726254196218008,-1.2790599878276625,-0.5975757189974924,-0.24750157728412245,0.8691353895415115,0.2957135714504989,0.6912544027041125,-1.2154999793416674,0.6732923934284264,-1.1884618997876268,-0.6624347336982457,1.899262340679048,-0.5012248280546611,-2.3438436176812347,-1.5538038963217509,1.8616302768987771,1.4105860149785898,2.0875653349520196,0.40785691765840626,1.4001598061541554,-0.5123511377528479,2.5338272530280754,1.6276629086105356,-1.7247491372771406,0.9593991421295021,1.340071096220225,0.3137982580670501,0.20965946645140748,0.6751442698806391,0.8930588580791843,-0.15753780601476153,1.5549954108040829,1.3724042470504145,-0.5441919849269168,-1.8080945004047777
2025-07-29 10:58:41,-0.049208665017683506,-0.8107332926466445,-1.193147055966696,0.2707702089934758,-0.958810509302908,-0.11259968306756804,2.0044945834028716,-0.7289990990701407,0.07774260066136249,-0.2562596097140618,-0.8220050790507012,1.2409252145398577,-0.8931460579189137,-2.4849527997527177,0.471198755374319,0.9196655018584674,2.4833934869769148,-0.15399186607898002,-1.3715538971849417,-0.30996875085085945,0.8703996436968997,0.6427267083231833,-0.7448234818898277,0.3833413777602927,-0.6764503548358984,-0.10358436326497983,-1.0045618842327142,-1.504038691699042,1.3782292857538934,-0.13900481393410039,-0.622881022757802,0.7474367029897628,-0.530492735622838,0.657575395555394,0.22871372024109207,-0.24570093339603655,1.1963884460594645,0.7626257771480925,-0.2688043828528757,1.7395711230937756,-1.0046921253902739,0.9835325678112953,-0.18003543383113496,0.22284453955862865,-0.08171701101644772,-1.6636243360129965,-1.725803695293545
2025-07-29 11:58:41,-0.9003558971067525,1.0821021681866618,-0.4824934832330169,1.501923300995005,-1.7188124829658555,-0.2811980068825077,-1.0754913950658114,2.5987629506904346,-0.8193282624151806,0.7439548425842712,1.75136522644416,-0.6451832703212558,-0.29463554537327474,-0.7506735653626229,-2.103932806920838,-0.012929486634318768,1.1855563153127897,-1.1358964711872404,0.4670370524506316,0.2112427966520028,1.3099060798399642,0.8968169699514146,0.5564898211043782,1.0229643001746682,0.8565222186188014,-0.36226581885029147,-0.6765516440075215,1.558468626367595,-1.2257198004883192,0.4028251169075991,-0.8666583023764007,0.021179807868433976,0.11653409443186669,0.47985866414767137,0.36647221046272166,1.566556252782546,-1.8338734591187815,-0.14605276296558883,-1.187773366166283,0.7431322957524473,0.19613525812735993,0.19490468728912203,-0.39992025425852684,0.1894145184688209,-0.6025681092656621,-1.996587238580513,0.8855739083722264
2025-07-29 12:58:41,0.7688873963993753,1.3464051797207213,-0.58741923186712,-0.26581011849421055,-0.661962622482261,-0.23773859535713024,0.637598258379799,-1.7334597924239628,-0.10863391917437928,-0.03673284164946419,-2.4015831954449376,-0.027390868592790385,-0.6354095776115607,1.8921830417435108,-0.9436735605570761,1.755852020465978,-2.306075955653784,-0.3867110162783932,1.4009364689335673,-0.48350584073086444,1.3335853550677155,-0.8821194384202496,0.5313665601078029,-1.8370658930593242,1.0666726163008746,0.4928604705847947,1.0193849687131178,1.1280469958261077,-0.24047544224189363,-1.3768560104829985,0.2258099667835324,1.7752352018050557,-0.5097696954350072,-0.2861089615774925,2.0569387818135154,-0.40743621281907316,-1.414774856223245,1.051617330979266,0.2753999466356145,1.7174609058146912,0.03175836383319893,0.5557715871250234,1.4154384990325486,-0.46401496418010524,0.21126942377981592,-0.24189613424325387,0.8805548330044201
2025-07-29 13:58:41,-0.31283065538739724,-0.9169025566514173,-0.2102506313848532,0.35732028811883876,-1.3076605936538683,0.7248190831483627,-0.8266621351311194,-0.27276551203013505,-0.4540415244866321,0.22829961231988777,1.6897802153482522,1.1071252736834298,0.43478792150733864,-2.258146532348609,0.5458469266340419,1.3973555871591026,-0.6452692767295514,0.4569458050347365,-0.2859467414403832,0.5130060395106499,-0.24973682205288392,-0.7297127337785101,0.15460279726378637,-0.32430252505769586,0.3533050530200513,0.32104568358266905,1.0154519146595666,-0.19640935949034222,1.1329617148293665,0.4110227793822001,-0.7765703209769441,0.40642375581705265,-0.4616494778192916,-0.49686741546539415,-0.20101324627227374,-0.5830983493665135,1.595294807994744,-0.7367678652653579,0.3183439599582276,-0.6417406050958271,0.08507764331654195,-0.7111862211699937,0.6540082775575998,-0.6319250231422018,-1.4985632594379485,-0.5785679675951185,-0.43659741872764024
2025-07-29 14:58:41,-1.3021348989385741,1.9150853489309572,1.1220327675890287,0.7015304532135547,0.08132533425798039,0.7294827082403609,-0.5636501664595386,-2.7796726743098827,0.854428793859798,0.5147061187710664,-1.2992013730943999,0.12345880325561934,-0.009727654727482642,-0.11987412716179643,-0.8139001052485756,-0.8760983533145421,-0.9592667531301335,-1.5428244688866901,0.2051581128423607,2.318499269571467,-0.09532775905107733,1.1049826517296142,0.2690003356757144,0.3409317745701833,-0.22684788023676394,0.18376963005232896,-0.1077879817526753,-0.6996227436992846,1.0624967490516448,-0.2202439917364927,-1.8164212495203482,-0.8006045257413141,0.17964550526794332,1.4378713366588367,0.19826632539916236,-0.8231631810781215,-0.03531593428215558,0.8811546590339835,1.4606224378968022,1.4840515530393772,0.6780677677907483,-1.0779857395781989,0.7069051445828866,-0.41455434991111734,-0.3329440134506431,-0.13330177550358827,-0.36201484168988957
2025-07-29 15:58:41,0.41120749496745435,-0.7996662918825213,-1.0643543475780177,1.2587547881655166,0.4560980917879302,0.40473178050531905,0.7344564973913738,-2.32328160100076,-0.4684761345233951,-1.2552993820314844,1.3520670830022854,0.9275037238834596,-0.7331776301636136,-1.666507427752521,0.0968869991882313,1.0047993807075273,-0.37822732784087265,0.6087536164022873,-0.3700800358771226,0.8689620885913368,-1.1672120077668175,-0.7086829653662975,-0.1282049679715132,0.5322452181420447,-0.9015793113887975,-0.8288349843616152,-1.221583653067335,0.16966409567801966,-0.9999898479900937,-0.016083501337013344,-0.7685635096208348,-1.2202466242713477,1.2782957182066514,-0.22060104671642586,-0.9477602688292437,-0.6283053157297674,0.5714176473031267,0.14503169219359416,0.5878756159874939,0.6224903239360865,-0.9199426484077624,-2.5592653119427906,0.7982840872981622,-1.806366872287371,-0.5724363665868368,0.3340618544703096,0.46997144569776195
2025-07-29 16:58:41,-0.3290645052956887,-0.0057354039984519765,-3.375963251694497,0.40024723890232494,-0.956803793605882,-0.2652869536608065,0.9214880845732795,-0.7639881047142754,0.8588824057991364,0.092547672176802,-0.2683172760984027,0.059691510681428125,-0.046326905761668896,1.0694950186497203,1.1073787356520999,0.6010117879696342,1.8400108269172883,0.0863414703915044,0.3131163518918924,1.6113772641417052,0.0032584994935129933,0.8061881755573,-0.044159282933069734,0.08533796161114961,-0.6370458332443448,-0.02229841226425436,-0.5676554211409879,-1.1665838336100292,0.45770089593308433,-0.5322724683147912,0.42298389403922754,-0.5662306722432959,0.2517786051418285,-1.3211303906753797,0.4157854619188772,-0.4337649491706696,0.8379079580102242,0.7598303401911543,-0.5758658387517835,-0.9459040059932199,-0.7747835702714222,0.5884150127615985,0.4313997431788374,0.9731256352549639,1.116949523220145,1.3812760826105603,0.3841367597010763
2025-07-29 17:58:41,0.3113462020030361,0.3883510177321696,0.35508944013021343,-0.15594108194924608,-0.32929267202419715,1.6534360416045757,0.17378650427774375,0.8280010599677585,0.23129831441209345,-1.7569943656347384,0.5080828088590463,0.5988430821411375,1.9666029914662486,-0.3756574483286464,-0.38084420781352435,0.1742731719175015,0.6625142923261811,-0.2860711400052189,-0.4151337986185816,-0.6774589516987066,-0.3998280148193227,-2.1249706710490597,-2.131580485758908,0.3870063123688562,-0.15309302893290422,-1.2259199488918107,1.2655582353091281,1.203487523478925,-1.4516679274535398,-0.609280784132052,-0.09175471237569353,-1.143979864273999,0.2964661360185957,0.3089259281596896,0.7660905764377489,1.1358326720017333,0.4971096701311213,0.3912423682403414,0.06829192219332086,0.2235782147233995,0.33155223854773697,-0.7365645295122973,-0.8487898272977353,-0.4107260634338807,-0.803748826445746,1.2008049818537694,-0.3620827001134064
2025-07-29 18:58:41,-0.3918466306516951,-0.5287431340307082,-1.6643230511487268,0.9796785449140412,-0.9005981281059797,-0.17254249396317958,-1.6994557828488726,-1.1376644369387765,-1.0418191655738243,-0.8353763684198284,-0.3723616383006736,0.24212650928701898,-0.008488370528525751,-0.5646620464164496,-0.610691688809982,1.0085435725582317,0.1382759488144087,0.9439371140701917,0.21587417843818868,0.3023780021338708,0.2783712643746118,0.16449102943273788,0.23780895142204253,0.5185137744853479,-0.684031885674507,-0.3613453156533428,-1.601304587232084,0.8749875611790587,-0.8038236363687318,0.16031509719903222,-0.08670961379278663,-0.4538614251286467,0.8102030099024181,0.7825195748877555,-0.5646617347175187,-0.5739154334670514,-1.1234165018303963,-0.8989474783220364,1.3152846714801558,-0.8058525116204914,0.3706523088499798,-1.8846565659997292,-1.0399267442978137,-0.8122865820069247,-0.09325689257829084,0.7990906090415492,-0.6149189838835846
2025-07-29 19:58:41,-0.9847464016444484,0.8340341566391505,-0.5805589335645335,0.1633622661207177,-0.3049971920024369,-0.9684039825543258,-0.8076305974354052,-0.586783986610583,1.8231493195895043,-0.4235937248753278,-1.3172345234192326,0.7492071222930375,-0.18529531055983306,-1.0636450647509723,-0.21855081974424112,1.4012229307403594,0.6251074060721955,-0.9286022146059795,0.07121905029230197,0.768119871907923,0.0020168928210377466,0.347297296752442,1.8833265158693386,-0.02094717452815713,-1.3811455906177472,0.16717378253861084,-1.6085275308427633,-0.21489279890629467,-0.5462341421497203,-0.22349325554549873,-0.04794809779338858,0.15423080362221844,0.21468041677693364,-1.5693126572597864,0.5928076344768914,-0.47302942133263665,1.3938490902042555,-0.2779837221894155,0.7754834489260526,-0.3308025859214037,0.3045710075449901,-0.5112092306368092,0.3903261784517391,1.2343667428923886,0.9695652221629166,0.8903610755689685,0.629014674841771
2025-07-29 20:58:41,0.19427868145412439,0.21210413937034123,-0.616845645196826,-1.2891371299484293,0.19448782141758406,-1.9035772787835383,-0.6244581017695331,0.6984511044612994,0.8284080248578299,0.5854331580197467,0.2921765218083113,0.9001850743082457,-0.6491067760989826,1.5493917925254754,-0.22153632268401913,0.862557935224549,-0.9188945118131248,0.06121906488454457,-1.4773377381286679,0.37594599412983476,-0.11218236002180139,-0.23442748233549734,-0.0007879094631834264,0.8844778735504485,-0.12556979439900967,-1.8852598551978905,-0.31061785410897186,-0.1470773042948654,1.8907257082374167,0.9563929083933129,0.8732601682465697,0.0005811888461319704,-0.6888974504733112,0.8652405360139357,1.018925986826001,-1.250264588713793,-0.3784845301225251,1.266555115000735,-1.3095613532405608,-0.08501891125876444,-1.520770432392618,-1.0613924057357642,-0.8502026611430166,-0.4753260176037272,1.0659118766953588,0.6433691344016705,-0.16910329218810652
2025-07-29 21:58:41,0.22226408423594574,0.004968187282980423,-0.07999225691496648,-0.4953617404338956,-0.24489961722294123,1.2961160508012324,-0.38924313291654505,1.7706115107933096,1.2587009132867562,-0.6870228224407872,0.5631078222885864,-1.2057352110063708,-0.79257707448774,-0.9430468512647708,1.4795571937765446,-1.047601481424737,0.4105241908841027,-0.6061290181459983,0.14331660571750418,0.6152447884609847,1.483595025769524,-0.4629031706798602,0.005402128115640582,0.978497921723297,-0.19061415818278835,0.6644781468786937,-0.07940503010868863,0.9173306641984891,0.5364933438377831,-0.6679581689513079,-0.5091133613057446,-0.05219537569496132,1.507388555687575,0.9628507196409332,-0.28570897488402647,-1.382507328875233,-0.612007844721514,2.2907091805703614,0.2482381372977001,0.5316276869707198,0.5511026614769607,-0.49461713495124243,1.511199934873216,-0.3333613178394903,-0.6911876710202866,-1.4958995333228262,-0.7538691638374018
2025-07-29 22:58:41,0.9909477675770442,-0.2462421061589229,0.2120503919467213,-1.0681879357150321,0.6670204039425557,-1.5405751434122006,0.7483571581245603,-1.3557070579763506,-0.1532796168140032,-2.144518079227106,0.990868023240351,-1.1319390926863644,-0.36598900501961135,1.100570593196918,1.1503926306855428,0.05982114275341867,0.2865781048078579,-0.8064552928873459,-1.5526280931182483,-0.8263005546382604,-0.7756776525878241,-1.073533131426053,-0.7134744777246279,-0.816736119359822,-0.7475743180642848,0.5119464573089947,-0.08771178793540366,0.35968968567871334,-0.42180469069861287,0.017561327612107436,1.9164566750970742,0.9373155795366525,-0.41105014688217656,0.2760430346084425,1.4979844303391083,-1.2420354390627626,-0.745713127573845,-0.5652442315578153,0.3002792243620414,-0.43208176695482087,-1.487707650976098,-0.32145090732805465,-1.593017024530703,0.2049992203961132,-0.07776031727672926,0.9246079873199554,-2.0023610532100045
2025-07-29 23:58:41,-1.02106311093869,-0.761153950726526,0.5783309093613077,0.12382908918711286,-1.1481095465064453,0.47480887778292813,0.32823378159079725,-0.30064406660634,-1.3135752511599512,-0.13444768993107112,0.059351639230867836,2.110399105376905,-0.39314137337712246,-1.5805291247330233,-0.4542770357804025,1.3045010206298853,-0.32870690265575436,-0.4085361740163949,0.879966672592929,-0.08841373381519217,-1.602668484865897,-1.9555046359020645,1.1459342447964318,0.8819256734706328,0.5607587349372403,1.222241652516975,0.6948599836293154,0.5252876817819453,0.3633497604910548,-0.3672109421775998,-1.8997270540335822,0.9249507184579497,0.3420510462564311,1.8325990994412087,-0.19997932783821407,-0.7896437435001737,-1.6576758613104754,-0.27620804884959205,-0.10762936930129502,0.2458253681092575,-0.21212874814907604,-0.30031706101890177,-0.229518377747443,0.3493200851731834,-1.5176764826554336,-0.423416746340334,-0.37277237622368736
2025-07-30 00:58:41,-1.001772381852518,-0.4671428350335741,2.607523333119496,-1.3657857618216298,0.3816909875414388,0.4930035763894959,0.17620160000843377,-0.06662399628220814,0.20685515448227032,-0.6466472299943977,-0.6949450707013038,-0.13490880152234785,-0.9748856428236151,0.46943240572143335,-0.029974906563386722,-0.4451945553360352,1.1311714448430292,-2.088884388019891,-0.981008672891329,-0.5253569210698616,0.14120698505847196,-0.6676317685711727,1.262129857757658,0.7796308404949219,0.5478790382219146,-1.5479357645306024,0.5891527295066272,0.5166915479534158,-0.36777665764738676,0.4149400584648101,1.494440867595494,1.5966269612841855,0.2236417078460323,0.4474142390063586,-0.3191219405707884,2.1069504725199395,-0.3962673251015476,0.626960914925074,-0.017692856768544866,0.2107142538487766,-0.8103849139110693,-0.8138572881702439,0.9797431472286979,-0.8397747657202362,0.6317723369425601,1.0380187991940535,0.2115384842490239
2025-07-30 01:58:41,-0.8838950061702724,1.7816768719933413,0.6441646498823007,0.44979274143780984,-1.650050076393488,0.8939881625382043,0.34490510217314646,-0.3836440729138415,-0.4832069180679834,0.6636999091491891,-1.0606741643175286,-0.6244838645804327,0.7617198795912659,-1.4389931725554612,-0.11857889815255342,0.8222876099981268,-1.5839187755653041,-1.4707112992993856,-0.9740666168708667,0.7441102844097589,-0.69266198536683,-0.33323755459789783,-0.8267861531958485,-0.664199143699743,-0.6033321628932952,0.7673543512527939,0.7264097816682674,-1.3879052894459465,0.11097374228996042,-0.7921230997384733,-0.1860763625613973,0.09835573778553157,1.6690944832489123,0.03974067900207299,0.7373394990621402,0.32117397057875957,0.1405438787410948,-1.8536536798682774,0.01632930036463068,-0.07482039667920569,-0.4257866615895771,1.108198605993304,-1.2532399847532878,0.1270788276209431,-0.036271928496049585,0.03962682708911716,-1.0315984135630472
2025-07-30 02:58:41,-0.5810840823365147,0.4310953291524167,0.04773067847894616,0.8817352351130601,-0.12414759589931568,0.7926381959685902,-0.30787341629856313,-1.3275256212039261,-0.13688953155989014,0.08788635795478311,-0.2910929134443828,-1.016920441050753,0.3241648222868555,0.6993517454412043,-0.34006008766466733,1.1617103982737862,-0.5681609960577977,0.6675434157082055,-1.4186825723623717,0.4447670895452235,1.1566753342378857,0.460896115064039,2.022184301476266,-0.14462572749280392,1.0629280415674318,0.9488248960699284,-0.7121596353597806,0.5043690380895928,0.05901833289315503,0.6088849427405133,0.3007963378210529,-1.368661507505929,0.3987160823297685,-2.378551741050167,2.479653652187541,0.9741722176487845,-0.1348794733665152,-0.7197843275823046,0.66952715761006,0.12785970313796274,0.10672137878867478,0.09401180024983394,1.2359743915176695,-1.1288295430364943,0.6475488907688132,1.7720928024752554,-1.0460113268787448
2025-07-30 03:58:41,1.7556273824758244,-0.3090820796052117,1.4825106038618028,1.2268694181441286,0.795389843577551,0.632024468606384,-0.1365802139415726,0.3360961374041062,0.5179163969379603,-0.3501367769268616,-0.6242869362512293,0.40013660733414586,-1.4909224918854502,0.7857543835837358,-0.5869878286549826,-0.5087875172680968,-1.3998850497200939,0.34617551687734843,1.7300261195472806,1.1119845878825627,0.6183280453222878,-1.3158659599241889,1.4380884805325023,0.5631746962988582,0.8709606508368688,0.6278006495190751,1.1167565698702049,-0.19946492651807327,-0.5592218867293226,1.2290533215817776,0.35357295846964204,0.25991416913265974,0.4321203827888747,-0.304575739676099,-0.03378165017510459,-1.0399279559763563,0.43976498838809763,-0.3971704525310715,1.122630102575613,-0.63216911422928,-0.5960219864019985,-0.3215467876685487,1.0548389675535128,1.4937045347777245,1.1795170949837581,-0.346267296096543,-0.7332693513182938
2025-07-30 04:58:41,-0.21544203486836802,-0.08617795761124117,0.5273880334822464,-0.3029016595149776,-0.2569913802604496,0.30527629297447567,0.46095922969325204,0.4834471610889583,-2.7959148004638905,-1.8745133742985478,-1.4927009298289358,-0.05033916310677666,0.5766286640457015,-1.2466621100596362,1.3014784391621126,-0.18947876935934516,-0.9896210463647219,0.20041913441562664,-0.6716624693300084,0.1463320891579425,-0.700139150758853,1.0218766020058188,-1.1764985852528205,-2.4947611170077892,1.4678422056961842,-1.099327026462335,-0.5737717716049273,-1.8807747376562878,1.0679817018383855,-1.3974863822449277,-0.14536083267874472,1.281293429624775,1.3980489374377325,-0.5495879346506892,-1.4694080434342451,-0.43002232736612483,0.40429676048872376,-0.4965800227402859,1.2843215294101913,0.5920338240071301,0.36745376396283125,-1.6752810005686518,-1.7474092193884152,-2.0075095919492405,-0.1027494917903982,0.8519143382030975,-1.294289884602234
2025-07-30 05:58:41,0.047357399589204444,1.3238654223381232,-0.8245737690894672,0.6288105942328112,0.6398312770359812,0.6080790190295399,0.8061748617332736,1.6657612332291314,-2.4634335397458593,1.4093263523762067,-0.4689196093503641,0.02656833964749577,0.5837792865342564,1.6194434642506326,0.10690779536379444,-0.11186238971661726,-0.45139176271841414,0.010343815359398737,-0.37004209036810637,-2.353414984482986,-0.21309569208731252,0.8230480410316389,-0.38611108340351485,-0.8041505283152568,-0.23144761569441208,0.9981515342260554,-2.703397955332173,-0.05963083653987405,0.4200938252243248,-0.4848085534325593,-0.764850430780167,-0.29204676206142566,-0.031326773735430476,1.5187334181488863,-0.6644256636999089,-2.422462108593963,0.47606425599134494,0.21426428045517085,0.0019189381620924866,-0.03993439939464765,1.4136697335830344,-0.20452286056693528,1.033010091421616,0.9210914698266108,1.4957882730564072,-0.3089938462249569,-0.3672759927472048
2025-07-30 06:58:41,-0.3182125843850819,0.7201845064200919,0.931223478389122,0.07523467886540042,1.3603121589211478,1.0970208417958918,-0.43263146567872224,1.0735058301900549,-1.4270196342463992,-0.41536269985443813,1.4062003213833942,-0.775581623977059,-0.44535233778652183,1.1155269074780023,-1.9149550539511844,0.5555109776017555,0.040031830009354286,-0.6653424714184475,-0.24597438566927673,1.694473163585807,-1.3091674459792997,-1.2430884700466365,-0.09109023305510588,-1.1501932072558017,2.4329792308604428,-0.044861832448576056,1.0694460698344415,0.20615728265425218,0.44381082876064487,-0.9736208135296652,0.09412557631026705,2.0463024216315593,0.8746263494763298,0.25046289735225846,-1.1319350522703941,0.17216489614485153,-0.23332369556067362,-1.4102914327193814,-2.338388492328794,-1.5947109137242228,-1.1460089933882773,1.2604679540055985,2.094941521837224,0.025146685179443528,-0.9289704307411164,1.2387678664376078,0.11717712833232131
2025-07-30 07:58:41,-0.07888320129892824,-0.5487984157080598,-0.00013233892179778054,0.2921011724037727,0.21302436118677615,-0.2187859937990787,0.04872978093749367,1.0477791298808303,0.46296693788098475,0.26288589192110245,-0.12963950859558074,0.4152645970347414,-0.29883899471169806,0.4168561467143725,-1.2536134076925363,0.4017905296374958,-0.7421813252587354,-1.1744813383694395,1.1901891994578147,0.4064950263009115,0.15922095482669238,-0.3814894079067211,-0.8301107307265105,-0.5770483634263891,-0.25238019753253677,-1.0394043624367908,0.03344673387253369,-0.6161665202967561,0.205288361558794,0.8689455537542896,0.32721388585917976,0.07598924396358844,0.11696001083996521,-0.4266173456107844,2.2587992649297104,1.3273403456767214,-0.5909050758740957,-0.46054680188966485,0.7577304086765464,0.23985385364908393,0.530167149967331,1.6197443128159825,-0.16853608617317395,-0.31817390414705077,1.1057587442011485,1.142874960232285,0.6207805921047597
2025-07-30 08:58:41,-1.2463370199641366,-1.1369304786327261,0.035927615002856655,0.7948949323611675,-0.7658514647542269,-0.6100008307819228,-1.2089252241414863,-0.2701626404041018,-0.23801340967541915,-0.8329909759040367,-0.5466643678381099,0.667141508506469,0.509589579027482,-0.7830957683068654,-1.7276100991381662,-0.29015475197467117,0.8355528335068929,0.745547893206669,-0.3845788964670045,1.0196422637281197,-1.2664408744361646,-1.2266858652256085,-2.1220727314936645,0.8650600977705821,1.7842325752279855,0.2776188616668661,1.6039408258589283,0.3190226604727528,1.105729030845468,1.3492158226828133,0.9551754294818615,0.24613399390351381,-1.4607740335173438,-1.685753500345084,-1.7851114237311791,-0.7595672529396227,0.17145961215312763,-0.06783171691436521,1.656732451559197,1.04450150779654,1.6136704690737573,-0.03733473598016874,0.4997357490733968,0.17304512451913978,-1.8490775199771623,3.1258573995396426,-0.7263439267234484
2025-07-30 09:58:41,-1.0815502193688693,-0.2070797398244543,-0.4495032904235543,-1.4966204452668495,0.08543838186451237,1.2430284490719476,-0.8776266679048689,-1.0929592301395408,-0.2899423916778554,-0.8986584764675327,-0.7028036774389161,-0.8074012658547252,-0.028907238312576987,1.0589802597060545,2.2470993550504152,0.5602650281635639,0.6574433356769576,0.6579932397479225,-0.1569267105522657,0.9463874634140825,-1.1710237213065777,-0.565153335710876,0.32875410534168986,0.025279322367396315,0.23039654952949482,-0.5390797016913569,-1.2130175523341802,-0.2806206861394932,-0.7050815291202386,0.4618254905019449,-0.20098844904037222,1.2076695726009028,0.7142480471628834,0.27933573519668986,0.13822829050909274,0.04055294734703122,-0.15059031427196298,-0.40805032095280414,0.13728139101122538,0.3169111233968965,-0.06287226530489222,1.9159778908688938,0.3838309183668132,1.2535960034689067,-0.5238639837310255,-0.0516543808243325,-1.0827070000587962
2025-07-30 10:58:41,-1.461710099418982,1.120440629113174,0.7759533529890754,1.2601903436873785,-1.332860429272048,-1.3899556371046806,-0.13142218795744648,-0.9790628241829407,0.8001544160303039,-1.386730460534994,0.6060127853943675,0.6194770634889218,0.429977712484893,-0.30549086153389965,0.06821709334475923,-1.320208700064251,-2.0049774030219982,0.5396484467749622,-1.1463114355167845,0.06446427102063813,0.5683932322432044,0.46564083699458714,1.361159464143185,1.2280660707763595,-0.8687420631515063,-0.6658866489877788,-0.5407339859492715,1.8312907766930582,0.5898170631665701,0.23441953490118894,-0.699058934434914,0.5151013262847626,0.39923181966753146,1.6891581300022653,-0.6410714425664209,0.9046274399319132,-0.1685321191415223,-0.746515017616274,0.7313328738040561,-0.24323606449308763,-1.516453490946575,0.35087759871596375,-0.8692140921719774,-0.8750442975635493,-1.040658711172068,-0.640521373884124,0.5759791139962507
2025-07-30 11:58:41,-0.4628375208750761,-1.1113106947683211,1.317772661053236,0.22983100887845076,0.8987045645589259,0.6381511360037329,-1.76499541535619,1.1626604905157158,0.5163377561892311,-1.2495989945236599,1.1672182575518628,2.18347020172063,0.9209903919429531,-0.08135095559184215,0.24412230641204863,-0.0512680940420816,0.6920228873562655,1.9445034303967408,-1.3552286082324223,-0.6679211001143667,0.09788781107882309,-1.1443840090818767,-0.3136575539069101,-0.7640707938749419,-0.1651872921782467,-2.5487990373302116,-0.407618906666327,0.19105316233469388,-1.0995056407025485,0.46120899561202955,0.9495365397955022,0.03352388504984047,1.1819710990956211,-0.6493524522925731,0.19710155292122558,-0.18082667419988632,0.4295035681190367,1.6310128912543576,0.40826399778379713,-0.9008656581799815,0.5117486591244219,-0.9907715612462854,0.9232387756769125,0.9467754154121252,1.1454083551173009,-0.878440929417534,1.1649916403797345
2025-07-30 12:58:41,-0.1928015321526509,0.06224249555627668,-0.07755584606305124,0.5834543630709124,2.276076149273583,-1.728481194364757,0.9435696408635791,-0.5617056254795882,-0.6730584970383652,-1.1908615095856978,0.808842278340056,-1.5725362814563495,0.30153222542340197,0.8998783143364916,-0.27343526715031774,1.0165619395483596,-0.6049331410650833,1.6785803645016772,-0.05298527432237552,-0.8799789210965157,-1.8879383205840663,-0.21333577253230238,0.2536575114078823,-1.2140128738580174,-1.9900776355884264,-0.33602747370650127,1.2849336806592704,0.6431870610235296,-0.0867180334551267,0.8009634958139391,-1.0320917412877202,-0.05872798227461319,-1.2224011583549033,-0.561185304428621,-0.7449554908312833,0.028783628223766542,1.4517071435700915,-0.21909646705732014,1.247531525120558,-0.573099414831992,0.12465525910445877,-1.4527072036455153,1.2636874829926419,-0.6095553533710337,0.5819783236744368,0.09349625004845229,1.2627901435456546
2025-07-30 13:58:41,-0.555165669622383,-1.2800914675979653,0.16284109354060416,0.08620716007176202,0.5605298359676407,-0.6967773143270207,0.06638756529448256,0.9656282818929832,-0.10113229738416413,-0.4149351637224628,-0.4969315273461914,0.45830789008924977,0.5113905667051851,0.06526036086803418,0.6337908969414229,0.04663488024445492,1.005857826621396,-0.3123098878170233,0.1332486537322338,-0.03375753558100617,0.6153590217684906,-0.24455773696581468,-0.11566348503111827,0.5242798509920287,0.9910946361963622,0.07606562008878726,1.4712860129825491,-0.15062189690712544,1.3841421291311484,0.7503578289435422,-1.4770658128826513,-0.20242709652622373,1.2510295343526368,1.3666857717573635,0.4738263329409767,-0.7730730495325914,1.2648431667311841,-0.5383761792579538,0.8322720449893898,-0.47549055493460424,1.6425969974007453,1.1323120542164449,0.4711117743224655,1.86987184691572,-0.5327899830476805,0.21198942264128148,-0.30302185309049223
2025-07-30 14:58:41,1.4595230593250552,0.0891401411605759,0.23253043880390317,-1.0700465223302578,-0.7983612802720552,0.11447098710845541,-0.2706996937957417,0.5422890573213329,0.3178664402434234,-0.15771853992008392,0.08029789055243657,1.6537080135740923,0.10701915703503491,-0.23188373539860688,-1.1044122414871038,0.12743728668025114,0.230502263923476,-0.9797214910441233,0.08778596279963878,-0.35700953868806184,0.39338796784191493,-0.5996237326822313,-0.0522753645866157,0.07503629856852274,-0.8958326098393297,-0.5388269226428984,0.1830033918323309,0.8064846103187534,0.9797421399100054,0.7139935114799613,-0.8410679009800203,-0.11993668810222981,0.2118933924828557,-0.4783081936492091,-1.7509673787859235,-0.4360043537796801,1.041424096491662,-2.4873734127006006,-0.6879520100559834,-0.6561359325460411,-0.19637221637534458,-0.22216772966777334,-0.3038973263661012,-0.10048962097894129,0.014729206309328651,-0.10585038261617347,0.4949042452283288
2025-07-30 15:58:41,-0.5533744568389403,-0.03844418994709285,-0.3565470479631699,1.468179528173751,1.6122955646622956,0.49134469865841246,-0.3546597417654902,1.0658958286653994,-1.0754525484702617,1.2920056143047198,1.0365918645115009,0.6232284272220372,0.21800284605575723,0.6901903774021734,1.0355598959354073,1.7475636835051707,0.02318468296657795,1.1878936130897189,-0.37495856314280374,0.6976013226732602,-1.3819335380550368,0.25390697038630283,-0.6246425160516981,-0.9178331965879897,-0.5511715840364434,-0.044600128088220795,0.7750473435663382,-0.5385140426366037,-1.4366750643024242,-0.9715534627679256,-0.39966838951201816,0.24208515504337624,0.8890020794065231,-0.9589889804098325,-0.1397891588325403,-1.5395024269957747,0.48023876991560577,-0.2513049522750032,0.6871899857647087,0.3140642541757165,1.4397546235285108,1.4696615616980082,-1.6037312730632953,2.32997307319543,-0.03834150462676612,1.7216476117841677,-1.1885217451469265
2025-07-30 16:58:41,-0.3262739306858255,-0.8003224588628719,-0.026726063308558187,0.4044129216352395,-0.6050627548693365,0.046454076251947585,-1.680051404384924,-0.7396737128169496,2.5596092849136514,-0.36284406783477763,-0.25022729749762557,0.13935674340075754,0.003984771601810966,1.5409802944204722,1.3263820515696239,-0.43071551993462465,0.312154917349436,-1.3840070488731273,-1.411228609963897,0.16843203464024226,-1.4329394750975342,0.8707246402320783,-0.5289534083113726,-0.04636944141219253,1.242370133941429,-0.03400146240035222,0.2737001834481314,0.7881934451210889,-0.41642631750483894,-0.5438819886063279,-0.8647054201886313,-0.5351680423090167,1.0700434200880669,-0.0653465108118664,-0.31750614806438093,0.26525982950458227,-0.29452701464742753,1.0017126210386833,-0.08102657825898711,1.8605717842205851,-0.010414713951199365,0.2492477356079008,-0.7990928743659046,0.8461545187162878,-0.9221224779513342,0.10988212450175375,0.1553244651294717
2025-07-30 17:58:41,1.3239997222258726,0.21237433669705832,0.08014385098595625,-1.1866268542569371,-2.4962439854873772,0.6782097251722521,-1.5788031868023231,0.0204746295199092,1.6800628861876983,0.8519167935059975,0.751437817010252,-1.351702473683984,0.06728989205215893,0.43491823736518526,-1.124634293809888,-1.033245732498992,-0.7827414741781366,0.450907064649412,1.0851650206298962,-0.3826282386863404,-0.902478966817196,0.08301997078199701,1.698883267616399,-0.5957843272121843,-1.2110815777580157,-0.12014089588735727,1.017146092323663,0.9394424739221723,0.6278386633777809,1.3919906177997967,0.01819747447974924,0.6525189982017875,-3.1378020631099823,0.9206689881686057,-0.6633466945445002,0.8520802912467975,0.01574204097641672,0.0964519117805521,-1.0586142404995136,0.2903364705633307,-0.2503155287454799,0.15143245182476042,0.16874825434082907,1.3894406487524367,0.19341784615075958,-1.084928721937526,0.849475327023178
2025-07-30 18:58:41,1.109807619219648,-0.8461174283139387,-2.1058744964764657,-0.23012834137376073,0.18217283671234485,1.4226858674052603,-0.6739120328721607,-0.6817669740575107,0.49887750919747664,-0.35923530193790004,-0.03310987351061628,-0.291264086943077,0.20624240764614465,0.5196561001272753,-1.2656826698669172,0.6265068974665134,1.238131335656132,-0.5024343803830963,-0.6345971937889164,0.4402236909107591,-0.4678395811587278,-0.2657406558293872,1.5393241175316368,0.3389320361103236,0.2569020543734842,-1.346198451018979,-2.0403670057457717,1.1694568973096298,0.347099436188117,1.2700534501073515,-1.0287916070331997,-0.4890885100874949,0.2609457165031312,-0.23253508093824019,-0.7778480426613821,1.1744949407060647,-1.418427951855102,-0.20622326311410952,-1.0301588677018079,1.8121700461605434,-0.06549625904399757,1.370676394622205,-0.9188185783418128,-0.20659168808059175,1.13866262755622,1.3341747713653282,0.2637869671272737
2025-07-30 19:58:41,0.21699847426367394,-0.06490319832011461,-0.48002327171944476,1.1578745666542651,1.3239704700666841,-1.082816354728343,0.1424258867045159,0.16389014784834044,-1.4120397638521176,-1.1152131895134352,2.297483757201038,0.056852091100234925,0.17936893062913442,1.0200786204417416,0.550419073006939,-2.121970538916338,-1.803281651042634,1.740352742309397,0.5927599450976206,-1.1445136307299846,-0.6662859923807039,0.05588663147542053,0.6132216155445266,0.8527360829674865,-0.3454467051307515,1.2825630308850255,-0.7102460088759669,1.7854628457737123,-0.8186288249126391,0.14933957864115882,1.105485656516744,0.6265264732275766,-0.7442077062472661,0.24304039979104192,0.8169558419752602,0.7149602282798903,1.0838661777803011,-0.6829337436437675,-0.3109533646134466,-0.4835041496429214,-0.04812739261358641,-1.0707980967297046,-0.11052108960707836,1.111620272995133,0.4629236134480135,0.2664406689560768,0.5073799962065786
2025-07-30 20:58:41,-0.1377724324407638,0.3848484962353113,-2.083093751316396,-0.14952401294867168,-0.9726154147088372,-2.1040697732570637,0.9172374102766006,0.06859758222357383,1.2910401111919085,-0.004152055686072858,0.1354134848827395,0.8971466076559975,0.8545631658110687,-0.5430563605204217,-0.08495423572962733,-0.176014002122673,0.6649340440971979,0.2432736093745841,-1.5503962618237284,-0.8331277451441753,-1.878816307037965,-1.6897518112013967,-1.804365272246115,1.9412081310347593,0.047367421156846445,1.2433021366625832,-2.1712111298362613,-0.3036853905186741,0.5728203799403002,1.034882397888452,2.232945810508218,-0.5793452393395412,0.7512722262431171,2.0183318917971786,0.327812178385869,0.058408282019046874,1.7722441273296836,-0.35772374144452235,0.9113782942491023,-0.5101923481639853,-0.3428287708481643,-1.2612279118658614,-0.5804181094409965,0.7848362388752183,0.018221169514355887,-1.7001717720218446,-1.4110882793725978
2025-07-30 21:58:41,1.2507388181593557,-0.3781984429171111,2.164623941106397,0.6243190687879548,2.0297043219442235,0.4757777388727951,0.5357816969423026,-1.0067821925863134,-1.1442211252282426,-1.0054063472854184,-0.6279205728481853,0.3136638614828154,0.7404010186765302,0.950370722161329,-0.6949708350424494,0.19387082644898568,-0.09252469191754625,-0.12018193969013488,-0.721266079732795,-0.09209116861449264,0.6195459593800067,-0.4660213415811903,-0.24423586056979674,1.397892384460972,-0.11797524315686621,0.8352716175939949,0.7146264083239849,-1.0846451740433332,0.19292630165528787,0.04752834449083762,1.1312142780550367,-0.9883213605734606,-0.14673194882174928,1.2415062817857287,-0.2575823221414203,-1.523264546728888,-0.057461644959979866,1.5037529414058224,-0.8458064492406556,0.26464640691598207,-0.5538058386642237,1.5905664939017408,0.6424705003112992,-1.244572353425227,-1.4350882959867386,0.7519886636378044,-1.2924036604542302
2025-07-30 22:58:41,-0.6688593962141004,-0.4674528749922604,-0.5622054808898782,-0.533144372320967,-0.5465403811529751,-1.2364222232382645,0.6320947897570013,-0.8374669292315244,0.8061492813182309,0.2965871357089323,1.3090477206396898,0.4911260083592623,1.0725326861032325,-1.6356028364182122,-0.03395394052209317,0.5761331896480357,0.8709908560854371,-2.011663123197505,-1.1918983096945173,-1.510641328503324,-0.7670697233757354,1.4090189447540955,-0.5895999801885062,-0.3438931673367806,-0.7534640918650752,-0.33310704978636524,1.0863222470437222,0.838369853877372,-0.9429493031987551,-0.13215989393190428,-1.198440477956923,1.8479942333616495,0.34905652426211214,1.022694973453,-0.22482806928371912,1.0039381445092408,-0.06863570724186954,-2.1663970851560266,1.0415672546038082,0.06624921255443578,0.5692726456970888,-0.8541159376814658,0.5120713656397986,1.3109327121707024,0.8469485898329357,-0.9737963216599528,-1.76175364718245
2025-07-30 23:58:41,-0.942503668419461,0.46059761572780994,0.2294781710733604,0.7895062211495868,0.985249492674559,-0.32625650012820695,0.005111228224164344,-1.0242048943083857,-0.27506904571154583,0.18918805127558408,0.8806766363613017,-0.670352109417198,1.0746343972996921,-0.27932994166208885,-1.0745825465218388,-0.3940837318341399,-0.08812379687208288,-0.23184561911345683,0.5927338761845697,0.2411313781608969,2.4559424736921347,-0.6064556910628842,-1.0735869416010853,-0.1081492306808363,1.717563650564847,-1.0444206865720622,-0.9381004522110374,0.43670499350358727,-0.6122404228882818,-0.490141361821801,-1.106838815972258,-0.8018777764424033,-0.6684018061138661,1.8751161516708597,-0.5824477034979714,-0.032357908790293315,-0.5258410518624187,0.08691241135217745,0.37144505063485167,0.18947894701829474,-2.0466755051184955,1.1031715768807608,-1.0810610139639445,-0.3955968772531228,0.9915423390998065,0.9261026245576182,1.4021775934778056
2025-07-31 00:58:41,0.6108842318754105,-0.05941776952787208,-0.4633879513662767,-0.9563607460407005,0.6228945985648667,-1.1231640373868221,-0.13469110144246008,1.5078165285574372,0.3995234678653586,1.1766634035257446,0.08834072186525242,-1.1054964845122504,0.7713403741396554,3.2351844039926854,1.4905171183140251,-0.613152792713678,0.06819838861892359,2.2829950391056424,1.4345033530100084,1.2957533561522234,-0.20440680574328637,0.7304393347231449,-0.1838482257581966,-0.3327196524920779,0.5695343868714794,0.5291269304273318,-1.4007601289991676,1.1227215946348115,0.011583426831236388,0.28598880589358594,-0.7179007096493477,-0.9502682397088411,-0.025687610714884065,0.23273182773021134,1.677986739970599,-0.3295482429225577,-1.9270524885117553,0.010165112597713296,-1.0031850479987747,0.9207984650421828,-0.4281145449526284,1.3779206230185055,-0.8331204653181957,1.1913185431700015,0.2578780956561136,0.6332250999600526,0.16290578767503905
2025-07-31 01:58:41,-0.140003243267897,-1.5038989574453347,1.5416413140421559,-0.8083018369485893,1.7872195600272756,-0.3797441221353326,1.1385039667274197,-1.940720603878597,0.2762861714568589,0.16339975251156597,-1.208897789855541,1.1267645236738013,-0.14571695238390064,-0.38388411785014437,2.0039138633264963,1.6227670965773153,0.09396308611396177,0.24573500778938487,-0.6481763159486662,-0.05750903605004694,1.610625202081984,-0.2310692997945177,1.582921607159467,-0.46416824804506085,0.6675580678577845,-0.12175661811079032,0.5303995434996588,1.569846198769144,-0.42562543636101813,1.6539442517988143,0.8890605350086567,-1.0563599521599762,-0.657301697132171,0.33220098861898384,0.7371609618058549,-1.9253107345338079,-0.8477319217151814,-1.0140851264695356,-1.1219226920051197,-0.6387234856268973,-1.4209239178683846,-0.8804601635888315,-1.5455825628788293,-0.6243560792060401,0.36283093843517317,1.4744832510219292,1.9347454566223172
2025-07-31 02:58:41,-0.6256571097294625,2.507666639548848,0.6973933600211881,-0.2049173435708151,0.5823919832708973,-0.32698581336843474,1.6922424120305632,-0.08402879756688646,0.6785486179751611,-1.0059968954095562,0.4190206856206116,0.07446631204509946,-0.9755394376889807,-1.7990432477762255,-0.012192060582635403,-0.7755124915325099,-0.6307539471677631,-0.0218823831717668,-1.1146913090702035,-0.8433850145214529,0.5146604165166684,0.9101561304108523,0.5389554721075475,0.04385746128682016,1.2295470469229919,0.2632919681302235,-0.2545938940904455,-1.5238168933862384,2.2023874234322713,-1.120563057617632,0.0024625619375726613,-0.3009298402628482,0.7480831515430947,1.2851873717472122,1.030976959658684,0.5824006014501364,-0.26368695844915946,-1.1531520878802095,1.4674419699221695,-0.4775438026867599,0.9772329244366922,0.16695725431889274,0.013939585598580434,0.3804398182270112,-0.07678186911123748,-0.005576301510601922,0.3433186802981622
2025-07-31 03:58:41,-0.05200287312975243,-1.3191705469268482,-0.9963265560015734,-0.9830083209355066,-0.8573896299601348,-0.37834364753517297,-0.23488436856650569,-0.2627270468277238,1.0448789576924826,-1.0596470260107602,0.21849715419266288,-0.8642908017473485,1.591391315598762,-0.09052680124410775,0.30788222534960447,1.5220671181371457,-0.9397018861234125,-0.28565754895492235,-0.8085292736690041,-1.330871825115102,0.3414661454680178,0.3624291886193657,-0.6231426693042115,0.031496939728231234,-0.5752753515233365,0.2989599098998238,0.3610997199075692,-0.35053083038060007,0.4864929743827952,0.2891799659898876,0.15861619753761552,1.889775064919194,0.17358015031053944,-0.8802693913494691,0.5750250718524712,-1.6539760945982258,0.9216355367494335,-0.9699172463996713,-1.2147388939224708,-0.9073229002886093,-0.22779839349819594,-1.661583006698934,2.292140096251855,-1.4154539736500085,-0.9421508764645533,2.3237095147194156,-1.0356736848595698
2025-07-31 04:58:41,0.4545018765163308,0.28570416359573886,-1.1020700683193665,-1.210200458610633,0.47522092156043505,-0.33448108862530446,0.113501080887433,-0.662864760591881,-0.3378677211911296,-0.3663143418238378,0.22651459645065378,0.07504765496719407,-0.4737153297329848,-1.752314563652717,0.7165526312481458,0.11864514983090882,1.1188096822685833,-0.38090569885199566,1.2285031692744208,0.03899343694353704,1.9644135022397118,1.2179659500632858,-0.46616340060378875,0.36706881636656974,-1.4101382918341583,0.011867101825582599,-1.238462129151778,-1.3269568439734152,-0.17169439113831345,-0.8735081823308295,0.46670473663808093,-0.37688993785606695,0.27636719898015466,1.2724310162335157,0.042315615315941336,0.4494166814742462,-0.856443810900645,-0.21498111794222077,-1.6002408219111885,-0.597425439892478,1.1577027617407816,1.8800022883778036,-0.2183744199735745,-0.7956293959117209,0.7272210367947787,-0.6589323029699885,-1.6208067897266698
2025-07-31 05:58:41,0.9092255789123384,-2.247445804460147,-1.0023801278745734,1.196688237781401,-0.47534679161399557,0.7462038135653669,0.645498465570678,1.0274192420422459,-0.8280175735979368,-1.1888951769080456,0.04263555215518493,-0.21052848431310073,-1.762180111434004,-1.3508500809141224,-0.6222633722009185,0.8725748441567663,-0.43635611485973036,-0.6044545656362003,2.898846501065986,-0.7773740220910116,0.13270414663916327,-1.3654159621606479,-0.9975432492320304,-1.4359342991405175,-0.3520687732622984,-0.2845671064731568,0.8636490230673531,0.6104913173826328,-0.8860551520421168,-0.9470161924265308,-1.4208217244670927,1.1895643823801552,-1.966895187338248,-0.9850078811178082,0.0031565221730983323,-0.37344690895638627,1.2275333245811033,1.1146304871844914,-0.4919512716411647,0.08060120736170062,1.0223549617809555,-0.012867367221090796,-2.170518982003895,-1.2436255136500536,-1.4872610805447024,-1.1477145692539015,2.569354655172833
2025-07-31 06:58:41,2.0328097651286154,-0.4148899441722621,0.4480597613865329,0.1540838853213799,0.9490125392128065,-2.262094289995043,-0.11533021804079815,0.1695199960265842,-0.2900631990861728,-0.11299334313728682,0.6180400193608274,-0.0939549576214868,0.44230743136772815,-1.9015621668218845,0.47796668998346936,0.5592404608657116,0.7412608313428422,0.3115664627380849,0.190544584116422,0.3717147374978674,-1.2638721315764605,-0.4643784899781953,0.491200307620756,-1.1288676161397684,-0.08762667008496992,-0.6779739930787846,0.2558126307563269,0.40909284822221464,0.0206790473151165,0.1253874822480998,0.07624510451500822,-0.9658488138632224,1.062766040340026,0.336248981034988,-0.53060215462844,0.26462202648896427,-0.6684323418874806,-0.2517112289580998,0.35441728277394474,-0.2962470230010205,1.7169891776900812,-0.3197443406253613,0.4656751463475209,-0.028619650014483,-1.0216437202930633,-1.7979982857040968,0.6652072316991705
2025-07-31 07:58:41,-0.5115745814990625,0.11916195773080847,1.2414774932962267,-1.2346754881207815,1.6429681085640837,0.1047436741363567,2.616844646152456,-0.06616798124799285,-0.2542138418641049,-0.8583817016004354,-0.4225000773834537,-1.4032942920526297,0.2665140304473313,-0.13142482262658542,0.3027676012487492,0.43724236337461636,0.08049000529976297,2.1827776596239223,-0.032592387355995345,-0.8924316028508303,-1.4500028888998218,-0.04130359695032909,0.39283078872992716,0.4870008456906372,-0.21290249145434276,-1.107505506425754,1.593035246184671,1.2597832751452749,0.5857743182714102,-0.013201515509923616,1.225756050279563,0.18252081613943263,-1.5698960643136584,-1.0342473001460326,-1.3188371423151461,-1.7279036445071696,1.4155731206442659,-0.15216413981587165,0.8561403342138978,-0.36248196458353527,1.7601371943802595,-0.3508666678623564,0.6390771569096678,0.18059529035256977,-0.6323659358827094,0.12803377893296142,0.6964716408841843
2025-07-31 08:58:41,-0.6143695731566001,-0.702308878533527,-0.22158747820146407,0.1970276543709517,0.8399654992671945,0.2240482531444492,-1.6545600043067525,-1.598367639291589,-0.47961050039066105,-0.5519171322796566,-0.3202910043636042,0.844329208361834,-0.7873008506278772,0.7309354725605992,-1.1659522858984046,-0.22545455070704654,0.07017500158191366,-0.5834892772523662,-0.2690213091520923,-0.20552354809673815,0.8294791619897411,-0.43808965757504764,-0.14040761872706606,1.7272175233384481,-1.468653148836761,-0.33387092685031605,-0.6711361312046569,0.6742993460712687,-0.31620715570498775,-0.5314960036966113,1.4159832351936459,0.23092243719060357,0.030970243439162572,-1.2325322123439229,0.8018822316998095,1.0690651859203908,-0.4576775846678271,1.2723703553611034,-0.4851485858049024,1.6587649440002241,-0.8729036869658605,0.2261848917697313,3.0343503950607387,0.6021820999750298,1.4794306182708417,0.9322849273252724,-0.32895658628725255
2025-07-31 09:58:41,0.9947245378206165,-1.061906224793467,-0.6340838775729121,-2.4406459999628516,0.14300036270065503,-0.46605635317834637,-0.06361285254917408,-0.48450202825313043,0.3984025054863928,-0.30123600465449285,-0.4745408053650369,1.0854743919636334,1.5691779046115064,-1.2847667094325552,0.6704658392975044,0.4489538523273772,0.8774087863272433,-1.0726915083517194,0.4176668549203713,1.8970508593462447,-0.14056941170410975,-1.4545151018003515,0.16211160581574133,0.10052116783225849,-0.7392945542269613,-2.051332466826623,-1.0113666560950478,-1.5194505961914706,-0.8552554933589408,-0.4151894453218774,0.9360892227324394,0.7369377642298045,0.002953802203391046,1.3193768091193818,-0.9635386051001917,-0.3066379308099576,1.6716374482307688,1.1152027363459645,-0.18977045502459405,-0.093917762988815,1.370965948683109,0.3774827894677915,0.3426882259950551,-0.23023634898530532,1.015962340515325,0.0416495406888262,-0.1918601486787909
2025-07-31 10:58:41,0.574273107823331,0.3557710127049044,-0.22864769221455933,0.0567855759509976,1.075100927847816,0.0011408783171453793,-0.37308263814598563,-0.15457056543768347,0.19982373019470287,-1.1879016704941159,-0.011590469657817603,1.9740517226166758,-0.37211084787328247,0.6249965393548852,0.521940712637416,-0.06041676396032962,-0.5193332825979117,0.41501424118703417,0.7588127593480011,0.45378064075490787,1.4911926795005677,0.9536223798075526,0.8486219492334294,0.9163803679522661,0.44604231434839575,-1.000195958273409,-0.06972512464606193,1.374679256233664,-1.034941098683053,-1.6604113166263026,0.289139971722455,-1.6370626670832056,-0.5618167937792531,0.6883465114135915,-0.11815199799530465,0.6322468117750127,-0.4718420080344688,0.981649277710385,1.627839061204416,0.6843479425112535,0.05141420549235399,-0.4021390950202499,0.18636344525361562,-0.18395617182200105,0.22882913660696444,0.5411962133028742,-0.7507905909483162
2025-07-31 11:58:41,-0.42001831090618397,-0.0543377316913584,-0.8568494244677403,-0.6102363960771205,1.7535736426340782,1.7037272666110181,-0.7162991408706053,-0.20161653467162538,-0.371310068206809,-0.7135763853703379,-1.1042451576995087,1.872460334460838,0.5076805399956713,1.0020547131006647,-0.42298465084397363,2.428388643342746,1.0803281053451514,2.7486418125354155,0.5550174337812903,0.4750171458233439,-0.7597377614773988,-0.23029883786839964,-2.2274877666174024,-1.664919807060445,-0.2837127324896345,1.2952280587301133,-0.31885884081955773,0.44993852692070807,0.07923806750189245,-0.5055088928836465,-0.9215458053753296,1.209305251014804,-1.027169035189504,1.470316994428299,1.0985787822285993,-0.5956821198646873,2.1763886110710615,-0.2689057958675453,-0.31921166120968486,-0.693060506522145,-1.1606255673374544,0.6545719855864714,0.7222066504034175,-2.6148511792724687,0.48420628104129365,0.24314739398499932,0.5503663864489345
2025-07-31 12:58:41,0.45345351539434314,0.6805537874222958,0.39350652970491806,0.46603261414278263,0.40817902627444475,0.4589814382521225,0.06842768674741799,-1.6871096348056656,0.30506317461787225,0.34057578104220376,1.6675949767092013,-0.9569149236674386,-0.3380194821422527,-0.9732400695956193,1.3001672969346587,0.0995524230611739,-1.9389566767028275,1.0236974671315986,-0.2691594964366759,-1.4372430857698977,0.21712699695598334,-0.3589108298121391,1.523579123904206,0.3767629928528438,0.19256645518418955,0.05355892700311744,-0.6177870644405663,-0.16027592353394535,0.07409578050241741,1.2343801775076166,0.8024996915520551,1.4182730189935335,-0.33222318336577905,1.6331297206796902,0.5605718824035001,1.3066549253774637,-0.5729184992797464,-0.08106867764673047,0.30377659082555636,0.3683161073638642,-0.41332393016439756,1.4579018139995377,1.2917245734690896,0.8045952010564527,0.3357108002121036,-1.2564645038684579,1.8240010407885567
2025-07-31 13:58:41,0.3975284699543013,-1.0692799109158155,0.5519679936133447,-0.9196722449891652,1.005503932690656,1.9457853622250765,-0.5040767589761184,-0.6929962801476934,0.3864023516814358,0.8973609422153147,0.854018714553091,1.5718011962344656,-0.48739719406584514,-1.0693471515765587,-1.6524155968576415,-0.6049290415584211,-0.6521652537583449,-1.4266681119737372,1.096161139592115,-0.3172702897807077,-0.75746491506943,-0.44782878881658733,-0.4741345127511623,1.5330911456854324,-0.8752321014358417,0.5626180232189446,0.5981960727717398,-0.8759424045862699,-0.2468044959284202,-0.29262256521445407,0.273549073561614,-0.12455001526763226,-1.1503570861007488,0.10072127791476504,0.7428239566733521,-0.42021764795835953,-0.021683122792816215,1.1127267460697496,-0.022012467883541484,1.0166421504871992,-2.6937285776760804,-0.5841328526305052,1.0092295407196084,-2.575934347440438,-0.2069891864912712,-0.23891241570390762,0.6319319687504416
2025-07-31 14:58:41,-0.482288988584997,0.9304684457423829,0.5102838112166335,-0.658632772579954,-1.8063749616911602,-1.0732844106860042,-0.6974929207365541,-0.5279397474031067,-0.18061956164759052,-0.2773973899888111,-1.1725859118333306,-0.633146661358315,1.1970465345877728,0.4399409825207339,1.1103189601717782,-0.28212370972399,0.47387908693497177,-0.5197328920391155,0.8166712761877153,-0.16281462634963817,0.20690002466396257,-1.4265942154852782,-2.2392855068014494,-2.9607091403349908,-0.9247466439896993,0.07949425225168667,-0.6186025173981351,-0.6254723261010265,-0.5863154285421053,-1.3977490266707648,-0.589476009852607,-0.26597173495711995,2.670812779058201,-1.950418423616696,0.7081702105199305,-1.7268855912337884,1.1181792124715613,0.4224290813201058,-1.023211935551532,0.2134239285762138,-0.075829732579952,-0.2465622389861571,1.4035028209893696,0.940519858885469,-0.4287360523220329,-1.8763724492546816,0.2645442841524256
2025-07-31 15:58:41,-1.6618119419941588,-0.5975531457422779,-0.16132102151765185,-0.18435033100569856,0.35293966712446506,-0.5816397777825077,-0.6758252239833469,-2.58076131993739,0.8506925184161374,0.5625227679967608,-0.577491836949274,0.7474894471014406,-2.61335326340299,-1.7261921831973943,0.25074202800271816,-0.8112480798987826,0.4454296540699614,-0.0755036718767409,-1.8984480142651818,1.3919163004033832,-1.7909084681798133,0.8067566719700455,0.07032562679235117,0.6691908305816221,-0.2958530614514063,-0.2204827133181689,1.8033702721875517,-0.3783524003893307,0.38632683407577234,0.05048048517479166,0.9254152119009634,0.43853947007085725,1.996976540576259,-0.6278863740687708,1.4382816697183782,1.3355517134538266,0.7896142609841509,0.10837127533564053,1.8484944654768867,-0.3831274615305773,-0.230753367327338,-0.5501312392962815,0.35012584764792637,-1.3277099689823166,-0.02072361304497899,-1.4193177726259425,1.2572429186692546
2025-07-31 16:58:41,1.209453701522814,1.758773621325198,-0.07872644671705828,1.6620719884707102,-0.4129648521291237,1.2773407898409468,-1.6874480718271276,-0.3402590066163502,-0.866740133355839,-0.16908473686465084,0.7518959827804912,0.8850555628031844,0.9340945845750378,1.5691414332412268,-0.3420535779127132,-0.6394958726558009,-0.6662799006114697,0.5544887978357885,0.03455403845937422,0.654295579153615,-0.43432713293023767,-0.06779849315506987,-0.4844657804146671,1.491707396211228,-0.3418718665177798,0.5101912414236535,-0.267777424835548,0.270962277041668,-1.1262581168609256,0.42377670487333974,-1.1142435938450588,-1.4935012826317098,0.9823987438668642,-0.5644158506207244,-0.6689975296943118,-1.2450475213085421,-1.6849210779609374,0.267985986389977,-0.3873607877211835,-0.3569374289234953,-0.09799666875469296,0.10490907001240922,0.4939759560151841,-1.2097505438956788,0.7175521261321555,-1.8315586954468408,0.5633071518513885
2025-07-31 17:58:41,-0.5937963288607582,2.2341723619702805,0.2506074981619937,-1.0119589681793146,-0.8726853732522877,0.30395025545391596,0.018222425413579796,-0.6587349144147046,0.004369799954735758,-0.8623655175500308,0.4344759871298157,0.3026435590275888,0.8693077856849736,-1.42371251463542,0.5623379429901885,1.8223333224757763,-1.8295716063638985,-1.667102789458499,0.19499046538528297,1.4472248536264205,0.9227927716046166,-0.35001746642456655,-1.717653963998164,-0.20215411187097043,1.3805574709122905,0.3060091431244881,1.4920190299941867,1.5263150682370403,-0.6378625488074243,-0.8583727151356072,0.3648560093204494,1.354713435621556,0.9601395239591303,1.080117104379559,-0.8127587388549431,1.0940020625731315,-0.06578462727362022,1.181598725215076,0.46051051997638104,0.8259189864765166,-1.2271410732878634,1.322206721018918,-0.05758684100259978,1.3061139971308162,1.2571510312691143,-0.9357450448199722,-0.4010632068479133
2025-07-31 18:58:41,-0.00365668284476305,1.2097329624097133,-0.011354190586925803,0.15821413959262393,-1.0750995825349172,1.2797459164166856,-0.27925329070060984,1.0489428889486625,-0.29992087568131287,-0.8217168824526841,-0.990750139178654,-0.5184146513918234,0.14820044077866473,0.72111547367946,1.0599395965319591,0.7052705307363858,-0.6356429448785305,-1.2063417996865915,0.28223113396504385,-1.0452180543489369,1.8095387499382265,0.07580709052225942,1.0570286078729052,1.1971262190870406,-0.7892632110084185,0.9584359232591937,0.0014993595955814152,-1.2518115982834828,0.6159821373876945,-0.5340925620660261,-0.1367365955009782,-0.5229689304355908,-0.5492878866917791,-1.3356792845821952,-0.38838664746552254,-0.2063186173855765,0.7498417393340241,1.2448251418656258,1.1969610504793207,0.5708961811398676,1.0944056908836477,-0.06672787882282082,1.36870518866074,1.3567467915020144,0.17916698912309115,-0.07872176160995521,1.645171182429005
2025-07-31 19:58:41,0.8198717960462376,0.3384432443704038,-0.6132121169192924,-0.9714974808464292,0.26597718088306144,1.4083369195590656,-1.4822569590013912,0.7440407785265282,-1.5454896641516893,1.3951636709035684,-0.7438666833000137,0.16788791836428527,1.6284963235858663,1.0477802813307124,0.1869392374831794,1.9515455055098585,0.10500513910632472,-1.1785583951512524,1.086822215367456,-0.6694801035170851,0.3171677343971607,1.5548685665184638,0.04058326018859872,0.5927947997823173,0.09915281628099622,1.2241606933183318,0.6668347258296008,0.36935746706894323,-0.37301267674274213,0.053182049999613956,0.29156754096163423,0.8110895960027035,-1.4539950967336248,1.2209570679635475,1.367858327592378,0.6263545147474886,-0.38505596801788317,0.6972840773540686,1.4763595594196453,2.186616309038158,-0.39033489513704983,-0.908878053002948,-0.27340694106371544,0.13108292907901595,0.5508006259886516,0.08644396768419715,0.9819068096825995
2025-07-31 20:58:41,-0.7499256819677741,-0.8735864939308338,-0.8380816811048596,-0.6721383024249505,0.6156829513369868,0.717183559454245,0.09682034947259144,0.3896756146659857,-1.436365215963562,-0.7041674644246146,1.834867276005502,1.0710641157767953,-2.2481812021550196,1.2357489468760214,0.7913173811668119,0.2710205832426151,-2.6209979516462574,0.46284668895150854,1.5505278887660654,0.2095711198919307,-0.390004261442468,1.192749871493436,0.7549595172738869,1.8800245777986067,0.09875426323387985,-0.5799187468209535,0.36554233493493016,-0.5338101253327104,0.19875718272512272,-0.4907496371769834,0.0026408768727559945,0.38673862895030536,0.11457512254038892,0.16270404640891808,-1.278435000617966,0.4631108557648541,0.7694185397172404,-0.2471685779794926,-1.57018724002167,-0.48327101986911286,-0.45609394909768314,1.137999632952627,-1.7985080532874016,1.1050469470003637,-0.18148945552198728,0.8770804236672968,-0.2803982143889069
2025-07-31 21:58:41,-1.5184405748857326,0.22105374439425965,-0.3703738052397385,-0.24217337227370825,0.3038782923760557,-0.4341942324730595,-0.25090414980818365,-0.8492777044577529,1.7772649998563073,1.2744804164426933,-1.934600271949573,0.7822011398006322,0.21738107837557538,0.5757561623113969,-1.074111650999556,-1.5739117078120557,1.0177427258537701,-0.00518875152956293,-0.04885760734019855,-1.0468014434737192,1.1167673583826228,-1.7860288644328635,0.08357943674826993,0.5184640712663144,0.2238349868947883,2.1635768945060403,-0.02490215602753942,-1.7970582539763205,1.2257120226757354,-1.352596280233261,-0.40826024447687986,0.4151905117742021,-0.3502742484566823,0.5125785070063195,1.8864929429582666,-0.25128218515884937,1.0508756244532882,-1.1457972223062993,-0.39000093900077226,0.5616038807707184,-1.3925470565543157,-0.7480487473439144,-0.2683279861254796,-0.3572570499486196,-0.11112750748762218,0.09069871435600606,-0.3289847259245247
2025-07-31 22:58:41,-0.2623992370577585,-0.2443190301984273,0.7097411699027729,-1.2923907236308787,-1.3005295134064008,0.38434502575525287,1.1989031334827602,-0.4517387907567202,-0.21129832663318152,-0.5909833674827125,0.13263430397775097,-1.203342748106967,-1.3951889835999447,-0.23589374160144325,-0.35076633635058574,0.041519916591758826,0.07311116217055248,1.3405252706665653,0.19664451220825366,0.4141792643299607,-0.515074172266122,-1.7022758785395855,0.9807749604463715,1.0428963608117392,1.4166612216054564,-0.20044813912477408,0.06038924384101441,0.8779936643175503,0.00605587634628429,-1.155973739419239,0.10311315942640502,-0.10629453705305203,-1.4820863901057144,-0.339143501591597,-0.6761439738073903,-0.9457422639008738,-0.24581103156756368,0.3411926516602623,0.7388493542598878,0.9014483841228623,-1.9151759132111317,0.78093736491232,0.8941498651827199,-0.5449557530979927,-1.2950410593787656,-1.004881476125069,1.9421937843611243
2025-07-31 23:58:41,0.4450384215087153,-0.026661424018144853,3.0574016116942984,1.6398873177715905,2.7455994156687256,0.6691267288018954,-0.5685967303510713,0.03032000625950263,0.25028652998200746,-0.0293694064258882,-0.1887548012010078,2.273955341022167,-0.061923961914962744,0.7788839963744687,-1.343258541755682,-0.7117549654136998,-0.35239278236622057,1.098065280490735,0.06172725413935729,-0.7254540688400035,0.7219753801178738,0.44703859720491335,-1.1588609760792505,-0.07914676259587419,0.08699678473053926,2.1910491647189603,-0.18735710143027481,1.1550497854328547,2.567833668795669,-0.41370602817223046,1.6302677411299673,1.705888946235512,-1.7059438218787726,-1.9580134184699594,-0.29891290466597775,1.2026851211621001,-0.3142855340414946,0.8068089350956384,-1.4692814921956574,0.6237676065807095,1.0784215011420528,0.6391997017747811,0.16076926929970653,-0.8240545281156799,2.314319638905695,1.1536389318935794,-1.1857319220498181
2025-08-01 00:58:41,-0.5723858579637346,0.6605949041691358,0.4061581791214972,0.36767413088954737,0.021787125277836505,-1.8750368504207324,0.44895936132026726,-0.7725498527594762,0.9290817376965735,-1.2437880322344521,-0.8512449287727509,0.5199136941761585,-0.05581283151404641,0.4819467592568406,-2.445321083778854,-0.07138119879306506,-1.076950076379385,0.5886388615384682,-0.38202277152908454,0.08154631341559708,0.3485225893421271,0.32356218478553567,-1.1532423885830747,-1.0773791355586526,-0.1612983836713217,-0.298785057963688,-0.2631022871677083,1.254985349442136,0.8630112147157426,0.4802494793020002,-3.1866850198846315,-0.6746784500320403,-0.24029398035470473,-0.9403393737879802,0.1597825091969291,0.29540849609821873,1.3561199055557327,0.5962863977516724,1.2430516273237437,0.7670791483944348,0.4676757911888543,-0.43661329241587155,1.444378878728878,-0.633273711615197,-0.12231603863342427,1.1578046029897264,-0.07411301057931739
2025-08-01 01:58:41,1.1389425432211218,-0.003972301230086522,0.7211452969431431,2.5141760303460083,-0.5368742977701105,0.4572056386008597,1.1412685718082516,-0.6374607932039881,0.054624538060368225,-1.6452287955155975,-0.3981002572719891,2.356046143615809,-0.14635978170695074,0.006599075612505934,1.0664347731647856,-0.3511938457710361,0.7951042638836928,0.33630642422195867,-0.5981383339679421,1.3688013225256306,-1.5179659052885501,0.6492053324544089,-1.0940436450906657,-1.0337416243699813,0.9516788940909802,-0.851642017398306,-1.684078575137433,-0.002545163196586821,0.8382268648868275,1.416629762100522,-0.5030451820786701,-0.06969892445148979,1.5829235573716889,0.5502986625201464,0.787553417562463,0.702620582187223,0.6467741820878411,0.47196445644352397,0.2935043739272582,-0.059999676870954054,-0.6043389041078506,1.023463286915504,-0.19273946003965628,2.0621125561320537,1.1690881911877486,0.8823732910716228,-0.17538107806345887
2025-08-01 02:58:41,0.5828170933719788,2.275326679102895,0.08681136475333405,0.3549574163382623,1.2487365373581283,2.642749587540076,-0.7152733657638474,-2.097320029895373,-0.8347579545579361,-0.2694620961111748,-0.12411890027568268,1.0016436207455108,-2.0336782860963023,-0.37776961634532724,1.0544141864585004,-1.0638920976325847,-2.442661416271711,-0.8851629168076303,-1.130933618013076,1.1281986763238352,-0.4550123010189587,0.6397040675545662,0.3879082721875679,0.8682604385403347,-0.6992451381261955,0.46889016173051334,-1.4128482359919252,0.01624091245220738,0.2336798337249315,0.9077416223300322,0.7954802047179513,0.5451936392909134,-0.04593611777004096,0.5667779186524293,1.569621186647736,-0.06954462161198609,-1.5745336754468524,1.7636364293273687,-0.07843748183440541,-0.41909825599038275,-1.0390354954758696,0.8938283755986777,-0.4702990834589275,1.2696115760144813,2.00615655970244,-0.31079072992626366,0.6571756175714291
2025-08-01 03:58:41,1.86211888938405,-1.0476843608059816,-1.2124787253477722,-0.3236802988824161,0.8444096219219344,-1.3960435208114164,0.9514811733541786,-0.419065243698077,-0.16279379399395943,-0.4663858601197602,-0.014384221927246857,0.12707928285738232,0.08206427840573462,-0.08714648957883904,0.31718496428704757,-0.7898575469391813,-0.03257186661114411,0.08711761861183182,0.4560578332149699,1.0363804003577035,0.6632300570378479,0.4459254932927312,2.84127698836505,0.4948689682577523,0.905553782495053,-0.459689252084594,-0.5789241618535037,-0.026243300950412125,-0.03476998501312526,-0.16722008040594788,-0.4795441933428131,0.18364282178157318,0.3808060002564868,0.7457727861496559,0.9696652811881498,-0.7399432849651794,-0.14800802994903675,1.017410480514523,0.4079506808152033,0.6961810758656016,1.1923817558701222,-0.22430281713918973,0.5877669787365903,-0.514915704423031,-0.49624170272639306,0.27752263145744877,0.522003918537733
2025-08-01 04:58:41,-2.42281933335534,0.20507890176772905,-0.7308689316900626,-0.43351677161696944,0.5432182910392703,-0.6111322946798179,0.34258947453692046,-0.05482873397678616,0.0315286186603399,-1.5417855660599988,-1.0659073180294123,-0.889251705448649,0.1297108171267784,0.4199312891797207,-0.23040439037670646,-0.04077157697427805,-0.7261352433957267,0.3861192047875483,0.4764699150423909,-0.9334285740947065,-0.8944382700322657,0.7103547998559141,1.0591277073726673,1.1045262868352652,-1.8276655006808236,-0.8167962311165962,0.6616584703597646,1.2330105944036858,0.6025869235937265,-0.46715751914583215,-0.3227897278744805,-1.3047619366380825,1.3344955572860628,-0.15348579613104232,-1.8606302939986499,-1.166331560445175,-0.18069268039220981,0.8115619749290246,-1.6645991062121976,-0.6575754945158073,0.17016988997444082,-0.7028539873706438,-1.7248970730776965,0.5699703326776427,0.6892719236245337,1.4840397336560964,1.8179914572425286
2025-08-01 05:58:41,0.6546665841049727,1.2678235533996505,0.38092195674690305,-0.006703837787995122,1.5224687120342641,0.5026241592429074,-0.12631402134963574,-0.0969043705124678,-0.6329127320548226,0.545600681645614,0.22617893408257955,0.974249473781493,-0.11989692366938437,1.519595591315962,1.6225049774749014,-1.0201850187379087,-0.3816942583169309,-0.06925950892255683,-0.38178824838272096,-1.7914949634536235,1.6223698265225892,0.727586101588447,-0.1467723007394808,-0.41222629665130056,-0.5552105469053735,0.39833368958006066,-1.299685529986913,0.05003891806426091,-0.8877728166259541,0.1543409866558337,-0.45813284162288004,2.0368829055706335,-0.15982030120075827,1.1447734296365304,-0.24676302214103754,1.7426508283214386,0.44166326053536104,-0.19882397518515202,0.043292253051618886,1.325514326057847,-0.15137129559085555,-0.8359962000440695,0.16810268492991512,-1.4871461111096262,-1.4987936329448965,-1.9450969550268815,0.8293552015384177
2025-08-01 06:58:41,0.9214212208454576,1.4606532069866047,0.050803646567246556,0.4448657193683449,0.2182054796869781,-0.7914563704291218,1.366573285055079,-0.6487439697922281,0.29347579204121865,-0.588567588856406,-0.684140761750851,-0.7184411507152243,-0.2233282609938398,0.7648018297131911,0.169805700069664,-0.9213273450824846,0.6105888319175795,2.409635419584092,0.23642422224449827,0.7438403996683708,1.5506070139996997,-1.7241238879851295,-0.8125237040365,0.37461856883077,0.24326254307584866,0.49831329684099274,0.9962829310465283,-1.73347984938262,-0.48673140855171504,0.5328655589342827,-1.0194068083523977,2.6074359386637878,-0.726858629694796,-0.16969312463889755,-0.4898262068086591,-0.2299251852662247,-0.8430318828514276,0.3537667188943891,-1.7590337602332988,0.2705616238952905,1.0535422574458135,-0.7367247038763927,-1.397122772092371,-0.5247056878228088,-0.2845803567544273,1.909628090245152,-1.119624176197699
2025-08-01 07:58:41,1.1114756048868177,-0.545092517109532,-0.8339743503871542,-0.8599261652053153,0.2433177473408318,0.1915401365122499,-0.48954332172480897,2.6023118605661275,0.5222933363506442,1.4650161915535849,1.5098696816404453,-0.9476743673019428,0.06085685743317106,0.5813258713857471,-0.7985563404219402,0.1396805156495425,0.6074004638160392,-0.23115820199067447,0.2485726048056459,0.3670248555569744,0.18063971584239563,-0.7826896525574674,-1.3181418155472118,-0.7026081364130051,-0.20231332117088838,1.0951150044265325,2.4513558713533383,0.06550151292707256,0.46422911516502713,0.30481707601419683,0.6079894055586791,-0.508157258496697,1.6388903005784274,0.10669199056530208,-1.2062082799801654,1.5219937283865408,1.2044173300669379,-1.1078361498547125,0.49569944304999725,0.28793921352317947,-0.27733995594852157,-1.6577074522836557,-0.8292531848936483,-0.19290595780256606,0.6301615716748649,0.5823941095162964,-0.35312064266822435
2025-08-01 08:58:41,0.579509455431497,-0.033843314396631706,0.5828454031412191,0.25878316823157826,-2.2107438322874136,0.8385026778895415,-0.25161552103944634,-0.6519374187996229,-2.6228293748896356,1.6764902610840793,0.9233640478191836,-0.7594133310648625,-1.3646045758275862,0.3055856072170045,-0.4664573595678243,-1.057096225141883,-0.03250937091984886,1.7499595436718551,-0.40500397825582685,2.1703480500912593,0.7481049209280636,0.943241559007122,-0.9182155314354814,0.8876265998602824,1.0010196197465582,0.991123650795922,-1.440460513318721,-0.40096728060441833,-1.5588271869120172,-0.3326375459496269,-1.2060207236003904,0.913864212115369,0.17512106989426326,0.4427927378395559,0.32072330061872384,-0.3142801231846688,-1.5994463363963298,-0.4111130331378104,1.6939235971552873,0.3701454043077569,1.4735996775416418,0.004885681716506073,-1.3194163490019588,-1.3225506077648033,-1.3932461044665068,-1.3569001080752043,2.046592664841313
2025-08-01 09:58:41,-0.26294915842832955,0.9737595703383312,1.4078731160204316,0.09241317432717788,0.8983233427409645,0.6116814107793274,2.3119825456570573,0.44569774972839216,1.4004845189228001,0.08979651702496684,-0.3923136020465179,-0.1325134279181137,0.43542202544490716,-0.2246624283875042,1.631247241263485,0.01394956405577701,0.7773593667903694,0.35450516611042654,0.14453878352840302,-0.7514831401011794,1.4672679720763404,-1.0678614065052694,-0.5440526298487194,1.0131210129200428,-0.16471189705117772,1.1444924799250826,-0.8081800217188041,-2.453462618592386,0.21911282531075998,-0.9012907723885122,0.26699098487740763,0.7882107415408255,1.7271341927940222,-1.8476218743449557,-0.6452968206443334,-0.2466897166841722,-1.4283219330249588,-0.3773507933891192,0.60508742116038,0.36587257704474996,0.6900782806791061,0.25170664714904356,1.231963211919347,-1.009258366021779,0.725718636947688,-0.44986835691686844,-0.40182558630289583
2025-08-01 10:58:41,0.6320964926049255,1.1351117436689504,1.3697196309782667,0.6562173922210138,0.5842956326452987,0.36614840078608313,1.376862415908963,0.2309262350414921,-1.0887356287423373,-0.491935450452683,0.02636763762896524,0.9123981053023915,-1.2688560583711521,-0.16237801492892312,0.9633066299470464,0.22815687647810026,-1.0059051166441582,-2.2291712311916605,-2.492294431656936,0.009997549344306975,1.0691485015041406,-1.0443447272588924,-0.27347998132873885,1.3671662271196834,-1.2294465082803459,1.278059977985081,-0.098449050924789,0.8237874672287191,1.0030853470944288,-0.20366649266223652,-0.6518097932842173,-0.14761672258368128,-0.3316656520602813,-0.28059656070827704,0.5227824554885576,-0.4571542495354807,1.2052162084828122,0.03845822760038594,-1.656284433038244,0.260930761121367,0.21113062595313453,-0.9024151618021403,0.7838548303081994,1.4586894493194151,0.46010430253263557,-0.19431189971328422,0.03385149318314961
2025-08-01 11:58:41,-2.0240691593994975,0.021878694098455678,-1.362374611855583,0.9033585290348032,-0.59223665128276,0.15442396901089236,1.8893210404574607,0.8672675709979524,-0.5689489129262039,-0.6926437469818277,0.34273355003049694,0.7524986345263152,0.7370961973499008,1.6713020123207782,0.3695425599325889,-0.7976799098607427,0.5921242614690886,0.2554216675748386,0.5089211764882708,-0.007459483970472384,1.3984111560493289,0.8178517421733535,0.37407341842850245,1.4223357533179404,0.8614890100901298,-0.23079785176636133,0.875835941792807,-1.8634456889009117,0.7896015074181335,-0.5343898078180787,-0.24419728007354716,0.19933027374121903,0.38355663138855745,0.30916346240318715,0.5120852915340046,-0.5053498019310604,-0.010330616839307942,1.3700873808205825,0.35874747832036286,-1.0790140627587808,0.24360816745841127,0.8746089583878661,0.018023647123163806,2.336464321317653,-1.2344351132584197,0.6107622829969358,-0.8938207310455331
2025-08-01 12:58:41,0.730565028149832,0.008781951407490902,-0.044880233306077044,-0.27834914210562084,-0.058792467339290916,-0.1438396266236982,-0.2552498341542248,0.24066520781905137,0.6878278720126816,-0.13653145379263487,-1.3456064354566755,-1.00678595359571,1.1405164272942392,0.6187269295117245,0.9093163552952401,-1.3284955324130265,0.33134446726620526,-1.0891087049114732,0.9147883602201409,-0.8050852248129533,1.7552081919219447,-0.2869112695044764,-1.6440186797830298,-0.05966725142786934,1.0118347042679294,-1.3728575361780695,-1.7316638111773996,1.669653365577708,-1.6765466855792692,0.6436370319390001,1.2246302938103732,0.015008622859750092,-0.478486068446394,-2.095035635955715,-0.31396920893282937,0.5792544631535396,0.3376628826085994,0.9306573893751994,1.287612134271053,-1.9859799556105235,1.2104025109054095,-0.3135924969726218,0.2274133266662047,-0.17730236633289656,0.8345697212348484,-0.29124981449239995,0.20070445412928453
2025-08-01 13:58:41,0.3184212064842309,-1.7944487530658053,1.7845716593970773,0.6222570716571764,-0.008090574703827519,-0.5470160076514734,-0.06509711470512561,0.5362259226470033,-0.6511453414412957,-1.274548689670242,-0.5500869848270484,-0.05770903878193467,0.04510273710087284,-0.8630460135351925,-0.18557287941669012,-1.3934947123938117,-0.4052456360009373,-0.2642955323405501,-2.046200135864894,0.8759555600687459,0.6866467437080795,0.8213688182605927,-1.612584540191463,0.7189446511861846,2.804304681002703,-0.6131524940911232,-0.9495303185456373,0.27100630311724516,0.7730225024293931,0.5471180751342296,-0.9922469015509674,1.647301741247127,-2.1328934996927322,-0.5478764988990246,-0.36956359260757504,1.565683535356737,-1.039327443498153,1.238906049308367,0.8706235786342895,-0.2628406489746662,-0.7538582013903514,-1.5489984197999056,1.022821237547703,-0.947353522780066,0.8880187429287505,-0.936102737447863,1.0422943055486775
2025-08-01 14:58:41,0.6563495347503102,1.0205690343331877,0.6881000469410652,-0.54443749944508,-0.3648508832930592,-0.6160024467299242,0.9760834041940829,0.8388180493862678,0.6991263463069245,-0.660628896823307,-0.08390537192216388,-0.7471972052158706,-1.2498906053653411,1.9966878627381037,1.6946620801937535,0.9189010433906803,0.3138383741469999,-0.7517204965495483,-0.2885773451163611,-2.023670185309718,-0.8330026176670496,0.6783987978126871,-0.7384682608159094,-0.727985456884881,0.46839216552174906,-1.4837944736235464,0.2985897918524187,-1.1695938431594117,-1.5736212124196949,1.110905241651268,0.919322753493212,0.8572113290484145,1.4930134733808467,-0.2028124634588702,0.1072476972068476,-0.20863958963215004,-0.262625479775104,-1.0376004397695948,-1.1963106764966558,0.8232648249505091,1.0018044839376512,0.5937612643046979,-0.9550234139265712,-1.3132076386130764,1.334307234123832,-0.5729747663815337,0.814895340143912
2025-08-01 15:58:41,1.9635256996967914,-1.0311747750416147,-1.1340088624355569,-0.3976279723243244,0.6743865587913002,1.3821274792294456,1.7246242018386613,-0.15210260808469056,1.7043083558911793,-0.6905113286500122,0.4439376218650551,0.46189048451190173,-0.6605331922505266,2.062315638164635,0.6851720414622909,-0.46434665342846343,-1.6108173688664817,0.5310783026573536,2.5525934342007086,1.3393507542217746,0.4033088008457576,1.0999722174526743,0.7481221116963478,0.2900064743523566,1.3171335531248456,0.04279525350721896,1.3293573876878502,0.062443437782471314,1.0110117410435238,2.697530791872934,-1.2141416492599026,0.2648468922959973,-0.24565464784465374,1.0305501423596275,1.7154006839363258,0.9643966069396664,-0.5983652440663898,-0.17627704245181153,0.9715887558769724,0.3765969681198215,0.4411617528044522,0.59655014652498,-0.34216759433128036,0.7704459147066579,-0.06578970057260927,0.8780066821464374,-1.720077351366771
2025-08-01 16:58:41,0.19382951435787416,-0.02217475880777662,0.31461987400268276,0.23559168574871472,1.1778841596303873,1.5036165730105502,0.22452285558872076,0.7629083825190449,0.22819994313181283,1.7213002054936926,-0.3038514163063278,0.18422924316645597,-1.9406691070666457,1.9406601297844446,-2.9249601451468785,-0.008277572216090665,0.1909251028349338,-0.16911677504182193,-1.0523143174598373,0.0041768637913163695,0.3336520358764268,-1.1845095454690238,-0.7665457502914885,-0.5813437277382014,0.09505707443744574,1.3141726117810928,1.0663049822392334,0.5163740237857831,-0.6102230084118988,1.3460145439601927,0.5892284741043535,-0.00578543331434659,-0.6870802854241176,1.1705502790777589,-1.1180029954782968,-1.3156731975501619,1.5138622936580153,0.924519366881041,-2.2096926862995123,1.330673193416747,-0.2791857584150407,-2.3314393685006563,-0.24602394438627168,1.0144615390726233,-0.4972765749642794,0.17664171072473434,1.0569738649821478
2025-08-01 17:58:41,-1.8854038026989326,1.12278574408987,-1.1354597335862386,-0.1952828826777231,1.107707887286085,1.8486049545579035,0.9364536626483997,-0.32175199708221996,-0.417860703656142,0.007609996183064926,-0.1298561023817963,-0.755280304879577,-0.2642449435077297,-2.3086219419706153,0.9230081021631381,0.9201570562419359,0.9937457659070955,1.3769645196388982,0.2671574474253415,1.3900453232750896,-0.281952359281257,-0.5159757839732011,1.4506920461850457,-0.7908238060374576,0.4835853707974641,0.04785094953298996,-2.0879501448519653,-0.30304948945484655,0.18165702201469386,-1.048786557777226,-1.1039743779939817,-1.010350844236477,0.04196719303007011,1.1590510805260412,-1.0539264774276667,0.6708665843457337,-1.5831946744937928,-1.3807765523284816,0.3588825716649029,0.8182049272046261,-0.907929846079349,1.5382798519947838,-0.1841435008694131,-0.30164738552313686,-0.43672617374218914,1.1566362750435346,1.742064699876551
2025-08-01 18:58:41,0.3484534833807494,1.007389219435451,-0.73964148264361,0.8706607255381686,0.10785199140014115,-0.6516773003689397,-0.6094768165078771,0.5438998128039696,0.07016162670271121,-1.761740923283398,-0.941136384696472,0.5913470264074048,-0.598020956325866,0.998195884968919,1.8888112538562272,0.39706450088055173,1.3963689752035242,1.0944248518531305,0.034098953391157885,-0.02362928634824457,-0.19195323106232345,0.9634910371757166,2.7054965619920393,-0.09926629794934368,-1.5193654424107939,2.1639978346372613,-1.015927409386828,-0.41161419891613177,-0.8296625334056059,0.507797796778963,-1.236090087677024,-2.063577356168818,-1.064826874613335,0.8321973959648757,0.059049885326350575,0.7628577912131488,-0.8587706886127008,-1.2186912118500521,-1.4950082379458958,1.116115768352512,-1.1779483834886155,0.7497875907021574,0.6106187615925762,-0.5562003057982495,1.27529537951599,0.7705697508072937,-0.08594966016722677
2025-08-01 19:58:41,-0.12336157235152488,-0.7536440733076898,0.4595289592040755,-1.318698529170697,-0.6143883027671964,0.7617251352930959,0.49688225109798734,1.196802567782662,-1.6267433065855268,-0.7605077156038562,0.9151718270619982,-0.10309437446450824,-1.0669802294500472,0.9809059223168919,1.2103828598281752,0.05344085561080329,-1.5658393272647089,-1.3201017081709268,-0.5792649543656396,0.7028627324090748,1.265416555429483,-0.4689406760328707,0.016228221306240964,0.5386828301838419,0.7744913650451405,1.8108096962165314,0.1238930315063742,-0.33665509614530603,-0.46655006542139793,0.313669507868073,0.8506959468830945,0.20989812937612073,-0.3268447992344843,0.6465141288724773,-1.2215130118201614,0.41526804947062873,1.4231807402161778,-0.5510411350730958,-0.5412330821064757,0.6864338805013325,2.848629056408579,0.34595251132590954,1.4194675892901536,-1.747729124601166,-0.3830680499272648,-1.5684219034459534,-0.8565620843808214
2025-08-01 20:58:41,1.470247791778154,-1.147105473770577,1.3658002747583728,0.843576617208377,-0.41460697644303646,0.7729869805734315,-0.8235529990245173,0.07917958533171478,0.10032727375746721,0.60025135508452,1.0052011290788019,-1.115941890760472,1.057966446213101,-0.8660902610746621,2.0063715765846144,0.8395927481078351,-1.3975645880260124,-0.5950248160033871,-0.3968361941746535,0.744683892262409,-0.00760657066640311,-0.8784486067867481,0.5787983507897694,1.5372626015886335,0.5712706963394739,0.1600429346695959,-0.28292211129581374,-0.5435541520492002,-1.1671311178009207,-1.7803993375149794,0.27946236222612125,0.33520022154372775,-0.9236669799677061,0.6924990831638982,0.25309947902072977,-0.01091707010001498,0.4144558499239342,0.3350834071615851,0.5820706427762811,-1.722245343175721,-2.0769876484128083,0.6261904898981779,0.3972297410712473,0.9927331302714217,0.9892201823678353,0.2673944712175537,0.06432449710586696
2025-08-01 21:58:41,0.5506395409661704,0.1702914449533077,-0.9085213799207308,-0.9479741949987415,-1.2974657557677154,-1.7500035969003036,0.4733691141032054,-1.00013933573082,-1.0948652297524175,-0.9692935781608025,-2.454070247220432,-0.4509443119844799,-0.8675140457822069,-0.8278303260431682,0.07801928723460705,0.5036100423787323,2.4958187528333258,1.559441451721923,-0.5414027733280271,-1.9142397975261254,-0.9654050259014004,-0.6466325903290376,-1.673930184662639,-1.1733356610121943,-0.3518593348246537,-0.062282332514510284,-2.162998056171319,-0.45043145695566816,0.92707316052908,-0.31206875679818225,0.5930062142011886,0.2089407565533069,0.2398081999252386,0.48055453760327727,0.5098381177457454,0.6736282278491926,1.2060427345068367,0.07818066298419403,-0.08834696045864446,-1.5524475145309362,-1.6468796073918268,-0.7409726053682884,-0.7788987763985665,1.007534808653296,-2.0370844337091847,0.522616365918292,-0.5867541885166454
2025-08-01 22:58:41,-1.4319387466631526,0.5872656393046166,0.1291909825132373,-0.29927145130101873,2.675842784931159,0.010158844027578797,1.6553027066369923,-0.18514268548252574,0.7414599738511507,-1.0310029559917346,-0.8521440359238008,0.8260773397325325,-0.808351049869298,-0.5698835445331006,-0.3169258920417965,-0.1251119464686853,1.3567769000348435,-1.0281879954304876,0.7638242269110309,-0.9985046695149632,1.3060903308419434,-1.3008836078202528,0.8130017222015701,1.5009492035542549,-0.1916735721460517,-1.8012588658039739,0.013549882007697758,0.8723531087151136,0.12631206951562302,0.8750364524752411,0.6394123820967159,0.38674679234130427,-0.6025199966227389,0.6754196937664692,0.7945086173765973,0.6714929097934526,-0.538160270375985,1.3859485959226432,-1.4487164164631496,-0.5706539500945688,0.24924778715276985,2.0587463169946814,-1.2370684481348875,1.4636216265104511,-0.0002945313400799719,-1.5015051886712893,-0.5478008697266016
2025-08-01 23:58:41,1.0723202228599162,-0.6689870242263672,-0.7057157921608729,1.9177547865373283,-0.2895375760466805,0.6456426358491341,1.6271565247768753,-0.688689409256024,0.7126956769923491,0.10907394288003257,-0.6350531403402252,-1.1260473487188571,-0.8027610792901954,-0.38227950128787225,0.5204976324422184,0.7045387795260679,-1.5854324784186757,1.4719871443217492,-0.17857213462389893,-0.3498584030763158,0.9386938180976855,-0.46042779322018984,0.36854895355607625,0.7909298816723572,0.09104793129015017,-0.3807115235116489,-0.3196670135234877,0.8743385070440378,0.27730590221978785,1.7366503349979991,-0.10606593757687208,-1.4579178494955305,0.7605991853171642,-0.27771257632893787,-0.03800861232659186,-2.1192537845531194,-1.2323541474661674,1.2580516804119022,2.056993325447534,0.8458042832021827,-1.5178589646971146,-0.36799241113628245,-0.8062800365466543,1.5625672011808394,-1.7210914531141923,-0.3500408334562873,0.08269087892080366
2025-08-04 00:58:41,-0.5266273545535612,-1.2821005100937388,1.028068943514885,-0.4012049940582998,0.16682029894577452,1.22349020210292,-1.0257896575223286,-1.206960032855409,0.30656167986724314,0.026308945144431536,-0.5899033918628055,0.7510667175262434,0.40163940420229394,1.7924901038763152,0.544918923968345,0.10103610448467677,1.2278617275792088,-0.30591916556805315,-0.27947181117478676,-1.177587590008668,0.21014522432395136,1.2560650588357163,1.4454950235303727,0.36392005858537607,1.089627543108544,-0.2808687090776024,-0.6079887840966902,-0.2486942273134382,0.37585629495656336,0.06647063022364358,0.9876385523952237,0.27796232214154104,0.3528139725273468,-0.01255875435391662,0.80174826370558,0.4716022708028412,0.24536289628439545,2.131301891736301,0.6577361079406278,0.36215358738714143,0.9680315704176286,0.997425027368423,-0.21049891277397767,0.25742245225317395,2.677464932491747,0.04254737740781588,0.5476090473197855
2025-08-04 01:58:41,1.9347574217893633,0.6696724788250864,-0.8389758447355924,1.1679697764595924,-1.2113173091937222,-0.4070852023927568,0.5047518964224849,1.2911292156205303,0.5141613787966505,-0.23482817539980297,1.326756516313704,-0.3777328506200336,-2.061422513871586,0.035591412318997706,-1.0197228420986375,1.764308194961344,0.526143015413475,-0.5181602836047132,0.6567184993499405,0.672357288192983,-1.01472112635818,-1.5789597066865313,-0.3260162329438571,1.0227732223887342,-3.4530922210555404,2.265060261138152,1.828213426977737,-0.39907207471307077,-0.3392768777991595,1.1988309917366924,-1.2228181160086211,1.3147677983826613,0.76691936735758,0.21110074959286207,0.31108878032222387,-0.5800349055146786,-1.0589497146866664,-1.0145050299781762,-0.849165365515999,-0.186128887247562,0.08278312642333853,-0.7353258972298704,0.47681297139712375,1.5877485843033112,-0.3456708351324907,-0.20288695742019394,2.151611462351468
2025-08-04 02:58:41,-2.2475244130529304,0.05950562872663674,0.8445830111335432,1.443241314059181,0.253722125470075,0.28369246546798105,-2.343229682357762,-0.9876714798111776,0.5741780126590541,-1.1077559131239982,-0.6563649624035223,0.2092115695564747,-0.15337408978383843,0.32993583772092794,0.23230588193356383,-0.450578776651551,0.5021140173178003,1.1659283520525858,0.3211674548761585,0.08620443686358854,-0.02986368812142566,-1.3384877514094369,0.8535459745099049,-0.04130437422493515,0.04017069005917183,-0.18466813935213558,-1.4010541772210723,-1.3187018233394312,-0.13954859322641727,-1.123896675668718,0.8341479116165569,-0.3249675571879193,0.4578823934648142,0.026500096763174375,1.240912537199748,0.364091846840458,1.3383445661095494,-0.995873449955198,0.23252974077729813,-1.5958675227135988,0.27754726821741726,0.3853497221634753,1.5594552021644577,0.23947039167552578,0.12435231004684481,-1.3721014436203225,-1.1857934909145742
2025-08-04 03:58:41,-2.3255097001230483,1.8403623433194827,0.30000896682174777,0.05559482536198675,-0.5026726659318707,-0.10763373090383392,0.4725769937459918,1.5031557210353121,-0.2303613467266158,-0.19553014757673948,-1.8965744874506425,-0.6376948164943141,-0.395010489260454,-0.9547427486642017,-1.4680513842156393,0.275579696377493,-0.07694264603489258,-0.3136872203334739,1.327071898015869,-0.5170821803459549,0.8695653976101955,-0.21104074339650553,0.04915414442915982,0.5712719699167381,1.61078505087913,-0.41975999522678953,-0.674311299032322,-0.47930434006966455,1.0358698591692344,-0.622648506159909,0.4644443936663834,-1.2063977886763744,1.3123229409385775,-1.0788354736843853,-0.48273830685122254,0.27936094899056185,0.23047172281302994,0.04467359457363956,1.4088554208782442,-0.0753495062991685,1.0171301459443607,-0.49375736940199966,0.5688131092654526,-1.3034229347874315,0.5474900532960038,0.5236509517825156,1.8773253239269125
2025-08-04 04:58:41,-0.06515799192817,-0.6695922513822496,-0.14002467012387818,0.8216134186402658,0.8234871771581291,0.17282041197750497,-0.48061912936730233,-0.3404994892716774,1.0064104777174663,0.17069004251626105,0.05460888897292342,0.8938772856254305,0.9768695759661123,-1.7844955893756116,-0.17298046148990692,-0.3387363932959221,-0.9090689958210136,0.6490066032846649,0.6177917964013719,0.31639664533891676,-0.3027133315689493,-0.8301022628385175,-1.2047616522726536,2.0250510668025767,-1.3819663997128704,0.1190044325348246,-1.7616377920897484,1.5824545548926006,-0.13038244051436512,-2.0036074022764283,0.35132086420514025,-0.6234650008623128,-0.35917768989623206,-0.2544649032178271,-1.9287666564543644,-0.15757620820255974,1.0015605116785333,0.2723254686749234,0.03685420038892346,0.29605013868771257,0.4305012379181924,-0.6876209583310126,0.6244824486699246,0.3126776651935494,-1.613124651724522,-0.8628218232203446,-0.017207266685741275
2025-08-04 05:58:41,0.8556973010258487,1.4606809884087184,-2.430480233166518,-0.7130510779181577,0.7204088774837362,-0.29516276405638614,0.1464008162355008,1.084089887099424,-0.7971630857370586,-2.4302379078558003,0.09099430200782416,0.9706684442898112,0.45429015966657366,1.2767394858463839,-2.0065595870887467,1.1392492230809288,0.09360444308003991,0.60157078248693,-1.5205350478322457,-1.0450897883663874,1.1024370773427674,1.0194602052157755,0.9983003991998699,-0.9963841758292771,0.6708459944860343,-0.2993726869022693,-1.1611330399192688,0.4315236646718408,-1.110634962491159,1.3998144849757075,-1.2592227629045867,0.008000467662864821,-0.9949005724351223,-1.3126696750590936,1.3294767686030107,-1.95538920059109,0.1274139972684188,-1.2048479930649703,-0.5615872624745524,0.14650226655052798,-0.02849359231859049,1.200897424716003,-0.3344978309906036,0.45717614892450215,0.7733797905387408,0.1589652613163394,1.1165813683206705
2025-08-04 06:58:41,0.1450684585305127,-0.9032091839877818,-0.7085254453687041,0.043968532211683696,0.0247401613554345,0.6485400374622106,1.017869985762339,0.9416063067325192,1.9975333592392632,-0.7900634754218386,1.2879653132260445,0.5892210219507843,0.0176711215194293,-0.5596935372246215,0.11350402619003415,-0.5533372883884756,1.0718220850420324,0.5045763355350246,1.624271377053282,-0.4883035195014748,-0.08256290677338692,0.31598793865025754,-0.5832747301298217,1.0171976568181955,0.3942262180313212,-0.3586935443410544,-1.1808112616389668,-0.32650178916566214,0.7978555933851154,-0.15601146935214594,0.2635323903170227,-0.5437071674807509,2.899288538400139,-0.8181355143364444,-1.3579192159749598,-1.1938603642342625,-1.3360254082732301,0.6088782164322484,-1.781304343681482,-1.1997311449078165,-0.2114413215470369,0.18176776233127115,0.35182881604730076,-0.5252527489642255,-1.6274340828182883,-0.445039182245177,-0.8424467069422628
2025-08-04 07:58:41,-0.6041070110451723,-0.7108127179931618,2.1654037214614434,-0.6418650868688133,0.7275275538917585,1.8707546416264447,1.0949638671672874,0.9696187858362998,-2.0670311036913325,-1.8184985807465226,-0.3604859763897143,0.24411940347399344,0.4792585838552952,1.218086005971604,-1.4712492243885558,0.04160279474998113,0.2569865702792511,1.0212646307963906,-2.4337774211532524,1.9596422530929187,0.8858744880746754,-1.0047719078996322,1.20268886411631,0.5645775022852252,-1.0020870540227813,0.329864707159643,-1.2203126814730334,-0.7382045313697152,-0.41744012894173865,-1.3195783628809306,1.3059473647710615,-0.9200094330250875,1.337877714434247,-0.8670252163047749,-1.1564456803093925,-0.18978699336891589,-0.5127363971560325,-0.6035656366693526,-0.8151542816785685,-0.38281867378596673,1.7749795581079906,0.12122661591191032,0.198439959110417,-0.9289866445574205,0.20487549396181826,-0.8415624118557857,2.0393930438942127
2025-08-04 08:58:41,-0.3634037912981676,0.2807062139220918,0.45770145403780055,1.7302776492098173,0.6676676350344367,-0.6013616478739142,-0.0819410304223885,0.04744210182713419,0.05684561695885435,-1.2366280382243595,-0.12458288834005284,0.478239392892189,0.0514402986638849,0.961578406585349,-0.9321438680924417,-0.33213559961855976,-2.2716215638518835,0.11413760412360378,-0.5628243053131865,0.5561725034348308,-1.897649062936063,0.29455507510928947,-0.4009882897596988,-0.7129000639828804,-1.3068746326731426,-0.6069267776682785,0.707787587321857,0.41699140742248153,-0.06953187438369823,0.7399189968985804,1.4627630663021283,-0.5933155037528127,0.1997263711705499,1.075059361241609,0.35213938196313666,2.318831937626973,0.5050476137848718,0.6315766501733344,-0.9666021687089184,-0.9362696832529476,1.0951076595184224,-0.7508553613238181,-0.8758710318851327,-1.5609100420161606,0.4423814142858418,1.6981903337282018,0.2878423012659534
2025-08-04 09:58:41,-1.2177330650211315,0.38138065063346344,-1.8920055677853715,0.7061590414883995,1.8245331712585378,1.2511032472701071,1.2357522861441814,-0.43008119249728904,0.5812188885694319,-0.3300717739322409,-0.4779469403253416,-1.1017896057204206,0.29536207272116616,0.5474066222392152,-1.1291692562613438,1.0587193464791087,-1.7323694773543634,1.5362202567454113,-0.8673859339173107,-0.8061717842237666,-1.9465938125284663,-1.1940951487540128,-1.2610992900487006,0.2393994259143883,1.0710368357802087,-0.34008212378509745,0.865785600621866,-0.19572758075687333,0.6094937523983778,-1.3446890620087872,1.5603620773827345,-0.9994794488568725,-0.2778245891541776,0.03807130522830501,-0.1460966361329122,0.45065155999791157,-1.0286130632233423,-1.776330013524835,-1.3258079856066576,0.0030861619286032386,-0.35536602871817735,1.8748949666055628,0.5093473927418891,0.10711462164817248,-1.6890381729975503,-0.27096333129200645,-0.5495733562664847
2025-08-04 10:58:41,-0.06418703856405228,0.14541962775124553,0.3799140510650702,-0.16009655332181869,-0.5659989926305453,0.10984549575682599,1.2695984813758463,-1.7180988265677233,0.03849720626831843,-0.08730552870505369,-0.914065852497746,0.3397217818920351,0.12580626945730916,2.0674796424972817,-0.45181857845503043,1.4847435647848568,0.4066728070931508,-0.6204405271003525,-0.14651585091839328,0.7923440727055897,0.7515500648897763,-0.053556042790926385,-1.3848896554086214,0.21581793578212083,3.367875152871495,-1.2997735207936325,1.200232933238516,-0.2604681704526487,-0.5490957029231931,-2.292822920694325,0.4388163259755395,1.375805968193289,-0.3643623015417556,-0.7238673368364473,-1.212752845832525,-1.0133049431786183,-0.07019845020444396,-0.8520612984906892,1.8629736221165305,0.8004628194522726,-0.45664562797156255,0.09861398750372329,0.6016634780948551,0.16046761189351147,0.7726977983234037,-1.2343864311457882,-0.8401331020481819
2025-08-04 11:58:41,1.3381956794979666,-0.663455537614951,1.5170688210898187,-1.250558460894928,-1.5385331768203725,0.596134120898573,1.1609431385122857,1.191934943289337,-1.0028711879538308,0.8588810445176458,0.3615099486038508,0.29221773169798076,0.8278984157243273,-0.4079522503971295,0.6585052162837429,-1.3680309534766946,1.6147849706359156,-0.4314237738506109,-0.7472864694539829,-0.480337839128382,-0.4749470475244341,1.1589751290537518,0.8593964983430716,-0.06076140082803025,0.33071228709773687,1.035707939662437,2.4383373350447735,-0.3381825498262392,1.4683290691802109,0.9312104390162211,-0.5730867066904312,1.1229012814030794,-0.7923176628465267,0.9345930735868988,-0.4896908060989563,1.0058526537213108,-1.4780478462949143,-0.08576044716228098,0.5904164627108855,-1.3121702170384146,0.6531306400838046,0.45650917974487726,0.4443774990737971,1.1708551483721759,0.39833079915741115,1.5427407754824867,-0.17153218175722795
2025-08-04 12:58:41,1.6533129288607737,-1.0261127576336038,-0.4514436310482597,0.5936228150106418,-0.22542689852159495,-1.3802744120828943,-0.6328144929128814,0.0243802737943778,0.5621307369211487,0.3385224696379836,0.28145380698649186,0.0489959575097744,0.7718081665325698,-0.14199157051090414,3.10023196209964,-0.11469021295323814,-0.2378814226462976,1.8574475733005291,1.0377727019935459,0.49792348746307735,-0.24131213981513747,0.5249127448014517,-1.0629061596641094,0.45543204201234994,-2.7066441072870324,-1.4974623669545748,-0.009905105376765736,0.492047650779376,0.7784736903339954,0.7201684265023433,0.261318704603504,0.3836524073162137,0.5364643627257002,-0.2404244671940654,1.7292134515962179,-0.6556907079140409,-0.7974935569557312,-1.0104829489590934,-1.237032554197781,-1.089010100295154,-1.0298223581301873,1.0603383752237687,0.596120432388912,1.2722232613269766,-0.4844417164828018,-1.0190014432888401,-0.2762840381396624
2025-08-04 13:58:41,-0.12156176044126248,0.6557706045411024,-1.0722786187358466,-0.3544190724345435,-0.24112201520271004,1.0272392626801847,-0.5472778583912207,-0.04050015631279278,1.1672607211130583,0.7114901769706584,0.4279844273144044,-0.048059115849085454,-1.6561408010458556,-1.7421340561634207,-0.4110894611139738,1.2973110981600902,-1.1415873857971923,-1.1949359819473975,0.7211709421340007,2.970682632009356,0.30490092107806305,-1.1101584801509692,0.46860005798244947,-0.13209991020283304,-1.2849733500613798,-0.06385170384495809,0.36941407771456153,-0.30463221573587057,-0.8031933737847817,-2.8036023512708437,-0.19900367144508407,0.2576786098183017,-1.6325935729468768,-1.2835530512093,0.1623056262313091,0.3305807413930776,1.481050512908454,-0.5278061624705964,-0.6936436751108913,1.7417220490075982,-1.0581269423822373,0.12116846412070227,0.33067678767030373,0.2122352766336323,0.4527345929339949,0.6959163760507829,-0.4502396220935021
2025-08-04 14:58:41,-1.5088309295285478,0.22690145014327898,-0.22782783767140335,-1.235891289275515,-0.0008044086995993808,-0.09928958625956352,-0.43117346943622775,-0.4399895496507228,-1.0302597754177656,0.2448936286990262,0.31930099860197764,-0.48298218448805214,0.3924103953012251,0.007308838648821384,-1.3999427785847884,-1.2937840138179655,1.7285330644463557,1.6166149791190196,0.9701520438034311,0.6970763845087367,-0.5512549114169003,0.6200596384809924,0.18132611881058186,0.1898757294290118,-0.5010307308743102,0.6260862138430943,0.7296715125383181,1.2068897731129036,0.4297784503690397,-0.07295698687715525,0.07575757442044136,-2.5772152996448083,-0.4854314852564025,0.5980495023868581,0.48325786263094067,0.801172479518771,0.9393405120017928,0.20123896504973088,0.031128409469926427,0.5175428442090694,0.06245027488676412,1.8843777685549314,-0.3636596756497633,-0.11277050881298002,-0.7156672151980499,0.2509831743863103,0.21185938422979966
2025-08-04 15:58:41,0.9372676022129257,-1.7946832761508857,0.3135804428559867,0.9724872562037336,1.8070080304490799,1.835160507132485,1.116383487709532,0.15685966938720436,1.1195409476472016,0.2275803605315371,0.25747607156279906,-0.30949390873097665,0.3530906264031661,-0.6059489133666306,-1.530802734293619,0.8597328867246044,-0.05136430895913158,-0.8254605306708582,-0.7314381523951224,-0.15977529569490395,-0.32550960674972,0.39638222957657976,-0.4796458950122812,0.5396969003766263,0.2725460481658594,-1.1528400648017068,-0.04873102347621677,-0.11371256492980175,-0.2053937883649763,1.6808327007046355,2.1980097588892877,0.47238053074596476,0.4303567715585902,0.9675655509227772,1.040282382518514,-0.59969083341859,-0.7382751778111409,-0.9124645156973977,-0.26020888998910785,-0.0811843654216955,-1.9351459015167867,0.038218471548279724,-0.42792050126907283,-0.7329334381917986,0.06552679259900934,-0.6851291534389095,0.7260122584460511
2025-08-04 16:58:41,-0.4791641605718058,0.35396857495210415,-1.5035064797021,1.3659609212463266,-0.3113343475540751,0.6755539396123952,-0.0963572337676472,-0.27521664357663783,0.8724968428072873,-0.9982817162751787,0.4081548879526535,0.6173112235754036,-0.10546167539741635,1.7595621857858883,0.07818698504435351,-0.3448143037959964,1.9056325539367942,-0.41170365226409306,-1.1254915969674897,0.8765519329040253,-0.3822336736575432,-1.5401482606293884,0.5526582505113747,0.04528305689645656,1.415254909602006,0.1059248655800016,-0.26617599554765053,0.313665352540947,-0.6855059422589131,0.4121779106455971,-1.5260862351505466,1.4194628212665168,-1.1343906852675814,0.47637965850952696,-0.911722594328221,0.7205127257258459,0.9780384957644604,-0.5764383745828603,0.3422256337898532,0.688982100478354,1.50614123313869,-1.226515279855635,-0.6890069137883061,0.9257940242715391,0.3172209127918884,0.24833275820093176,-0.8926235840681324
2025-08-04 17:58:41,0.5385421886084387,-1.106359514838698,0.5407488517726305,0.30951528214886764,-0.3618567845493181,-1.3762795016185005,-0.5082069824573958,1.2382604358688905,0.5950518056854228,-1.6793383011668264,0.22163092970463327,0.6626051813368437,-0.8894829048798926,-1.4316981678988872,0.3911898310594001,0.27607247803247986,-0.37673940127821776,0.20163995178571914,0.038625786725751635,-0.8528873265130282,1.57268452706589,-0.06037526246209789,-1.0194809585724385,-1.5538981959329383,-0.7261671495133071,-1.1465888497251382,-0.5424890993612234,-0.8914758408363431,-1.0523726056436877,-2.3369787225532535,-0.2501108174570922,-1.3290370794899204,-0.5281451408183326,0.5246977479648216,-0.11743789975842217,1.5911571207875452,0.03248571035260994,0.5331151711212379,-0.026576360784574093,-0.3290858376842721,-0.6304895479139239,0.0025608471991731647,-1.819393875252809,0.38195251888247606,0.2543153265300566,0.708035294433577,-0.33088907556979513
2025-08-04 18:58:41,-1.5294975024736917,0.05790620479432224,0.19730831775996419,-0.35895465391287246,-0.3370216219405148,-0.280881966670716,0.522404313490104,-0.6971420572285164,-0.7476998468286241,0.4133997217518518,-0.5824110438258885,0.15061287016300406,1.8937307031668282,0.403900273401791,-1.8122219016780396,0.6509832678654892,-0.33705726672114644,-0.8892436168957804,-1.2824482021569714,1.973223726726368,0.054153547793851495,0.7983509310977949,0.7267077146757519,0.4288351277293107,-1.1989181845807055,-0.6910293707090189,0.9486094926145735,0.8396630562818093,-0.23815408026095006,0.8542146759741917,-0.8805236791932799,-0.4714358570579567,-0.21143413223050117,-1.3384647775693033,-1.511960379113617,-0.08485849889952947,-2.095789386507938,-0.12926396453631792,1.8059108497212493,0.33804131558110295,-0.8599184644898381,-0.5403715323529708,0.48255238398455286,0.6168213195461625,0.6517369191367149,0.030957883971204844,0.26323512186511777
2025-08-04 19:58:41,1.3987639326984187,-1.1628918064728113,-0.17091911953538397,-1.5254575234729786,0.8000359018812042,-1.7416805880089619,0.023219666693846303,-0.5742079201321845,-0.15294120375084186,-0.6334007275846709,0.1503902892832912,0.34259185224335187,1.8928107172958586,-1.012741410393616,0.773829680735594,0.04862151713117224,1.1999703607916776,-2.594336767702574,-1.2467284025010386,-0.5027832154124304,0.8852709716440533,1.8775777017289161,0.32951220883805826,-1.3351914713633604,-0.12334178891310948,-0.03634836197111716,0.9283237734399131,0.037591662398894964,0.5223443215588818,-1.4828025851341406,-2.068217642184246,0.447731702414218,-0.07668144278238818,0.9190198956683151,-0.00957947970351985,-1.1735197250494576,0.018200182151122703,-2.7078475025745963,-0.5518654347147796,-2.088711138024482,-0.39323354019746015,2.060536591964331,-1.3431633292195608,2.731319776431874,0.9562712465771586,0.8943444823580715,-2.0634770456981695
2025-08-04 20:58:41,0.9909571640748596,-0.6278835216123576,0.5192440175867375,1.2027100762961125,-1.2565224335504874,-1.4485264963515434,0.38074427276118006,0.48435135628611165,0.9366309288162268,-0.21441781090507225,-0.8864990751469056,0.2802522416142424,-1.829020385072219,1.2831025206480924,-0.007483031647026664,-1.0514412202835217,-0.7128416624326154,0.3966743997670821,0.9124786423151373,-2.2612494266621566,-0.0962371814857009,0.9453977785750852,-1.6222797570743523,1.9780389057251944,1.200901872166772,2.7306818279458125,-1.1391202847143767,0.34814329164229924,0.6169140055590346,1.1278812651615018,0.4974569031156017,-0.3469723075052693,1.4078038177061687,-0.5750957481432346,0.7017007494635682,0.07820328626186929,1.779681920576625,-0.3258087988366597,0.7011613548388624,0.509086453744666,0.652019934163976,-0.8321563610255408,1.725335843800554,1.434827039255832,0.834494072256433,-0.4962992111825792,-0.8888637593543876
2025-08-04 21:58:41,1.8278500003180376,-0.012444458555891488,0.6023166510323549,0.3899333097051543,0.10458249868662578,1.0135370475302878,-0.998606388947786,-0.8177056132021792,-1.4727824398702687,-0.8304953383222978,-1.1464322785344665,1.7575825899593907,0.7277658901674462,0.21563179805613938,-0.26305989593710416,1.275692517925195,-2.1690398135844817,0.1901244277217534,-0.5549239350343305,0.7311171087930002,-1.48179053099332,-0.7739886439390846,2.1396927213842223,-0.40649948370721506,0.9966447464404528,0.5205255497990553,-2.3697897181275853,-1.4607889471737325,0.4442028998770213,-0.4078607716448328,0.8776191637244828,0.6818260152057102,1.7426431790029913,0.585088115893816,1.0067775134081158,-0.1683527425015847,-0.032524557589433366,-0.492604667975109,-0.43612627233663,1.0189910164202043,0.3400413976377917,3.861155477154223,0.6307233591909214,-0.12049500051615462,0.07144910584944575,-0.47513812450853754,-0.7852190935153298
2025-08-04 22:58:41,-0.021513479909723417,0.7192365682628575,-0.3008416607350892,-0.6232800217533329,-0.9484427785936491,0.9116780548337803,-0.21729184509625277,-0.514894990941407,0.13672192529955862,0.5770779014336073,-0.8210971744234946,0.08506975728742311,0.7572303821733313,-0.05006024461848351,0.285792344521876,-0.5129195770455707,1.4154388197915173,1.1341629552718866,0.14670705919690896,-0.17290221235131606,-0.2057417098458998,-0.5365841347163439,0.674152130126104,0.9585409592146986,-1.83283034575598,-1.1175748737178475,-2.3595102335745906,-0.08464610748985486,0.5441858119168055,0.36659324731742793,1.596718106772776,0.19704846121613304,0.1090247333503976,1.9700070607535365,0.49949629461767403,-0.6635080761223505,1.6600570602364966,0.8410653532742985,0.35964540696513353,0.5469548076759029,0.32116260106260064,-1.4620443944262829,-0.6043032641976928,-0.09915776369578813,-0.15213538743497648,0.3884435493316223,-0.42672619111990745
2025-08-04 23:58:41,-1.541013662039405,0.0742470270298101,0.5703292075540404,2.6414914380719,-0.1879198016465302,-0.30432900331571133,0.15626508048155893,1.0910421505546597,1.6911347315788101,-1.8745140637964082,-0.5344010957287451,-0.3410006875176982,1.1470730036629577,-1.0429310053642624,0.6758633391694999,0.3249860597616468,-0.2970203874863096,-0.7142072656700914,1.0399560730501458,1.4743454745364122,0.4333342263027764,-0.6885418688880607,1.0600585628774044,-0.7601393702548721,-0.8165429642405759,-2.26608893483026,-1.3185158500097967,-1.2729628402073614,-0.9137177504228515,-0.8501080995632392,-1.0370878156475447,-1.1998803484792078,-0.8108805530120713,0.15617371075165243,0.2163967135235675,-0.47091831094690795,1.0370860678456464,0.06321049802391092,1.820380509908944,-1.1634373231972608,-0.7490076444322994,-0.3167294415282097,-0.33105795269410543,0.6025998583102294,0.3445932460282263,-0.04037364813836322,-0.1789559684977335
2025-08-05 00:58:41,-0.6601577946619892,0.9217918326647726,1.4614692626971604,0.053180675673609165,1.9916538687672023,0.8855303634515493,-1.232678717860696,-0.1386892774752066,1.5271925452938897,-0.6690456059727268,0.7674088748971964,-0.17889739980750122,0.18167384852799284,0.29583863763495755,-0.8449975971799056,1.0135177071476482,0.23728724977017357,0.2709168843087648,-0.13654023176141833,-0.778493826845389,-1.077121831488864,0.9817322316155792,2.1045699793433568,0.6690286923571052,1.1551088343777554,0.5510167619871277,-0.39453032925416076,0.7105119383444057,-0.5334489460768553,0.09010065057602588,-0.48104699965890296,0.7016891864338661,0.6453789495170168,-0.9395758305623066,0.4385836191221454,0.552586246642998,0.20696116412057627,-0.17783127314548366,0.4129368492053647,0.9989294032711235,0.20772678479761797,1.3382974691707106,0.40814102037363353,0.42066331932618384,-0.3362897074362315,1.3897549983430912,1.3518314922613968
2025-08-05 01:58:41,0.9857024379505471,1.0233055952383758,-0.3145736790301326,-1.2705343875580515,-0.08370858781887418,-0.24095078538773546,-1.8461233220031708,0.5191308163039288,1.006558093365877,-1.5419324663813865,-0.24310831722124698,-0.14324085154963537,-0.6143962594263205,-0.07167226092848038,0.0772765327941386,0.6686568897546947,-0.5662292255462928,0.44797317194796094,-0.003479063749698344,-0.5997533914554203,0.39403642587924326,-0.5980400305657589,0.5247445246761899,0.6323772986650793,0.8674936963403861,1.8755516497368165,-1.1218431723070375,-1.3090854030638448,0.13734997824885387,1.200459439696667,-1.7233031573992454,0.05723290435727378,-1.484984845039392,-1.8813085006017485,-2.7291380031626082,0.9655216562548025,0.23517655251032785,0.44171350363036843,0.4992054084506267,0.26201253898621923,0.20590626350612623,0.2170682889133486,-0.9708995915329485,1.9426843353584495,-0.10096898387329512,0.34656948398516113,-0.7756946618907579
2025-08-05 02:58:41,-1.5805463740889039,-1.282384001110493,-0.26057959152850024,-1.0859658588065748,0.022041426747480275,1.386075245931283,0.028773411132179273,-0.129452472614782,0.8472043267601027,0.016043360149972527,-0.828708967330656,-1.2164217243297284,1.3438289927711509,0.7801268182224846,1.187538247636568,-0.633618477279108,0.5064837511684014,0.2165074778013627,-0.3293846447048397,1.0715865925269585,2.2287722435294426,1.5448399015692562,-1.5307934980574038,-1.9178243014966332,0.7948616400964067,-0.6483745542019748,0.018348083023204138,1.7081614130504041,-1.1128687331804512,2.88454466080424,-1.009072448464995,-0.07388372947058457,-1.1897967067498052,1.0998650841643076,0.3865631801538853,-0.648469067268507,0.09099533829550037,0.06273401760423634,0.8425910163076409,-0.9794201151202773,-0.44095422961501496,-0.8972839551564693,-0.33195086849017025,0.5482153369327153,0.100708697594891,-0.6909558741583344,-0.883551451420328
2025-08-05 03:58:41,0.7805791928072867,1.4648251680402002,-0.18436506422419985,-0.7382030292802649,0.06273221323024393,-0.32661380910970506,1.0641923031482823,0.44880413188285456,-0.004575832610462847,1.8278642834751277,0.5346893847013596,0.2213304405862212,-0.4235783403704928,-0.32510540643801195,-1.1149383244722342,-0.3695556150278242,-0.7959117533352946,0.4641823055240061,-1.6127935083612797,-2.128416812231912,1.1840572706225605,0.04293872763459559,-1.8954101541485515,1.3156485552871264,0.015798708390231307,-1.4585953570874375,2.4485809104742167,-1.495170638693805,1.2585736087528983,2.075594862083622,-0.43685139059849337,-0.9015332888315994,-0.6439966201630758,-0.27512395308194754,-0.5383741226401941,-0.733206658523905,-0.43218909657005133,-0.11473407459422796,-2.030270351755025,-0.4354241891465021,0.40632096421922703,-1.6186663491138964,0.7975234136295787,-0.6948099043282758,-0.773773935297439,-1.7452232470741116,1.1147815570676873
2025-08-05 04:58:41,-0.47122495273157305,-0.30637949673184733,0.5193669349380093,0.7203027463912525,-0.022982128677506274,-0.1746966580254564,0.7153001012449713,0.5437694138401279,0.1257098462351645,-0.48764553666465954,0.3016598164480338,-2.015098189598772,1.462368990129309,0.9186137670624764,-0.26110489275252824,-0.17297383766298113,0.19980379642162402,0.08810297793806306,-0.6873445751572517,-1.9976903479479293,-0.36486561208939433,0.5514981171674923,2.6309895240602694,-0.0013402887484580733,1.4763020099083397,0.29604521304511094,1.4076782588278034,-0.11721392607137929,-0.7275490438429899,-0.11810182207918624,0.13215994837253195,1.7702871910823328,-0.25486919270424324,-2.0078321309088962,2.2165295718087203,-0.5613493704286274,-0.645499634793164,0.17110227652720145,-0.3102613793832386,0.5321673228320531,0.35403566968835054,-0.29437957570413703,0.7468680820501516,-0.3401990141603863,2.2101230995346834,0.017460903242945455,-1.3405300205101345
2025-08-05 05:58:41,0.6993700101083682,-0.7159624402267042,-0.22925390373807175,-0.5187412407281574,-1.770897404910847,-1.13745885931952,0.732125521932845,1.1182249508066942,0.13409061630144667,2.092491717471995,-0.6283902701799527,-1.645458398128181,-1.2808272502351221,-0.8486631307083742,-0.38050708655902243,0.41110478339130624,1.0845252817999207,0.1648295622804513,1.4781886567368991,-1.0899558904802145,-0.40661917848212914,0.10742958156794118,-1.3950870464274854,-0.2834908176555425,-0.7650859436746579,0.6127947325435432,-0.18435154630828682,1.6991068030854715,0.6823466875632446,0.1150352899424301,-1.4201071976317199,-0.5432024703990447,-0.8799334453496798,0.8647394245490705,-0.47069272251243643,-0.14352483144782027,-0.834326474343506,0.8108156227256279,1.126408333553926,0.7892674901862494,-0.723111025485864,-1.2650608420913896,0.48547891317641734,0.03484815674299432,0.39866140915267484,0.9125761922724183,0.024760399000611846
2025-08-05 06:58:41,-0.3480073778799058,2.2232737093176453,2.3116162565985077,-0.49855022531038334,0.002387428176520137,-0.18897900414898397,0.7011609754756597,-1.0024123699720608,0.8719815502530517,-1.559018337305558,-1.1622771458133334,-1.8595395470308038,1.1059301167174895,-0.991741515361541,-2.239955112232863,1.1244535835544796,0.5979108390801761,-0.6229101174614474,0.30460681120544564,0.8225162866718982,-1.9908591784861562,-1.0564446559112108,0.7840639676604289,1.0055789864878661,2.668580313729553,-0.2964374373278583,-0.0979193127242776,-0.36193016356627605,0.18550960728278615,-0.360136401069777,0.2977231642180949,-0.19951026052071175,0.5713935519109979,-2.030291812322604,-0.3969310939148029,0.4957427578729757,0.6741523794357662,-0.05919355644246965,0.08486967306505439,-0.20564221984910996,1.1739893719356913,-0.693774206470831,-0.5370013657186749,-0.522129369560845,-0.6810398111804821,-0.2785666248324314,-0.6681210300753115
2025-08-05 07:58:41,2.288114971409145,-1.0254223074176672,-1.2452861550603913,-0.4784925501766609,-0.34602556077548197,1.5070829615045938,-1.277625302980534,0.7277924261393943,-1.6836559380884395,0.19989522895175038,-0.07755258515596669,0.6501742212491054,0.07965660029509715,-0.6462095832787593,0.14641725182119342,0.8018013131138727,0.4222880865567839,-0.4023977110072142,-2.170744225766338,-1.6043391369893367,0.8790469785455028,0.41492487707176073,-0.9172281335640847,-0.32730194059044343,1.9604578539611712,-0.0030740088100725,-0.9127877507133999,1.102920564959919,-0.7274331590077804,1.3495701767662849,0.008211973084996221,-0.5062506783582847,-0.7465778553132079,0.10496188549067972,-0.2974265123692632,-0.028644446098501634,1.5935336334781414,-1.7868700528089756,-1.1237085445970394,-1.9057923455352155,-0.9518976816505814,-1.572196873657521,-0.2039228227852547,0.5101427546165722,-1.3792981369019504,0.16213502065744712,0.19440701764559712
2025-08-05 08:58:41,-0.17775413558653327,-0.27113818120159977,0.4208234539218546,-1.030586112027587,0.16969599181390932,2.787602817337121,0.12583048623290224,-0.8838104061772729,0.5129701910718807,-0.7758562475558882,-0.5747400293317133,-0.9469736769792031,-0.979265506142402,-1.7103175164502755,-0.22012443742049806,0.520816205870655,-0.7372115612863362,0.9670620478465318,0.061077257732955,-0.32770456312389173,-1.876893884990849,-0.194738890284152,1.3468599311232727,-2.06049428437116,0.31606887876864853,0.4203544216154817,1.317702887016569,2.825796860689499,0.9706859896567337,-0.276237328392007,-0.4107093832770892,-0.9415430837430817,0.4501758579403705,0.08948431429558666,-1.1072291746445864,0.062276962036778,-0.04667345298705571,-0.24420911167518133,0.20998275631128233,-2.2582831650991446,-0.9255041292986446,1.7477119638253573,-0.34645750363650474,-0.019025458084647964,-0.7327814311315353,0.5815468203477957,-0.7001628567140985
2025-08-05 09:58:41,-0.607349707809031,1.0569353302444735,-0.769084250106577,0.41067416173971577,0.34007377521122717,-0.4240911727954569,0.09001772904304149,-0.5791238278541163,-0.32074738313477735,0.4146279299662276,-1.1182295512870937,1.315034043962718,0.8691390021816686,0.8051432014606216,-0.07660026730168576,-0.1663128292094909,-0.4152434466941271,-0.301966994976098,0.3675578589978374,0.6043289812175332,0.1649323624297046,0.10167835529191226,1.8367927216211812,-0.2741323019076943,0.8695050312152746,1.3006568528847304,-1.4004347213620625,0.33259138615902956,-0.13994842336430532,-0.9472788162275984,-0.7732283759353679,0.7935724003978226,-0.06695397441919601,-0.05337709774776703,-1.412154812932939,-0.8362649047448253,-1.5465069951166606,0.44516216708352013,-1.4911804999086358,1.3722876548233962,2.7069284833671063,-0.2772695498195459,1.0206352147483826,1.967161977022894,1.3559433425693035,1.807179684228725,0.4404138423305514
2025-08-05 10:58:41,-0.981214739920342,0.8710573308541331,-0.7187411631403107,0.6723129442678993,-1.3308170004462159,0.9702544698118262,-0.13060674306048967,1.0846278967081042,0.5400903180020742,-1.646417358540567,0.016880694741351333,-2.4380874597830573,-1.253645946465117,0.12285446653751604,0.29855329505347133,0.45623558729034597,-0.4318265512397264,-0.20212384799384828,1.4786320568607008,-1.0893184487807825,0.47397798745054986,0.3460711903726255,0.36096868474607874,-1.2174788110724866,-0.8349607151021358,0.32260708198416643,-1.1482788895117768,-0.43903561830770615,0.31019240751836935,0.6290767595778928,-0.09170849887299601,-0.4075075199682806,-1.472497629226594,0.24308967355264557,-0.04331285184886351,-0.26843239683825304,-0.7365953070021891,0.6391676508962817,1.2167691543824461,-0.9756290022223897,-0.9663276294125227,0.5122240692163872,-0.8661144446305438,-0.424477242054477,0.982238087228067,1.1774966130884992,-1.2748007246383661
2025-08-05 11:58:41,-0.5197624209957062,0.03410687790567777,2.3121517495101864,-2.3445776161355174,-0.9580834220286845,-2.1152910700103416,1.105070627749944,-0.3670910896718947,-1.1850908231751154,-0.5426381210308299,0.27516125427466276,-0.09252263380363014,1.0508538049745548,0.16400081875712075,0.3542100854417669,0.1400287480137795,0.09373005962984624,0.3838659913818088,1.4890689973220759,0.3578181784713633,-2.053975969778956,0.9724171295609666,0.877757863822968,1.64292828643828,1.921514155493658,-0.36277482722213933,-0.8281141318431097,-2.732289591796578,0.8796787281827557,-0.7236297849803477,-1.1274736586523815,0.9029547033414153,-0.8732872055679539,-0.1650334787079722,-1.3095098276795294,0.6814979786769233,-0.7365666736863625,-0.5053104085265581,0.5324679167295736,-0.3947765149626266,-0.5115975470906282,0.39272916925133,-0.915109024095251,-1.813019867982713,0.8529162387666642,-0.20237955863779883,-1.7697720400750314
2025-08-05 12:58:41,-1.5423875073608606,-0.38520116017141276,2.2139330060135753,0.023035595276312684,-1.2871293959020436,0.6445655589275807,2.397398229539764,-1.9494226339854268,-0.9597032684085179,0.060585913433261654,0.7358246089853945,1.1152653059981044,-0.04112725721270135,0.4958894459558581,1.8992098008375846,-0.5347016191163787,-0.4256966895657924,-1.6467402510045919,-0.14027013357754614,0.5867126889551126,-0.9174538775712351,-1.6444380897552449,-0.5486317540984297,0.6811675157924743,0.5377648066795205,0.28209641757988635,-0.45082281261579243,0.49848850675572776,1.205394626287521,1.3134318843184631,0.09175459245509203,1.1111328711110093,-1.5826109497715815,0.7393819696371572,-1.8489983236188299,-0.14203236536863462,0.2590763772518807,-0.7149913091300869,0.34985952225036177,-0.44971443772574804,0.021773851532452256,-2.4073047662148626,-0.12633344902215488,-0.6605007710930532,1.1905801419263338,-1.356338375003469,-1.2318909486081926
2025-08-05 13:58:41,0.1582135048834704,0.10318891955743746,-1.0996744064356798,-1.0881165714206962,1.0570544708527423,-0.11020423589734711,-0.8217154025085085,0.6262729668850584,0.21692584670426612,-1.4138799001267464,-1.8837443026720397,1.3749007568827025,-1.4918685936035119,-0.8322896145879214,-0.22941866585930348,0.05332767330825316,1.8503685166846209,1.4417374326636478,2.4300513511918216,1.0843240229216395,1.0771050430393054,0.2099665500973848,-0.23485066451377287,-0.2263698678101514,-0.8182616241795119,-1.401174487505775,0.08446664621924785,0.98957346051154,-0.016664628008528398,-1.3801525357763877,-1.7583019172903152,1.2414221270261683,-0.5529638150745098,-0.5604149130407424,-0.7575104340901508,1.1557883850404458,0.03596920879831164,0.8624043203484734,0.49806572275943667,0.9964452790659416,-0.3132496021001201,-0.8234143119046476,-0.6256793766465579,1.3122391270063756,0.9704084197686133,-1.11135201085748,-0.45786043316149555
2025-08-05 14:58:41,-0.6604299720190863,0.8972601872801208,-1.3872429680665852,1.384507417870841,0.19902540303823255,1.8561644964535906,1.2174907184631723,-0.49850903353320886,-1.5797384218392825,2.0656727338220544,0.5446153803114828,0.33064563444222417,1.644895367379856,-0.6341085311686846,-0.7184774465578787,0.7716956378848485,0.7090084355013617,1.1810231473619204,1.3982515207378015,-1.0673900720874547,0.45644104623992243,0.0827535175107434,-0.3635333596482176,-0.10016338417690998,-0.023336647362253455,-1.7746744957401162,-0.22675001080677307,-0.5269925555340854,-0.8431957061841916,-1.6022583085446893,1.1342345759899324,-0.6256347303897531,-0.22635880035095216,1.7884186005823692,1.043093121467512,0.1965956838043497,-0.698617295313156,0.5127571910035488,-0.5399524962204303,-1.9513895291759538,-0.058082043540431415,-0.2979360785731352,-0.04666349086080718,0.8494686756680535,-1.3152537568279248,1.3112448670010741,0.26425160670313236
2025-08-05 15:58:41,-0.6368512350203541,-1.1132787567043034,0.5367456499978167,1.4381900221273507,-0.7161019123459503,-1.4469003685247954,0.028107852512668136,0.7235470951202764,0.2115147671561329,1.3697088298755105,1.2694954637744051,-1.0555042867059923,-0.1168976949816894,0.47535032733829086,-1.947567499945531,-0.7143010912078581,1.224324104606953,0.32555271495494936,-0.27935208086448227,-0.05505747638681712,0.5258377276818267,-1.0744095107157974,-0.18789910020915213,1.4001749760913387,-1.207865432396641,-0.30980186176214963,1.1394417234013954,-0.8857759348477604,0.6325658848215169,-1.240808425888256,0.07866059173976514,-0.6693310641783754,0.24325026978524042,0.6650050341670378,1.3445821401408078,-0.33396286225296345,-0.7615858551185343,1.0858050505218866,-0.2611659843629658,0.8028183156885664,1.4608350515928175,0.24605722418858644,-0.400199891852927,0.026020458618642692,-0.4759137362342133,-0.07224141838330823,-0.7944433983886179
2025-08-05 16:58:41,-2.0788288095849583,-1.3745370239727226,0.8733197774623975,-0.2849371764539843,1.8418286456252475,0.4762851972027368,0.7082776117204694,-0.6185056496878149,-1.3181078496733885,0.0638285371131227,2.119460042326002,-2.0559201630820385,-0.42437113634780316,0.1859408663763891,-1.6352459010888984,0.39601317057978,0.5976992199369425,-1.2875415726610575,0.39242600576540376,1.9696080406906349,0.44650452977921207,0.4665263860238813,0.1251396550272933,0.11375356959547944,-1.9528509452913296,0.9822679366077971,0.6474933605610246,0.5324980186850485,-0.3874542115277017,2.8161310530212287,-0.5120356153729845,0.3840963524152436,0.15162488449387412,0.9520600784828768,-0.3937439800605995,-1.6122774881964368,1.1446439850241477,-0.7707411435340927,0.8218077096739056,0.5911022761340504,0.9433190367766849,0.16050380418747937,0.970036047194992,-0.007587763981797316,1.2476538868153748,-1.3494726810116855,-0.36482621118931075
2025-08-05 17:58:41,-1.0743614233390655,-1.0234253343913842,0.5202360807105607,0.8240606017198758,0.725453489664104,1.1425106554947286,0.28290353951455155,0.11981974725905514,0.9555778498081618,-0.20327841099293592,1.2503457098509756,-0.997101458046496,-0.16639961315695762,1.454833828269966,1.284121414609114,0.5095203351962678,0.05403407091879811,-0.20478816646055525,1.9529197797165645,-0.24399507056655154,0.4075290789510277,-0.059349141723755335,-0.3768942085495194,-0.8778797741013801,-0.141122193607545,-0.5392721217373911,-0.8711072173097039,0.6250383668942245,-0.6325518183348264,1.2188699515632462,1.0927790318057566,0.4249940356312661,0.078800633152524,0.05276151257504571,1.0924331592670111,0.30247530580222703,0.6577670787715537,1.4132098826359483,-0.04097137040319171,-0.178022940160997,0.7989643436890018,0.1629474837964435,-0.5770668464700918,-0.5976995288696811,-0.07984269052204673,1.76006154366371,-0.5371760213253485
2025-08-05 18:58:41,-1.4070211887235566,1.7532066614732473,1.7700378419865472,1.4644416739529602,0.530095389556754,1.1940719219923803,1.1129912126567552,-0.44825555110463794,-2.016934981914203,0.1851068527367988,-0.14448679439829798,-1.6996200795796965,0.9147190247736001,-0.8421303246491538,0.6593680644928002,-0.3785863009256886,0.5909176224208568,-0.6110305947203338,-0.8308162441751152,0.4639727994579246,0.2830172200518831,2.695998490650864,0.567953517685,-0.20987794980392913,-0.6213780102010904,-0.7154987216389606,-0.6542133037854548,-1.266656935600336,-2.057306583460886,1.1758050330949574,-0.44935947345243266,-1.3000780500622062,0.4046280437093173,-1.1740906939082556,-0.28041179118438153,-0.454930325142778,-0.6819622264066117,0.7599168595625099,0.397640664006895,-1.7123435230142894,-0.7659122890227675,-0.8118577001813899,0.0852472623836843,0.7163625472992885,-1.7621996320538713,-1.4981865401861085,-1.8527193976738194
