DATE_TIME,OPEN,HIGH,LOW,CLOSE,RSI,MACD,MACD_Histogram,MACD_Signal,EMA,Stochastic_%K,Stochastic_%D,ADX,DI+,DI-,ATR,CCI,WilliamsR,Momentum,ROC,day_of_month_sin,day_of_month_cos,hour_of_day_sin,hour_of_day_cos,day_of_week_sin,day_of_week_cos,S&P500_Close,vix_close,BC-BO,BH-BL,CLOSE_15m_tick_1,CLOSE_15m_tick_2,CLOSE_15m_tick_3,CLOSE_15m_tick_4,CLOSE_15m_tick_5,CLOSE_15m_tick_6,CLOSE_15m_tick_7,CLOSE_15m_tick_8,CLOSE_30m_tick_1,CLOSE_30m_tick_2,CLOSE_30m_tick_3,CLOSE_30m_tick_4,CLOSE_30m_tick_5,CLOSE_30m_tick_6,CLOSE_30m_tick_7,CLOSE_30m_tick_8
2025-06-09 01:27:18,-1.2178958064915006,1.0046831670590293,-0.5275781956462133,-0.29999632851312047,0.6315956712472723,0.22474682783028122,-0.2743448789454137,-0.4842821085249848,0.5776631469507756,1.016250515069586,0.036263292984209515,0.2670836303085886,-0.9062706641915131,0.3835099290151307,0.3776950766733024,-0.08180552820578414,0.21785708486284103,0.03426044259750566,1.0165182737235885,-0.8153239289581617,0.23754827187706906,1.5719171915738859,-1.8910350827758473,1.1254444940101491,-0.7822620101979896,-0.022632891006171416,-1.1083650632131994,1.662073702277339,0.7643957279021781,0.31517589938298185,-0.9323460150552789,0.7490047871266748,1.6388988507861808,-0.30046887715471704,0.8726620467654203,-0.12930258415706852,1.138811306901783,-0.27688965924650755,2.33681701939609,-1.5369118550352636,0.34448655213310253,0.15249730604892117,-0.27817075259813867,0.228500115390876,0.8971799266474104
2025-06-09 02:27:18,-1.0530019308488698,1.3322814314171736,-0.5281451609387087,-2.064871034920608,1.8919931155079657,-1.222197749185295,1.7490415980758554,-1.39759682008866,-0.2641162606479528,-0.41309867805139616,-0.235905808292644,-1.4695288022841113,1.994849405593299,-0.3593715302415727,-0.3834391385627053,-0.825703794726173,0.7414490052888449,-0.4193482456982406,-0.1613561063821749,-0.5208387593194084,-0.40506439051014154,-0.22067356400326382,0.36499721553128656,-0.5646349991810621,-0.2999545333118955,0.6127532238637929,-0.5083658947066245,0.10159206714795344,0.861899935695098,-0.5786478081586226,-0.8782911431811911,-0.6495827291239006,0.298514974967746,0.37444810855632427,-0.3924240369206539,-0.27390697114028634,-0.383420660178183,-0.5508233565666842,0.35179108564326855,-0.25662414694918406,0.9859270419732802,-0.3248322913037221,-0.7456389778717581,-0.05782155449929081,-0.018582243574043023
2025-06-09 03:27:18,-0.7606355435708185,-1.1595211776776777,-0.7516883198979388,0.6663909482992987,-1.4101939669558765,0.5536146991066677,0.09436904416342413,1.321539568516066,-0.2924793057365045,-0.14058488176607967,-1.8420440920161665,-0.3376880236114435,0.09529014853952955,-0.24971764841511843,-1.7538896459104039,-0.26909671063780816,-1.0130792038498377,0.6134205954321027,0.2106679111210546,-0.2646995904530554,0.4730852628251923,1.49903304476452,-0.8325115499729416,-0.8256602460937864,-0.15983945797773075,0.7213133621140532,-0.05405765594666825,0.9905361572482447,0.1360769398567277,-1.0308655303322742,0.09619145684717813,0.15478137123697513,0.8788593363525412,0.42929144612743214,-0.19389781730234917,0.640979858810389,1.2538479976269086,-0.5275872967367611,-0.20448457567735123,0.48047092510379746,-0.42553181100364,0.8487837736377047,0.2948488187435298,2.1247531354215186,-0.725432763127768
2025-06-09 04:27:18,0.9426318263157474,-1.1381826764174583,-0.2014651325535341,1.7901645222488753,0.4011378689854764,0.0029841874153318224,0.8573084397333989,-0.17015595128656139,-0.7026118192679738,1.161896381203885,0.4384361394206708,-0.7425390511099226,-0.2785658507151847,0.4889277255912565,-0.47166054592606255,0.3105540495845039,-0.47978109698245935,-0.14564182287418126,-2.2652411657472045,-1.365006917602481,-1.0757487544726543,-0.6422105910464704,0.7580972527762009,-0.08006317341607068,-0.6575345257705459,1.6894059917481699,-0.46913260289486974,1.2840867105432934,-0.24675659865543792,-1.798789696257088,-0.5242687835168633,0.11965153571691416,-0.07424825870062833,-0.7489284274857195,-1.1741443840847363,1.5962344242426443,-0.7509236797828207,1.1522705032395444,-0.22662175129827275,-1.3252478081755485,-0.7022524666906417,-0.4044349910654692,0.5852815314118914,1.1386274026520362,-0.2742696828753373
2025-06-09 05:27:18,0.02831263942952334,-0.8293120629975034,-1.3257052328376013,-1.6949550739609747,2.016847247001548,-2.1984610026099682,1.092215204944005,0.44365086783604313,-0.2073779755624239,0.7370880711907819,0.14242211085481804,-0.14411319158373465,2.1864049194293997,1.222160618415501,1.1797951133008906,-0.6595243910482455,-0.4701248968804268,-0.455885490269689,-0.42625392989903166,1.5295898052111367,-0.5706234613708205,0.002888435881372536,-1.0033836189702474,0.8926831609854514,-0.35285959654687027,0.7273861301246773,0.18067405999699346,0.9108166123541689,-1.2618492632883138,-1.0881254450143893,0.48571690428123815,1.1676101662517133,0.7909486410427196,-0.5149091962980402,1.5313056404493424,-1.4926711714736842,-0.22244239666510796,-1.396189835754646,0.2870624329919508,-0.3419062516407641,-0.27906794062320883,0.542126410588739,0.3090126468574524,0.8588553805420275,-0.835545395566788
2025-06-09 06:27:18,0.8358092949376648,-0.23665429900133456,-1.3870731461366856,1.3389100051467906,-0.9945745263273453,-0.04455441140353996,0.4307909229070791,-0.13352672064441037,1.5991424928776903,1.1685131997443685,0.3525437560966829,0.616360760212742,-0.3415940318399094,1.7459943779914022,-0.12841529456363146,-1.0358630117414547,1.836310078285091,0.13400032016173277,-0.15773726252166306,0.4294530487173297,-0.20304906073256113,-0.19552671419796191,0.9410184925147402,-0.45607336922826036,1.511006242459903,0.21220590458140418,0.5144320664554897,-1.527142214733068,0.7155294179796783,0.18252084292156326,-0.7938592533275598,0.8312253109697789,2.0631371858906107,-1.1118908242821421,1.612755468823706,1.587737067785547,-2.5612827720869813,-0.14311881469927565,0.33792109138978244,1.4681966841801872,-0.08089129485052919,-1.8673533706065122,0.20176572335641046,0.26102005374616033,0.7211490621011794
2025-06-09 07:27:18,-0.9054256686220064,-0.7901470071559821,-2.045864480382935,0.36782701310978716,-1.4177519786949682,-0.743886051722547,-0.7406074660330365,1.1139015098515272,-0.8286029148590601,0.00039684684984287935,-0.4121472110861412,-0.7019409517454361,-0.5709244131255788,-1.5625947725048155,0.41052947089892305,-1.0275637487241465,-0.038992283807752166,-0.2625589368945957,0.09208954172905875,0.8015061522401848,-0.8768308705346118,-2.3198244923441234,-1.055490389032347,0.48147612569913156,-1.1894701682557416,-0.09014964490539405,0.7591699293767937,-1.413667358959786,0.18042227272291675,1.0142193309727248,-0.2886639610017092,-0.35906496307165264,-1.1740363963481353,2.1672554404065627,-0.05672561416404015,0.09453350798209743,2.2623097593054426,0.2766842914473343,-1.1591925885221528,0.22753283262655594,0.7449443455067738,1.2866346292103537,0.6910850295547527,0.6141303933953159,1.3097084582351852
2025-06-09 08:27:18,1.4491246973078435,0.5164522261124681,-0.24105974642360437,-0.9789049207044893,2.1800127939085456,2.2928799288595862,-0.49227877182204405,-2.005563227622694,-2.090030544736133,-0.5249534610660869,0.8044472723756816,-0.23761022512057237,-0.2952605428719974,0.16268052990931556,0.2859876694238637,1.6755830323212901,-0.16688706582012322,-0.39261467096154895,-1.2013022565838622,0.3469833965753031,1.8187985588239433,-0.3734997272130188,-0.012674995036847521,-1.1805572960140296,-1.4804184986597995,-0.25272861171219924,0.5417887310494927,-0.3862173435057463,1.360498889708363,0.0741075956598768,-0.7054343520851899,0.3468784292017853,-0.26261275927052413,0.314473847402856,-0.9434354707564543,0.7528910392244221,0.788653358523294,0.032287248107284255,-0.08963834633239957,-1.5270947604082534,0.16190934346200805,-1.1098332748044992,-0.2582102015875134,1.0490741999038635,0.31582947822921664
2025-06-09 09:27:18,0.677050250665312,-0.5219388830759433,-0.04891514390704603,1.8692950848434449,-1.5905918165917319,0.04860642620159925,-2.1838906080488467,0.9031119783783109,0.22037613692910962,0.3274394347907535,-0.2377738312347435,0.5843068873901542,0.6224931446070227,0.3294412539260666,0.6391877996984777,-1.1035997694811719,-1.6615103731347853,-0.85810671839189,0.15852116818093964,-1.1220980022746208,-0.4212787252299284,-0.307347546760087,-0.44293557575967385,1.0118740632911456,-0.6065468616252209,0.6192001653543778,-0.5543358668816752,0.30067432642622527,2.728861006025543,1.4791622182646416,0.7211569246465398,0.21326833212839091,0.05150537405595429,0.8945519524748757,0.8864707053156681,0.15928500646330823,0.5160778922027347,1.653859667976931,-0.5471910207949243,-0.6486937228338855,0.1454978516552693,0.35258239415078585,0.4560972437650117,0.18390429891362123,-0.08183871358555203
2025-06-09 10:27:18,-1.2530582498699465,0.12710884790643892,-0.8551613304398169,1.0207216526999239,-0.09576054774088648,1.3948352560262183,-0.895782090241208,0.5759625610348488,0.1639676161430491,-0.14711383528659416,1.1108195643581675,1.1756536314313089,-0.2995495369520556,0.5395273145829653,0.858893488401761,-0.5946172197590394,0.33108579501712965,-0.9770660671436906,0.7447329432563505,0.3505294285565527,-2.5556625373642445,0.6030725542452908,-1.3822986299828246,1.6059191495436511,-0.5249899020199305,-1.2759048829865034,0.8140102360920952,0.08789526793193889,1.4831848053803125,1.610158922254797,0.9726968278564331,-0.11477543040229636,0.5218681138187287,-1.1853424600127531,-0.24257414523417015,1.8683472874134375,1.1764685786013385,-0.5637967208753019,-1.4231987716394912,0.6757680850420574,-1.0280189122913292,0.32297216493663833,-0.758995683516758,0.9339427035194251,-0.7625256825588936
2025-06-09 11:27:18,-0.02163424192007409,0.47035040120576915,0.8513889346913823,1.1896797195569908,1.8810407610170017,2.432383696672724,-0.15335678553414916,0.4396370385649148,-0.37641170201145585,0.7496323441027762,0.28098141348459166,-0.37885540922882777,0.5081107772172653,0.5844782879517624,0.04246599965053377,1.7071366263844308,1.2411144627720694,-1.2996472499555465,-0.33842249743882546,0.1122348274102449,-0.919482797331994,-1.1030756470929786,-0.15586243443108186,1.0015935100875808,0.561875563437314,-0.09961703460634186,0.09307778491615246,-0.6088092879344246,-0.27180692480279645,1.142936125466149,-0.30726077326456586,0.5179021781248719,-0.07332274930731257,-0.8598503554452794,-0.212331896322666,-1.1854914925009181,-1.695645901335667,-0.7233497997595189,0.6699339289274483,0.9670522349971903,1.801360755031699,-2.3632016883874116,0.8840496442675904,-0.4743619969611707,0.9483292499799747
2025-06-09 12:27:18,-1.2201932904026505,-1.8834261473872378,0.6937713555647254,0.7720688212613602,-1.8722243234457925,0.8852656850785628,0.13338406162827,-1.4122598208355739,-0.12223004191602772,0.6938018028414759,-0.7947920454351675,0.19657513262736254,0.4252385132048688,1.2116019337998318,-0.032525318947839554,1.8642622359408072,-1.1924317164240594,1.2416405898105523,0.939768886528783,0.6601926664188784,-0.6558597169314462,-0.0534939353210767,-0.6472188373673862,-1.2488120516588566,1.0618436244640281,0.9883591250191269,1.777216385246549,0.519781217262003,-0.6504858339379075,-1.5719718083965706,0.4993396914515438,0.23204081854671324,0.8265202136868751,-0.415652856479845,0.7778331540355591,0.601541791406224,1.0331545714174108,-0.5023214869652942,-0.7949234437596169,0.5207440675746988,1.4481223504833316,-0.6124531105058495,-1.0573760739000848,0.2742330456038803,2.4993851355470422
2025-06-09 13:27:18,-0.16106626997257217,-1.7267144016056288,1.1476506897641157,0.5090761889218375,1.2342720469874042,-0.19609325550826517,-0.5007686591598894,-0.07597360113046149,-0.0483039834407799,-1.9240169721074927,0.3165557524625929,-1.399021427220316,1.7116426572882921,1.5810524708340712,-0.11805632581082591,-1.027107491874412,-0.6399608119993772,-1.047167866996472,-0.05555846218811615,0.33227002013303175,0.20037121498634472,0.4783697118613446,-0.6078406923872752,1.5653932238261563,-0.1908330015492384,1.4674097355327076,0.8752052554758356,0.3474357869068152,0.6593518317917852,0.37660612025502743,0.3195730240871264,0.14695957224731432,-0.04528938418066054,0.2714047611155926,0.4869794391021039,-0.6477911658736882,0.10218646337471239,0.4764577199860821,-1.2179404490852885,-1.1556700630809478,-0.254199285276434,-0.5309064233887957,0.07659351736829173,-0.5603901172245118,0.5649414686465439
2025-06-09 14:27:18,0.9500495097564878,-0.4955235764338224,-1.3124590096009627,0.23765851019650772,0.7446359883437271,-0.27415735468625946,0.7575444379734991,-1.1437002321457375,-0.16140145843965645,0.03705958807016669,0.23213164539970327,2.191906631111682,1.2588883745475536,-2.469835796105363,1.0281153516261898,1.0777306721885214,2.432911602550365,-0.09957438535391162,-0.2105161380026014,-1.6080983599504652,0.29991925089119253,-2.1000117271043472,-1.2357631969743745,-1.5714691944350836,-0.9654916829771998,-0.8502092708238592,-0.04987828916909655,0.5871617071378757,-0.04216701545809576,-0.7801461706313261,-1.2397602914679289,0.4013385460296737,-0.05145712911557185,-0.7461769090291858,0.3149283137476905,-0.9247532134467683,-0.7039989974848816,-0.3204069178587249,1.4280933521630632,-0.13957581527568205,1.0454804426265434,-0.00029286005820562054,-0.3049687519380655,-0.017871292233310382,1.4315234742066665
2025-06-09 15:27:18,-0.37473175352391563,-0.2513211132298555,-0.4380121870213829,-0.2870355866924643,-0.768408079024628,0.506916899492977,-0.7170893371890916,0.9887887291309905,1.1627781211871677,-0.3472501039433355,-0.004040604215509773,0.16265107987306288,0.3871947560102844,-0.28960663408715115,0.9105586371465707,-0.6443426008781438,-0.5235924795050158,-1.7851038700216415,0.17932274233355655,-0.08339013657525161,0.4572506633768605,0.31792924043542276,-0.19825963932021648,1.1722653047652165,0.1763002682085396,0.05398235667982726,1.4829782208838496,-0.6319352210444968,0.02375141424028172,-0.9139930756509264,-0.24658622992948248,0.1760924031126821,0.03778226018342964,1.002745908322636,-0.22820704549988002,0.45811595241948844,0.16630781155197175,1.753156214915459,0.984743926263968,0.6126702531518331,0.6750929164434951,-0.4244094864736499,-1.4758659792369755,-0.48386140645251896,0.9515470659088205
2025-06-09 16:27:18,0.4357745874816324,1.428964727813757,-1.2772020041734946,0.3843052758676888,2.070868891906009,0.2818294525245631,0.004561955961805971,-0.6976078563690732,-1.6971506010336421,0.6774176555774817,1.1696428720077419,0.02107090934837612,0.8565792612908322,1.4603174447377814,-0.5975161286933005,0.05516538313024098,-2.021048474281948,0.20300131309780872,0.45843449105964085,0.6444227017441866,-1.7292506336255893,1.9707690374848583,0.3000090650455924,1.507183152211513,0.7274034615788902,-1.3805177712621193,0.45817005280346473,1.2999724425733385,-0.18878697287675317,-1.0406513409067566,-0.2250584821889526,-0.2971489289996839,0.5574855872947736,1.574666096718755,0.7740065119007168,2.1763401584645465,-0.08119244123919037,-0.14128829738651955,-0.191341990477269,0.6447148480940058,0.5337544374896505,0.8928948702790084,-0.1011243076273786,-1.6223624470254647,-0.15861602007210146
2025-06-09 17:27:18,1.5279181818587682,-0.48549672592471804,0.12209812651819352,1.1975257549106322,-0.6423500495082376,-0.4955080522808149,1.0712531222583923,-1.1461917467974423,0.14480926296335134,1.1577776402737543,-0.1119980321882327,-0.014213114769454884,0.49549452384075143,0.07178672184133691,-0.14291141752099157,-0.3029332096442882,-0.7094151353347518,1.788893819687266,-0.5594454163391137,-0.2600713167610862,1.2720053546679067,-1.453808592410639,-0.2960601837960246,-0.8058115064534437,-0.2619777658186816,0.15687053819624977,-0.3994197943477294,-0.6972774005534074,0.739311058909913,-0.10853603029090464,0.24104558750242086,-0.2216586551276739,-0.36300547969465574,-0.18713622791818732,0.32057959945635744,-0.23440923653840695,0.004752947257447957,0.900310211994266,-1.122746531156655,1.4580919001603583,-0.08129473013713694,0.09592120238321425,-0.2340659991847808,1.3516778429909158,0.1682524248912741
2025-06-09 18:27:18,-1.712809437670697,0.3273241464353502,-1.0997014690466684,-0.018449615819087203,0.01434744222726435,0.27108947938849737,1.7979115487566768,0.40863507474208105,0.4518797845335541,0.026628628573696623,0.526098042684247,0.3204903364959618,-1.745374413573398,0.5455211395931525,-0.25706601546663854,0.43732613858366837,-2.1023643969527916,-1.6046517278207844,0.9198671304502721,0.21863140863176547,-0.6505124901963583,1.2909703409737394,1.3355118091241645,0.256319078861895,0.12692221216013921,0.7215115730132429,0.9144893467541407,-0.7610136658141041,0.7239453341129032,-0.04506210656009645,-1.6118143817651547,-1.6299726619394816,-0.5125689903305908,-0.9251513970456069,2.245727280069693,1.2189014649047583,-0.20373423421529205,0.7031276775680017,-1.433652729804633,0.9828473429923209,-0.8716686821478291,-0.5315159428428888,0.14547743500703933,-1.8464385734234041,0.611488770185606
2025-06-09 19:27:18,-1.2644744203039222,0.20941742143992068,-1.5074400532657175,0.35816344550075946,-0.8985462486636006,-0.9666336516640841,1.3296782925705162,-0.7524456613927357,-0.14190123011335604,-0.24027186435869527,1.0389318108725882,-1.7358479207848563,-0.4301169245796647,1.474808394052688,-1.5507795623732743,-0.3048090832235461,-0.8045105692077611,-0.5207904517693096,0.5879919944935551,0.5890917571780369,-0.26392232462044574,-0.31522405808925713,-0.2226619250246928,1.3695067207475957,0.44550779306051513,-1.4160909922823954,-0.5948787269630565,-1.8101927593881697,1.6268176281607791,-0.8096582269389313,-0.883545459524701,0.18478113947481828,-1.0229886512200868,-1.1827100584119603,-0.8996598151324607,-0.8907205896981566,-0.08386977666169938,0.8037149006958603,0.013640383150056218,0.35093133291706086,-1.8382948841763422,-0.7168520397285915,-0.008342279163418967,-0.18892949095777742,-0.9834285047921769
2025-06-09 20:27:18,-0.7901004936863603,-1.4440355710240458,-1.3993120451224275,0.4487720483356199,-0.7163140014769493,-1.5417822023693009,1.268272396704991,-0.5554265304650613,-0.5940393146488827,-0.4045621881469734,-0.5772040907917532,0.45476353026328337,-0.5143054448750818,0.47029686676232574,-0.7232456767488312,-0.3241648794853978,0.5970783537311589,-0.25919471075078315,0.073721730481136,-1.23589850872795,-0.3791296129766693,-0.5359624749570607,-0.1603088527897994,-0.07234680188856718,0.5183191228326738,-0.20347678321929386,-0.016546989885627746,-0.2218315533026956,-0.9510681598231644,-0.213456249816678,-1.3325131382681534,-0.9824829846811735,-0.8817431454016037,-0.2019432156053955,-0.20658089083679515,-0.7691338972850414,0.5051618222920571,-0.9379106036036251,-0.1825056821375854,-0.7966965816428988,1.2765767937379622,0.7178209759494116,1.9860927282795362,-1.4193962756028469,0.051096013089815165
2025-06-09 21:27:18,-1.1504740352736094,-0.2013232150363873,-0.3168459929272198,-0.18343836490575466,0.8937312000166351,1.4864386032519714,0.7431450726703139,0.3369856581825913,-0.04284332971109369,0.08094520298580433,0.966228932007281,0.1426599285797037,0.6094766413171555,1.4401852888734317,0.23599334336108502,-0.4388997342449283,1.2506212695729015,-0.6513461784130486,-0.5034994433686933,0.9990252907884721,-1.3758220225898885,-0.17218246839936188,1.8236665450181893,-0.14999310120647366,-0.09694524942084706,-0.20207208996437093,0.23252064320782392,-0.19452064808894373,0.28668509747802223,0.5735442453308713,1.0539314112302447,0.5938940292920234,0.05642581040844437,-0.45945337701645805,0.019436829397816054,-0.1976686487926514,-0.6644992723143138,0.8303356751420334,-1.025899811247433,-0.29045028277060214,2.087087285436724,0.5328983752221483,2.139817723187021,1.7109376957185356,-0.2597475959467393
2025-06-09 22:27:18,0.12923822484133973,0.2346165361198183,-0.7749860634426704,1.8585030996794687,1.2218609833769853,-1.5043327288658115,0.8485794021682964,-0.38575091410975115,0.7652684349089282,0.8575103345549691,-0.2922888197697403,0.30694551711947876,1.5547054424292448,-0.18763331479457532,-1.838077946876291,-0.7964055579762229,0.8508757299650981,-0.9672195238271136,1.6725560870094227,1.4604101026555187,0.6888309818366396,1.0260113904092647,-0.11991997552985016,-0.8542439530548249,1.3447206017559188,-0.8276000097417803,-0.6735963144638017,0.0527704757315334,-0.6887792364820005,-0.5067651579713053,-1.8062329017538061,1.3829583962875533,1.1270669830924827,-0.7035677327029167,-1.0820171017594855,0.44552628828280083,-0.027582156811790683,0.06391570998867464,-1.1456781995494973,0.23096395067814363,-2.2460979046559033,2.5345985749704796,-0.7183420316080743,0.43921901480234643,-1.6516304695155066
2025-06-09 23:27:18,1.2995536554744374,-0.5108846234203152,0.7301355511730523,-2.097802328908584,0.38742235351222626,-0.5807359942494599,0.08076361767400772,0.10697595819209406,0.08485723191074104,0.3784414230308914,1.7238170641037385,-0.3505792944216003,-1.446393762544678,0.15989676394964364,-1.115158407884735,0.5349112495434364,-1.1619875226613163,0.9897977708205833,0.7378577474057855,1.141834643214267,1.4015582186396187,-1.2158637074663918,0.9324891089987768,0.6184587268239514,-0.021067128614083153,1.0152834900121452,-0.2065011147707386,-0.8368395734510241,-1.986853289985591,-0.33526566624781384,-0.08000629690856602,-1.0403233475380635,-0.361747853729895,-0.546963720164663,1.069968968468107,0.35147530564206764,0.41037364309094204,-1.487925572932825,1.3909309671552381,-0.4629345472592872,1.810105467244069,-1.5788701345000882,-1.8189730048382773,-0.09442231153092509,-0.4647042402250321
2025-06-10 00:27:18,-0.009093671805287572,0.6324146358117616,2.019310243318462,-0.568842570482281,-1.380734535574154,0.5805302176978645,0.08156296736584906,-0.5876850959417794,1.2656790560862077,0.1844771289560303,0.7395442654535395,-1.2396681996336605,0.2540288508030298,-2.3866039625014266,0.6945797688423371,0.35386395838231066,0.6753523709279364,0.15652419412540441,-1.4522744746483411,-0.4962751272449763,1.2454047724573958,-0.15009305882952076,-0.20325285412051775,-1.3514075816935733,-0.974892308892768,3.0045794025173307,0.9112194594917348,-0.49347350670261847,-1.101018097156891,-1.6352173372218315,0.11800376218313828,0.6023635875254779,1.9894404057975694,-0.292615834673447,-0.13091457930223058,0.28261028595655197,0.2825476640946745,-9.804679791272858e-05,0.773529399353125,0.2663626941881193,-0.15073090729286107,-1.4313725629711231,-1.1056677522488236,2.564831201300549,-0.06184432420194758
2025-06-10 01:27:18,0.6862015224471402,-0.5747716937542687,-1.4117798961756096,0.19018533506020482,-1.6602697146641583,0.42384632959370455,-1.1807924124384044,0.046089210775830024,0.4517381499774232,1.038739350042589,-0.5192240107541877,-1.6693148141174148,0.37891752030661385,-1.8154938941734993,1.1886873191981429,0.6508296654913567,-0.21247786165692947,0.6661672015427372,0.2881103008360332,0.9201911431830652,-0.31267233810266704,-0.3685320380174749,1.0280374645762687,0.2065671496164391,-0.0031552926724214073,0.4023579572470236,1.845107662213959,0.6760396783524553,-0.771871641360827,-0.04559428621303849,-0.5153333168461617,1.1534900510021502,0.17010595683114668,-0.6431648838982881,-0.0006517792036664189,-1.201703745941292,0.1477758089464542,1.9802724841459889,-1.2983996392919706,-0.8142198194700571,-0.8643660897418791,-0.5349999519340677,-0.5014476214529623,0.01240676352663156,2.198480665863527
2025-06-10 02:27:18,-1.656777727969117,-1.8426479848967066,-0.7607697098927658,0.7261447407091335,-1.304689513994732,0.14773767928618992,-0.8113758844941091,-0.47551925033553677,0.42835780422319186,0.7128492037378508,-2.2733932754556228,-1.0740231244677785,-0.33856816516453697,0.2884652787465084,0.3787599280933288,0.20486374563443632,0.3760978704032249,-0.23206747809541292,0.1202760256903822,0.6412470669060161,-0.5759446495356954,-1.1266353136752798,0.7369229240290762,-0.7951145418027097,-0.915340537877323,0.2732269900607734,0.7278917181310265,0.883900502040398,-1.0380304505883777,-1.3503149025527397,0.04223001437266656,0.15750691506398284,-1.1905783254518036,-0.8497760926577735,1.5532908062848145,-0.9350040988499757,0.5255755348302318,0.6349287784386458,-0.02468012567011569,-0.17020536950546672,-0.3031814969842721,-0.052779309840390934,1.5493375917056915,1.0478722417203763,-0.5808351235678803
2025-06-10 03:27:18,-0.4010287861509297,-0.21387077233725207,-0.26977682183327956,1.2915044239731477,-1.1293209584245876,-0.6068779481888901,0.44821428629510607,0.08859393571013095,1.0186443990269018,-0.38962624302198595,-1.272115558611497,-0.7272529747669276,0.6059869809865955,0.7888812890541375,0.48674479820879696,1.8540124364115607,-0.5469494274654438,1.193108818215639,-0.43215347114014185,1.6522536538245007,0.832179636098825,0.33221358042245,-1.1065080504378104,1.5757105510725424,0.1333441296479932,-0.3498944833392995,-0.7316667530606795,-0.22804964772862316,0.14229271495050297,2.4725249254637776,0.14078783845607493,-0.4102540578999696,0.11969915578167366,0.18699592006563112,-0.9381307086773683,-1.1619172616663702,0.10109417953848494,0.6774927958107732,0.8197711902761322,1.9773224487489625,-1.7087098751335212,0.18811183947227678,-0.21697125393810957,0.28404583474717937,-1.6997572943191805
2025-06-10 04:27:18,-0.7143108922375501,-0.34504630369122163,0.9551957415754491,-0.41338265004727553,0.24519493567506706,0.09158812489907045,-0.5411781285865263,0.5429199937278004,-0.11005299403003845,-0.41104484807966485,0.7250602912117458,0.2788600775132692,-0.5649184662577512,-0.7740343327902418,1.0921791171992983,-0.3178503414664131,-0.14621950418592755,-0.869446568401083,-1.0927976048774144,1.227832280620779,-0.8831800371561693,0.8616166141495888,0.027159366660121562,0.34779440231197734,-1.3268621097399633,0.3982494939507593,-0.09163534266067026,0.5888000122993982,1.1956627595049993,-0.5325792860484573,1.007148550580244,-0.2304488843652838,1.4492272457889521,1.1073543884074686,-1.4356868926562452,1.2147725848135484,0.8336775023527357,2.268896103527683,-2.051493223305248,0.8045237790642475,-0.7076460072283074,-0.6007221746142493,-0.5581080345178523,0.9954958354384218,2.230932154289898
2025-06-10 05:27:18,0.7798715572019664,2.39417776958815,0.01057885410706641,-0.35670680352057477,0.7336305928427823,-1.3998588667513263,-0.5363841207934062,0.14138774935562207,1.0177096680062523,0.27250587294765677,0.08271248081130145,-0.9756738288254752,0.5633252490147524,0.24254734021502364,-0.03639149321463244,-0.360505310047025,0.8674540576632573,-0.23475626366560545,1.302755742485073,-0.5640456697031708,-0.49334932678102167,2.4878497088134295,1.6451017889393542,0.2070439693604826,-1.5789556444391342,-0.5049397064435525,-0.8722938792551066,-0.2969225378643508,-0.6914230357143938,0.482701965857979,-0.7708986568420211,0.7607975383863609,-0.4551022830546252,1.1782575704404643,-1.242574736036412,0.7485195640606259,0.6466028094363528,0.27175977051251565,-0.4705225588163397,1.0599641770547168,-0.07068588605471784,1.012543788054377,-0.7166508687863945,0.8743543025858702,-0.3146830616780054
2025-06-10 06:27:18,-1.1541589817904212,2.1825993933246823,0.6425866067801147,-0.9443974903468882,-0.29809056542768864,-0.31648464604606574,-1.3796266512502589,-1.1999664499728928,-0.08345988966530278,-0.5268776807630621,-1.6368269024778848,1.833611954690056,0.5005365260788062,-1.534602819877552,-0.25974194517324867,-0.5749099258140741,-0.9482258382987605,0.0397164479100011,0.3103000206508144,-0.816770423974197,1.5542841150889626,1.78031473842453,-1.2292086311722537,2.650885997347042,0.31171838196339813,3.1423769051468193,-0.23108259870352366,0.34540629886044605,1.1317571114584846,-1.630871123789815,0.5763664823463867,-1.0784111718187919,0.8388963701350979,-0.5088968968642732,2.2131055918723717,0.8241908087246167,2.015270471700599,1.7025477419687645,0.944473914131078,0.25236611869033826,0.5604704741441727,-1.3480577399610376,0.7841072542705826,0.5589571381138756,0.8465441030782218
2025-06-10 07:27:18,-0.7913402478792941,1.7613317954874979,-0.009240908002662515,-0.9925283202992145,-0.06236630791478587,0.8192563257741929,-0.8271121013147459,-0.3926576760131395,0.8999728110482041,-0.24925787744814826,0.09542772209551753,-0.4101576827497366,-1.2849893048371286,1.386584886723682,0.2600188489672825,0.4576246533447422,-1.077316144095499,-0.06284633608281229,-1.5191178769850897,-0.03187215684355157,0.4942028037360367,-1.8436976895832318,-0.3169583267576667,0.7354826062631493,0.2850300043152599,-0.2668584791045086,-1.1221956889494549,0.8269236770800087,1.6468108321420283,1.0452911887510452,1.1448697929055176,0.45378028272964843,0.05224233811962676,1.6162973211975995,-0.10508374267563776,-0.41961343672703677,-0.3148887858820048,0.551379883914825,0.3184398127772566,-0.7719028980344897,1.6142363993886277,0.3098684788686921,0.48606971165951546,-0.4181871123555218,1.6275096522062684
2025-06-10 08:27:18,0.5756531856000323,0.1532067207084891,-1.3463940812181767,1.9242206365833125,-0.2948550219147289,0.7721342938023529,-0.10472889685037803,1.1878400330997148,-0.5874705295434585,1.1454637119083286,-0.8380054084962449,2.060972058090406,-0.8011124974809332,-2.187304943582452,-1.0063092067256199,0.12066745630068472,1.2851402591128454,-0.23185154738883823,0.12251803729123702,-1.1714103005548653,-0.6426179269510932,-1.773870675901443,-1.130609686634181,0.3033804741137656,-0.276041216598478,-0.13507237326254815,-0.20055816403223886,-1.0167978269288984,0.49399599828793567,0.0203512309651121,-0.11150530378428763,1.4065119518349243,0.3437102441230114,-0.35026930337929574,-1.012461026370952,0.8642772315190915,-0.07440388572057745,1.1991752067985235,2.262950656795108,-0.09691695070534766,-0.9379377259415241,3.260011575542365,-0.7274093669359448,0.4657874311862992,0.1638990259234477
2025-06-10 09:27:18,1.4533896834347366,-0.6748915268528176,-0.11105498410588699,-1.4903708253639378,1.4372293932290165,0.8478187162911408,1.0121896530954302,-0.3479944931448888,-0.3638316514442349,0.034117621188762715,-0.4843767532475221,-0.7025866921907712,2.194310578360867,0.19662412558863246,-1.7133686894561597,1.2885799068862878,1.1859008886109044,-0.43748206196084904,0.6890894117952454,0.02524241001706986,-1.0283495233744397,-1.318393413936147,0.5153780045075825,0.15863871551642691,0.34019554380073885,-0.5842511046706272,-1.1315706108663357,-1.9118403125821273,1.3145153588165055,0.8195007859485881,-0.085349353413963,0.07974939066816884,-0.3013344463176446,2.3602768137373005,-0.9279806753356028,-0.2849086634731696,-0.7777612475368576,-0.19831389934473037,-0.07271298864370235,0.04380162456743543,-0.6097823364642061,0.7943265377336807,-0.8226749589150054,-1.0147834043788946,-1.2507921245158586
2025-06-10 10:27:18,0.7752378379608826,1.7970577740123834,0.6239313364569928,-1.7036169229956244,-0.06940490632602561,-0.36801593669818494,1.2487824685329372,0.5217338013201037,0.13026884782516385,-0.7926666825491386,-0.1154047031457491,0.5766303371156478,0.37820726599424614,-0.5139821764759467,-0.049336152600079994,0.933283352770001,-1.0304703261053925,-1.559263381062558,0.4239154725728199,-0.19265517906163518,-2.205990080586496,-0.41804977742087623,2.153457907248517,0.7049685275423951,1.4588244187418444,0.019895839200673858,-0.9569623242526407,-1.4051406348570372,1.0143543521748053,0.6202723444284246,-0.02210382384074417,-2.24611892848427,0.1779031597535175,-0.7061836087692228,0.9474037541718905,0.8950894517314435,-0.4889168908981892,0.5570950690504973,0.5699565625820812,-0.3666995925776336,0.6842797199202445,-0.24256477428492196,0.13953545466836811,-1.795664871346673,0.5211859329111656
2025-06-10 11:27:18,1.6254783772485804,0.8067897360067156,-1.311477493831449,-0.23615414625745104,-1.1401387935006757,1.1795505306065206,1.6808402074028304,-1.125071780606505,-2.0162804281972315,0.9948535062247883,0.7897187804906839,-0.07245433431680126,-0.7912564681212589,1.4227316647408499,0.24397237394753676,0.722866913788378,0.12420689983951452,-0.07322316921771037,1.7275688533898321,-0.5531013157437379,-0.526797291300692,0.35979373924503133,0.07387399375782348,-0.7674145814488682,0.9567569609376751,-0.10921381925120457,-0.1225630903776308,-0.4228308828459887,0.7088519991902451,-0.30524325316273654,-1.8089133176943248,-1.42629608395265,-0.8792467170105881,-1.646294448948715,-0.2375248364707137,-1.2608346449127597,0.3304696390967756,-0.4600594623490146,-0.641316739437428,0.5494312704565609,-0.02470793889899918,0.47505506550594323,-0.8987228114102193,0.9724536365556313,0.33970272894563247
2025-06-10 12:27:18,-0.7311196088019304,0.758010135683658,0.4785272088841174,-0.5979149643585551,0.008344560858573867,-1.8457099627930593,0.9349838945470371,-0.5990639694686433,-1.17753910675078,0.8351058117899867,-1.4101198199672198,1.2250264102553836,-0.6112856276805642,0.5449775302261587,-0.15940790312391,0.8184982417295326,2.226380374793991,0.8878024447167129,1.538309827247307,0.4313059586158131,-0.5934738562915131,-0.7239738185071533,-0.7361737674025554,0.5634454397539903,-0.17470137908151104,-0.4446475892287499,-0.13048158470445886,0.3251424802353207,-0.05275093827113236,-2.0890413610804734,0.1395258033286991,0.042102205126233694,-2.4117059159654697,-0.7624674790269448,0.3030268966725134,0.934420075938049,-0.6732004927042102,0.647599504581483,0.6310487311293954,0.7331176148924091,0.03394489933664448,-0.33617180924307033,0.9141210537848309,0.276197184540632,-0.5661356502200214
2025-06-10 13:27:18,0.5821359060980736,2.9172883583374074,-0.7315026900980834,-0.029707446371372407,0.49834112664742003,-0.5008190328551917,-2.9837505844080696,-1.6090769768056246,1.9979053271589577,0.12077069850710824,-0.5752919658621537,0.365323689555844,0.5334760005480154,1.0200370473509954,-0.24809070189111557,0.6538012092218639,-1.3939750225354461,0.2205806455499524,-0.018339503665333635,0.8886980120941042,-0.6355977391701382,-0.41512666766334294,1.1008025926851084,1.4089220222065395,1.5836294718118216,-0.3605263940548765,-1.1393732541567752,-0.42120339845340143,-0.2496237667434416,-1.0224949138413248,-1.385641965678757,-2.3993698772252956,-0.05416091750922533,3.6613777306723425,-1.634792264273134,-0.3688056494970876,-0.39075557475465406,1.1239042465991005,0.6993444229636544,0.33818410828206735,0.0872421797649603,0.14657886084381902,0.004989697649439361,-1.3964571954524039,-0.8267370562641598
2025-06-10 14:27:18,-1.5017737919561396,-0.1710229664252975,0.7546918328760679,1.0776538356686793,2.445378527362633,0.20229037525026514,-0.47785805714624296,-0.0781242639616118,1.518882582589405,-0.18992320587756112,-1.1257845468154328,0.4554189310946162,-0.06336227797398575,0.0422384555754899,-0.8124937034285062,0.02315768041719048,0.2418128204017459,-1.122245705858134,-0.8005273965319276,0.0004142349075102055,-0.040614964021755955,-0.9108940805261836,0.8991669300161683,-0.4715804674425986,-0.3512742954586984,0.13700267997069776,-2.3737380532663357,-1.4319258563699435,0.38218694777990797,1.3884085678157871,-0.22959312492248346,-0.5253459343013795,-1.3033175488504523,0.49096594982714814,0.34291692747632535,-2.8911911054186668,0.8810500693964768,0.33324477646676326,0.5911555050158799,-0.3490150496098334,1.208835567930981,-2.685242387616162,0.7044362749479552,0.7369535058404473,-0.4457272937203178
2025-06-10 15:27:18,-1.1020114438222752,1.1307392226699926,-0.7940521820415282,0.030070167161697157,-0.6540196947992091,0.8392403309084366,1.494837144799999,-0.020380666183436143,-0.24465511064870984,-0.5149585118766633,-1.724334679982213,1.0973036128704625,-0.03485630213918386,-0.4058007300878185,-0.5050300196670896,0.4976381369645451,-2.0221675224262268,-0.838769932873037,0.18281178974464157,1.6821985273468956,0.7892286804256919,1.968227919045471,1.2458754969104566,1.5375287871681858,0.9871480645908727,-0.22650457739394686,-0.7151872037073137,-0.5438702056304244,-0.6188277381475655,-0.2569805093272242,-1.1824819908498627,-0.4437113993889604,0.6570835256876166,-0.29620330594823513,-1.014191843587234,0.09631695244243739,-0.6847670862903662,-0.473736477983456,1.7840212813912824,0.9118861580950582,0.39052604126392304,1.186487465976598,-0.9025617446873452,0.3019570330749888,-0.19911486286858368
2025-06-10 16:27:18,0.14711229574565246,-0.22982613715617217,-0.061651439027126526,0.9241880818397286,2.120639282166258,0.7880200339402168,-0.10636878708156211,1.106584940659479,-0.07375980079220647,0.4937905098211236,-0.936973571349863,-0.5340303406127258,-0.2532517955922393,0.5218873843535886,-1.0400597444992925,1.4254732552604727,0.8712749727569851,-0.601842402259057,0.02421493951952972,-0.28356190895407496,1.1609373690561846,-1.1419176242323796,0.3817436826035945,1.8360936294535306,-2.1161244400792008,0.812916441517417,-0.2875484153705137,-0.4032955911425734,1.818549433911114,0.33807217853467797,0.6204415346265945,-1.2450603786280803,-1.2505371723960943,1.1209000809254401,1.4684914180729058,-0.25271756045819777,1.5318237181679843,-2.5790483210182935,-0.21848808231800507,1.4235893970666562,-2.0512154546337427,-0.8952121246683131,-0.14785056341961317,-0.2832898669397871,0.2426885873037949
2025-06-10 17:27:18,-0.155816029421614,-0.7276391881135816,1.7225122375557846,0.8103072974388971,1.0267462777011758,-0.45155934366761197,-0.8239204398366127,-0.17638634003690296,-0.23752983456548013,1.9243680219488812,1.0353505952118323,-0.7766080154309464,-1.100433905986642,1.1183245527848895,0.31540530890988455,0.2581176646182728,1.2126426239789043,1.6664670808493118,0.1829583773864709,1.2818263507834449,-0.7324572540023577,-0.09384014715114955,1.4094988858086615,-0.860059063002753,0.6996126056018888,0.4352408453508121,-0.7714291324862362,1.032456005927016,-0.5661500315483475,-0.3917970972905338,1.45778723560273,-0.41546936959221165,-1.3219785184264445,1.4303775306646818,-0.4041559768270388,-1.2737992441529553,-0.23707097094911428,-0.2082614634605753,-1.082341304663965,-0.5371605038349848,0.4374804857454535,0.3143755627838951,0.6564809671258008,-0.9997233955266539,-0.9748287552497342
2025-06-10 18:27:18,-1.6912273593598612,-0.31727825191463727,0.614685172137753,-0.9670329065466198,0.18568117982748616,-0.9128828086920474,0.3896207514919399,-1.1234967743120567,0.4309625588669379,1.2589391654978501,0.4477215297054655,0.02954617470886436,-0.4566410324827491,-0.06592693929715861,-1.4688814118003677,0.2953131119313819,1.0139646769209976,-1.4601658703246267,-0.543162572955198,-0.932443948134812,0.26427975326501224,1.4052078645364152,0.44773829797120435,-0.3170235381320796,0.4583852875254597,0.04874093662766955,0.7720726848169507,0.2788086546419109,0.9728452419057436,0.31266252868192523,-0.08886500539824632,2.0172534128590147,-0.35287804455859273,1.0674698934975024,-0.774019241211405,-0.44881128506594975,0.4688071134462286,-0.3920051614031746,1.8534731715812278,1.5714300986506295,-0.08543633088798289,-0.43154476693745986,0.15858092267738413,0.48189390544140775,-1.7270481983699313
2025-06-10 19:27:18,1.1135382483646095,1.6149786729466045,-0.8291315184535103,-0.3407177451192355,0.8004344476859888,1.0321364743923203,-0.9600086447756654,0.6914664175171027,1.1534507216120313,-1.2794589612872966,-0.3950403001998806,0.7186416409054096,0.5742608541587398,-1.3014757976572728,0.06651214060426604,0.9471420608663459,-0.39286913839562965,-0.2625592351807018,0.31843536108052933,0.30704890071020885,-0.6951535586530737,-1.4011661172840946,0.8832697040390332,1.048210815938289,1.0401548618867051,0.47435235673673065,-0.5171999188552241,-0.5375894335716351,-0.49529156712811023,1.160192112550747,-1.0449536411203018,0.725367113255497,0.19540878411280801,0.560517680178612,-0.14281231845423964,-0.583791395280291,-1.148425904016229,-1.3710151660117775,2.526386717786656,0.042611890283740954,0.374366457455652,0.717295809326052,1.6929628691856184,-0.11854108730392897,0.19827574300203626
2025-06-10 20:27:18,-0.9971526555228234,-0.9091229811667071,-1.1331893352439926,0.934426925546942,0.12775459163601527,2.073050833367945,0.7413759470992956,0.29859545177945906,0.47815285178181055,0.3296879926540793,0.45259263588636905,0.1695820419210568,-0.03637708855733902,0.14901650231715605,0.853472707849185,-0.6748276679876912,-0.6225216493608845,0.6776684442843524,0.8951639264888038,-1.4099971083419318,-0.24351204499862136,-0.028480999870027415,-0.3732579997701717,-1.7582851495402156,1.7203297245368452,-0.9021449747223734,0.517813861257378,-1.2460397273545163,-0.13733950984232074,0.754662929063779,-0.4443988969666124,-0.6252203891003087,-0.5893913276611951,-0.780186668987485,1.8231772634476207,0.8520456694966007,0.04787305286630448,0.35932741005791685,0.3685744336014156,-0.5687500891085415,-1.0405342474924695,-0.7243146086145433,0.3257664605031224,-1.09927075017613,0.04214382672506369
2025-06-10 21:27:18,-0.7188818186482532,0.648121480165557,-0.20972404147420717,1.4345722961002194,-0.9024334249423147,0.36755225149835874,-0.3540944618777459,-0.2638259123554642,0.7104520853383188,-0.8783090622751049,-2.677443116284072,2.015938609617837,-0.011768149995649934,0.38477770933893557,1.549925379025082,0.501108723208706,1.6290095220979022,-0.29663311364688677,-0.6687049530640378,-0.5014318837687757,-1.0461978093642168,-0.18076069979712883,-1.3089399225340461,0.8140771585185934,0.03458164399895918,0.31102843987633666,0.8262635668602024,-1.7586501943479205,0.34902433307772623,0.22767478586590092,1.2532065827687737,-0.4420694512230126,-1.2699502584897568,-0.40964669091927275,-0.4938571625013679,0.41695812034826574,0.9308648479882363,-1.3554922375954879,-0.820966533780106,2.1882152545061655,-0.19001883913672307,0.3067057351976172,-0.6739052425786112,-2.390696550777876,-0.47208506202295075
2025-06-10 22:27:18,-1.0341312038260457,1.6103802410769936,-1.1514586100835056,-0.02580994924587548,0.9436945902116829,-0.4571603195045771,1.0011344696822353,-1.9392884011876188,-0.5717144699396337,0.9055129904466461,-0.6452313193259837,1.1890784316585377,0.05469083044699587,0.34015157792119516,-0.7608234831522286,-0.40525425666692444,0.6437023709189098,0.7570275395654701,-1.4672659181949137,-0.5376077652318859,-1.3074226918857619,-0.7149047078241779,-0.2974316148971156,-0.0212836219182734,-1.7166582261048635,-1.1323268450197501,0.4003754399456218,1.595342378548835,-0.23748449317806627,-1.202971779998605,-1.1591758808276473,0.474112021452069,0.497126075742283,1.7797521224994561,-1.4350640145772007,-0.25707404196805084,1.5941488240260824,0.1255946144536446,1.2846264067858555,-0.6916106141672942,1.2311890840117126,2.0441650532204556,-0.24107170672036193,1.1852362740547433,0.03363148556398902
2025-06-10 23:27:18,0.969276785774415,0.14958543767985172,-1.9650057994411605,0.16225387514114972,-0.0860121516124608,-0.11998706343356393,-0.017276332062037162,-0.612852578627859,0.37120137128347486,-0.290800817612936,-0.7009517675506018,-0.3297649818948721,0.7446785681238276,-0.014996641678525713,1.4760418184632351,0.14552772716762788,0.808232990146625,-0.8363843449157045,0.617801454726804,-0.5100391470087197,0.023527310690058673,1.0299806191446819,0.05449055916384007,0.7783209834764457,-1.7540238688271428,0.18223709333241608,-0.2866089638059348,0.9576140010442323,0.10569015336740226,0.8088316526652929,1.6532035225512172,-0.2177688633861219,-1.965190026659723,-0.9317271489243818,0.954663497799251,0.33906285139630266,0.5059942988193253,1.4057434103559072,1.119555294422078,-0.19064425318248898,-0.6025169853864945,1.3122425276333927,-1.837369033825507,0.9534592689472557,0.9709060571490975
2025-06-11 00:27:18,-0.36458141752542533,0.5832555363202828,-0.4082621093210567,0.3705844120152265,0.4140457814150908,-1.3338272996756124,-0.9667786184202041,1.9562698343934573,0.10858889083588398,1.1313039207869953,1.6314561814449808,-1.4283376759388355,-2.0342334591148306,1.7446183225639498,-0.36773993633205093,0.1008898244352826,-0.08182662577759411,0.1334544519376182,-0.3940361248251786,0.4851504810110544,-0.05290526460647988,0.5502516775055712,-0.16503317712732696,1.1405875993912624,1.9594079652269758,-0.022349743078790146,-0.5094459768710902,-0.6975173538591736,-2.6009957142760145,-1.0354172880947432,1.1583409361187986,0.161271904414549,0.8466228257079387,0.7623652470973354,-0.21345809146443673,0.4942924402285161,-0.5859422927194747,-0.7638573792687265,-0.9981231005186988,-0.48275173107674,0.1179772911825348,-0.8453812717987499,0.6692159078821381,-0.7526579283329724,-1.4289365499666875
2025-06-11 01:27:18,-0.36566485771089835,0.5295447496519715,-0.6755131850689661,-0.678364164520338,0.7239631312476373,-0.016705665603193552,1.5190622963586373,0.32642536287802143,-0.6363044809713672,-0.06472877812556109,-0.7861709735986822,0.12472771994651415,-0.6423583145229398,0.25261178732975625,-1.386601872254316,-0.28761067078331914,0.47865535875129905,-0.26724943341942664,-0.3062653022901216,-0.25988115867112327,-0.5547853440881345,1.0321115971288835,1.2135576610590004,-0.8293518719710857,-1.3183592766919097,-0.11388116830100971,-1.5523600425024484,-0.8963204063964496,-0.9409023919137905,0.7111421654396491,0.035237508677260165,-0.4184871897509374,-1.7779025722509816,-0.06342375712795648,-0.16989719067147105,0.2823504749441351,0.005907764703348833,1.1721614300388599,-0.2334580164062414,1.272662863756784,1.1451744797673857,-0.674324261620421,-0.13631049064552794,-1.0257503163260304,-0.8806362118821645
2025-06-11 02:27:18,2.418415647186257,-1.3933868920131394,-0.9949062135914968,0.11669749764448836,0.20470822280405437,0.6764174143926345,-1.509060423475998,0.6067032912350435,-0.7643752756541792,0.2744709624727731,-0.3628505800410015,0.018945421370497026,0.9846655667495308,0.8976483726167277,-0.4663462321356959,3.9288137200737863,-1.2732176783063138,0.3906093095721641,0.41416163051318006,0.43709007389954274,-1.6297946332363638,0.2862614673404028,-1.3731540262745743,-0.3652122591350823,0.1172760194436324,-0.11378199889667413,2.242334178929596,0.02724306094467313,0.2880048274090799,0.23878008675464366,-0.4324885483859206,1.0647979324964723,-1.3833900522180964,0.5291553307665654,-0.9913036451960974,-0.5962613028548598,0.0013395572327505752,-0.4446411408523946,-0.12808762585591563,-0.9972627928656745,-0.42247717535191104,0.36118575483776544,-0.126100708676374,0.9878591864729238,1.1211033466918987
2025-06-11 03:27:18,-0.975096394241911,-1.9759389334466835,-0.34255660510333014,0.07200621155928967,0.9400928541253845,-1.1878952184623248,-1.3348977565346518,0.15641389998242655,0.19778370849199417,-0.1091349672377958,1.267036576902938,0.7826077636215744,-1.9924763900351532,0.6795349294510382,-0.5824781210453606,-0.2816379050050702,0.7703288183897691,-0.6126489875509629,-0.3869993369547973,-0.11980166232894869,-1.4703636905814577,-0.4941514692300908,0.6964207120465556,0.1037329047570251,0.9810897510607509,2.3821446555121923,-0.10763145318709265,-0.526976050328802,-1.3559768140845438,-0.6370636687844199,0.36282018960321366,0.6724421084281393,-0.08039673459856785,-0.18554615329406488,-2.6910011388353783,-0.8528132040354603,-0.2604117688621973,2.3942340897058774,0.891098092235561,0.427089167449851,0.577879909338647,0.4855986914389489,0.7357311758577586,0.7947103422500443,-0.18651177060537774
2025-06-11 04:27:18,-0.7647535490206957,-0.5908735633537145,0.7127669260723323,-0.8135440679862375,0.280573301786504,0.6614267763791101,0.22309546636446706,-0.2180326043083013,0.41840953647506796,-0.22282968001089773,0.1461681180711866,-0.8730673115120167,1.6343609421111076,-0.7028506957389952,1.2335980882063229,-0.6361089631131281,-0.10708718417805509,0.027299586339672846,1.4389974208170577,-0.6609883644557712,-0.3121762368524409,-1.7661362395253022,-0.3866988498253653,0.8598738132160147,-0.5077014418203537,0.34980755180539036,-0.25842657964024496,-0.44663365528900145,1.4198567819288361,-0.03673573464636157,-0.7985380795762277,1.4094484052184144,0.5470394986446505,-0.3460330326123835,-1.2063820732806791,0.3937558923440802,0.06942811352460443,1.32692475440666,0.07963026612549268,-0.6671502858775015,1.6466052914568374,-1.4893506031245747,1.7110151641489322,1.078335794321412,-1.1120163783783101
2025-06-11 05:27:18,-1.0410744914732974,-0.2961958617341241,0.3797132041988124,1.6465074963795114,-0.2766636672524286,0.9965649825088981,0.15195848376841545,-0.6742162477374917,0.9908869080773413,-1.5038742976624124,0.23969322948308033,0.47918385595406293,1.7882781820903946,-1.5958740641919362,0.14371368700949608,-1.129753622980237,1.6244655841373052,-2.7444582902697934,0.7287946580448044,-0.5252044618203046,-1.0865014413630956,0.3331451214649289,0.5053719730477346,2.185039460518732,1.783759329369809,-0.40510059342590576,-0.27062224233429666,0.3060160747225248,0.5130983692846285,0.4946331421925569,-0.634824716721345,-1.0369175723220958,0.3259978378885115,-0.948199261071243,-0.4343951213957701,1.977762118298401,0.3224803123669122,-1.544643025924827,1.1656058444943047,1.680253049734853,0.19719864116382407,1.9084467987194487,-1.003910912538342,-0.005509361317284255,-2.084699160058887
2025-06-11 06:27:18,0.09449066664165537,-0.5047628824280525,-0.999502735368779,0.8803907220045215,0.93275006845041,-0.6788771525016101,0.44979103956709443,0.4061167157220683,-0.12791171041206126,-1.0008228066124454,0.4651790884209779,2.032747670877966,-0.5491755753246043,-0.3607469520801911,-2.158082636549852,1.7130200287887885,-0.07878937856668368,-0.5930740806843894,0.42993318127264324,1.1696733552279857,0.6928327046910334,0.6733976270879325,1.6831175685388797,1.4498371191583446,-1.4743243491552471,1.2029376236534606,-0.9302926306579397,-0.475881228019745,-1.4806498240827937,-1.1243154630181211,1.6208800027325185,-0.24084188617748548,-1.8068929300046028,0.2160719767795689,0.6361186302476353,0.5191091619071411,-0.8644950493623496,-0.09533259065848068,-1.144025975392866,-1.1472946306668705,-0.1852860858746306,-0.7963089889660803,-0.46451191996861296,0.031236426655471057,1.7268338015178986
2025-06-11 07:27:18,0.04760895908136315,-1.7695426230999827,-0.8560126981966955,0.004588920055563109,0.6640526739678573,0.17072453618571204,0.5716242793077326,1.3664339530995684,-0.4022863033425613,-0.8881579581618654,-0.1737289103030685,-0.5704505430481569,0.3176357441299649,-1.162014075649618,0.7437780411441651,-0.20289889379720757,-1.3987852010739643,-1.1810655007386233,0.5505128683148732,-1.7446870493037017,1.7430226126358332,0.8410302656007742,-0.6706750068827265,-1.5828706074169716,0.18305881011670766,0.12824044834456563,0.3048692796564675,0.06662285131554295,-0.3491576307041471,-0.2670355117250484,-2.3432903840372092,-2.016567830572601,0.7706221248552165,0.16358564878277046,0.551505728765975,-0.27501596027085484,0.5348196469933216,0.7855068476777782,-2.039860981491609,0.7485879044608962,0.2821661924335039,-1.3147353611299915,-1.466913378247563,-1.4006611724805567,-0.12241083489376799
2025-06-11 08:27:18,-0.07898616621614796,-0.20793533493237343,-0.1586873765067257,-1.3785145581032314,0.2233265514554327,-0.5240723490909217,-1.7919450103117331,-0.24255279894440465,-1.922369340814385,0.37403663515517827,0.7129704249838149,-2.6511365891424656,1.0634963785045652,0.35386138102521814,0.3473230946777139,-0.08972892135354023,-0.5810995092933948,0.7301742137161795,0.6431197864580113,0.05451583892178948,-0.3509631578613419,-0.22026117261748362,-0.17819464635962393,-0.8639058092240358,0.2018577524005276,0.4734703116783788,0.7987793605939381,0.01861176376154334,-0.7736895985634662,-0.18854088296864355,-0.9902889831831191,-0.7916795208546729,1.0984907065922607,-0.6430917870305085,0.08685294029395842,-0.9827509976761384,-1.369805662146818,0.26109587999160777,0.9356580698898159,0.29324609242780636,-0.8424464676370915,2.0086088935191335,1.0291466259524684,-0.39100275137082335,0.0769311921632158
2025-06-11 09:27:18,-0.32597413500270583,-0.09438058799114446,0.26779100748395657,-0.3348313867019732,0.7361194186581498,1.2765910450488633,-0.5154776493282186,0.9385777487808435,0.5519560903450345,0.06993490633486346,-1.1314862632070615,-1.841520734866209,1.8319636269608877,1.1353502816125378,0.6800511064195062,1.0402086622606435,-0.8572299652747585,0.16037783739889303,-0.612200084009788,0.5959830074312286,0.6959347273481699,1.399651106122163,-1.1279399279640767,-0.7304797722913807,-1.4714428761242773,-2.003782134514795,-1.994345825240029,-1.9346589963980265,0.7054691066425001,-0.3609624816222189,1.5014468129365237,0.5106119354121705,-0.23982120344417127,-0.383267670525291,0.13485533709937994,-0.2591768449674328,-1.1230646856375879,-0.042803116175296294,-0.4155959546229302,0.9664789340708559,0.45426190272509187,-1.4054764937375344,-0.3563944260040166,0.46637815866291127,-0.5229343664601152
2025-06-11 10:27:18,-0.1668310745715263,1.755394225125858,-0.1598731116843713,2.3999168536000117,-0.2644675350000633,0.5165202958646103,1.038895842700877,1.1440288439130268,1.2872887787676737,-0.17660677117813212,-0.18640094391365108,0.9616838340180659,1.5251060886139756,-0.7647197056437484,-1.1231804625035682,-1.3736282896860827,0.7082981106888687,1.7258097631940792,-0.874766654102347,1.3869215231023277,0.949242347752457,0.05804680393564617,1.3528902972912664,0.7792514552873305,-0.6447335340627687,0.679653208047646,0.5543476427551264,0.3638755611801692,-1.0027989803241493,-0.33609493134766805,0.34229129530786245,0.2744418750923514,-0.27145870915662856,0.7452817668605012,-1.1981026048307584,0.8090162038304076,-0.7715035520696361,-1.083107750810896,0.03430790892977266,-1.470606313488871,-0.3272726589888484,-1.2530896732036725,0.7598150366512557,-0.9477138455418784,1.3309634825377157
2025-06-11 11:27:18,-1.0281006437823217,1.8877591975351566,-0.2608484895464183,0.3698993472913541,-0.29506010379295733,1.1406742186370977,-1.0029589737419846,-1.5891355653235466,1.0646169902225613,-1.0602781282965255,-0.023120678459266977,-0.012724625371072737,-0.4207549161884762,0.1797238219970657,0.10793892874354571,0.4468481038022643,0.7453596366272993,-0.3494523484460659,-0.9634964187834867,1.2940628686126319,0.634793049086903,-0.2807861870544323,-0.27296137617963395,1.2197924094993018,-0.039508310425193836,-0.3605130234989186,-1.247459318320129,-2.2139952627781785,-0.7423593866059122,0.05133841959586153,0.11847729829081331,-1.3731564847666224,-1.300862593794357,-0.953544113374122,0.665768268464101,0.08968572909179769,-0.04694613762845962,1.1814200646096549,1.440199888059235,2.012733648999242,-0.6243363812731589,-2.027067269130896,-2.7155560153023726,-0.21846557114435836,0.8990110683102149
2025-06-11 12:27:18,1.4425748964813068,0.26887141747847887,-0.9793913595169966,0.5092573554211326,0.429824991736975,-0.47618106414358613,-0.7052997610728728,0.5785970532099717,1.4573698022025092,0.022505168910350763,-0.12817343233233316,-0.29002608082976744,-0.5702678490842694,0.14333168647123967,0.39328235040999693,1.0364700099504143,0.5877156867420443,-0.4369800798322215,0.2715870816357286,-1.8693762992579912,1.9700142368833258,2.886526015874907,-2.1153366978710677,-0.5002107109295575,-0.4445076352471054,-0.3843439760144702,-1.3721602498007368,-0.4894524408279886,0.0557365093437045,0.3999984411684442,0.8171334798523839,-0.7858560323152823,0.8495712893268613,0.8779853980836463,0.3883067097769039,0.44694621045670985,-0.3519894109885231,0.14814714967647966,0.6915354076335793,0.7017364083793052,0.9950964014568872,-0.047872058080215406,0.25914915681602485,-0.4613738271645074,1.1990328045199599
2025-06-11 13:27:18,-0.5483157937000862,0.7926463977692858,1.116246629251188,1.2549321910033429,-0.30792605478440965,-0.17816403182941964,0.6983104453264483,0.5369191845767511,-1.380569880517585,0.3339485963395847,0.3231202970628515,0.6458704449166399,1.049863674886297,0.0031894136219392244,1.076039121050299,-0.2073433003381315,0.5902385823564635,0.3101951671928911,-0.37966362660759745,0.6433884709547572,0.05029754264138846,1.7031317808569493,0.7641566117940477,2.0492655449255106,-0.5243128544183628,0.10804553956930614,1.0295298892910763,2.2234927909020015,-1.2664689706672372,-2.004953931798092,1.3369564298131162,-0.9708782581408925,-0.533341331817086,1.6397964852496127,0.24113626705654922,1.981792740776142,0.12270475381480002,0.7749779236854064,1.0697542829441886,-0.10915719890420976,0.3310825308005741,0.7456033251459823,0.9244579286093673,0.6822432660130691,-1.8038116428882778
2025-06-11 14:27:18,-1.0365259798055841,-1.7763689161085008,-0.012137383577042003,-0.5900228375105999,-0.8076278460124799,2.42999109800037,-1.620038371266933,-1.5367089004165755,-2.057107433929669,-0.19689412741885232,-0.7591733373744967,-0.2480646978954394,1.533463610800296,-0.12282735861151572,0.9040895565826536,-0.7300225234682468,0.006485108292159383,1.6793854375973265,2.20315037736593,-0.5987585738619969,-0.5997917479344178,1.3768074877729721,-0.7678276361913485,1.1402156668563712,0.1666906053334145,-0.16253038697238964,0.13952839942219192,-0.26996279819443536,1.9491467864265117,0.27695943181398486,-0.04273505806429882,-0.5833868847472287,-0.12701821964389073,-0.8032160828764322,-1.4377525836008986,-1.3762662523150906,-2.0325286106390785,1.0155256397292272,0.3705902747592582,1.1270116826680672,-1.3257240662677683,0.19122033455502366,0.26788477799564264,0.11517681683851493,-0.18245401020393717
2025-06-11 15:27:18,0.050387940500880364,0.46287210397786094,-0.6320767346493403,1.2116925282959985,1.2560426156684281,0.16845826792930832,0.22168775309175823,-1.0521037293341622,0.32330691069533557,2.064143062904485,-1.171018131760112,2.840095539406572,1.1009719893015273,-0.26890364470306644,-1.0386492596452905,-0.9458014738029439,0.16370506692548964,-0.7200463221364894,-0.8220548181210837,1.2707068007746436,-0.2839354575154929,0.5739074722733164,0.023614718659575314,1.0959170022766025,0.05169456516142256,-0.9299318733945424,-0.018231872342940027,0.7825165520712588,-1.2052571606634634,0.031229451096866614,1.5006552338024732,-0.08103617478061649,-0.5431674176371243,0.7927660244134523,-0.6059031437889081,2.133849088935751,-0.5460121540497027,0.8586587513276637,1.0276680945756211,0.36734389042882076,-0.3880914232284567,-0.12802171413473154,1.9358095974840286,1.8136892099657926,-0.43857296238982374
2025-06-11 16:27:18,1.1096741449471272,2.6838220822538608,-0.832682297750173,0.16868869594184194,-0.4290735425546484,-0.8860804758795282,-0.4951756308593814,0.7125745106427328,-0.223681037420194,0.5239368126250301,-0.877173252377054,-1.001309739432951,-0.40198323797417834,-1.8916891070815884,-0.12514979856893843,-0.002519966424763131,0.9217917428792773,0.5678016521216233,-0.7620484609390094,-1.164538871028102,-1.3315963982723784,1.9089478522476397,-1.346103732223571,0.6098473064200001,-0.19501121961362855,0.6474772880743833,0.12017953249913241,-0.7243503881647253,-0.6309785429776146,0.5722793743063449,0.7967482708574423,0.17063020868326037,0.8145020398733401,0.7120036862171862,-2.6124261960725312,1.2151340592472921,0.04221766354725993,0.6209534559018317,-0.4897719745536157,-0.5637530108861186,-1.3783677845611835,-0.41974888311752256,-0.9046431867035172,-0.5040387513882363,-0.5468062527733447
2025-06-11 17:27:18,0.8572040621067898,0.25538330760677064,1.8498495078959385,0.12313884348111512,-0.4578049602962387,-0.203313839779531,-0.5384760458550331,-0.32359676816352706,0.9963472035073715,-0.03125582456017453,-0.1327211614984241,0.005868394286912111,0.20775725370200954,1.121317821081124,0.626083587180927,-1.6326515186287893,-0.9015109206589312,0.13694482273198003,0.5704412116593788,0.3696525392667045,-1.703331474660588,0.8149417691778765,-0.2086042461250199,0.7366552921670728,0.513737324906592,-0.24040498174263683,-0.22934559346942662,1.873720113749377,0.677051402999677,0.7120764306580052,-0.47611320390497647,0.677655741236078,0.5841290368397297,1.112614347909174,2.346890570984853,0.12583395886235446,0.5346287820747218,1.8244605976744246,1.0138953682021998,0.7114738561498677,-0.3441118267133175,-0.7004199881374931,-0.9644521518889823,0.5682419586145859,0.5487611086478702
2025-06-11 18:27:18,0.4619938107816943,-1.3919047973533023,1.678554286714286,-1.8189669557191788,1.214080593927397,1.350073852952957,1.8124927278998162,1.0906032753195414,-1.1161986652370135,1.0507440417659843,1.7273027696733732,1.2464005225912194,-0.9813403264597084,-0.048070655004812314,-0.9260716562078161,-0.2520794504648901,-0.7589388778869726,0.13052349719182194,-1.0749942715147527,-0.07863248655295078,0.7112349946998652,1.2189788534419859,0.5761992078959948,1.196235230524143,-0.7691852375665027,0.5081065826965585,1.560635609897502,-0.1417630618634582,1.661084266794541,0.2770425939966369,0.21718460682724625,-2.020652425539474,0.6352120901345439,-0.4639606643032744,-0.40656959528923003,-0.22019370752588194,-0.4924898744726204,0.17017556000986267,-0.16744126988338737,0.02420582907502782,-0.1224400554065672,0.8949561096709263,0.5382487926879481,1.3433735555352273,0.32568987815628814
2025-06-11 19:27:18,0.9709673820169119,-1.545557460904493,0.22810818346583286,0.5132028756796775,0.42542465833967547,-1.5206856943187668,0.42453869368633024,-0.12390953289995517,-1.1201949444056605,0.36463998645222306,-1.7336986203985985,-1.68185803878919,1.9466664486008796,0.9097806332735956,0.6152696544289037,-1.5565455373374215,0.5266409604289535,-0.03491433161348185,-1.0856367060334484,1.2388868861143545,-0.20875879875676884,-0.4857226816621962,-0.15819834853983228,-0.32867095215358555,-0.14492474788752457,0.00017256962470168529,-0.6361727747496945,0.7405966288301259,0.5871177050781075,-1.4315679559511927,0.06035388946120495,2.0250795447914993,-0.5941357561438996,1.586108933152978,0.6657967610150279,-0.6840086306437042,-1.7856673221139123,0.07080173179668732,2.4836921224728963,-1.2363876774424452,-0.30676764100170667,-0.2958809757319774,-1.835311050509219,1.0977486938881553,0.6897075735304423
2025-06-11 20:27:18,-1.1886427494456144,1.1267504107533186,-0.10597052579116166,0.7688622738679135,1.3317747797519899,0.3432181504745982,1.731320006082204,1.3665996045242956,-0.19281890546098912,0.24246048541230572,1.6467099907028895,-0.7946413319877078,-1.6636767073974223,0.3260579541187565,-0.3129202798162758,-0.9462969104353905,0.7934924289935078,0.3291354564894322,-1.88297148130694,-1.628752034066348,1.2920604131114264,-0.5726452454629891,0.6047005849926818,0.629448225558228,-0.30712624178159414,-0.23101333979530123,-0.9984974829196424,-1.4993650714353925,1.5458255348273109,-0.33319157176322345,0.8493431820710162,-0.5762536504561703,0.15085427635091,-1.558289023366903,-1.4989110386868634,-0.7752589255121892,-0.4037713020739831,1.3904806923764619,1.1334734642730375,1.621546962461966,1.691646430925375,0.032027711116743886,-0.03615482683119098,0.4778251263663418,-0.946608713400401
2025-06-11 21:27:18,2.519602085904139,-1.368154334054383,-0.2768597690318109,-0.6903235467016425,-0.19915741071692936,-0.8801244213661299,0.30221696637635287,-0.41512322769037113,-0.5041646124354227,-0.4339043670971152,0.05542364893505499,-1.4602321124747115,2.345260732703924,0.21963299613961146,0.9612222641211581,-2.3333743412022305,1.0876794303303425,0.4451010923157421,-1.2440547671343007,-0.3145524466765829,-1.358020073881663,-1.8238528099591356,0.13780568806525748,2.130709774013405,0.4016703167545686,1.1305467566547276,-0.329212225076663,0.1112548093178789,-0.30325430957544247,-0.39986604886570287,0.4256643750132027,-3.0879399859314565,-1.3506882677769338,0.8885667046591234,-1.6144260027548187,-0.5723973701756279,1.11784798036246,-1.2947095537441133,0.5958194063533747,-0.591075715931314,-1.3923818586538725,0.37063133390110153,-0.42958167237862066,0.16658529311894923,-0.5344740349926791
2025-06-11 22:27:18,0.30576341333721635,0.6078374585323161,0.8744664402049234,-0.959958757873332,-0.8827179207723636,0.16334789124079116,-1.4142553776258027,1.3125772329974672,-0.6137269686575497,1.923635111173252,0.019423469695056518,0.816455910983533,0.867341024369102,-1.7085538492764532,1.2825031579706345,-0.8116889087883047,1.3080007012434833,0.6027311788681974,-0.6409781554865736,0.5270817473408237,-0.8299780261930806,0.6475378112870891,0.23900837954973858,0.8002644540772034,-0.023448223279381765,-1.9880676609366783,0.18771020676067415,0.3446542386318294,-0.7634415148573218,-1.997187200608378,-0.06802171747513686,0.7484302623822315,0.1811595508097,-0.5837711556896766,1.275316851536768,-0.9917472167630754,-0.5944622764369016,-0.05591125880857457,-0.5444327157983518,0.19613392969798826,0.9180191226125234,0.02967579364697801,-0.24788041838939606,-1.0167543685308527,-1.340084808483332
2025-06-11 23:27:18,-2.010669217661353,-0.7008880654637671,1.448883354588888,-0.09997133220283456,0.7337077003147069,0.17340252025150407,-2.041578726678243,0.08507248848814644,-0.6606128823147364,1.70668090966556,-0.10151925194621018,1.7096322296243318,-1.6897901183672746,1.1717909202790227,1.6306164271852504,-1.5737949579797237,-1.9181009689614936,1.7304217095409118,-0.5939594341967466,-0.45365338679086087,1.49221934559016,0.5280645680144468,-0.41819876065230305,-0.49487875712140866,-0.8228664469756862,0.42131693121320885,-0.38144574765880085,-0.6470567755630698,0.3380699691352455,1.0440422381792984,-0.9919200543034896,0.8910214644886524,1.8143138649144068,-1.3630086645373436,0.2680503396070282,-1.6760565149069955,1.1945738988922845,-0.7142131282847782,-1.0126653540813715,-0.5617751415977186,1.0140395849381665,0.4666036835610437,1.4711533322788048,-0.9548669388441413,-0.520653268380293
2025-06-12 00:27:18,-0.7027728179461741,0.022427945827978052,0.08773905844335324,-0.40858665013536216,-0.7380795498546828,-0.3531855665079149,-0.21390550799666344,1.066569252534685,-0.06702962997179862,-1.4054352296992862,-0.2831583978110079,-0.45774963066484214,1.4222616775137031,-0.5114975554488118,-0.49581435618751635,-0.11190889026096365,-0.7622085249841731,-0.7891636596340905,0.32352093136685167,0.1959194628837939,0.8000444105745123,0.012117215072801547,0.1785079810822811,1.6895157160130638,-0.4184648719658436,0.6348896548585692,1.2645472378918288,0.2602806944373278,-1.242500742123187,0.8778195168600101,-0.6188295830986075,1.0240239466972383,0.8158232332174747,-0.5109642390836551,1.1625989705459512,0.5246174961995058,-0.09376658202249288,1.7688097664726294,-0.5633219347940202,-0.2727356281404831,-0.9950166613916186,1.0246973762801983,-0.23007901494002836,-1.8569304568075287,-0.29196626472662196
2025-06-12 01:27:18,-0.3538039687427868,-0.08179586953635513,-1.6049599876470366,0.40069460886279606,0.8471859281684437,1.0344602734296755,1.1877723707446268,-1.036660383319442,-0.3815993655249681,-1.208415944545863,0.1838195282719221,-1.1945170303083916,-0.7850467974309375,0.43012236116504354,1.4916328913182213,-0.9357681473578792,1.2497706967738895,1.4493476557188276,-1.2909153182305515,-0.42959995985981775,0.803338485276191,0.5850689810391121,-1.1404188240129975,0.37034157404771545,1.2807119471048154,-0.37642674550139416,-1.6881091074412762,0.3515330195354524,0.07681510562791878,1.7328293235595538,-0.5622743729383997,-0.8580160401390554,1.055948522702484,-0.15321251164512154,-0.641750907774785,0.7875410247427678,1.5838041862097436,-0.018608951366968635,-1.1227061111902845,-0.10563862348573616,0.828249947693652,2.080150613444327,0.6216642938514562,-0.8481236148517143,1.0945133988588214
2025-06-12 02:27:18,0.875161338509453,0.5159159412935861,1.450849887920772,0.6121865332511985,-0.883932596102185,-0.6651962381114412,-0.7291589041219109,-0.5129341718775077,-0.1520086817374289,-1.1498906109766802,-2.725757751605628,1.2320890894850225,-0.7124725570958711,-1.0304387247222713,-1.1584215821145312,0.6245953671602523,1.3297124723747955,0.10487595323498344,-0.2372701845360939,-0.6750860129877573,0.8862667816015953,1.4325429004200314,-0.6301652070367867,-0.5496883790098254,0.04048550130110099,0.33200934288727796,-0.5744129135084612,1.0633784569809934,-1.3122814240149272,0.4083755802563622,0.4987513242480458,0.4952080463025977,-1.4346440959479707,-0.846837944349913,-1.0702760987027022,-0.7912766911522656,-0.09886352996074556,-1.7132868117298232,0.8952614505704432,0.2898863377999423,0.5887891311547881,1.7747460903918828,0.7455113708099945,0.615750129901488,-0.19366086545073327
2025-06-12 03:27:18,0.31556690743480964,0.9595398272752268,-0.03192666949913486,-0.0629522882883182,-0.9238933971459076,-0.3469810873295363,-0.9502871744475334,-0.9949431572334781,-0.20182473072444154,-0.9539816305116369,0.13734316724114962,0.8490794180082144,0.5569995601227956,-1.321846181757141,1.4372613714542,0.9293179641824808,-0.08734788798347297,0.006753011846232916,0.3196214564637117,0.5771133602259282,-0.33474999235253,-1.0254706008478838,-0.5203318953807852,0.42154438523147786,-0.7041075085385866,-1.5053553988772002,-0.770402841466163,1.2841686822370297,-1.1157698480623643,0.24769005451180737,-0.5536586828667924,1.6773478019920223,0.45933357028378524,-0.5027392832417715,-0.7163321984677673,0.9112196033247248,-0.5575987628735204,-0.7609549673343841,1.381557916964889,-1.7573486636042066,0.3870537351130276,0.6670909168470049,0.48954153947170614,-0.6878564676689183,-2.175019044424458
2025-06-12 04:27:18,0.06808727631801008,-1.911588930101464,-1.4081806600844613,0.09900698660917467,-0.0800849942382481,-2.1133763355604804,0.7824899699441688,0.37473689340926686,0.5067745851515684,-1.7410959159602515,-0.12209059140991416,0.23406682766479253,0.5366231783210996,-1.6192699745808448,-0.749452975494983,1.103023357806084,1.2794722976451958,1.5243046378083223,0.0270077146347933,-0.6754944253699603,0.07018760276993917,-0.5364556037737895,0.1765058310046861,-0.8781847902172127,-0.712836136189289,0.5911960734727518,-0.649641477888842,1.6934564111373613,1.0117827112684479,0.6060784409143403,-1.1860821031947884,1.180685561584354,0.4541388199686309,-0.09729606467071035,-1.2767258124328627,1.835773128054108,0.461013610823037,1.2590834075620922,-0.6333431094520949,-0.4153650943702,2.5516129224406012,1.6496482283319531,-0.5752954252581004,0.6016950558668674,0.9962171371346598
2025-06-12 05:27:18,-1.3223585241951181,0.6114563039048561,1.5558312438271322,0.23230028689485835,0.48345877949610666,-0.1919214963886723,-1.7408369459175834,-0.33634995379712485,-1.1421505277509003,2.569846057268057,1.212586400364771,0.35221313124347214,-1.1895998527858613,0.4281271859122105,0.158367331014449,-0.5926461628884284,0.5987925721002108,1.2711916161458257,0.7429817966358013,-0.18578725785548683,-1.196168668752691,-1.9726786757816748,0.8840280223689311,1.424071883993973,1.633733262495026,-0.3267421047484326,0.1735277434126293,0.2535361738237696,-1.5200828886928095,0.4119381165736311,-0.495646633472191,0.020279506688212733,-0.33277711575781627,0.4513316911938028,0.5539522905619311,-1.0836317153493615,0.5185011355619684,-0.9776378558582807,0.024227969525684966,-0.8253508014391461,0.3727786709487993,0.9868455592471028,0.9599423523576954,0.5812781111279853,-0.4783765167817568
2025-06-12 06:27:18,2.2779684585380413,-0.4528284319015188,0.6338190249711849,1.4941941296149344,1.1967695247086894,-1.3071791003641053,0.17075584381009062,0.5400270466073238,-0.40092862427074344,0.9865837058320193,-0.590806256637021,1.9878375020293377,1.0613271321077833,-2.2543859523391596,0.5959298933611326,-0.552671961124353,-0.642866635625367,0.2230369158339455,-1.948576333272101,0.4591661127004137,-1.824389208811325,0.9652666418276356,1.27188507800415,-0.41805357347823574,0.3789616776945029,-0.7885200145291231,0.24404950334746733,-0.7877251663476185,-0.1288380232372314,0.826189107006717,-0.2369210339782554,0.4430582455020625,-2.4784740703049404,0.7606301740713559,-0.4939628358868744,-0.2715833717988852,1.1935706170552174,-1.1695287030706296,-0.44565977948095475,1.2135856705544186,1.530935408280719,0.9954509563927577,1.9405394776609912,0.571325020424325,-0.46245671409861777
2025-06-12 07:27:18,-1.0505612046042574,-0.9570698106677429,-0.10135095167240452,0.11781120869609954,1.335324375381019,1.1477518428747289,-0.9864433620261713,-0.4627157722584739,-0.4624701398579497,-1.3544866102166921,-0.8214407735632689,-1.6198681034977722,0.46393925034942807,-0.3663776713201617,-0.29213489934666015,0.5439557328734808,-1.9246219059544063,-1.8866268380709246,-1.6105828672454607,1.7492502795075573,0.4290991242193211,-2.4151086430835966,-0.3000664684568857,0.08085931090228811,0.13932611287403093,-1.2866012965703413,0.15733480471357916,0.7259810574481174,-1.791380398247187,-0.34159202141698825,-0.5494846118938542,-0.925538144063999,-0.5353145091097523,-0.43600340940811083,0.1516094552526145,1.1857100647350294,-0.3612587528715785,-0.06787329966300525,-1.5057473905068435,-1.1927324229979377,-0.5123848703573466,0.14457337161560388,-1.3463399052446299,-0.12014251919798594,-1.946428833487077
2025-06-12 08:27:18,1.2059440976831837,-1.6146677424594806,-0.3359813396748819,-0.11049240737315687,0.2397816920480553,2.2720671976874827,0.22501538691293174,-0.06201744069117726,-0.23244408677212328,0.12168117103571553,-0.4362546363686502,-0.26619434181817797,-0.8572142983864232,-0.25137113051854537,1.3945791478011529,-0.1601465805097221,0.61725766672452,1.273466862161391,-1.1785169012589005,0.737724844201015,1.2045112318082376,0.8578928346387945,-0.1906569075983336,0.12834215603737967,2.438062036684989,-0.8334397483466921,0.2933598875113793,0.4853186525503626,0.2911304320888753,1.9653241147732998,-1.7609193299183907,-1.3392048486553523,-1.1652642796222725,0.9160113060912144,-0.8618934669689414,1.5486607744941239,-0.07294585586507706,0.4602873676203025,0.4677637248891141,-0.9243804112606524,0.33401497548957865,0.6699851739627402,1.407652351121213,0.02242475913499388,0.8420082252458558
2025-06-12 09:27:18,0.7313907580969872,1.445793717543266,1.4816744844378473,0.5489570710183801,-0.6974748963602043,-1.8155571659265093,1.2001519379690937,-0.6171878424465185,1.002963307377842,-0.04042515754372618,-2.075162743604798,1.103001927167692,0.16881462397817723,-1.0736405274980936,0.6624002631593179,-0.8931598188327077,-0.118444158720866,0.11593927599428462,-0.21875010905831188,-0.3497090002790457,0.9937539482580534,-1.4435598037872164,0.028446421271126288,-1.2442891585760585,-1.4198832825939112,1.3616555925134322,-0.28753147372114995,0.3542040080174765,-0.793853572566784,1.5756101626840293,-0.4327212881759645,-1.5526178805301438,-0.707450432173628,-1.5500893220560956,0.5281939470630213,-0.8398776337704913,-0.4817590803168758,-0.16173221177816843,0.23243992182128315,0.9767621367544821,0.8014406303371179,-0.023960373260199605,-1.0361136499781896,-0.08204608003287744,-1.0276627399360159
2025-06-12 10:27:18,-1.332480902885888,-1.5806737436171487,1.7103094065230322,-0.2681890780325469,-0.011210873466533646,-0.604085339899537,1.7477480783042019,-2.192430426244797,0.760019222816314,-0.7883057423986096,-0.17623407535021332,-0.4420859503076995,-0.3224340493517641,1.5328793716565785,0.7826882191810707,1.2454929464549873,-0.54718921709979,0.14556116447020673,-0.008908840394483293,-0.11679655652900355,-2.0406085395506506,-0.5432366838710014,1.4523324340804307,-0.6023950739588784,-0.6568930203834664,0.6658168654555656,-1.1652776181146933,1.1648783898491244,-0.5849760047152867,0.8489066654302916,0.16849202191647275,0.3070645632962059,-0.43821673843499576,0.5617108247867033,-0.8999765269883375,1.039002731485299,0.3435044865386106,0.4611999537835796,-0.43745349313113946,0.4705866778937225,-0.9992703511515904,0.04236772809666675,0.0867940978058007,-0.7621828189666949,0.5121114749054113
2025-06-12 11:27:18,-1.0380391548710721,-0.950818792145882,-0.7958430734971759,-0.07816044692576377,0.29048227949207023,-1.025136632627506,-0.33274130018870995,-0.3779529477904289,1.6575543776517558,-0.4232836248057364,1.0205417544476545,-1.2231881381284855,-1.3172347204237311,-1.4566515953833277,-0.7771822312486271,0.04393115595338996,1.2422312711746266,-1.2518689088371833,1.3396300273493116,1.3769802972407192,1.3949430281387722,-1.1774468532830333,-1.2547918236571312,-0.3910807161010833,-1.5600688678514238,0.5722091346668453,-1.3831434332007198,1.665252636457395,0.6075866596770416,0.6941608338204268,-0.5975658439903312,1.516512351394271,0.9216186980838902,-0.43035901224698875,-0.23280576664278746,1.5217561282695817,-1.5506942142595064,-0.06893639937278259,-2.8308941627997064,0.36049709920473494,-0.8980621109937205,2.1889167822394966,0.09076890689523574,-0.35492872172426804,0.40492419453292855
2025-06-12 12:27:18,-0.8075847372749054,0.03892410607528033,-1.1269937665491523,0.24357858296399587,-1.5832520730716277,-1.1508023222619566,-0.46411556085285466,-0.17697670178950373,0.9199322836185293,-0.8215411825490233,-1.1916304156813646,-0.6589997883609767,0.8601352655504009,-0.30261997713300076,-0.28557647800762903,-1.4071214760601864,-0.06954355799469952,1.1329160576159716,2.0126130085151517,-0.7075779190501716,-1.5326694650609582,0.516980756557234,-2.25298771098062,0.45138804050607784,-1.4536289575774248,-1.7232552919356396,0.699689004550934,0.23143491448067574,0.9307215467943063,-0.9338282173064375,-0.9199982697128839,-0.3383391584158437,0.4301979491945282,1.0617439324174598,-0.9257159525590984,1.7853568053701128,0.8863809093800988,-0.05938989002729549,0.32714397462521055,0.028057834623909168,-0.7209213640482676,-0.41230174051763413,-1.562950370193834,0.2112242072493077,0.6803739704413339
2025-06-12 13:27:18,0.5570079617865328,0.45676019442199145,-0.9611005607223966,-1.073402268247895,-0.17300455524093677,1.4262471572808282,1.6828261968386418,-1.1591371492774671,0.23171821927204725,-0.6157243257872149,1.0337678595998765,-0.7070380902400268,-0.5567747047551012,-0.3618829404066877,0.20448249083270714,0.8293839258961672,0.5085288389274748,1.1954776714479167,-0.6338032019102101,0.8611129008253294,0.6864930624578641,-1.75131189653798,1.1815518343137272,0.19264224708161284,-1.062807070603225,0.40123408347390854,-0.21767880641426984,0.4428645525669884,0.41078807432845993,-0.3219246271930717,-0.6528394390344475,-2.037240840168705,0.9514855878388209,-2.1569045983254727,0.4099232030342873,-1.1010640866795052,-1.1682978508571222,-2.1126932819447304,0.5142437015869029,0.225337696838714,2.0447446483854255,1.0149034240928496,-1.2223821168441193,-1.1115978053789721,-1.2991790942189303
2025-06-12 14:27:18,-0.9142005765353847,-0.7872675186905311,1.6306537224468118,-0.1930080960805974,-0.5446658244225923,0.15408388743484022,-0.20199519835599614,-0.5942136153778227,0.2705600986617324,-0.30381887235432925,-0.5499159499876917,-0.8168101130867934,-1.4187429448932494,0.3522503381730284,-0.8130840257500336,0.3357694836392397,1.2576150710878584,0.6123052651598365,1.9037098864658593,0.5362700028898941,0.11073425353753708,1.6360407395200767,-0.932652869661662,0.40373313183093584,0.3165840313495594,0.5090296956571065,-1.8294827147311228,-0.6525696199211432,0.5264180161149035,-1.0864294953589853,-1.130203996554919,-1.6862234769582516,-0.5044708381854098,0.7499563410747482,-1.805275896578903,0.5547400024499032,0.7056944786750545,0.3926755070737263,0.8041959797789332,-0.98815976468483,-0.5001463219639828,-1.274342032211389,-0.166063472598791,-0.7945833698742165,-1.2035361538904215
2025-06-12 15:27:18,1.5316431335941312,0.20809801138459375,1.0791259229232038,0.5524108107054566,-0.8993132311304775,-0.20173979380406518,-0.14064239354374447,0.9243310349369029,0.6670485104800803,0.23126127901817148,-0.31599356584938365,-1.6605142638725645,0.4241587906278625,1.6867816909899098,0.40597884867720496,0.3957337970745231,0.3865802598432201,0.8424288512253608,0.5482105239807383,-0.08640434796496188,0.7257692940256104,0.007649716779933745,-0.5072676574749215,-1.3006417356434705,0.06783072419620163,-0.9309177556474153,0.8987688838991292,-0.3816367678782618,-1.7535962881466431,-0.9864792010609122,-1.019790449935154,-0.9358575265887779,-0.1161138646488702,-0.6618810513970812,0.9181837325422729,0.4510075067064071,1.4773173726625413,-1.5719245459052735,1.0817919572709518,0.12205307727795389,-0.8797363978750189,2.9663728438049985,-1.2113874191803689,-0.3128013548255932,0.5960690424226367
2025-06-12 16:27:18,-0.9730242916587477,2.0172987799789155,-0.8091665916413955,-0.4463876448724078,0.6374831589164808,-1.9485235940565737,1.1965328786129918,2.428873373499712,-0.9960541919875164,1.3676044909756675,-1.7700505776952706,0.8110858085874648,0.22087721320348272,-0.05956471851851324,0.7530613127555185,-1.6124586408075958,0.6717597910133045,-1.000955872363653,1.2074663736795317,-0.2706400657052884,-0.039442841705482116,-0.5418830278783455,0.6714562574529886,0.6109835037806705,-0.5326475246247373,0.01544733655349341,-0.6536442001076586,0.29369183213759215,0.3995706669015326,0.9546901873962543,0.8664107400791535,0.41260150212817776,1.0388108141397299,0.8659728968810748,0.7154520215876597,-0.061828339382299397,0.8190211311221495,1.3444124612921793,-0.7891442278477012,1.400936241439528,0.9045325977787994,0.39177745235980893,1.8396304089149023,-1.5660992298184369,0.04940178646461542
2025-06-12 17:27:18,-1.655337993411238,1.0815278212513386,-1.31150284884581,-0.14665814344388742,-1.377133145024118,-0.6265535458718227,-0.7254278724708831,0.2730173908876564,0.5836119459948149,0.23751522250522977,-0.6849831711573356,1.2560528941267517,0.7799829305888222,-0.44342009119165715,-0.9751901717674245,0.1384864386664076,0.5684823529997384,-0.8403784143862699,0.5276115258059978,-1.0177400345253058,1.4385809609439808,1.260856244325886,0.7618409059542197,0.9182667789844448,0.5234405559377865,0.9490125502316068,0.5786116480431841,2.250342485101972,-0.4322161891499102,1.4458754446989137,-1.0657799182699175,1.1179044771130673,0.21665546002649155,-0.018373040829675405,-0.4583275216024413,1.423730166629364,0.43814980581213003,-0.7024442879691735,-0.7511253594587955,-0.6276031502328535,0.9095043660573279,-0.1909644529830709,-0.09173372276634294,0.37401660834011635,0.5814016297924265
2025-06-12 18:27:18,2.263626308496924,0.9540624890840023,-0.7193366849411589,-0.42927661850639975,0.3413696226289485,0.2949877551517712,0.7438567766924206,-0.04642260822704971,-0.3771901982506525,-0.8202507051302714,0.059227431664250436,0.5383291263037598,-0.39652654745745225,0.11878070197164387,0.8599598774047589,1.1761296147609315,-2.177335985344545,-2.2410540140822284,-1.0468269717553205,-0.8508818415528004,-0.5602742199871172,-0.45753330015011967,0.08412590184539483,2.4314489935130323,-0.35754449206031996,-0.5470571776936768,-0.5487991555842717,-1.5377881969831946,0.6111961162894276,-2.328068633583064,-1.1689089694731871,0.18007437466268725,-1.2255856890927377,0.03938577296718293,0.6494564818815416,-0.2917321761083265,0.539830691297012,-0.7642376887955507,0.3173593555018472,1.3216865120188253,0.5878605325294093,-0.7862851453361551,0.865071517837027,-0.04841883033708251,0.6103158070026129
2025-06-12 19:27:18,-0.2700424037941805,-1.3751406681182778,-0.4018375703419125,1.2728651666079234,0.30876722117756594,0.4606509444534952,-0.600023172103566,0.3462720552057632,-2.2010553157423915,-1.7868255699004212,-0.316999533995216,1.5459920200469761,-0.8586154700755504,-0.8264068580856109,-0.6479913603191289,1.115577269466563,1.214289701260015,1.1284603170100669,0.06507820583035982,-0.5122114122865288,-1.6222734413208166,0.8048552372950081,3.017622744021364,-1.0376261510357492,-1.4185349662897744,-0.17483196554593203,0.707644551334272,-0.032153816536351465,0.7782947501977264,-2.136993672210033,-0.5743275020940116,-1.4218541446154487,-1.0470961819125544,0.8950385529790924,-0.3569139599458149,1.0145296385413283,-0.2798097458803634,0.020010316267287633,-0.2041512650800331,-0.058210951790047365,1.0564749120639243,1.9043863920504713,-0.9137964186152082,1.5512044292575764,1.0227579443108477
2025-06-12 20:27:18,0.6611940727529777,-0.610189726944444,2.0958283575146774,0.6822183689296349,-0.3439917918070637,-1.5479141009193118,0.20758202067711964,-1.5507461402182383,-0.24298968463641465,1.8249015103739914,1.7011503988399133,0.0008034678502018201,-0.2815086324238181,-0.3817210499698061,-0.5536046725015372,-1.8774002433168004,0.38627760628763597,-0.7028262195853726,-0.769800549537303,0.8721366881473837,-1.7805828114613207,1.9420360167289887,-0.9116577239764047,0.9508598927424039,0.6731746819937594,-0.7256536915079078,0.2985913350498472,-0.2543291743875923,-0.2770172229277846,-2.1456755160889593,0.5976358619769417,-0.956262615020317,-0.4254357350818834,0.19028672040401806,1.0435166300707677,0.46816233924808964,-1.3781077797050905,-1.5046909350385445,-1.7823110474468156,-1.2488646344183303,-2.939023822853095,-0.49258855231307014,-0.20455731667225732,0.055430473067015616,0.5984626998733023
2025-06-12 21:27:18,0.27314261869455136,1.1161055115234018,0.12619698030507623,-0.38216611065090805,0.3197359076993196,-0.0015666143218602522,-0.0817151409432473,1.4277756025981312,1.1656626885304435,-0.22373401134605592,0.03501247368520389,-0.0991469681563726,-0.42273079738665287,-0.32648367124704053,0.42643206820205803,1.344838869342824,-1.489566478258478,-1.019722795277575,-0.3900572719822301,0.04661479866163793,0.9282405855135356,-0.9484404819939631,-1.2312135683995444,-0.4208030323932808,2.6559883405415294,-1.180256539207776,-0.21189702358730705,0.5141255787398848,-0.26024793730172113,-0.3691429261062284,0.7119601274778116,-1.124238457018435,-0.5077840970720149,-2.2763002045364957,2.403780100597506,-0.9220855358495103,1.3250879839126881,-0.06194505600584897,0.19251663336516509,-1.2924178052453554,0.18202891872546131,-1.0736635468134794,-1.4680800669196044,2.180404034852666,1.1947622338772461
2025-06-12 22:27:18,1.1796480805187493,0.9764659637895865,-0.1946928865064651,1.347331563648668,-0.7964748031593797,-1.1286729906970776,-1.39065289670242,-0.745029809834785,-1.1378216317695726,-1.0587523556311864,-1.1014086965490977,0.6011562651150254,-1.7679573239853927,-0.3534171901089458,1.0804577459906566,-0.4709747631059899,-0.17613124672701494,-0.42999473292007545,-1.9700350649880127,1.5592355996413652,1.0447477644220442,-1.6007504544197793,0.3984434851802177,0.8936070389350979,-1.015702268500652,-2.145992313078629,0.5360232870010218,-0.06394561594868613,2.8537269807106043,-0.12114324153244747,-0.8314536211990314,0.12901676356232503,-1.166774625339861,0.6615168336149231,0.7891227616157707,-1.1260313057731708,1.6946341939347356,-0.6428296821221393,-0.47985695855182453,-0.0006598795399378046,0.2712956191270625,-1.180202205986139,0.1896725468721387,-0.0416902584524048,0.09060702813024105
2025-06-12 23:27:18,-0.5017586667410774,1.3724137766390698,0.9297079069803226,-1.3647558138899063,0.5354680008722933,0.6705497260087281,0.8197182608846554,-0.6647462800452644,0.06382506481077822,-0.7601777079346934,-1.6081854504724844,0.2642948323177093,-0.12178697943211075,0.6622427017588023,-1.223810272760036,0.13689020158956286,-1.173067682740999,-0.024145028166989033,-1.2551109337505353,0.3311809657879536,0.3043294330879518,-1.0252468627039573,-1.3790386239441081,0.735976950365287,1.299198967185483,0.9595884419632664,-2.288118730311601,0.03882708184945664,-0.7468773168108175,-0.5089399903610711,0.003104036784433479,-0.7157219551369709,-0.6247021808247325,-0.7498208424222901,-0.2912769706506615,0.027262024870202302,-2.043040396555596,-0.5447774206910071,0.719016843411392,0.5475054973591911,-1.1680382974822352,-1.1473097464440232,-1.2578685090621529,-0.22949621253787084,-1.2314495641995933
2025-06-13 00:27:18,-0.5027542024882607,0.04417503283733779,0.1620427813445046,-0.5596787909194808,-1.8956424846716344,-0.37576274207299154,1.161840363678152,1.076526468828224,0.8838362298725441,-0.804721259263101,1.1095100606792463,-1.9232254542738938,2.130793573415768,-0.20139891939381777,-1.4079386858321432,-0.8595182912390622,0.6009624331466827,0.9028963343404228,1.1060640222427562,-0.33988432201780655,1.0906132233753396,-0.09574181052715712,-0.035454375280570355,0.3038037258499762,-0.39123968433062495,0.8188504433916195,-1.9114325718216725,-0.8773329748358399,-0.8340826066644836,0.5570393647228614,-0.002244883650035383,0.040764445681113745,-1.0593969776058731,-0.20743019630355847,1.0577751901623313,0.2944464413631814,2.003862589834342,-0.8615832092703374,-1.344948610805781,-0.1504121401923124,-0.5823188634097521,2.8122125848620514,-0.3390843333274591,0.38489104840809985,1.8265750039977806
2025-06-13 01:27:18,-0.8105163986797089,0.3282870467655105,0.49006540752096645,-0.5609691174527496,-1.1480984663127247,-1.4873749274659929,0.28597482937879876,0.4664230689112956,-0.425315816499351,0.5961651809179757,-0.39571527797303463,1.3065862807980146,1.7485608228232725,0.8146880136928127,-1.134248389998054,-0.07186307702215748,-1.4773956328802609,1.3845420996204432,-0.7421369165662968,-1.2656208749329814,-0.5858757791087223,-0.1155505383325204,0.427282976845034,0.2939912706420837,0.6876681871350491,0.05588966823371049,1.3895846739402309,0.30083232553236183,0.5348346704321156,-0.7278937493492815,1.1766705006402425,-0.2551073691930681,0.9681245716136699,0.154686442838613,-0.34246542347690817,0.25079467099471703,-0.8729144541652659,1.3158932602292195,0.030946969331253783,-0.3843248395774776,0.3958524243946168,0.619218872672144,-0.104446851472676,-0.8281989200413115,0.646419639481866
2025-06-13 02:27:18,-0.8087350256687215,-0.4463475357152945,-1.764559987188721,-0.12035384930451386,-0.37811049791436874,-0.6162238021068527,1.1094233292580695,1.3163806781966823,0.7436355173375045,1.9546963885382822,0.44943979000918893,0.03342642542293282,2.005301034918036,0.3087445632605826,0.2319941620480263,4.158958192780844,-3.3392426984550396,-0.09100952108579385,-1.5617725064748602,-0.304418628115539,-0.26029640786723846,0.6926554002946654,0.21500536059159062,0.13779753464464464,1.2471205708506834,0.9379663217063814,-1.101011717856498,0.13855753882015753,1.1243585969966738,1.6679322120515618,0.5589816992187174,-1.7741251007146042,-0.6709647236864493,0.37655703669382173,-0.3684519234398654,-0.10839347656024265,-1.332531231103964,-0.18847043097200922,0.5927822775112044,-0.13724207020229467,-0.2810939878279677,0.9003733834896761,1.0117949802928146,-1.6541544730998168,-0.598506218748796
2025-06-13 03:27:18,1.1598933085180918,1.4519758684447939,1.3919390946276669,0.9039501069605523,-0.8117827484877224,-1.9943072729787212,-0.4173817344546951,0.5903794837529082,-0.42131675976891647,1.294333405121724,0.08235182262875419,0.29752698322316823,-1.603369351489885,0.3813323483491388,0.8917970922031137,0.4044340103850857,-0.7218696548780705,0.42209309794898103,-0.1946379486362868,-1.3625031837734838,0.8485948179110171,1.4234892241455843,-1.275375696745272,0.011057835702557198,-1.3715146239681624,-0.4992357629606771,0.7023038762205789,-0.007148598475902358,-0.947660180888277,-2.1909607497332857,-0.3441700265322122,-1.0807454762191002,-0.4275894491225465,1.2782660058540247,0.0459206631468419,-0.3984522823702856,2.6587447693327406,-0.6400496527208843,0.7045844060863377,0.6825669355323266,0.18051222002709308,0.26146616257020056,1.0049843013400863,-0.4541987659549071,-1.1703057506236647
2025-06-13 04:27:18,-1.0207439650879138,0.928486435944512,0.3597560134529379,-0.6243821849003113,-0.5649877913239141,1.0642706160578017,-0.15218360307995402,0.6977477072872476,0.34785776461826806,-1.288135297351643,0.8268309419254276,0.4170578477846733,-0.7961546545439543,-0.47013055254981784,1.8529373982919954,-0.658564360077433,-1.8516831997923604,0.7985821873242839,-0.5926156969225465,-2.790900659631022,0.7018080869767106,-1.4110431025644945,0.04186667743186796,1.7171441806848269,-0.8277672408899442,0.7343122215397935,-1.5150193112506984,-0.2529140369416445,-0.4297673339446492,1.483340355447375,0.22429844366654644,2.907677228779091,-1.0810149218609604,0.03567113776178235,-1.221313505546969,-0.7195239903875985,-1.0622269290703126,-0.9042285703817288,0.43264899298688914,-0.8029704066670574,0.3411068317398233,1.0393816776172045,-0.6749193355980271,0.2697810580826137,0.4674875071510906
2025-06-13 05:27:18,1.4577427044601132,-0.26778457613621026,-1.8480712773131744,-1.4289249171409415,0.28668244232144824,-0.2978900393535397,2.201245676624691,0.13221662079144017,-0.9407004202211049,-0.2976202575545017,-0.878264574260269,-0.8521936923985333,2.422698639618161,0.7729399023923869,-0.6599313014896613,1.3117507229970975,-0.1759736910564581,0.5629951969991278,1.6930868253770734,0.5137185561118648,-0.623685536198148,-0.7963353996404104,-0.16153050176158743,0.6722854939590373,0.6041472870100582,1.4816413445824699,-0.7441516550330881,0.5611717911436089,1.2688272909391365,-0.8985258776677377,1.6266364929396828,0.48082443177463896,0.15587829852256205,-0.5015780594137226,-0.3681071552037583,0.3797597798898177,-1.0893974172366758,-0.8274415603297701,-0.32222617491395383,0.005260403759579694,0.9354571471459695,0.1855219282328602,-0.5980482793446139,-1.1922734048532562,-1.243222473920866
2025-06-13 06:27:18,0.9441624716832019,-0.5625023541142833,-0.7769146298340451,0.13245037938546705,-1.0868474446857204,-1.4130788632350004,-1.2494243909022227,0.1393126495428995,1.5017068798396676,0.9413400165630296,-0.12273682397052262,-0.7249132875346377,1.4413859722850542,-2.9201098651149366,1.1840670060317557,0.07837846694338078,0.49403956898654217,-0.486812576959996,-0.7230290777775462,0.017692677478288024,0.08462323502716698,0.6111175561534231,-1.1718793333720794,0.36946947742454017,0.04389528096785383,1.502965837112359,-1.531047307872206,0.08084717429030666,-1.195038732338218,2.3478249722303577,0.10924464351345418,-0.5327540729933595,0.5946814658442708,-0.08860341819634177,-0.44331248992428396,-0.9809790174015317,-0.1675784414975829,-2.2393433007914054,2.011165047783694,0.41959595866167887,1.0227365462370788,0.8635419401548668,-0.056828519611421026,-0.7907795194052378,-0.3407091137066755
2025-06-13 07:27:18,0.7722183853916463,-1.5641002655088512,0.30886303604109594,-0.07418306840140106,-0.7595138775033595,0.8763480458612847,0.9401544451956556,-0.918562512643691,0.9595088459116067,-0.6478743677838377,-0.10719446852343514,0.6486262263877957,0.7884794461885593,-0.4477213459254568,-0.02861468534798142,-1.1861508961525293,-0.7583479435573686,-0.23466047844611032,-0.8424535283592455,0.4439531886648009,0.9377865123327144,1.8829744147678882,0.8769051370187649,0.11628563131380694,0.18212653756969793,0.6234913401172192,-1.2915811700294153,-0.9780262105908859,1.4070892706723626,0.7205969800957033,0.03383961838761137,-1.1476030171305223,-0.5274462250813687,-1.8654064344022567,1.0553804956499093,0.7122407653767863,1.409751449707973,2.390178910117262,-0.38128093960341886,0.48872321146630676,-0.5743807533817187,0.29125408836280664,0.7916716795836787,1.3201054549278928,2.324344229433591
2025-06-13 08:27:18,0.47245184517207894,-0.12063367380825553,0.9335791637672101,0.29179597781511696,0.059034861274746345,-1.2569321750386155,0.9625242062506224,0.2210368544711243,0.7778449276109181,1.3791992585058104,-0.7989744558817212,-0.46394513056372627,0.49158353648536796,0.0046834533125927145,0.9560302090502625,-0.826387546703984,0.3454034002998548,-0.07491257235137623,-1.4164145208611063,-0.7063969217242053,-0.04119108210527693,-0.36746303198914027,-1.0945963227682465,-1.6057354754968447,0.5698388424092933,-1.0639060694709614,-1.043117123786927,1.3209646647059252,-0.21145679645562793,0.3771704681150049,-0.35852054750805246,0.46531177309116717,-0.5357627906170451,1.3224080164254424,-1.6016903322487819,0.1262761950973542,0.10207776741554368,-0.9494575946540362,-1.4548431212457096,-0.5352159893874815,0.3949588899119249,1.700323393006713,0.2982031503421491,-0.3083723415233985,0.5997418485315542
2025-06-13 09:27:18,-1.177335126703869,1.070588992140836,-0.49586362232988385,2.124129272310667,0.3537190256182885,-0.2906953422439152,0.10239357784218724,0.4942088759681754,-0.9318380146232255,-0.5543665569400282,0.2970491702887039,-0.2712634774509323,0.6353551746118251,-1.337391322539348,-0.2845282139233904,-2.2015420748426577,-0.1309353090525386,2.4993362505693746,-0.8072196196044272,-0.5964585845678955,0.1602827337254384,-0.31448131527008866,-1.5395289027829164,-2.414693428165576,0.5034846313868858,0.24622120080165594,-0.05203207142278609,2.3144247862539022,-0.6614940267344869,-0.4238641645796244,2.0908393104451437,0.8253139616607412,0.5079884787307315,0.9817012099173094,-0.9247246393864156,-1.0673617137629157,-0.04911617215590068,-0.43227730043510987,-0.8313373587113203,0.2930017758378544,-0.12851224304065156,-0.2172974516947004,1.982927872761133,2.1988110594685564,-1.2024342765684959
2025-06-13 10:27:18,-0.7326861898916889,-0.30554725702871355,-0.0998728170189355,-0.08175932515551135,1.2425934282345483,-0.04131494917510438,-0.15221745900513559,0.069245609011196,-0.01909573274972135,1.1562763864851815,-0.45579149225615956,-0.08047820227935942,0.4578949756554842,-0.6157574504092811,-0.26970636450917906,0.6726400114502751,-0.8886738394826917,0.710740276039788,0.44210476773717344,0.6198130972343605,-0.45574432953960825,1.2314981683624477,-0.789360714338358,-1.1115632324799518,0.059268880221661865,-1.5679683205457666,0.41634300051689865,-0.9239791971191487,-1.7599273664471473,1.1324502702286492,0.6189999902782907,-1.2085460782446995,-2.031180457552405,-0.28072020768625244,0.7761207814427736,0.786708598767077,0.25804289571440303,-0.8078141260336559,-0.819631332612503,0.3066046135175154,0.11616197214178589,0.17371137877965204,0.11498054295904482,-0.45699108157462137,-0.31295614262178756
2025-06-13 11:27:18,-0.22415951942417822,-0.7554738455484996,-0.7628462821660114,-0.27235035719786255,-0.5822559826219299,1.263439203068239,-0.371662229118819,-0.6176660133081783,-0.3320563151134055,1.454077640865749,0.033850802260583165,0.001136407361535789,1.2417327785426688,1.9208179947185926,1.0534644952565804,-0.23797238557074743,-0.3116883040312501,-0.41465671014658323,-0.051159434932175,0.5214944094208512,-0.5349039175045218,0.4140242983629781,0.29762287444854235,-0.3900485642827866,0.05817094623438107,0.3093703443530516,0.3906679978477704,1.2429881762244679,-0.2534419418382363,0.04893326527946674,-2.5843142355730997,0.4185060734967197,-0.274653421909871,-0.07422275753323325,-0.8984949374884188,1.3777448818670366,-0.4269818500345897,-0.683815406447023,0.7077468815649011,-0.6473827802441716,-0.04039767578822367,-0.026095723960460802,0.08477788021679285,0.06163216689233677,0.7379514582826379
2025-06-13 12:27:18,-1.6583702905742623,-0.05767552680354963,-1.4410991509627058,-0.7897151093794017,2.2740676423762807,0.7116841014958993,0.7807597953401934,1.3287886459889582,2.2686604197072566,0.6868041310306714,-0.6541530556575637,-0.3181926103984791,-1.2200643031779428,-0.8981620964232673,1.3852942087118252,-0.5032255465451542,-1.375645732143949,-0.23513861899661762,1.005860504802021,-1.0723693152996185,-1.219294694020425,0.4794879039484098,0.5583188585927479,-0.19970757666454522,-1.8639393280957088,-1.0293361401587955,1.0372987213267288,0.6936146409330989,-0.9750744348866764,0.8120364627117368,0.16069875108353826,-0.13062816052915277,-1.2446075123390543,-1.838295155555149,-1.1548837871040867,-0.9979289002106638,0.283265717247608,0.9361042511353186,-0.5521334634175596,-0.5512158426596302,-2.3575049644526964,0.43398521165721393,0.1924418094165498,0.11942591195466187,-0.9668979993866611
2025-06-13 13:27:18,-0.06911369036945024,0.10294091574841131,-0.7360046906060062,-0.07501839515628458,-2.0501291909591846,-0.6609070600477055,0.4251277734793139,1.3952201313256625,-1.7746105570953357,-0.5436915783160648,-1.4163891690058028,0.28798879511621145,-0.48537010117876644,-0.5445022173947722,1.7771451022883835,-1.0571592240230043,0.14283797740105622,-1.016711214039802,-0.989615832293645,-0.9738917595110863,-0.4006199343345512,0.30182045092258025,-0.272883483817048,-0.2338749034678171,0.07947709831463523,0.6476052878558034,1.7485632102985325,1.7053478833483156,0.24617585918264354,1.0490981103431283,1.1256255811686358,0.8463254457468117,-0.5759259558433231,0.24582054194379543,1.791817803595767,-0.8510814417342785,0.49862235343302597,-0.20523845189696968,-0.42349215847827915,-0.5865064624733085,0.5563157335803043,0.8233455590753268,-0.18489190367611788,-1.499707348893443,0.9317972649739358
2025-06-13 14:27:18,-0.08399640817393866,0.5182926445775203,-0.25477246443751594,0.17843986068904485,-1.125985571315554,1.4387434601509006,-0.21588682903173873,0.493488491615161,-0.10591573409165338,-1.621595811517966,-0.2148874869578793,-0.0342859935518368,-0.7709908887053821,-0.04928703048198952,-0.43511038962091986,0.2514590771890144,-0.0496549028580169,0.12262269982012935,-0.8991620840151646,0.9551896269915413,-0.8388584164562654,-1.0860558531869449,0.6175481351109652,-0.06553808672193977,-1.266605283799327,4.119983761402603,1.7863907994151407,-2.217081076421077,0.8121253505993434,0.6818483010160611,0.3082093414404623,1.639109181860857,2.331273778662801,0.7921448094972879,2.7864731072849778,-1.5518243956575688,0.3775880393272448,-1.5486960813170974,-0.5676648341583205,-0.5505871765524825,-1.0198637462188287,0.6576085365358122,1.7438373636932973,-2.147788401033303,0.16685286790346737
2025-06-13 15:27:18,2.2417000767767776,-0.7528436447652049,0.7055162090168676,-1.0494788765684202,-0.5040896725181814,0.4874317782069778,0.19185348341178468,0.8113266176657837,-0.2461978262649619,-0.8000095216346055,-1.8720992587723113,-0.7564083700208486,0.7092226298994132,-0.2645653909932771,-0.514700834689938,-0.3767278966995515,-1.0290302879700768,-2.5758277711440085,-1.2005505163724999,-0.31302151533867756,-0.8842658416549449,-0.1003478483424935,0.7100958964122193,-1.380798432836418,-0.6684475941858183,-0.3019523869972715,-1.567856636934782,-0.5973577894499148,0.26920447850316653,1.252866986592865,-0.058091098331929165,0.4420018470250445,-0.12495038126931726,0.5946244220094945,0.9823095384324678,-0.6887041545009603,-1.0918947579285658,-1.3722342614364222,-0.393949486446652,0.6714458905403632,1.213913683098048,-1.3648053915131153,0.060272632954953366,1.0086920180987595,-2.0971468680408383
2025-06-13 16:27:18,1.0297448425365456,1.3395889927753815,0.945953736621005,0.6977080532012089,-1.2079844282336276,-1.6591850827260115,-1.5838807823551726,-0.09882505070242477,-1.3431246425710635,0.5080841344399498,0.7023777109790209,0.05893152896912852,-0.03634607499918706,1.0058802838591105,-1.0400686026918269,-0.7347798268472052,1.5094605786730395,0.0545498717567732,0.056751422445526785,-0.09220293833217988,-1.3960038105923078,0.06082843639112538,0.9364306969236008,-0.375079245282275,0.0644937161681564,-1.1051599630444127,1.6827391291284612,-1.0284955714097148,0.10668361074695588,-0.19863583566000623,-0.7142661235684394,0.7314431683048153,-0.1972874537189348,0.9920903933731701,-1.022313716961096,0.3735107175049008,0.9442204811220716,0.8505168267668902,-0.7759663400545099,0.2214244932491923,0.4879336817854396,1.6468676573811587,-0.3109267424847369,0.7802346402284348,1.4642154222997945
2025-06-13 17:27:18,0.6546524740782271,-1.6168038264204048,-0.7500364513906027,1.5729030525450114,-1.9356035082729088,-0.4354040686669537,0.12615339880329873,0.15425031608258183,0.8751707832349194,-0.5370952179426878,-0.9364924548379296,-1.2004414946893534,1.2631556559095023,2.268889050248896,-1.160320292552982,0.40606382610498004,1.2369308483292012,0.8724489622229078,-0.1957934175644895,-0.7880091434956867,2.5617298105104163,1.3395037047658902,-0.30923249532083336,-0.8687622857163181,-0.5959907222841793,-1.2181290965197062,0.3222990455054707,-0.8720391196449262,0.6452293428318704,-0.5320612408334074,-0.05176082570445634,-0.8753856373866904,0.5008148675783591,-0.5142881381975491,-1.1394807828718065,-1.7322880477614966,2.0374281985283935,0.6740707498742187,-0.5838928952764905,-0.4044907893246857,-0.48310393470204316,0.7770550948668671,1.5244317136799397,0.8294721694291028,0.6113759235026958
2025-06-13 18:27:18,-0.6045249374678614,1.7681870060195262,1.0016588696445674,1.4572511266604489,0.897888755861729,-0.24092626832171687,-1.3520632289452577,-1.8359516186933453,0.6583714054972888,0.010283736394671028,-0.709069445421785,-0.37508924644018465,-0.42805980419474504,0.9261029072840141,0.6752413068033774,-0.5363064764007864,1.6681498116069569,-0.8742465137869586,0.5664492603989896,-0.9527277258478217,-1.7372093511703697,-1.4527944600367169,-1.3772251525085637,-0.6235178625395635,0.22206803027505093,-0.03251677425010076,0.07331086259409418,1.309902682091248,-0.06905854909072347,1.9352250068793475,-1.5841981110698777,0.26987669326418845,-0.9784085179341506,0.6464764838999705,-2.7684638407890247,-1.0567647816063104,-1.7897854390805041,0.20332035818197455,0.8867966319651354,-0.8705500502881928,1.5604012603444786,-0.2928302341259806,-0.7123266773994692,0.0486507806022196,-1.4888026950103999
2025-06-13 19:27:18,0.9782068023552352,-2.2514725801169506,1.4974785238316837,0.25074656108581983,0.7800785885300071,0.19855784094892262,-1.4533452010768648,-0.5454884909428246,-0.5852910956848402,0.707125876118952,0.2630345792163948,1.9201866274196517,-0.2617361073158533,-0.05713766247758951,0.32767136380362816,-0.7468064153630878,1.2644174715859633,2.1961152917573896,1.1785239881599083,-0.05665589381367338,-1.710660393911841,0.06243643798814273,-0.08795583851950221,1.471807917575063,-0.7481831382671131,-0.5053274145000003,0.2856538230095131,0.555953368288871,-0.17666224662742722,-1.0595011897186695,-1.0171675134259388,0.5145794566045047,2.196111174933926,-1.675565862735858,0.4025541516742267,2.233847233507128,-1.8168551637473178,-0.6391718237526527,0.06271811779142887,0.39735324996105326,0.5322618250408242,0.9764690225100676,1.5127306312729458,-0.4216068202488221,-0.4913514781394271
2025-06-13 20:27:18,0.2775555440362115,1.0520124753828244,-0.05218343693020444,-0.7372962768543049,1.7486001481328293,-0.056082424757124535,0.7687639619492241,0.18444416018952042,0.2216170751570245,-2.7139824725691395,2.0898781320801056,0.12849904975012028,-1.538783757474146,0.7801640735602984,1.3292953079748975,-0.37790039632916034,1.146763103861416,-0.5291280516172141,0.5966385486742336,0.5436542636813437,-0.9108748597056048,-1.4426964641109077,0.3026449031024861,0.2280313739169549,-0.49473999702724547,1.2993869574020487,-0.03108164843273856,0.05888120377225751,-1.5240344750631785,0.3145871932727559,1.1570793513976918,-1.3760450115578367,0.8862929305266065,0.44765983781272495,-1.2767729048386713,1.7497306254671103,-0.7964192070927315,0.18374526981987532,-0.0757759457083381,-1.3913357752676798,-0.42561857114001733,-0.5807714712778904,-1.1124006907579405,-0.11867599084182852,0.6296377326923228
2025-06-13 21:27:18,1.3198342719290652,0.5931357897669153,-0.3530936087196499,0.9214513602659344,-1.1723983030723086,-0.6405184789268955,-1.716140984818314,0.06984736231363502,-0.91733634914559,0.4149681356410855,-1.3811655398637064,-0.09819180139402005,-0.044744609727071734,-1.1044817381185787,0.3971913126765897,-0.540364679915341,0.09573235291843081,-0.9760646095622162,0.3379395762150344,0.8467000700190203,0.717864528075929,-0.5641751119156507,-0.6748641241201536,-0.6950452705641342,1.0001063596607571,0.5658924167125631,-0.8374636729710758,1.1559850455904261,0.02930565464942401,-0.22794593076055394,-0.8115865438627071,0.3234137197114584,1.652282457479227,-0.32330061431635493,-0.4692088668744215,-0.6779580776372518,1.519217536571945,0.24809759567411904,-1.044938907907335,-1.992416218871861,-0.3103725605792096,0.4257106512921427,1.4683615316075722,1.4656368057855054,0.4590733159938333
2025-06-13 22:27:18,1.4344377335406437,-1.015568854539224,-1.0246604284607197,0.23843183158204134,-0.26237996152062665,1.026710077316598,-0.08819913285087004,0.1775688225099452,2.613511687343278,0.6874614937895789,-1.152915890045737,0.2554918407825984,0.4264121205304609,0.8387719426543524,0.5515781736113167,-0.6726892280396011,1.8734227138061905,1.8562247117844672,-1.9041971864140046,-1.5550421037820368,-0.5374414145416163,1.371524873400677,-1.7479074502453307,1.009918765811559,-1.7068999632626145,0.7893121810390488,0.34365012638887255,0.9775564218097916,-0.5281966707505305,-1.228338968732832,-0.10918124782795097,0.6124080899047366,0.5025603641323414,1.667784434773736,0.4975796008011858,1.7713637115704977,-1.257132070213099,0.11550432443326863,1.5173222766359657,-0.6633619329920428,-1.8229588054059942,1.505611801469575,0.33653990620730695,0.5367193004386874,0.5539006031242287
2025-06-13 23:27:18,0.052951448908403365,0.4506316282986345,-0.05861427089160664,0.4046275576991539,-0.25129845437912635,0.06450924063387901,0.77659037602681,0.5106949803843104,2.006553259191504,-2.38376773569599,-0.3928139198663969,-1.850377664815155,0.47642723781099977,0.25219003209879776,0.6477259325539697,-0.9101256268937508,-1.2494262654220623,0.7048938351304103,0.03562602952592236,0.27271916475919733,1.06163676963497,0.05148383779100672,0.8578151076965258,0.10565581988112492,1.0902962756349868,0.5472708480307146,-0.9589493224803264,-0.0404482679965509,0.6652153702332814,0.2188626761766353,-0.7245096567680056,0.8589432013768976,-1.3799469286444879,-0.8506508353591142,1.8425341302273088,-0.2315329482074275,1.5061508692373093,0.8151708665771854,0.9937173505770802,-0.3553313987434115,0.25209296457455094,0.0490793375864077,0.24511632569122138,-0.012229396114194423,-1.8397396009907028
2025-06-16 00:27:18,1.0827798720940542,0.25493307226664125,-1.620535456491227,-2.0305803852577182,0.2329471626281512,-0.5038845040268275,-0.6336024796559262,0.7543066935567839,-1.2057704966106848,-0.3057038586713316,-0.07724606160152366,3.3521967682871217,-0.8418229762971775,1.1174083700926185,-0.07970625895215153,2.6239175074631578,1.4582431174382977,-0.4617621943091046,0.06288677556797861,1.1702811968211209,-0.1953003551290446,-0.1960880600422369,-0.14329779888685307,0.3411163531638339,-0.6173535241042952,3.181198982528483,0.38615153134850105,0.3253191917840137,-0.5571295538901945,1.3919746593428393,-1.0864515085933142,0.2934132704179151,-1.5133650277556858,-1.460647092994139,0.6652736740994613,0.7080647708425685,-0.3438877029453673,1.135443157598221,0.9248154531352978,-0.33396405000028645,0.13974523695046123,0.08762852832813625,-0.6399381401042784,0.3606359547583257,-0.5457131538235358
2025-06-16 01:27:18,-0.5290898602283445,-0.05601007712357031,-0.7840207515792055,-0.23564992789718167,-0.6436089626610819,0.2407819846016665,-0.3048982242089729,-0.5930609449252386,-0.8964846882254236,-1.379844464730659,0.5645121761192939,-0.42831661052511005,-0.07993164989726641,1.0016012544869588,-0.591039328110546,1.7104564954072226,-2.418750785824973,0.6763016795728348,-0.4468144234780759,0.5291016802403347,-0.6627925916430754,1.364932241169214,-1.582798314990505,1.8362133679350623,-0.44613549690912,0.2820931153858177,-0.3340873663203843,0.2505023378380514,1.0977510681755864,-0.8613415904979493,1.2318865553161678,-1.5545784753368934,1.4615120450519463,0.8896743524248761,0.18373253949669768,-1.0474575780462096,-1.1890377637645186,1.5655173472657848,-0.32162838665192595,1.9102589988110952,-0.28644267069071705,-0.10745787796979357,0.3897577653271393,0.21248623109376097,1.7750216909788754
2025-06-16 02:27:18,0.9939318527443264,-1.5906772360811035,-1.5868133393592867,0.5785438234310157,-0.02899587131015746,0.9872407325693137,-0.8334860248691894,-0.012398726775255596,-0.49755949055241844,-1.35381236255806,0.04441128009087381,-0.3597694652678516,0.11430270720165174,-0.6910825650217663,-0.21133425713949727,-0.9072267867271601,-0.1730130806603376,-0.38958297456199276,0.6110107814678963,-0.930740965548882,-1.471415161680421,-1.0949704605011588,-0.577528099168993,-0.9206028634599436,-0.39257462501085083,-1.1233259919251126,0.37618503511294543,1.399187106286282,-0.027932281498874435,-0.6653877220079815,0.6429633663925353,-0.5051151385598606,-0.12798323738334907,-1.317173296426256,-1.3728032218931312,-0.9017578022723916,2.701572343783345,0.22888672279734604,0.14735216301815965,-0.9087720931047064,-2.0946977348217004,-1.26774368889404,0.7838107868256843,0.765571133298981,0.4923083042192287
2025-06-16 03:27:18,-0.5327453703848052,0.8143023714444327,-1.5426485953681675,0.6742841096209483,-1.5012373740948115,0.5077164265227883,-0.3341418948155765,-0.32351984091386315,-0.1586174866100351,0.18530971518329725,-0.35873354861883205,0.03326209188435219,0.054712743018098406,-0.21190178183566755,0.8903606875371461,-2.829387823458546,-0.35946329652897,-0.7301604072481762,-0.544916546731497,-1.047718061413491,0.40040312706718595,-0.4328977041096071,-0.00739179249161756,-1.526531721680512,-1.1330812656177438,1.618939960919575,-1.1900860363905792,0.5989137985564044,1.5775416109471385,0.10595310372030213,-0.00019277285984100814,1.377845033045238,1.3580856971660302,-0.5988527307145328,-1.0845937432173183,-0.2637656305666079,-0.8254542413119045,-1.1787081214584818,0.2519592811337786,1.438877867973679,-0.7679341747150995,0.4133789360091249,-1.1599726243232602,0.5119817486218743,0.18198468045385652
2025-06-16 04:27:18,-1.6244476275760826,-0.12458211766515406,0.9156267567558221,-1.7628298481190954,-0.5508392961689252,-0.2335215925721138,-1.4109571754800845,-0.9702087646618507,0.011077983750491394,-0.9403486858022645,-1.4713532377666312,0.10096956883053758,0.9256010212576611,0.4915013529724523,1.0780937431512505,-1.5854744571000918,1.1966272727611882,1.6369437737993469,-1.0834995985564766,-0.20293458767691516,-0.7397861306859382,-0.06372573692212948,0.07766401562450463,0.04222562881198605,0.48083572717351697,-0.8805140801709352,-0.5154259284947835,2.3341305674205453,0.4723752931890376,-1.378246393033155,0.8035992234215342,-0.7633158501932243,-0.34196017484105623,-3.4093875870045496,-0.5294227019601955,1.8850337422853873,-0.24024084795219067,-1.3987154686463756,0.3487696105978016,-0.7978993303342953,-0.39987821930604545,2.331477493145591,-0.7285738862458151,1.4423935000581705,1.1502387508987422
2025-06-16 05:27:18,-0.040641745582447125,0.8123027495336728,-2.807342706147556,-2.0910731616077274,-0.7219025484882651,0.8422318051724798,-0.3301370422728683,0.726081808035951,0.5898793439365473,2.2670136469083624,1.0005052232224503,1.4811113005892795,-0.40787473995759527,-1.4926023981592105,0.5564593253663423,0.6527672538161274,0.009202947832221803,0.38391667899899035,1.778394956049125,0.8740198288188594,-0.6070444488946939,-0.03396900554791744,0.39917973613672164,0.9098775906008238,0.6740060647138355,1.8555109850484257,-1.1033102048120977,1.0826836752473152,1.1558629747083855,-1.6827052437666417,0.5994227128119569,1.723566783428624,-0.4367136546612063,0.9144923331812286,-2.310647747006502,-0.1878861810152638,0.35716707112027934,0.2915138658435438,-1.3639143375289295,0.32151274465423924,0.7626296507806741,0.4101113780533699,0.00840511415962754,0.8345065606543087,-0.0033902360970710192
2025-06-16 06:27:18,-1.082764812434193,0.7911867017032281,-0.22143600492722237,-0.5139558381832399,-0.7367014837854847,1.476536758288536,-0.6460102965158764,0.6230648083823399,-0.6266521107480048,0.672009861766973,0.14383713937653844,-2.021514884156693,1.1993831455658404,0.3304242672985603,0.7909520434515902,-1.2803401563034582,-1.2162613036509873,-0.5877898409707137,0.5443158574841632,-0.20820820459864228,-0.08701405850313189,0.20720855554359494,0.5600186728269831,0.9094446698161192,0.47869095999689193,0.08882858707599238,1.1962783813898739,-1.4686828604827709,0.11109145873336038,-1.6904114170199147,-1.039549105221094,-0.8044912673409956,0.6292666839219792,-1.279929269308331,-0.36293434012423437,0.7385143017830857,-1.735746490525553,0.15348015596034084,0.14813188920853534,0.04721655252331619,-1.4451559593574173,-0.4805107141870926,-0.7622596015052162,0.307735272854813,0.5083545476292722
2025-06-16 07:27:18,-1.1004710513363951,-1.046496218590142,0.18014632689562832,0.042648768252296264,0.3713196547191069,-0.5041906020014963,0.5045513312469712,0.8264532815444535,0.08735237372914383,0.8207743702468467,0.15642661750462095,-0.21998509013512374,-3.33867581831938,0.9566184809686981,0.42444367840944963,1.7473812013709658,-3.2203322465598445,0.5859250565300292,1.7121697594741683,1.0509098394228475,0.8523618588512264,0.35787440835080003,1.4804350413981473,-1.7819361323095277,1.5696863010659972,-1.307003370120943,-1.0568317492696657,-0.8880854016136879,0.7319392861419336,-0.12800026509976634,-0.22748960688328365,0.5704603720082099,1.0008034483190678,-0.0431585681732054,0.6690354339326476,-1.2345261017378877,-2.097390830465643,-0.813543257590033,-3.455709539278498,1.4643505444830576,0.34084130121973094,-0.21165587375097658,1.1505427909635153,0.5383109956644565,-0.7735242484878276
2025-06-16 08:27:18,0.5087239847429836,-0.24153152313257376,-1.0932606517790848,-0.3687636248948421,0.3714077081477789,1.6924016227719658,1.5850545764622097,1.808191573750329,0.6820784298194228,1.070079225720278,0.005453152383972388,1.456022855507877,-1.5435857498886836,0.19754083668856778,1.8185534590578158,-0.37390338364515474,-1.420101810033701,-0.8028171793120693,0.4601790099182355,-1.663702465435808,1.135572657690322,0.03724121393698009,-0.5099105363271309,0.35942213034257375,1.0962278943226968,-1.0639599671369937,-1.2685597332549485,0.861978644089479,1.5486318880985308,0.4499635354181108,-1.3251080902014538,0.34859630516300505,0.026530869106601525,-0.20972252743411943,1.2311606346708914,0.40167088077620816,-0.983339725260101,-0.33724675903449525,0.982366742400755,0.7245926563091798,1.1145361216297311,0.1550775900150434,0.6277364166494646,-1.0599609398408671,-0.39545530240202315
2025-06-16 09:27:18,1.9553306043083614,0.1762483522189028,1.7082546975779125,-2.00900637234406,-0.5574830075859415,-0.896093916472741,0.07747814844626566,-2.0243873631335623,0.4482792491524852,-1.4467059481503197,-0.0627650413859038,-1.1668337299348561,-0.43753931529719164,1.2456321853106036,-0.4705612962797617,1.9499821363791143,0.0015798093264325966,-1.6157200689550417,-1.1659617830150624,0.11845659799264038,-0.01080111730117134,0.9127598702276866,-0.7725816603952091,0.10288102191261483,-1.3110076947165408,-0.06721861744376605,2.397489770298169,-1.560113521438167,-1.2607626012351945,-0.7307996962601667,2.7564410086967195,0.5502830584134387,-1.195813151108474,-0.22164737418832078,0.6659354668464114,-0.2867132974430788,-0.18913975410093303,-0.9266524367639367,0.8940267877852663,-0.4918434637119517,3.5507397741065,-1.1926412289332946,-1.8411043538670986,-1.317962272833705,0.09514151013374109
2025-06-16 10:27:18,2.55591527030945,-1.246125844844309,-0.9119537743776747,0.18173453396446881,-1.6794132990237434,-1.0213636911013333,0.14280539138165718,0.8883647432941794,-1.6744444058791754,1.0941135921780347,-0.9294181272066314,-1.1668123881237356,-2.50182434382108,0.048808938051824735,-1.4724781030190346,-1.6075369664433181,0.9947615028534321,-1.221593664665098,-0.15501858432679053,0.6619802658941412,-2.207167346265654,-0.999680892179869,1.5302661410407512,1.2323267968265703,-1.0670863736628398,1.5950585327830105,0.6322108207892448,0.7361223613652476,1.3980626862422831,0.47185935110184135,1.4497010550964715,0.7571729041348013,-0.8966837483722261,-0.26172568547529057,-0.5474712264034848,0.5536080746418179,0.4006738565978101,-0.2608089872270462,2.1750615188495788,1.393150661406948,1.5469098207479892,-0.6751017437562622,-1.8789675802030703,-0.16483950657998483,-0.5649254541004597
2025-06-16 11:27:18,0.6699700186646622,-1.3227313369619669,1.2310085420020511,0.9626661786963014,-1.0910841498884436,-1.1730168402574772,0.9458639286119752,0.18317559848692105,-1.7324012807652258,0.4032718940007784,-0.6060591588792739,-0.5128688093343486,0.3155770386707559,2.7072815627168363,0.6044404175368946,-1.895663701888657,-1.423374755119035,1.3807034747631532,-1.0606106136207514,0.05216645850369322,-1.9404895646074305,1.4711920629275488,-0.3263299513683367,0.33856576596950866,0.8557398939787857,-0.6720945111749544,1.0159980987835362,-1.442291669278711,-0.7467925784796288,0.48171048877238465,-0.25303608504696745,-0.7328046595103788,0.12654130583417167,-1.55643408275924,0.8298397941933442,1.8977730143799536,-0.5535115349590359,1.6751333690007242,1.2953624292118089,0.7259932358954225,0.03705451969474621,0.6476291426216902,-0.963693862746961,1.2701785018711387,-1.1238827970658523
2025-06-16 12:27:18,1.0583739711030493,0.08659372097059913,-0.21746135744747602,-0.9366005743060866,0.4178467392610849,-1.1530687035909357,-0.14751907977878106,-1.6156496417362876,-0.47045971505880746,0.5834515578179791,-0.3323465083756359,-0.841996772721086,-1.1935671949234794,0.17026145492012393,-2.2353660765979395,-0.19963460897952567,1.4631696393657774,0.8346009672883227,-0.7184129771991944,1.20884024030478,0.17830564033233381,-1.9010361505169349,0.11108845824402347,-1.7655250304518333,1.9014823953716002,-0.7657580831193254,-1.55338752684169,0.28068659467175006,1.3222874226265267,-1.7109957385239307,1.0684803506411773,-0.6769955145789189,0.44731927420344636,1.0520911663679162,0.6075317174833867,-0.4900030089465886,-0.7441112984087948,-0.07319233373909746,1.7210793732186602,-1.0657658801544094,0.1678993398842868,-0.3655131084446513,-1.4619896281968787,1.2772205259302305,-0.2377778642603559
2025-06-16 13:27:18,0.8043973849130798,0.46533787010673133,0.45573573146295915,-1.4262552272065614,0.3992728859673271,-0.6144474924266498,0.2639220406983862,-0.5103837872445819,1.904125942018958,0.8725722062999451,-0.31677667179017527,1.5459864591436845,1.5697339451673187,-0.3067009826312487,-2.120467895396411,-0.8041069675598941,-0.07626948278657172,1.4828073427368968,-0.2806321515237,-1.4812433818492936,-0.36537617245629556,1.8168362579137411,0.40548696156864333,-0.32553146423189183,0.1249499164091738,-0.10766813930663359,-0.635500615240699,-0.48190379208188366,2.2444698784169947,0.8511587185137998,-1.181454170155484,0.39722965174292296,-0.01678816119729755,0.4840481102695005,1.9271801465296516,-0.07926251537491753,-0.6652628148227208,-0.17771433820083396,-1.4832068963460308,-1.830390692950836,-1.231919686786772,0.35387137124973933,0.7314862719292206,1.4194401278302782,-0.37208720028308073
2025-06-16 14:27:18,-0.17841899508345618,0.37733202630539486,0.5651231297106506,-1.0172095134439043,-1.5005193133875137,0.5400086419794312,1.83903687916478,0.7393721422209836,0.39927020252325174,1.4232025784579698,2.2886878136997253,-0.5274918518448076,1.002239904231037,-0.3094817697042572,0.17269312486853097,0.35391182152356776,1.3059744980127188,-0.4748207413104517,-1.6318592745003662,0.8638986703009773,-1.2044323803906376,0.9802850397337062,-0.1461055485105326,1.394458408284358,0.4718521997537865,-0.019960965760302433,-1.5529742704346163,0.2985541225453796,-0.5166468010852832,-1.4929270721755057,0.2310030546018147,-0.868530822197745,-0.1063339860155036,-0.15003405768931075,1.1425410674851997,0.02786593633699534,-1.12344089375615,2.3624889911340485,-0.49105814323489183,-1.4501686638591944,-2.9652562106162415,0.36225376746963545,-3.1333696779697946,0.49846952251900983,-1.1934376092112418
2025-06-16 15:27:18,0.7988695052032813,0.3857560737492562,-0.3086696847390445,-0.9529071637756336,0.8973536777393758,0.14903062582854062,0.46036502311162847,1.1080511785115361,0.7443006094110729,0.5320387949900189,0.19380759523283156,-0.3466775761978823,-0.8862144797951963,-0.6479414424216825,-1.0529924308111467,-0.19201488567187233,1.0836041902435956,-2.1424117750076066,0.4034269163643725,-0.685179999904422,0.5225570953709212,-0.16360722132940408,-1.0746611837983535,-0.029630484880037,0.752477786725841,0.7791574324354461,-0.35734013670106796,0.45853888607295773,-2.3712533137840275,-3.3181921494135915,-0.22863471673009841,1.8859990318231823,0.23983819627236805,-1.1369794338099393,-0.6838378893558891,0.5514447103003651,-0.36549295718796027,-0.3119772321303839,-0.15177286303370152,-0.9492627531184867,-0.7905195179796508,-0.6817142651923109,2.3958074983527027,0.8523925346470349,0.6155446788572607
2025-06-16 16:27:18,0.05316091826328452,0.3978939396927885,0.4603608259428213,-0.7396108044145605,0.9225781142607083,0.3417623739883541,-2.5929241468735906,1.3344467328889167,0.013109366157278974,0.49816294331518274,-0.3660213271379535,0.34561364949070256,-1.2731554443353497,2.2362395964654795,-1.3777999862692654,-0.4026120361680995,-0.4019820555827994,1.1769752985545812,-0.47831096820313873,-1.5752924400877284,-1.6497186840743268,0.857061920400828,-0.613256686176333,-0.32461393356743123,1.1801601347009376,-1.6350409061102484,0.7311628649722977,0.20907515835931756,0.859280031981773,1.2490901962042251,0.41412068981664646,1.5032047557827366,1.5845784526277942,0.3794729940606515,0.5228943193017022,-0.35978494648949133,1.2722857973438595,0.733479483452634,-0.0952639774606714,0.20044420848766056,1.2211558366271311,0.46633637740033773,2.3383900383856706,1.1376979809218064,-1.3064168713779363
2025-06-16 17:27:18,0.741161067152108,0.1808332137263998,-0.05093792205626268,0.21882630885102505,-1.334023169024181,-0.11275536717449453,1.6993844183538644,-1.1515922479145915,1.006149498744245,-0.8071165900725422,-1.1529160640327376,1.9075597850018724,-0.02886852077712698,-2.5007375000499086,0.8968232194860936,-0.25447134038553015,-0.6634466546464546,1.1887589957821114,-0.6999140331796333,-0.8561963368642205,-1.0361758967274155,-0.6663856429992103,-0.08652564499931095,-0.7431757404509269,-0.600822348887533,-0.4989627577984462,1.2118422943753422,0.8657916761029485,1.2527152968694097,0.13627712644066423,0.08505344063089655,0.5659386322997577,-2.01070503145514,-1.4357084752952092,-1.0942029137823013,1.6267816557889287,-1.3270187444199648,-1.100077685751737,0.19851858321690763,-0.9052980559682164,-0.5445305005455883,0.5704222780114347,0.8507896044627332,1.5300116290297323,0.8155111205431926
2025-06-16 18:27:18,1.0399622210540307,1.3618907353957805,-1.0172191509642494,0.7346172944197403,0.6313449431091209,0.6245620912408855,1.5858790866211756,1.2894640127994328,-0.4344650519677845,0.5409228614938861,-1.3909756344960533,1.0358087063045467,-1.4818479477247442,0.8264495899373779,1.7560021163452033,0.1945172772492575,-0.8388256855397053,-2.3000435273093744,-1.5135285358815747,-0.6056672222978592,-0.8130811329163679,0.15095827188432434,0.2889394011224792,2.702620006134382,0.3482111067102382,1.8264259314290716,-0.8982618284033476,0.6976733330860126,2.0840239304803996,-1.2255730036961978,-1.9345461083857025,0.22526588356327834,-0.060620450958469095,0.4477084993911654,-0.2539078063133264,-0.1709412640391403,0.2342896255252137,1.5887997144109083,1.9828417247850771,-1.2540601439615058,-2.150465141441604,2.1974740769708534,-0.9697270674257166,-0.5056883987606394,-0.8007827650640438
2025-06-16 19:27:18,-0.37568817352746325,-0.2822627628545547,-1.8725193368361817,-0.17343637523706293,1.2391486079069058,-1.1449825816187598,-0.07420612981998484,0.4717182744000674,-0.3120708281588467,0.9989864683487684,0.8675306145480254,0.637063922000639,-0.9630742459471189,1.2650347431627478,-1.7245291239144787,0.6420376163991817,1.2952893424347138,-1.613191938382669,-0.7374520577757226,1.9009657267261082,-0.4959350652180563,1.0441764842171122,-0.013309160276585057,0.5708263374305357,-1.9803749910300155,0.9944670293001969,0.5014290521602984,-0.42343991814791954,1.8255056708569972,-0.3422477197937502,-0.2361689777103823,-1.5529303523979736,-0.619393658314409,-0.29985076564983065,0.6142567446291358,-1.1552053822999968,-0.239152798240501,2.0570731531090622,1.61672663482221,-1.0199819381755881,-0.0910794675350339,-1.2199359789390647,-1.2832377590231332,-1.1759177539266303,-0.29628776154167596
2025-06-16 20:27:18,-0.2959318641935806,1.145462267129946,-0.67376196153854,-0.6869961370487279,0.6464820394844454,1.0340191398396934,0.1359155788034034,1.4018825724547361,0.8573222567246879,-1.515102133236034,0.23914853487422313,0.18843861387076136,0.48475526741691954,1.0218707513127627,-0.16227546360723683,-0.040428620400225795,0.8613279355989374,1.0937484289481754,-2.396574539464245,-0.9017174555073589,0.9025528086003252,-0.23352676309818204,-1.9722398115559363,-0.39754032928436406,-0.46693861965648903,-0.47842655912544463,1.6627855506766145,1.6826273313355222,-0.3790667664720733,-0.5758118601809961,-0.7156162347808871,0.12307292454180123,0.7259860146763744,2.451191527064765,0.5123927675305039,-0.941527074968581,0.8442543742818844,1.3752722373778248,0.2924217688970463,-0.37943985194141866,-0.977644074029275,0.6898758934890088,0.2517224175118122,-0.6808444528495997,0.8524608289258849
2025-06-16 21:27:18,0.7367812584810207,0.9069943640260066,-0.7305229328786037,-0.46366926312099577,1.616799314621832,-1.3331264748617937,-0.7558749235612094,0.5300233393354061,-0.7159925283083363,0.5915260433329543,1.0053772527363651,-1.1106925600839694,-1.6869522497399507,0.6949823234199544,0.6452107627497841,-0.1531236665999469,-0.018510446386065697,1.1787466546237866,-1.2136579324700356,-1.3993030091053864,0.5795359690966653,-0.06041401579006562,1.5628710883042203,-0.6774732355259845,-1.6182635125735088,-1.1950185671771048,0.2050213931187627,-1.2659643290236806,-0.3223440594476846,-0.4648377323133415,-0.0038455503620244227,-0.059563250671080606,-1.7054805694893866,0.41738335641067276,-0.45303939090809087,-0.7825311976141539,-0.8538491939123882,-0.6987341292167503,0.2811050269564352,-0.30799129426162913,0.07788845643144454,1.2166666421751011,-1.0652996377927173,0.5052246393504569,-1.39234848698628
2025-06-16 22:27:18,-0.8016417527318431,1.4638347573069654,-1.1362700233036693,-0.7738911472897175,-2.4756692744125415,-0.0032829246166647588,0.7053550956916846,-0.8230640209466533,-0.725380780693089,-0.5023597876637447,2.0127144249266204,2.539864591069916,-0.46083803817455304,0.933848346828355,0.3903052453579634,-1.6660710933791336,-1.6507234358489893,-0.5272651875422749,0.512424110930822,0.3122410921463342,0.34423365020776553,0.6472572753488477,0.5637172888278148,1.28353951031607,1.1837649347175945,0.7247595917149751,2.6048150731091204,0.42511051391557436,-0.2979448645772409,-0.9404362091210697,-1.7580451000276485,-0.7152154202063005,1.327415323316107,1.9358542365960014,2.0848577370356525,0.27198724995360024,0.4584156290442635,0.578885518493538,-0.7729559255536045,0.6707321188630228,0.05595582614690267,0.23423855970666,-0.61934767392991,1.4221359978852885,0.6284617774979346
2025-06-16 23:27:18,0.1994058537232557,-0.24319019934208433,2.5952488112982177,1.5618812604606949,0.691870919473252,2.1814571241537384,0.8589061861043604,-2.4099048232987657,-1.013747816262066,-1.275816836965916,-0.9606195613269158,1.0330594354996563,-2.162393329519026,0.09188782194542022,0.4960861749545707,-1.1637963292556734,0.8455353399823374,0.27262271948654676,-0.5714613849893236,1.5345753027699351,1.0799148442024227,0.9196626239012456,-1.0335794236750049,2.2413465367765686,-0.5776189015581346,0.42693081981653275,-1.8921718112324453,-1.3290133552487056,0.1462726577524558,-2.5687360226372147,0.8585569474650644,-1.6207183794849649,1.7948352419362148,-0.5539158291035162,0.40798911017628425,-0.34507119426820715,1.4233074093076643,0.9124326035027387,0.38470307425482864,0.5342944011801916,-1.0075178814563754,-0.18349375932466516,-1.0653645192943448,2.1365692481757175,0.1806177353718693
2025-06-17 00:27:18,-0.39302732741878144,-0.22747769376508636,-0.6530338788272131,-0.4019220887301374,-0.1496957392591498,-0.030291890715084778,-1.3105034940059956,0.2998804477121704,1.002213598476133,-1.1072227154608496,1.7886757836726597,-0.4986765476683453,-0.9496749776805974,-0.27846226123448786,-1.3292815859351954,-0.9191449054535421,1.1153003863523314,0.6541284959059043,-1.284010936115327,-0.2574066422870743,-0.7061484201886444,0.2665672240869918,0.7457236335058457,1.3206965360136296,-0.08757857715460961,-1.015062930980352,0.6032715089926353,0.009520595237236558,0.800897734799167,-0.8874563237728305,-1.4569833742336722,-0.5696175751305479,-0.02085471527499404,1.2711634555333422,-1.1837897184283268,-1.1425489082934348,0.35928113998917466,-0.1916132890182242,-1.4690509409454833,-0.032618614431551486,-0.6538545856524158,0.20505733563438464,-0.7976795841000476,0.5872645825293487,0.5276018876648972
2025-06-17 01:27:18,0.40846385290228443,-0.5434937494041973,-0.24948637274015736,0.9600233897284083,1.4914740796555475,-1.5367443284522995,0.5719799255912612,0.06284188030771082,-1.688720817489421,0.33380683366784153,0.30888594121812135,-1.671049539691445,-1.129791577697821,-0.22175406889780283,-1.2637443412087894,-1.4550291903757258,0.5370038609813195,-2.7284557553947613,0.23429120102536077,0.4897905857966436,0.1820041999885464,-0.6508293124147635,-0.760428322661656,0.43688483641757414,-0.1654033570562781,-0.35020461379565265,-0.6691811163175837,0.6560152744451345,0.32267959988557593,-0.20240264629742805,-1.0777888905609816,1.0717326480849654,-1.4452229317259624,-0.30627986565391985,0.17577624799208097,-1.7184596826170953,-0.45824720121486834,0.7600451209950077,-0.593869892348769,0.22777053718563675,-0.9941858065557947,-0.32906760957804965,0.35551271523072514,-0.018666751164121045,1.2622575152598057
2025-06-17 02:27:18,1.138319773679435,-1.3762323653499033,0.9416648991815129,0.6347277769367858,-0.2973026630005458,-1.391359270514766,-1.0588245311601812,-1.3454648660834565,-0.9075825752064907,-1.0772829202893612,0.3637045262321645,1.9978166391695442,-0.6234424081001296,-1.3062561822120082,-1.0405858514233304,0.2958970863040163,0.1664871812622753,0.5376661934003036,-0.039195329305906274,-0.6249947462488279,-0.1500705307959678,0.1988088254726671,-1.539175373735842,0.8459935445430161,0.5862762114125275,1.17825184872298,0.28589480229539493,0.6090333558348088,-1.3655359099187279,-1.7236825894726566,-0.33591574898973825,-1.7872431378427596,1.0554437997673434,-0.1842493483467626,-0.15736457979532956,-0.36216339353903426,-0.4627763595516611,-0.41817696828607637,-0.07796760107944091,0.08369465948922862,-0.9052206875683378,0.7626164625859291,0.8476564512683827,-1.2769259460052342,0.6692215000313892
2025-06-17 03:27:18,-0.9260998920486693,0.9287767261639878,0.5525412246427884,0.8118931368939598,-0.2317409780578801,0.17982888054583263,0.5722320847277659,-2.146357139570258,-1.033665971119258,-1.4257606981260589,0.23452123317461684,0.29644293849646436,-0.2674864910325893,-0.9035835883266422,0.34757557399537437,-0.559943914142913,-2.3464056699670657,0.9411498052816705,-0.22680136809669496,0.003072412675796224,0.6607974991098977,-0.044734680162496106,-1.2190854717023614,0.6147829944127052,1.0186653511095207,-0.9707228485761354,0.025105088851547757,-0.733979622381014,-0.4722038853827671,-2.3046072545117497,-1.0968379428382675,1.3747682520925872,0.9952011755497707,0.023890072014745984,-0.05266597012057401,-0.11860994052364057,0.6609233459426177,-0.08046764341166952,1.0617290968173612,-0.7116512981085661,0.3947025212914734,-0.7080724615005429,0.9941884564217789,0.7078370058225584,-1.2748366729166005
2025-06-17 04:27:18,1.378584884373681,1.282135862997384,-1.1593296012777228,0.616524949167899,1.8444424022691273,1.6810707895345638,0.08042591170699898,1.056472311079552,0.03834375356509035,0.9222100479618266,-1.5264759238388672,-0.05514526386387798,1.4386911006233647,-0.38425845635689676,-1.109268113344687,0.5310628935439619,-0.14927037146499678,-0.8416210811074698,0.9543261769871697,-0.10950583333417362,0.0653366256056275,0.7438490322150122,-0.34898633177465954,-0.6863617137255107,1.660778564745066,0.545895464206117,-0.7078987005190109,1.7366710550670443,0.5684265060015742,1.8962494468044933,-1.8124210835059789,-0.022537790271341465,0.8092220311146625,-0.1316379376195035,0.7967131181872404,0.24219448353613535,-0.20907946059598856,-1.1597508288975777,-1.5475235439701827,0.6392489530057166,0.004426565919169922,-0.01927372571476795,-0.8644212664723502,-0.6095376960705037,0.0024390501697599196
2025-06-17 05:27:18,-0.13188196133547336,-0.9915714086361705,-0.9509208246449506,0.4551175253348617,0.03145689319639974,0.3576536061029106,0.29769649753945754,-0.06826877646292771,-0.378920146378805,-0.7442992785579265,1.7842567804728322,0.336877194917029,-0.6102118531372572,-1.1570709167029634,-1.396371267259511,-0.9076170316088507,0.39339443044597233,-0.08372446526068089,-0.15293924571745904,0.0015032606195697078,-0.21185695087721643,0.8658740455683099,-0.44269314510274693,0.07101103450515861,-0.8316341099111546,0.06764702965047087,1.4004737382994312,-1.2427776533603039,-1.199574709098686,-0.6564095345249804,-1.9907324100706154,-0.586144414435322,-0.10918884420300339,-1.8600755346341644,1.5112048608979574,-1.1634925168969996,-0.9117425323172239,0.7205450131886248,0.45240108855895406,-0.17088546692299356,0.4493471849694231,-1.9704436461984878,1.4434370485461059,1.1831749900825,-0.20616925192739832
2025-06-17 06:27:18,3.042968661426787,0.3425297689401463,-0.9618216922260081,-1.0237696385934005,-0.8948867286642708,-0.603670342469056,0.21130248786258427,0.12889588578066466,-0.6217127002610014,-1.9065650377058683,-0.015681247395897505,-0.21472091856204276,-0.5257911102421938,0.7052367475247857,1.721880847359027,0.7015298634895294,1.4635250508477609,0.07411579349929068,-0.5737051740468162,-0.06844686404639243,-1.1388913969010812,0.5590703717578637,-0.8501511441074595,0.4846114153023343,1.058748277715111,1.307689814054232,-0.4891155117945432,-0.3717013690449588,-1.2255176495756945,-0.75117017869305,0.02206960918663554,-1.871922247203113,-0.924961457556787,-1.9138404244537937,0.0839804060953201,0.8837118392001357,2.213975176729873,-0.03279814337020901,-0.7054425488484273,-0.3198262480190241,-0.16739219691716775,1.0806632819740407,-1.0360929777559111,-0.0535899185169787,-1.9614139443805523
2025-06-17 07:27:18,-1.1907633914774458,1.5236458802844646,-1.3631401247079884,0.9350313544536752,1.9519094289820231,0.44740436073508755,0.8067028883226549,0.5555074511108798,-1.2359895449412126,1.6244383665728996,-0.2891901985197737,-0.9541578153280748,0.3222266987048875,0.014028135671244456,-1.583310406769796,0.1948357246966689,-1.3220154864399818,0.6169931125061153,-0.7924818536864456,0.5467034864619181,1.8984464773892091,0.11976063457989267,2.223326835196426,-0.8128144690774994,0.557559705989649,-0.2008505602105424,0.28910659999711913,0.08287817325781954,0.12878524178232986,-2.9765356299130517,-1.1112682091519306,0.08606651958545358,-0.21213599065156555,0.9858077245828776,-0.6599529117007816,-0.27202525452675896,-0.5536192427669371,0.1410751668099385,0.24384901100000958,-0.8799186337039483,0.02922035466968989,-0.35367183970594396,-0.4153812885910885,0.4555257005710837,-1.3280180739213003
2025-06-17 08:27:18,0.8468479890044811,0.6138325154734765,-1.5748660980003166,1.5453199094485888,0.039034307563412876,0.35490559196926336,-0.0707240153744378,-0.4454975281822177,-1.1703079184866345,0.3923730616740537,1.7421114800123247,-0.03361181451730786,-0.5351057558234922,0.5100017232144233,1.8897323555578358,0.024603285911857804,-0.8060292178072321,0.5149389893130522,1.031350151784476,-1.0946275550534692,1.5235445801109317,1.2883493067203236,-1.2621555987170592,-0.3990104913576417,-0.8717163345575677,0.09766106300685322,0.6860704748453765,0.9243100426253464,0.06439368596921774,-0.6258079570957069,1.6283755962581121,-1.0785555473379116,-0.5955173872432451,0.2993720795068473,0.7348620420760645,-0.7635085138359899,0.7334892891253686,-1.7301852107166773,0.11443992484516514,-1.5028781355891432,-0.3078488187425323,-0.3379491859964673,0.1098172003521425,0.6076849479070056,-1.2534443528125496
2025-06-17 09:27:18,1.456743173507002,0.8372076468059948,-0.8897230493579642,0.33844350693388126,0.2665811148344117,1.343317773630844,-0.9878736148569893,0.706147213193298,-0.15737169174109245,-0.4346456901252445,-1.159956082392206,-0.9145447361345383,-0.02756310038941403,-0.9219460479767714,0.15540887812406323,0.7130889148345172,-0.9019150271907613,-1.2698155632528751,0.1804130695226759,0.2092297050087547,-0.9020640175360027,0.8367016878682778,0.8813933662127946,-0.08683109697570861,0.46960661242911683,-0.17522157710204972,0.17202512940236292,-1.055184659495006,0.3053569369966071,0.5953529358947968,-0.2592531753270153,0.12486517650591707,-1.337132227558302,-1.2145565564188754,-1.1846566221634867,-0.9093890984719001,0.9158428089628708,-0.15047184003022418,0.8545637820942757,0.917356827890753,-0.15170868385753247,-1.1923771585732483,-0.3645820511838427,0.012661217900429523,-1.0994194682203469
2025-06-17 10:27:18,0.2576880432295134,0.001993610476135509,-0.41766774810958135,-0.7473157855793058,-0.029775613937537318,-1.1956324081548422,-0.9389858141632166,-0.18170640566042895,1.578056740578474,0.8341621755575906,0.5719554334604748,0.4237142932328344,-0.3623565659017324,1.4340378054922391,-1.0490168583185004,0.4153818865088098,-0.5793043150374437,0.662781148505493,0.6938725438697753,-0.03643432677265221,0.36348931990036204,-0.525051609272274,-0.87468946944758,-1.6392691251834512,-0.48310653770828266,1.2975954576001025,-1.5492142076323454,-1.4566778933741378,0.8557370278827244,0.7277773770887258,0.6706766282820199,1.7592863997038302,1.4515151383324874,0.3598562893209264,0.7889837435423436,0.21887639202279993,-0.7641712197287747,2.7817665305593273,-1.1438344322717389,-1.5144625552579327,-1.2035208012230476,0.4707455426025728,-1.3980789646176153,1.2107754527128454,-0.9695892565320654
2025-06-17 11:27:18,1.7494442795075278,-1.3816140855918186,-0.7243324151101413,-1.7354044460232354,-1.2171439911101543,0.7457496142516148,1.1919507388284316,-0.598436354187157,0.9935583321734294,0.14995450524314208,1.3664892983421928,2.6542400084162274,-1.3128083193491127,-0.210006674890189,-1.4804511256365442,-1.5902810815530886,-0.21345641316918587,2.3868999137507463,0.4784718931305017,0.37908409964101564,-0.4102218607275324,-0.4965619866834285,0.6772490477411487,0.01638271993256376,-1.103592440168661,-0.25686624604169017,-0.7157615491884185,-1.2493320705982316,1.0405641892111057,1.259958710437027,1.4438099853668298,0.8936742562624089,0.1842038561095625,0.8182014277904252,0.4653611252874571,0.9750410760878017,-0.6057305231483574,-0.41882083336512643,-0.7824603859584129,-0.5239540580346285,-1.351105741921842,0.5238247290205326,1.4470165470498078,0.6409418104252752,1.734944704790539
2025-06-17 12:27:18,-0.740016508710082,1.0148740209088531,-0.15107783446644582,1.237191090199176,-0.7892793864502652,1.6395231752170694,-0.1844077464104978,-0.28226392045294113,0.6265699507052584,0.029133330992436195,1.6651878108211404,0.5402390335192059,-2.118155887254158,-0.30305377159465646,-0.5981383195381167,-0.45178741807395834,0.2437975913207541,1.346161598056911,0.22667550610662093,-1.0658775450331257,-1.0143338318098079,-0.9035342372706994,-1.1591052896949876,-0.2933398170053608,0.7960903817654232,-0.6457460438297883,-0.164572646379525,0.5328721111402765,0.29433983627733773,0.17252146761618367,-1.2254177869700107,-0.02921335914663578,0.06834398972917247,-0.9784474610516166,0.4485080461273116,-0.6201903307440606,-0.9576816695633004,0.2423380169673699,0.947677418119825,-0.130916992415803,0.12723493548069567,0.8174546525261316,0.15276330512301792,-0.22774424830266501,-1.1697895951956518
2025-06-17 13:27:18,-0.684099930284235,0.27939456774745575,-0.29654556991650693,0.142363598365969,-1.060963593298738,0.6296706073378736,0.08137813289420176,-0.15868916018091797,1.4352704848651983,0.47638785556338387,-0.7409155413000741,-0.9260902588237144,-0.22002641640809403,0.3606424569392113,0.48616475921126306,0.48291940420365803,-0.6853488288938367,0.11842657451143068,1.4171648079681443,-2.392196967610447,-0.4886239957677757,0.1533891734126969,0.284041254490707,1.6633958131905253,0.555265055997446,0.20967388308048732,-1.9648087983463802,1.0208481397430922,-1.7273919895683538,2.2401270049747133,0.4093303355259862,0.23734226213030837,0.2869273520429221,1.0034401698127229,-1.4191253022469783,1.1524096913757844,1.8822936034624864,-0.1915742260490563,0.7826807913544899,1.6655736995690666,0.21878918310424536,-1.2656801581088788,1.105947746754623,1.588452728242708,0.4886171023331265
2025-06-17 14:27:18,1.066250136079396,1.4724300342249628,-0.3089586838244815,-0.04194101872882595,-0.5192758624636763,-0.31948288170900146,-0.1820405647408998,0.2928378053075755,0.6933803657387436,1.8919808704804144,-0.3665514110663912,0.21351518786416004,-1.6827887355635924,0.1387032015153367,0.7189837254664834,1.6424036194516973,-1.6362065662572889,0.390827228886558,-0.9722638315146596,-2.1464598818206952,1.682304067276522,0.4597846142434093,-0.6129576572942476,-1.2066402093682187,-0.12776630066506175,-1.3951388226169232,-0.6234850526897592,1.1474170829078338,0.5483569506884252,0.3638358917359493,0.012080690544900291,-0.25083199779478993,-0.024096025411880787,0.5236144259081457,1.447447032470316,-1.2878581141461132,-1.5504260945048935,-0.475873465200552,1.674602290141003,-1.6495925265743332,-0.41056660140768264,-0.07949171930954303,0.5941959764718846,-2.6268647919699752,-0.8746782660016921
2025-06-17 15:27:18,-1.713409601454745,0.05345934965075005,0.4338405296992002,0.11331378032954177,0.7834268151777253,0.6145440336946715,-1.101227939602359,-0.27603174102405514,-0.8849613401450437,0.42367311495769927,0.505066237952176,0.9951092629632101,-0.06224830194004822,2.2665714678314792,0.3491380061117002,0.7824358264663436,-0.17140016620832438,-0.13224202919608183,-0.08390576893967583,0.9474710697256918,-0.1097832425336038,-0.7139521875018222,0.7251463885016435,-1.2026389752980489,0.6816139774108696,1.0373088212221477,-0.39660003510253855,-1.0828624497884602,-0.5635525123362297,-0.7767123043878109,-0.7554861872816239,-1.5891688862886235,0.04993793090418753,0.40010271042610146,-0.19834007467323947,0.21149208248316542,0.07891685211559606,-0.5931550506314731,-0.5854433971456801,-0.10250366768623609,-0.5213494085864427,-1.2651031885507513,1.335912001224805,0.9441354282270041,-0.6514317754312975
2025-06-17 16:27:18,0.9110837976703194,1.407644460663608,0.4785392041728181,0.6009268446977319,-0.516138417343319,-0.07620617390494433,0.041048503898867716,1.0726931564599682,2.2207069691178223,0.4509368885905742,1.1906303916664025,-1.5690371738347182,-0.9308044218690382,0.09390467239374144,-0.060727376118505184,-0.16045620693832863,0.33720376959990694,-1.6636181738000464,-0.5607599632326429,-0.25251804243287246,1.0852465296962401,-2.1031648350921115,0.30163432061593654,0.7930774153198759,0.6479601972717413,-1.8806123142772606,1.2233177959304284,1.595853523794686,-0.08417451781394572,0.33391064710207496,-0.7260866007693336,0.07501335212386062,-1.5090604842848598,0.8570553031194551,0.30033281611976026,0.20077869728090322,-0.5700939996094923,-1.3870848627402381,-0.6245933603659914,1.7736601052380598,-0.5485605673994626,-1.5617589168628423,0.3605080402572025,0.058715397931567104,1.3186604287031445
2025-06-17 17:27:18,1.3171829767822212,2.4825256170196695,0.3871831199749596,1.246282390528155,2.3201851631152706,-0.8254622937306308,1.4403456941739232,-0.5261690678773784,-0.8762299143740316,0.5924961526948427,-1.7803230512011963,-0.5743727922016846,1.6046974720378906,-1.8074218533646902,0.80881103318831,1.059839491967885,-1.5289683949711645,-0.43291233575802934,0.6791741211939265,-0.8481853470433223,1.1394980580487157,1.1610881749254294,-1.4273766137237147,-0.22355479406781947,-0.16111565306420889,1.8223990352698416,-0.8506760398200398,0.41711669431852394,1.04652061439052,-1.3329696817163623,-0.6217248346729803,-0.42361219020808083,1.7083354205376797,1.4612283241691002,-0.39383835565909875,-0.8918131414976304,-1.0026400442775851,0.704927044549753,-0.8700449138715157,0.35826129286322445,-0.6730778011435747,-0.09268528940055666,0.013926302094880265,-0.4864214037060954,1.320176607976888
2025-06-17 18:27:18,0.6258472849582684,1.1649360054713456,-0.7426485554947994,0.13816516390274844,-1.319348457325306,-0.33090610275186766,-0.1919475230913376,0.18759409092301862,-0.28425219399607693,1.37352223324547,1.5015473429988688,0.41796054761385537,-1.6596139179780953,-1.614306687877783,0.13357080744829042,-0.770379573054434,0.779316260844312,-0.5537855414073313,-0.709068641004617,1.4216089005472745,0.7671780104789949,0.5923439525283427,-0.8844948468037226,0.333120044002112,-0.38252102984465736,-2.1026729357207543,-1.1689436432845033,0.01693751154977291,-1.0876419125225747,-0.05007674778780015,0.5383966435355703,-1.629374364283741,-1.497656059605815,-1.079422846022618,1.7256297010784767,0.2969179328053991,-1.354057794361884,-0.5640870569188307,0.7991354893698625,0.791137098736949,-0.5257751089800548,0.6676486497397772,0.35748603214906566,-0.7382378550557497,-0.19598445890868543
2025-06-17 19:27:18,0.9361425792289011,-1.008007425081878,-0.5269972093661583,-0.4516456226953975,-1.3961401941814149,-0.746081727930785,2.0780568431081767,-0.6001783394269012,-0.09527914213943216,0.8260032687079718,-0.05558128750239815,-0.2352152515054016,-1.21701198016333,0.22241564132889438,-0.8710787348666414,-0.08199997225844023,-0.473201112665133,-0.9098179521712682,-1.7032242268184465,-1.0720964833490265,-0.2773075522223004,1.9380958104837203,-0.2640394973770865,0.7254348339024799,0.01800292859214824,-0.2415362232021878,0.2714918301079644,0.5380422883821995,-1.1119679755077978,-0.2332043948813727,-0.11416041352898124,0.4951435704278532,1.4330898719515206,-1.5453790927714075,1.0852624917192446,-0.4579205150272263,0.77032174289964,-0.4133552861579159,-0.2308282142284249,0.0016788517377267014,-0.4389506826549,0.7593540752193513,-0.7648953343078664,-0.9769396953956783,-0.059430826128304255
2025-06-17 20:27:18,0.8035378419393601,0.6382582006805466,-1.4483773484474152,-0.2470534543172928,0.45873351623008246,0.3481650421776438,-1.4931912188669827,1.3360160847277154,-0.4670132910583732,1.2454928977941155,0.36897750445333244,-0.20718597144305784,-0.526271554775589,1.817206488914465,0.9132957706975362,-1.307150944334328,0.17332774591656028,1.3044642201712033,-1.4068831899454346,-0.34744783972257837,-0.17639756017365957,-0.030966600690632864,-0.9105444416642168,-0.09602573489465047,0.7824412164206859,0.7887277206787102,-0.6025165991093808,0.3129483886086013,-0.45124489892230935,1.42041601292826,0.6580675582166496,-0.8608697353954307,-0.281210349704449,-1.20335300906227,-0.11866630972874892,-0.05252369953644319,-1.0049211995947906,-0.9695118069417573,1.030916153305302,-1.2906863214037467,-0.8684608486142866,-0.416311694555197,-2.0598555719781126,1.0194565440515193,-1.300826755209612
2025-06-17 21:27:18,-0.5177339458074682,-0.2473635813982942,-0.7672367052903576,-1.106878334788331,0.42969994657888433,0.35930692777907264,-0.14241318468402295,-0.10937735201235961,0.8768605910748064,1.58383477906728,0.020265953203784805,-1.2169203955380046,-0.3623078769164343,-0.13448733156491316,1.9851809693745102,-0.5348211967525938,-0.6134112180482654,-2.473864669688736,-0.6443044797208256,0.8300350756279957,-0.7124842505026661,0.6215960716133904,0.39076158943174366,-1.5026155815836617,0.7122981730792043,0.33348511336477993,0.316128534346635,0.7572471866466067,1.6960153760794148,-0.5470628466550929,-0.5353875944626295,-0.7551411298004701,0.015461111396910837,0.07048368398777093,0.9653638082794809,1.3352194574765954,-0.08666492119522401,-0.1248421884667479,0.800777544864028,-1.0445318795580651,1.2694263266456502,-1.0458360112748757,-0.09782869527296705,-0.6682323593967411,0.7323197040712369
2025-06-17 22:27:18,-0.9378665087990256,0.45885467017130455,-0.12338430872631184,-2.0822905097424713,-0.5657573585975424,-1.1913483432616312,-0.43897495538609027,1.5066280911403027,-0.6287347053397052,-0.20606639241609023,0.44035683830137495,0.9699688692205598,-1.6937356677680897,0.8907360822618736,-1.919441334180521,1.0173742658720368,0.09269036031768542,1.665975598347021,-0.2808957799657247,0.04535536634409098,-0.15841122034865196,-0.7707429700300621,1.6533241077816263,0.9385104671907899,-0.7080877245532234,-0.6153277305590646,-1.1391897598929919,-1.0114538272145166,0.03941366479669954,0.8822356545195276,1.7885260596236188,1.1924955129350179,-1.4224968370594009,0.4621229700269899,0.4992396264519002,0.01293110016372328,0.631527457149905,-0.8491199130396712,-0.26513783108891564,-1.3991070834282935,0.39532887045596127,-0.4717133406392706,0.9161553680094894,0.07750716943827851,-1.0664009911087864
2025-06-17 23:27:18,0.5331910933894957,-0.6385231555324685,-0.5706889580192526,-1.425614844109537,-1.3157906384666058,0.23481733706292526,1.2561481431541903,-0.5701961774212562,1.0421256461296413,-0.2322562740318244,0.47419539771684444,1.328582827674841,0.20450051209167466,0.1357310521380507,-1.003985483493897,-1.534691037432649,0.9684558082150594,0.23883291569674442,-0.49017517688948903,0.12987940332813477,-1.8456431300756884,0.8316471005978773,-1.3459950340148548,-1.2526561943616152,-0.184810097169337,-1.1460382918777843,0.8200118231378318,-0.27961214761597714,-1.3411296611482135,-0.9798035257224968,0.5031764380317008,0.6923403648579395,0.14954012947194886,-0.5587390747008734,-0.36734946668879814,1.2548269444565292,0.13843575677665956,0.23792187344468163,-0.5266378570625709,0.8951856964292774,-0.4602813592230418,-0.4922623815314031,0.7607704651826738,1.5755129150674174,-0.1000939288641634
2025-06-18 00:27:18,0.24264219504855933,1.242013481728722,-2.164269329527848,0.4294329517881694,-0.7304647210513533,0.056205610628649885,0.1874532105712967,0.04760421660483981,0.8131348838569047,0.6369889401917052,-0.37354757482457007,0.27605286246091193,-0.28434792268812786,-1.4274144965912867,-0.3095244768859352,0.5919291805430413,-1.4623335839084215,1.2216858202359324,-0.03368864001838533,0.01396916652186934,0.19541966912475423,0.38151628273949456,-1.4280619064777789,-1.2438645026483643,0.29307556162090326,1.2462707525524919,-0.41160273003552844,-0.027605758584778147,0.5253380403580392,-0.994693104248714,0.22301022865775258,1.0037924688660438,-1.197670660573999,0.6529884895494078,-0.152622253852618,0.5757551647572168,-0.25311855327821603,0.8108560464346952,2.1760932230246612,0.6384491423262145,1.8098308909121497,-0.5729168468917272,-0.26912652977992824,-0.13623733388579234,-1.192648379435973
2025-06-18 01:27:18,0.698434373972271,0.043292034038330256,0.07240612222483629,-0.10531397025293333,0.7849835118365313,-0.056711494511629705,-0.1970474312210351,-1.7362047251865567,0.04397412918644148,1.044153533059929,1.184863519976133,1.5954013933198365,-0.9872432903666246,3.0922499900278853,0.01546291929396479,0.1771749437935697,1.5594866933090417,-0.08369673106026847,0.6950815802863044,-0.9680162589850059,-1.0539319496036987,1.6140224297324866,-0.18168246309369587,-0.7418831051702683,-0.16016842067930626,0.29952352606072535,0.700924540612485,0.6389365756917191,-1.2619442132562664,1.2612430960341405,0.2694689655943306,-0.20211120381867234,3.2472599154479793,-1.6659110510036543,-0.7761388283339342,-0.07190938228743943,-0.21635558573295371,-0.845106661573423,-1.05127158007726,3.1892411137930425,-0.25469373471061363,0.4878274876823407,0.10516476565347915,-0.02465749271915096,-2.370831335581444
2025-06-18 02:27:18,0.6985328982224074,2.2960790737390395,0.7127437735311479,-0.005772581579415915,-0.9468988349892083,0.41999609878741606,-0.1453027256819672,0.7955423774440966,-0.7639380553847259,1.0759960313506376,-1.2448658541531847,2.3061558799095954,1.38961316581396,-0.47955594133840407,0.43178644185744725,-0.42783437788082984,0.7092270497767272,-0.5183927022341716,0.24452635181044385,-1.2403761478312185,-0.7991512153450364,-2.059381580077961,-0.4652357323184798,-0.20308909151060167,0.6910646433988136,-0.5202939541638478,-0.9432831638961028,-0.8512248517588903,-0.09781343849600042,1.1245279064591622,0.49887482589141274,0.5727116494103758,0.20221325530063924,0.3890008083663078,0.45124504335301996,-1.7058676572640188,0.5991378747512223,-0.5679428201627614,-0.480398518176049,-0.8661541055871537,-0.2642467567664283,0.8056271540707731,1.346372855235648,-0.5169846259430881,0.2784047135587779
2025-06-18 03:27:18,-0.21363034503561087,-0.1276488742082383,-0.8057811937670369,-0.43930651260974685,-1.086292283594573,-0.08286394099006204,1.4499704006406202,-0.5204683998402534,-0.5814465667830977,1.378198586123718,0.2757403074541057,0.5476929362052501,0.3714397339702476,1.2599132946448344,1.6482156013420175,1.1689224987082198,-0.28130855071266686,-0.19146246913891654,-0.6536169500179294,-0.9471151496130679,0.859954088954789,0.08510624828713872,0.179341968380941,-0.7420044491843493,1.4377784031293703,0.5869418585514429,-0.9217517682718478,-0.21484332622745456,-1.8654779121054814,1.013205439761377,1.5502400327121324,0.14288907360590267,0.2864911308676699,1.3493216660436491,0.7552051420379876,-0.7746966535232216,0.1429232610380841,0.7530337252864178,0.3427619232447622,-0.7477018995647454,0.3472256148842182,-0.01380402631213628,-0.9897041470601275,0.6263374525057386,-0.3200461679967579
2025-06-18 04:27:18,1.9111809389447072,1.3853956825675497,1.283364765307946,-0.5069130437806364,0.807724575077,-3.4341020987067905,-0.23757008549775754,-0.3270668379576861,0.602368601448923,1.5794661233173755,-0.6788018548623083,-0.8000057572918499,-0.31543595932113994,0.5970029755199295,0.2644367158163043,0.28951021360979556,1.3090842742148396,0.06123236393118976,0.6238073250256867,0.0901875576059547,-1.0833271644883047,0.7254346439597943,0.09649140597142374,1.3522843181714295,-1.5093476833164299,-2.0344651106284823,0.09496675904989448,-0.5769908922285027,0.7295360557752046,0.2936987807968918,0.12560937286993207,0.2571293456087087,-0.04383692918740639,-1.121219683034204,0.14539200408101682,-0.16311892259629818,0.373013774775737,-0.9786766779134779,-0.8476762869409435,-0.3913466812817803,-0.7076794197171442,0.2588742801868134,-0.18165242258698946,0.6208515989472984,-0.5512833975478229
2025-06-18 05:27:18,1.4775154781354545,-0.24891212601099474,0.40198591393243727,1.272833233306498,0.6822614567800794,-0.7119948670411428,-0.9413070032699165,-1.3482436943666316,-2.0281998675477584,-1.5550773595925558,0.5338064708772045,1.5392404801682524,0.4443624938380581,-0.35315737392597985,-0.18335166342228815,-0.6664614612898825,-0.09815427318122628,1.2125009594061007,1.2044515938895601,-0.5173609267650761,-0.7629287163729669,0.01827803414046935,-0.2514557799195521,-0.5159569513745058,-0.6802009836105175,-1.13749339301422,-0.215518234027762,0.7578918620762312,0.276731230911665,-1.0244009029408407,-1.6805187956899315,0.2590016127218906,-2.2262979122038153,-0.32741143164548486,-1.2888473710060981,-0.9584438100502474,0.9170007494601553,-0.1371858200843232,0.30464892440082664,0.18202892887138328,-0.6608851691202098,2.0687084892168937,-1.2361565918169137,-2.065046286637452,-3.184863107764768
2025-06-18 06:27:18,-0.4063648818448782,-1.2599986430082337,0.10531219058879475,0.5030541313316533,0.023261260565400798,-0.9410616498722915,0.1635101574246308,0.10133973202826511,-0.8042568821497764,-0.6991761374265701,-0.7920017587985866,-0.4937853356000276,0.97873009406645,1.1043427029256927,-1.028967639741327,-0.119227733566259,-0.630828081071048,-0.8927973382125172,1.7000380424317592,0.807253953207431,2.1414796390572137,0.33054330124200976,-0.12282928919105064,3.005185529188905,-0.967274810840972,0.09077498499411515,0.1319976329442784,-2.302911885635937,0.321593608182348,0.12420164089792886,0.9434103889964082,-1.8640360257953303,1.356569291526522,1.886267107858564,0.6796853170008985,-0.326736063679098,1.2906652826048826,-0.6004355662285283,0.3213695815330582,0.4692740611501195,0.012015408745532663,-0.39724157257273657,-0.34486481002411484,0.29462754529360236,1.710400303918916
2025-06-18 07:27:18,0.37223374929968533,1.2477653269641995,-0.9653199498464528,0.6858052015290792,0.21465065433667027,0.1407266567546502,-0.7891565667109739,-1.898352868585791,0.36476055702740146,-1.6079244818496634,1.033891921190868,1.6004283300843405,0.5570469808739391,-0.07895177662605615,-0.613584588295793,0.5507496631705363,0.8466842198557536,0.8765046536899803,0.20054768835118036,0.963361615151135,1.3699834409644298,-0.6740354073689803,-1.8370085018591018,-0.9030923031676629,0.5197175238681646,0.20833786315165578,-0.9416669236136017,1.034982151597665,0.3552130086924216,1.0064683605227993,1.9084763363690573,-0.38486598090075164,1.985161780422375,-0.003862606292468071,-0.18192598367122037,0.46543428682379506,0.4920820750188157,-1.8835622502560816,-0.2948900877584376,1.4170478401597195,0.08056221063679932,-0.8288925051996632,-0.41650042117375485,0.09276112992745658,-0.5293486468156164
2025-06-18 08:27:18,0.9419394186737733,-0.6637491048384385,0.9129471108911047,0.7486242740386144,1.2077778664990833,1.1325181436493525,-1.8731836484059337,0.5197318634621524,-0.5516617589802992,0.6203972485982886,-1.126516015719745,-1.3102552247056172,2.1957754003946635,-0.7141892669595069,0.32207553408977996,0.5442082302930111,1.4411054469796172,-1.3320708182735816,-0.08544132728302255,-0.39552990584772574,1.6937699268904665,-1.6350329993767518,0.013333729086754655,1.393495679530964,0.31751878537090567,-0.22519407466938185,-0.6181451714809201,0.5177975817974957,0.18158354022186124,2.57213157340915,0.4211279673276972,0.8519555798220152,1.168497163573196,-2.4724698535698573,-0.9197997478372332,0.8062235588534423,1.5092223992233718,-0.9243932673207741,0.86057556985105,1.19863704203876,0.6994838752772687,-2.1302001922934557,0.5926651266565169,-1.8408545624926689,-0.5420951257250436
2025-06-18 09:27:18,-1.886009272540955,1.6974113559732245,0.7965402894286644,1.2611060564633008,0.4880409731902354,-0.4830109408841867,-2.491286375105943,0.30396392290335583,-1.728053099018306,0.7626368275000519,-0.11466077566029087,-1.453001877889888,0.21582958583559447,-0.3193130801415887,0.2357574502713891,0.755215251030845,0.7037272250491902,0.6273017749339055,-0.942079340938106,0.4947156991389308,0.5518385910781902,-0.4350008802905087,-0.031933444527404084,1.105468800212033,2.0354586415047193,0.001632335509505728,-0.4404646594648119,-0.6960558089768352,-0.8803051994309766,-0.3914200966344164,-2.1828037361082613,-1.3161165673648192,-0.20549073913437405,-0.330195811908539,-0.5949246859535628,1.3853942284966128,-0.3619350973967616,-1.0081978804184357,-0.8252965155326283,-0.9688083432165165,-3.270062551526172,0.10914924428111132,-0.2487507628987279,0.19489732730406195,-1.0081925417967827
2025-06-18 10:27:18,0.727887475105965,0.5687461511273149,-1.4828303734537636,1.3707002973030582,0.8180058229689979,-1.5224052238080779,0.17405529535699146,-0.9228603121673331,-0.48944959155999146,-2.3291147667370034,-0.7029139200891715,0.23909143434873645,0.3312268681348144,-0.6103288088649933,1.4861911780751234,0.23590498029400814,-0.48893698226101673,0.1667053956717368,-0.1548567100282483,2.234635940262669,-0.47220653327988976,1.4752975751301236,0.07829065401213091,0.2857788948219634,-1.12889655304568,0.5575172246676109,-1.109666072494326,0.9796273171150665,0.004422671209549193,-0.8298791537280611,0.12763793698234632,-0.9032319050184058,0.4609090081026703,1.0173765952600689,1.5474705043963086,-1.7350998107764957,0.35599343644084624,-0.07141333449261374,-0.17935437297384763,-0.7555019007848884,-1.4722627648791893,-0.8683651943182512,-0.27445985391246536,1.343555831861858,-1.5358390945070426
2025-06-18 11:27:18,-0.745431914486404,0.35242790664458756,-0.6566040419805704,-0.3353541693480618,-0.4694119458495835,-0.32532028565562165,0.22246605254813287,-0.39482260920537954,0.06230475054216655,-1.608710256872937,0.3479264858297607,0.014500711230123385,0.3809653898962032,1.063839658038085,-1.858797616592696,-0.6179666708041289,2.9281419910612447,0.8444837993049994,-0.1198831213018358,0.9634339667826202,0.03185661804719879,0.9816693676170835,-0.6774234491836322,0.20502460311180132,1.988507755025826,0.4068001391488262,1.3094841500257437,0.7742641784079134,0.04449508802405059,-0.6163559526817404,0.7163215346165038,-0.951550385005871,-1.499518808503617,1.5802500591893902,-0.35683489013635084,-1.6571819657783577,0.9326682756228812,-0.8412794500721797,1.3726939782161396,0.08033189367793743,-0.3864043106838439,-0.19533762022031043,0.3661491293543402,1.0533126932260641,1.2750925839021474
2025-06-18 12:27:18,0.6277699650920595,0.4301817309072032,0.5994867306308189,-0.643419975900822,0.659744646030827,0.11645571537762982,-0.5488645466113021,-0.21949113263537362,0.6867141177526175,-0.9334066382284787,-1.3590224253480045,-0.36126970569641265,-0.5936673068934184,-0.02176695301450195,0.708638083357077,-1.188432125731977,0.3528837181010236,1.2033469399246817,0.9939613397609999,-2.1903137263788084,0.22710228762989967,0.10450359819974589,0.7584943133644624,-0.7495300697023096,1.2545206518481449,-0.23844475391975542,-1.569008857760584,0.9612909739595193,-0.6728101843444231,-0.6290480829925805,-0.5417272735663562,0.6968850379252286,-0.3815847091206803,0.7837872446721771,0.5614135128156884,-0.4347320710994894,-0.7073753453724563,-0.2730056381073777,-0.9015110707460938,-0.891803450876623,1.6440553000111588,-0.2943176679501592,0.5569711579722127,-2.2704082045406984,0.7930748445978903
2025-06-18 13:27:18,0.6830296058162776,-2.2274397134319592,-1.0714591879740798,0.1601328065557624,-0.5173344803016829,-0.39836383303943895,1.5138104385926614,-0.30458991223937565,-0.33358522194314466,-1.1357153953021686,0.27097946520411215,1.7558622729846458,-0.5699968171986071,1.390618295925521,-0.7734232273486551,-1.05730253756748,0.8854632907722153,0.8404277459707398,3.362824040844857,0.7530865810152844,-0.3648294743067376,0.40331441934198325,-0.09204197769400307,0.6724376440485871,-1.2291777879042571,1.2607013550157806,0.6275291473094499,-0.07838032572770542,-0.15462023824407087,0.4566004241666939,-1.4769673402358248,1.1788988471157922,-0.3691463413818814,-0.5721822648037705,-0.8163612635627576,-0.584272849440966,0.4384539744084454,-0.23278467609783426,0.47509770836487486,-0.019077045059630208,0.775332885352978,0.4674742660447885,0.46533832706116807,-1.4786453166739928,-0.2831637305533134
2025-06-18 14:27:18,0.3418769237146257,-0.10138454133835674,0.3590474194976599,0.8769728527113364,0.4022114254067281,-1.36871871739327,1.5906581318865265,-0.9522342374760427,-0.8985619881136103,0.30668146671513463,-0.6560894675735651,-0.982338800817153,-0.07355661379422798,-0.1764842313306727,-0.2489024711223178,0.6136177995820922,-1.1319891769020565,0.9290906461651658,-0.6129252796681803,0.6360117800423242,1.2639276579648033,-0.22381993457387978,1.0225718104196393,-1.1835924313062076,-1.4069091181654765,0.5609422991201903,0.15723403652296528,-0.15636378821942715,0.9161653650336029,1.5640080073848435,0.2329057430105906,-1.1631540602682833,-2.801309376665536,0.6061454976795954,0.6167474603893731,0.43333157154762164,0.8200413228373626,0.6191077728543397,-0.8213819687386766,1.5318034463424364,-0.9544194402283742,-0.5773120948050283,2.08733652285566,-0.34786815169250523,-0.2705004427994501
2025-06-18 15:27:18,-0.7428278454542806,-0.3819092594067624,0.4683616544635903,2.32192896345201,0.5561584075676952,1.9602539352524142,-0.006172806614478793,0.9628973946683962,-0.42005553558589465,1.441295313906951,-0.3498516484610711,-0.4521322579501601,-1.03242429831512,0.09885977891951382,2.361130793004138,-0.06007058646809745,-0.8357102124293272,-0.2822222480210611,1.197117318132302,-0.07676776841507103,-0.4626138791478456,0.3207606134402581,0.14426829281548664,1.173569667708297,-1.4120630275773953,0.986792017655249,-1.2791603014922088,0.30781792099839445,0.13888746556023934,-1.8161580288142736,-0.5985978693678881,-0.11423597300619949,-0.6478856006594549,0.3987876746792308,0.09126393208140343,0.06075589365140471,-1.1253335227396155,-1.5878229524966074,0.09756094268140565,0.3701517981858224,-0.5499961476500914,-0.5837360528684746,0.6236710287989577,-0.06496731555817062,0.22069495243568535
2025-06-18 16:27:18,-0.3483687626893666,-1.2045236188474227,1.0477144101867268,0.21882453143128322,1.3572100404294378,-0.4093605662298183,-1.1059185107453116,1.3577822021269192,-0.09571637898750458,-0.726089021057617,0.9973849766682824,-0.5247536705793243,1.300950357016741,0.28034172207448577,-0.6849783254652932,-0.5204197502625665,-1.785163887579478,-0.6912804597930473,-0.5775059552399958,0.9046594894812665,-0.9711713146023673,-0.7453460235228907,-0.13173497681911606,-0.6785104415717081,-1.911592300598159,0.14552898545422158,-0.5456671882336288,0.4778167342291866,-0.5979243561885402,-1.397997222236104,-0.8329093671373307,1.7308500411305008,-0.33610799689528525,1.9952450476420396,0.20784789757804842,-0.6219485684194471,-2.4421886167966886,-0.39063227028241543,-1.9783758270676588,-0.7331952371230251,-0.7179346660720424,0.1597497032317556,1.6509216096703472,0.8998122592286883,-0.9651377103305865
2025-06-18 17:27:18,-0.1651278373003833,-1.0563084709570905,0.254188218583514,-0.2140437321683708,0.034073688735889916,-0.4201960058762348,-0.6195474135491669,-0.33816093791946106,-1.0024926989875615,-1.019616280846387,0.2001733377183225,-0.16469936799036283,-1.5271777157805149,0.08753835907033608,0.18440006552914162,-0.18971587714695928,0.6758831612516326,-1.388640290514478,-1.2297409545410785,-0.01454815944806316,-0.1742848844950475,0.6035281919570128,-1.7192539890038439,-0.824051018851251,-1.3956573401036259,0.2657212503485111,1.4112023339680613,-1.4469069408013293,-0.0057693413933626635,0.42586530933310707,0.7885487345350599,-0.18662133491546118,0.72693722602998,-1.1193072835753042,0.42364397478814864,-0.004608586720678307,0.3260339992575991,0.7347896806287791,-0.3164099682922513,0.5684880255408343,-2.0502600524735235,0.15860035669274652,-1.3008121223483917,-0.5583536059115322,1.8066081945875312
2025-06-18 18:27:18,-0.7552683145142782,-1.1303767083510214,-0.5914169523167848,0.035731741624623614,1.373297278692962,0.6181416867215478,1.6448119436280684,0.7865932332905716,0.03609099955082588,0.09528320554831365,-0.5019652669922289,0.4530995376700531,-0.13881892909581414,-0.130126048522866,1.1614690762959325,-1.346463925312175,-0.38730733052140875,-1.0001258661573116,-0.4536179710406406,-1.0122501593513884,0.5439502553800438,0.14873167055283124,-0.7942834514753336,1.0150235607604874,-0.19746859680864004,0.6498896272301723,-1.938795828860659,-1.1051468144408936,-0.2286719607139914,0.7989814586716985,1.2221892309729785,2.4863469447603554,-0.4932931177970247,-0.8874278668815413,-0.26573428174984387,-0.19659360097194797,-0.9391137717966318,0.3072548682044712,0.6265713918303428,2.81460203210203,0.37126131423612724,-2.2995520834252563,-0.09355727328167786,0.44327335541965945,1.7900809172852434
2025-06-18 19:27:18,-0.6797492975542742,-0.7003290679990296,-0.2087653792035473,-0.5485490709256993,-1.0980755523320624,-0.8054682451954325,-0.10957444225585501,-0.5357817135367552,-0.6276411158885637,0.31842324410007017,-0.08290215918390938,-0.19336120731510914,-0.9228521035821717,-1.549036107735643,0.6448512045922488,-1.3434595198505526,1.1276090973353459,0.36789840675677676,0.4412940383434809,0.8256405919419559,-0.6768372602239872,-0.8411550253297043,-0.05628087074612642,-1.1610262890789391,0.11375687070103857,0.8483487338503117,1.0908410593415248,0.6867294533596311,0.4283765840188448,2.34886802305991,-0.1705608761926104,1.246503445946518,-0.27380374589053813,1.1911525035955475,-0.9522691745392583,-1.4748842146807413,0.2988934408431962,-1.1980228438176892,0.1960120952681509,-1.0948547737439742,2.09688864373923,0.7380062824123625,1.4422010096542293,0.3702498421700914,-0.03522267846001165
2025-06-18 20:27:18,-0.5036943480180675,-0.5321200064551982,0.941438819941932,0.5169270120999602,-0.04344385301486437,-1.1394247497249756,0.21054063868705325,1.0250685193805043,0.5824762039736446,-1.0284956761701007,-1.3594646303673088,0.24871914421518462,0.18690436986610237,-1.532410502076658,0.16006096141819287,-1.2589255043078664,2.0429981182802663,1.8277360618687233,1.200994303368795,0.27000009247735146,-0.5389948044685717,-0.8542378155307738,0.5074059000007658,0.26810079909957746,-0.038387956650900855,-0.14595644565574326,-0.318159392318799,0.8379549474186057,-1.2010856261528287,-0.4334224361316276,0.7229271477010638,-0.07074289831936681,0.4562925328631391,0.5972403571808917,-0.10577279407837072,0.2309694817613535,0.42146052687399727,-0.42462188960270536,1.759883637690499,0.4675937762974673,-1.5338941879025865,0.5195576697539953,1.521437190657122,-1.6748757181229108,-1.082081269917346
2025-06-18 21:27:18,-1.7643199306252004,0.7908137571733653,-2.1697107941923783,0.0306368173075573,1.7512390466666006,0.7223682955317093,0.9877075152461394,-1.0086496838825614,1.3040656257028518,2.1150370615004146,-0.7845105027878395,-0.18513359263839138,0.0046743536800140685,0.5994080965474733,1.7170720675567253,-1.7161059872108755,0.3280238723524798,-0.03125650700770069,-0.7353772869116151,1.2914579978552452,0.6640328101361812,0.4796237367435311,2.2621880579203646,-1.1940398986317955,-1.24257824598503,-0.6757473419288554,-0.06664607106097643,-0.9306311112156933,-0.9619784610144532,-1.1855822036432435,-0.9102241423692519,0.6718106356990031,0.3604838600724207,-0.446226074343422,-0.2172663970386183,-0.052104962652165986,0.040395015962019755,-2.0023609817334136,0.596886770490774,-0.0527765192417782,0.941829975968846,-0.44307559332778695,1.6783752518353958,-0.48794869080243314,0.2589703044575321
2025-06-18 22:27:18,0.40795086406638137,-0.1860070699249781,-0.07225093481056287,0.51519756111049,0.553539874804413,0.043931854950752955,0.6070696797728917,0.8879365639947951,0.7604892715116714,0.36358708141092966,-1.5835450870276149,0.7362529250501366,0.057789541847495574,-0.03845103339515327,0.722382611058407,-0.13182980473039524,2.240049203034759,0.3030794071698187,2.2295951448039486,0.590632342503527,1.1347008715032993,1.1065379009964667,-0.9725601167833497,-1.1551684657149277,0.8149125025737951,-2.4967147562487018,-0.45268664041691065,-0.8157239157219293,0.4762354012457832,-0.7225982523527535,-1.1231830086929713,0.28905192403734503,1.008790008227962,1.1056537658437215,-0.9911232835253411,0.611567552676462,1.0125638054880035,0.5004649826811651,0.04169571243870407,0.5592252715128279,-0.0928401772251186,-1.0271755750537548,-0.8032496622016885,0.7351449377416482,1.6671351275682507
2025-06-18 23:27:18,0.23938613158393968,-1.3855991840898105,2.028694235074343,0.21505974161666533,-1.6257502985048635,0.6203434947934466,-0.3702193569031093,-0.5697979703013462,-0.5050654050693417,-0.6750543123389202,1.3673610560184601,-0.4657674227741994,-0.26837635213081973,-0.5262200182163964,0.01783708559499155,-0.15630588423369382,0.3288030666077971,0.6397715412162575,0.407683596410646,-0.7203368029541589,0.30866539110840496,0.6757925658958048,0.2000221512278505,0.7189949264523448,0.29941914656340246,-0.5587594453148423,1.0655773488419416,1.2326372758809578,-1.3168453366161952,-0.2911552622010959,-2.2062345707972875,0.4608262837122117,-2.404640780643395,0.3158493399301009,0.020441588302339046,-1.0550926510554093,1.3380974660011964,-0.4040918049293266,0.7536407275957479,0.9742634187447906,1.7798201817679369,-0.5105253471915162,0.8062376347321383,1.4283515443533277,0.020348888259815838
2025-06-19 00:27:18,0.755552734857212,0.8046084477526855,-0.8799533167685663,-1.1298800836097829,0.9986480304342272,1.084471481949995,0.919652844214676,0.2617989314544507,0.6813251656271709,0.3976069921029828,1.5956435959463813,-0.0824672142072176,-0.21879457417494705,-0.07701257325655937,0.34044326093446065,0.9293357932233932,-0.07832139898262433,0.4524997133558723,0.6150517651457204,0.38058358649187934,1.1690803162145005,-1.007242073323298,-0.35860446577501626,2.3156514599562072,0.33242046938536035,-0.8787077800559562,0.37719496481358933,0.8928170445853368,0.15626296633619272,0.9298207417807047,1.776248243501205,-1.0390361477347343,-1.266626490122412,-0.07670901318627542,-0.09269200447694945,-1.3444586213171692,0.13416086159910098,-0.23397588161384472,-0.590243788808633,0.47676181586295846,1.3878511097879844,-0.9487822015611592,0.6403559699882093,0.6733621115312055,-1.203675414585063
2025-06-19 01:27:18,-2.386587390355189,-0.6831563732534782,-0.38001899455193083,-0.34543500582576303,-0.573877708628968,0.10155531424962848,-1.3027322535646557,-1.155618642943779,-1.1596734325782192,-0.7002705218014043,0.7284943516683976,-0.07735499342389157,0.8416553591271839,0.5698175153480002,0.9566868122064885,-2.3050427161363585,-0.8241268055765815,1.426086407066323,-0.7795492615303974,0.4458430089829744,-1.3325155107992104,-0.6675042770550418,-0.092671033239368,-1.5611012542743252,0.19408562438996455,-0.7265535029948487,0.7919128594258814,-0.7467060120752911,-1.0895215803347684,1.1925065633754535,-0.8935227556178057,-1.3186371547120306,-0.6186769028673126,-0.00452994327236797,-0.15338702477445765,0.9721547676878114,-0.7874785179001317,0.6255032096529798,-1.5054353381656207,0.2816104724593063,0.894620062167374,0.9821833316427498,0.38714454012424815,-0.24770233744929468,-0.12420018727601669
2025-06-19 02:27:18,0.9455839390401385,-0.09727850501780806,-1.8300234011071785,-0.7735542424780799,-0.7845873511783993,-0.5265073777676115,-0.7210043003018688,-1.536679645259911,0.9494922585409697,-0.6856169651937764,-1.2235963442187183,-1.5377961280619836,-0.6930845786739906,1.3696726311025273,-0.8459970786647003,0.6194591778587099,0.0799693216821706,-1.397237180688668,1.5826567337405475,-1.0321726906770476,-0.10944105034814061,-0.05874885976280301,-2.516249327656479,0.6683061383896074,0.10079212999649158,-0.03221227637911906,-0.049135022365144325,0.45097454962183914,-2.3266280958744954,-0.6668142794369959,-0.411987374806058,-1.2893573481341165,0.9603655226684198,1.4654820598997291,0.5446809281787262,-0.03699202238063132,0.6732072670992614,-1.1816160831359697,0.17444738953130798,0.4174516221226614,1.1547669000516738,1.2616689716968936,-1.3382197269550495,1.7966523499674805,-0.06352337446676916
2025-06-19 03:27:18,0.12391716722852165,-1.365151531298023,-0.33530678737050035,1.3586410016807842,1.978436687807025,-0.6057291444944823,-0.907876154579976,-1.2734161060450166,0.006331580599483482,0.8412633682241165,1.4420050487414238,-0.2755110869432926,0.9965913560443186,2.336907238047634,-0.5391303752273987,1.054980292014005,0.4487969033519966,1.7455612869092765,-0.7296207905013204,-0.4120708810935698,1.4214016604623492,-0.04590179466104374,-1.916736533595949,-0.554941841752113,-0.023632743518537145,1.309918901333686,-0.7183703052469558,-1.5340606921370046,0.5757162273409843,-0.9575296851674113,-1.4383865284603874,1.4199626935907375,-0.4987305823828612,-1.5165847399518435,0.07971611020420821,0.26587018683770497,-2.283332488402926,-1.065064684768914,0.10241114061865074,-0.3000032023730912,0.7791571332010238,-0.6705086924607048,-2.191713069936592,-1.7671538308143886,-0.7918405570172425
2025-06-19 04:27:18,-0.28319737734909217,-0.5354663521939164,0.46661687345952846,-0.7543636271615014,1.0008903826043254,1.0769194993008888,-1.3285066102702563,-0.18975784098576712,0.2254138694650083,-1.1603325537741627,-0.8623560903472433,-1.401728730797171,0.6387206040395887,0.8246686032166116,1.7886153768237842,-0.11343082796086391,-0.14650016008054337,0.41257953163227856,0.44373249331537507,1.9080478701106123,-1.7908149989428868,-0.42162717295145996,0.8103026608680658,1.017056311740216,-0.7211558899676705,1.9709599482983877,-1.628180499185026,-0.3440977434322167,1.2921596550800907,1.9820888110956874,0.9001642254638862,-0.8400831512684337,0.7351891877785747,-0.17104671996514575,-0.521626736532611,-1.2109401855144544,-1.2977271477744987,1.4367783714141698,-0.5040680199392532,0.9056655726144839,0.5270842250522513,-0.2871459732405282,-1.7267413422797537,-0.39355332673528287,-0.13007579560450136
2025-06-19 05:27:18,-1.003174597454901,0.36545851344667263,0.2722893829521476,-1.6020071495740447,1.1518218551673989,-0.28232714545348936,-1.7024691626615969,-0.7427822900494181,0.5004781837243285,0.9475649449719432,0.9772971593707797,0.05039268864000415,0.5537038266423888,1.3389517966214806,1.9200185623274653,0.36745018162165166,0.18771925582618768,-3.233247413563589,-1.257410339036142,-1.0639178367353432,-0.026967676065989203,0.7936066584782013,0.07336157722051828,0.21462584442043067,0.05897485369892122,-0.9037041083931526,-1.3403421394407,0.7788240263520052,-0.2741950146693063,1.0521214981484548,1.0840069624447353,-0.3172529324048235,-0.04017115178426996,0.9347406668301028,0.14180007229045577,0.5631897322096846,-0.8147915212285776,0.9250677443063223,0.49519354285197387,0.47800113073660083,-0.3564212432235326,-0.11374788790392829,-0.19901718935410764,-0.4919908362111536,1.9059105334988509
2025-06-19 06:27:18,0.6805576899326539,-0.18842888209568937,-0.3170797879720246,0.32571775867371233,-0.07181096605513683,0.01888714243586444,1.624160513062758,1.6412925912033223,0.656681483519141,0.5092207135411041,-0.3142899050608604,-0.35360418146299627,0.6508359810026085,-1.07946429111665,0.6067290100403591,0.8123944920142505,0.6313098858704564,0.902271619981464,-1.035918673139974,-0.5493281078350238,-1.9699268136657775,-2.369043195781749,-0.8368453500842216,0.005744033073325266,-0.7879403198157806,-0.242773205103223,-1.0181850114421516,0.684598143365944,-1.4502903204749784,-1.0184095518105585,-0.9702929545398505,0.5414245401294365,1.0717675596618719,1.182516020702968,0.2961904242996689,-0.03247653786019363,0.20348685913056835,-0.739617595638672,0.23904504964688814,1.9524483825925372,-0.7302984150901503,-0.4367394675226354,1.5598422851202822,1.6894288814276153,-1.3322766703454272
2025-06-19 07:27:18,1.0567935397658679,0.21283587770112322,-0.15222543312941136,-0.13626674430376137,-0.821773136486332,0.008446857912575387,-0.7335760217838081,0.6430648768665322,-1.8579282340571006,0.5525723832658341,-0.38652840937978145,-0.4828403615496957,0.4636727763372054,0.7017313103323025,-1.0930053766802283,-1.4706316136718083,0.17884734088443482,0.4934043799827313,1.8979043367670123,0.17796738023934408,0.5640655743546392,-0.9839840692972722,0.026476616718804587,-0.7421194982080374,1.5758109804045017,0.6219684499467288,1.2355393169000044,0.07716815223191294,-0.3595239945924411,-1.082773241650844,0.05541070074778322,0.8070422084566021,1.6440658881353278,-0.629393825896373,0.6784844061844039,0.3606705110528749,0.4474036715101959,0.21938694908915188,0.4846814849701092,0.24378833941825923,1.1283861978125913,-0.8331842441763394,-0.05346125691901435,1.1749141683855306,-1.8967902765848923
2025-06-19 08:27:18,-0.2665091475274769,-0.6649795971944978,-0.390869273138669,-0.5065024779996513,-1.5177185856931856,-1.221031919934759,0.01189770132876948,-0.0453949180223329,0.05136487805227712,1.5870738342140545,0.38207561308259497,-0.3425661940883264,-0.4561588951213304,-0.5155316098136272,-1.017096234181682,0.4841372873208409,-1.3491373152043225,0.011298758553365717,0.60092330499198,1.6132598515646213,0.38102343626522445,-0.12191759349468959,-1.1615819898113104,1.2755487154884357,0.9547307519523688,-0.40826616031888424,1.796257595330035,1.1416380352862816,1.0060888388119877,-1.822051495766956,-1.1821094647162418,0.5322776479160565,0.4508415804139854,0.6573203209893937,-1.350001493356245,-0.11356600969684802,0.011267956269711438,0.1328773808410602,-2.6868148523658815,-0.19662521711626807,-1.9671382956475179,-0.2721607564240057,0.03509681349636277,0.8865051635572491,-1.5837674156869808
2025-06-19 09:27:18,0.8210160450076369,-0.49689426092330424,-0.811830957986874,1.7101764538260122,0.08787510617124915,1.1527308792698407,0.8275193156995174,-1.2548166365595683,0.46218385068568657,0.04717287000517109,-1.076166630285869,1.0798431124362848,-0.3983071154417665,-1.2366240688201147,1.3659798295650984,0.6862120838633868,-0.11822722202310613,2.5274740247851,0.26131658583145273,-0.5291870809110438,-0.3474061566949637,0.2069732715603632,1.480468245890379,1.0557851004549519,0.21406907902381977,0.7298952453028587,-0.4009071857419206,0.538687128845482,-0.6788156578829888,-1.7610230094001436,-0.7438743592002146,-1.0651843804937362,0.2569970529517043,-0.20408395059351533,-0.1766183719636939,-0.3666125545821015,1.1183930148737768,-0.22021280137088478,-0.29020907449026223,1.6334608409096791,0.05539207496320363,-0.22406527793925796,1.485681499759702,0.1195133984144747,2.895696493473448
2025-06-19 10:27:18,0.23088647040592342,0.7359041069523868,1.2406841229017092,-0.5878200003190158,0.11947620890511487,-1.1295053170215639,-0.44552551918819955,-0.8364321700717443,0.0404769002704161,-0.4811313582410629,-1.4526604810079917,0.20242117326667483,-0.633988768485092,1.1485776082755599,-1.0882584441361551,-0.37571223342331783,-0.7020616268660995,-0.30772671835679605,0.9185771215518143,2.2785358177522945,-0.4683157727123688,1.0784239854048736,0.7883990398092962,1.9694548640954226,0.6608933711500423,-0.29736792723158817,0.8289943838891262,-1.3237802799708793,-0.9051439535174172,1.676544774027193,0.4710629816774849,-0.7143156677787892,0.5461364727428,-0.8771110699466759,0.13492104960230009,1.4344970529009156,0.7438739029634789,2.0519853200440306,-0.8129145151729122,0.9605027538415718,-1.9331516329448923,-3.516275893787108,-0.23217686254117498,-0.16772318245080944,-1.3255837337869187
2025-06-19 11:27:18,-0.15809573723717676,0.3832746639186764,-0.4109667542347241,-1.3830433419966612,-0.1817102747747335,-0.8670867948212032,-0.7902223426902728,0.6555053361085346,0.7327183378781851,2.7890579829165922,0.9912636603685132,-0.23292077818452428,-1.4016459247620363,-0.5907941503920423,-0.5947250296230561,-0.38655626753557626,-1.4271856881937117,-0.05990607923551855,-0.30985994889259083,0.565571565168522,0.7564984308898846,1.2811748702589039,0.3658283809808884,0.9625556728312813,0.11684504627389278,0.05251351659850497,0.06313925397872265,0.637798182818843,1.120177979767687,0.4852680918432149,-1.3771450893723376,0.8029192789418751,0.8786101935354541,0.6282414575467193,-1.2812757310672633,-0.3820819547479974,0.3376102882473695,1.060514957605824,-0.6752352749085146,0.1811953792942796,1.0290896906601428,0.556133628332231,0.5695654628360215,0.9148345209742835,-1.3136981990485623
2025-06-19 12:27:18,1.447983509365201,-3.078021155661098,-0.4158556769627389,-1.1567488082940631,0.9668498026096686,0.707581830497904,-0.32714132994952905,1.465797725335825,0.007847026397987475,-0.3889336891469269,2.7331795327551545,-0.8471366217565539,0.3755153213473512,-1.120992490007423,1.0670471612767434,1.603785907290597,-0.1710179749409635,0.6058371206426846,0.33556565251963355,-1.4373724147042362,-1.9702079108626493,-0.25871310685794385,-0.16466053512056597,-0.7987195619189609,0.12940721584275303,-0.7393717533725607,0.4921980672803505,1.1552298752060914,-1.4018350657328904,-2.0108157416027974,2.1399537658738232,0.8905949629897724,-0.5305240152319552,-0.7156840289127258,1.9224631629608169,-1.5520387543200722,0.9905018504714389,-0.8373487463954737,-0.2553237973092421,-0.1801511029659061,-0.45113981399716624,-0.9594600153591586,1.2725737552534446,0.13760708004484948,-1.268325369863294e-05
2025-06-19 13:27:18,1.0713276541538546,0.46320882567998456,0.6454967509865326,-2.0555619550602975,-0.22697776940459582,0.26861892607111176,-1.1222306105800182,1.2717000528339941,-2.2049186158368803,0.10352035862330933,1.3953367377420454,-0.03352741029124276,0.49071397652809096,-0.1249582902160084,-0.38250347043583144,1.69958864012319,2.176050983461216,-0.8109629742775541,-2.1776662900921,0.5396650130140653,1.0194037160969724,0.0335207132798609,0.17688453152671416,-0.5293608564278273,0.7776934806887603,-0.6767041788635949,-0.9432810903131231,-1.7077848444619155,0.1928092533383781,-0.2603616814831789,0.20399641206275523,0.11496515830386403,-0.42084236049227763,0.36080364676342896,-0.7922561103791033,0.3465374536781888,0.7651134536882584,-0.7597877984651851,-0.7194505363138011,2.1717379807269857,-1.554669266340473,0.2861969309152375,0.9055228115883629,0.7721559610158573,-0.08323977319560842
2025-06-19 14:27:18,0.13914163602884316,0.9031206012259148,0.6108983526097712,0.30621708875718323,-1.2801099179695323,1.5131283602457135,1.2831511496655694,-0.17565980584053706,0.6341084399903673,0.15261133090144088,1.2539127722489485,-0.7570768697453926,-0.2558563171528053,0.2543744957165202,1.0087512803071197,-1.1166190110332386,-1.0749248913542058,-0.8018109511667478,0.9588550122622824,1.2252085685081822,1.3787948796806757,1.108970918025174,-0.05648928633533253,0.47769263002865126,-0.8570834440557334,0.663793349311055,-0.20494985189253334,1.3543490527099515,1.2888281676230202,-1.1293130086753855,0.12051193730420821,-0.46016263630046966,-1.847904347684588,0.709761109779201,1.3651287609015976,-1.5705278936742133,-0.6864285835062632,-0.05294576798838782,0.9023873886170154,-1.3785553602293381,0.2761046486869922,0.7521707036436619,0.6613703030976154,0.16892160362687744,-0.06049136544241128
2025-06-19 15:27:18,1.3944638569470116,-0.8198531682811069,-1.0062687582134557,-0.0756374678915266,-0.35248630015376314,0.37684140452816495,-1.40500466577409,-1.2803738908998419,-0.6968891392054469,0.9739462790765201,-2.1402610239673128,-0.03234032596968269,-0.767481461742736,0.5255241901761996,-1.5155989483965244,1.0496437048258576,0.44771415175385726,2.3207995273130937,-0.623862486843357,-0.1994409865154068,-0.05690886419017792,0.859806456982301,-1.143936751806728,1.2371983629014698,-0.31785013336575185,-0.39994250722763464,-1.5288175678747988,-0.31963386114499026,1.1132582385160594,-0.3637437032621547,-0.486041536748279,-0.7081902553550077,0.5526322047194513,0.7387639729648274,-0.5412085362782773,-1.7927473771085876,1.6638949518944444,-1.2690970707238434,-0.041875477009960645,0.9989974387163656,-1.0156204468825965,-1.0819856008722841,-0.7326301043710821,-0.8621846712761151,-0.852079708215666
2025-06-19 16:27:18,0.9685146121340694,-1.2869100577184023,-0.528392797321141,0.015203122240723647,0.8937115848322835,0.59823050502871,-0.4817107943944068,-0.5486725588807164,-1.2085415084956084,-0.24302100671669585,2.0494085749302675,-0.5709944372922698,0.12473284050948343,0.03158026067288222,0.6646562531252622,1.7770964468200734,0.9912230478051379,1.4425319783232526,-0.4593631318567588,-1.2287111187065383,-1.021268573921946,-2.2838186190430294,-1.4564965094410176,-0.5406241125439119,-0.6148263969783969,-1.2199412903570017,0.10283790459221837,-0.7224708460450091,0.3950236799413215,-0.5953618006748469,-0.4294151418931716,1.423532644007154,0.41200649205939854,-0.2206945884082271,-0.44775369156082334,-0.188114370398003,-1.6207104504799368,-0.2666096393744762,0.07832423736180025,-0.25297566157259005,0.8506906824527918,-0.4336508933346985,0.11912672857177063,1.3358465827111925,0.08930577552620758
2025-06-19 17:27:18,1.1336086485674255,-0.19693943926595237,0.6966850186104612,1.3260560419785614,0.6102811883070139,-0.09068585362325238,-0.5592981470548044,1.55140954459635,-0.5987409426165065,-0.36644735959131464,-0.6290017037160867,-0.24556655942655856,0.27819543876797515,0.8160524652164258,-0.2595659479128664,1.7222663514011125,-0.22600107745185863,-1.9433922312518135,0.5434584774111242,0.3760606727445051,-0.4989905127232344,-1.1568753434164458,-0.32707627751325624,0.9925494604665536,-0.0013650823798673029,-2.5287936974495877,-1.0005298421879483,-0.8641938259642065,1.8101193213250597,-0.5124581496444679,-1.1168963108540115,-0.12236583702936678,-0.29009030758467536,-0.792942041599933,-1.7371015571970374,-1.5820164606261187,1.0861080446513967,-0.008262535303610428,-0.7789492288996409,0.7740184717801417,-0.15946866239178364,1.2339736103390746,0.09728484225708751,0.6024267068068133,0.07909142664848509
2025-06-19 18:27:18,0.19276388395907418,0.367238381217345,0.8485416617518918,0.4323057482396837,-0.21037563631658188,1.2997849457675585,0.1744591425097261,0.6330251249515065,0.26806768792726715,-0.6662031930114294,-0.2801539431830109,-1.0860600126903763,-0.5461433869790921,-1.353144767879655,1.6686773827408685,0.6399260944469793,-0.8047776405277537,-0.505424228983545,-0.0158072307121668,0.5166851499621966,-0.8564490130661746,0.2465696991049606,-0.7561947541996401,0.6307662125595029,-1.5799087340693696,-0.16302732081575405,-0.28749546006348015,-0.010829040057621834,-0.18987276098753225,-0.8999502764131397,0.074349102116715,0.5145292176235075,-1.4881287921511084,-1.1851379125676664,0.3427528556535511,1.6612911426121706,-1.2719332918868336,0.9443838366466185,0.8961890960221498,0.6488191773424825,1.958730553778976,0.4697843879050703,-0.3463294156863881,-1.7113444505424604,0.7702583028349765
2025-06-19 19:27:18,1.0196537320924817,-0.6838177703656062,0.07504097920901043,0.818441402779763,1.8436267171793081,-1.0169175857066273,0.7129516372476687,0.6796741259547512,-0.37856211716280974,-0.8033134964617907,0.23832194128451512,0.20915847106751373,2.274811583573195,0.04994443542751455,-0.3061875900963418,-0.9662265737743382,-0.24332421852656116,-1.626101399422399,0.6299967404188317,-1.0627721299056452,1.453971010611074,-0.7663065445535647,0.6354063777648541,-1.8252603621783094,0.025279691270093444,0.2605489977738112,-0.08446665956879833,1.8006958964621347,-0.7022222199391035,-0.29926788680241795,-1.04352442657147,-0.9764731669547234,0.13085478500900163,-0.713397029179288,0.7352145625620711,0.3137086260964066,-0.22839512524722666,-1.0002001179930176,0.35262852914112375,-1.642473105594452,-0.5376613439472036,-0.8924462874106217,0.46052895408319977,-1.8731628764069703,-0.5613316422250295
2025-06-19 20:27:18,0.04892376456236974,-0.5043121566256362,-0.10448947137132611,-0.19529384947479,0.058167370391763784,-1.0888219250003133,0.4894276251995825,0.299989620898055,-0.5004124476974279,0.8469879859684818,-0.8340513461252862,3.5280691012591365,1.2881143963278352,-1.6206632168806494,0.6468953895568352,0.7649795815643473,0.7629986666208336,-2.378552838708546,-0.8137422648980323,-0.9253198320349403,2.727018324184266,1.0076929289931347,0.7310858130059212,-1.3412133540147746,-0.7725363656142334,0.44785924293672186,-0.18913543599473187,0.5793953529979733,1.0953101809324348,-1.6360741789838045,0.20056846862374123,-0.41766927184472785,-0.4619287105157276,0.40625260855807693,0.6788256764642868,-0.15060235613358966,0.9007300462438375,-2.143633006974263,0.09838180504990832,-0.019002809887566068,2.5874255337184033,-1.2763107308623838,0.6140102800302204,-1.1461226302254557,-0.7282863503998024
2025-06-19 21:27:18,1.3489579913025018,1.6658661994598174,-0.3170891626477579,1.3853333018711436,-0.6263724161901435,-0.41523114672757966,1.0647855140295888,-1.1361178190656862,0.13778576407595194,-2.0854768552915703,-0.6879400679038467,0.15273622180689694,-0.6943922931412191,2.226795397219631,-0.5902154133097661,-2.612923336772344,1.5155016891976099,0.7389139125919736,0.3950162776802172,-1.3232202003889801,1.4205410577730007,-0.4611514047689673,0.39880216242515953,-0.6556392186366956,-2.2045348521722112,1.3460306497854486,-0.7829791242399681,1.5391608515508426,-0.23272200033069354,0.9894604448550958,0.09483661637471837,-1.2723541660422482,-0.4691200601193657,0.7765573667015793,-0.6432187710300409,0.4272422215733867,-0.09578170573208966,0.6467947137024376,-0.49344385980354066,1.5235787918175197,-0.1498728373921152,-0.14417422672317803,-0.7795533685386237,1.8091714308792763,0.20171380419142795
2025-06-19 22:27:18,0.9989757265842716,-0.40686918502566977,0.6900341430969432,-1.0772535393317229,-0.3504821196113782,-0.2744685097598294,-1.2423749145730452,1.255437690032663,-0.09353757604974185,-0.6405254466870421,-1.25593309072834,-0.9381150969421866,1.4261700928161345,0.43775640647896125,-1.4248156545840263,0.7838509610836363,0.4297772264733769,-0.30099253573157453,-0.4057899112480172,-0.06380280920249291,0.5999175986102147,1.3988162445374117,-0.4281259024578446,1.5675489059968053,-1.0145327506125341,-0.17950369882161302,1.0511560504652562,-0.7670347863428774,0.30240131414668997,1.013968185189532,0.6496656418245361,-0.1494918824507746,0.4769084951244762,-0.1367959131107091,0.671264929870637,1.3724739591797521,-0.04574609755748557,1.2015669850050594,0.8029835238178177,-0.49654891432775294,-0.7063734508014128,-1.1801372524420646,1.9932305761454505,1.3541911764837178,-0.6668162448101388
2025-06-19 23:27:18,-1.129031253845153,-0.05599406441120829,-0.8335858716098893,-0.8848870149948943,-0.2811594062634424,-0.4776748087430479,1.166163583440536,0.3142977466408111,0.46357829965197744,-0.443603041849316,-0.4323958692349918,-0.4369999125910735,0.5469663407628104,-0.1580948951383936,1.8527404923961306,-0.027794479229410904,0.9922117717043444,-0.6047265312256428,-0.8084033434676303,-0.19361885292616843,-0.47201577229281083,0.3553570286795163,0.14378768317604798,0.3025196052311976,-2.251153338943516,-1.0887636696339555,-0.8332463713715718,0.5184430764532666,1.7666968412437398,0.22517868567810403,-1.8730233716031126,2.2626069655113183,-0.9699487018105585,-0.5793553835766009,0.5045871501778127,-0.5514639477225161,2.512278988012099,0.9674773123144697,-1.18997214442438,0.6637020125541488,-0.3314097866130191,-0.4692538698677718,0.10101149730248007,-0.320432744361645,1.1778263844647547
2025-06-20 00:27:18,-1.814370009855782,1.0012528717844205,0.07903653335923422,1.2039835001845811,-1.9782020562724953,-0.9774999971010646,-0.8182105376283753,0.34263082235172815,-0.16419975930701108,-0.011896770571503311,0.6985371062395127,-0.7678239774304109,-0.19499338590893114,1.025903928044798,-0.05541099988701466,0.44273351425747454,-0.877792795166639,-0.21707446212201112,0.5096714477893951,-0.431737023089035,-0.24701878915454742,0.794276385361113,-1.4130445887267993,1.1049645680163844,0.3248201406180352,0.564351512255032,-0.45199168844329946,-0.47012929481325655,-0.5366432348270399,-0.1887158747571167,-0.023241740940028136,0.6383980093950392,0.20577721079589284,-0.17077602777343107,0.9601079341115346,0.7837270881079315,1.5085058460690535,-0.7314693703948691,-0.47206644979555273,0.41579470213419395,-0.426588907819084,0.5824907650470915,-0.07889999772874783,0.8637225764317995,2.171358483239764
2025-06-20 01:27:18,0.88861136454584,-0.992478663500738,0.16429193153592841,0.27936271017498304,1.3036707343811902,0.5599877527919508,0.21594926678126686,-0.6888641889852483,-0.755708835754405,-0.9304898307256603,-1.0360254171843735,-1.8518408668280533,1.6057646078236618,-1.7733322192294225,0.039528668582597466,0.297818207627147,-0.7611076007079983,0.5303276155312266,-1.31606146310064,0.274620293232698,0.5995792836571336,-1.7563804948200126,-1.0281534152546505,0.9031091808738626,1.6725216787371964,1.0100083643152271,-0.08113523588578138,0.368629132826997,2.4317982888205227,0.28216118656227784,-0.20938174890704278,0.6119663967319444,-0.4436736272033511,-1.1424656336673482,-0.5928854154327681,0.04042369184176135,2.018369958018325,-1.2097876655628164,0.5589758771645668,-0.075000246626573,0.650376726375532,-0.612269277599149,-0.5068945858159913,-0.7093038971882597,-0.9396579730345319
2025-06-20 02:27:18,0.7865124337101288,0.2651897305992163,-0.5056309630773135,0.4844583001477915,-0.4727318773896106,1.0705496056187291,-0.30712343891007277,0.02003522548018366,1.1626432914121736,1.323544443622391,0.7019671079424009,0.6696012781143998,-0.5409898325867153,-1.9260589940812232,-0.8457719107916433,1.7489374734102023,-0.0014738674256771806,-1.3879509835717796,-3.8545861829553356,-1.2195238086387037,-0.4487028718592194,1.4248623715432276,0.28500209563740786,-1.4530382906526578,-2.064323622765297,-1.1743554740811057,0.17461003223731955,-2.4830181352817218,-0.9679610583673242,-0.7840429705912243,-1.4309917253458715,-0.1963145208844442,-1.043962415463292,-0.6914870224627417,1.404105772219225,0.7516305560772709,-2.040403851001128,0.3233816107976292,1.2887341813696638,-0.5027244716595377,-0.5617884262438215,0.3369147477053419,1.8261031119604378,0.49177854770751434,0.5834458227190875
2025-06-20 03:27:18,0.6486028849507012,1.4380173033936356,0.7876215096239697,0.31092224380984457,0.20175110298765456,0.4017153389240881,-0.9955569654085249,0.2831627132297323,-0.0699892867487832,-0.6532061385869583,0.16316978930733994,-1.2614968121503176,1.0616970960096286,-0.3881434360512282,-0.2563442009003908,-0.9670428047018059,1.217384828831118,0.6940943916831139,-0.1223947106486604,-0.2295971662989654,0.6412604533613798,-0.8086667964823857,-1.8508884157784116,-0.019788473047139397,0.5029557594716828,0.7813774817775317,-1.1423689397525147,0.8863399530193299,0.7461164407099725,0.6709473915336354,1.4691167292701068,0.3668240969150853,-0.33476488765996276,-1.1663028560029367,-0.6898482177369898,-0.8168301683409575,-0.214377336437749,0.05764080115434048,1.4458103812935466,0.19641484725413766,0.5020951519437548,0.19344887612583161,-1.409048091685854,0.5119003502823345,1.1042009147076137
2025-06-20 04:27:18,1.3470740904645533,-0.00950444154336548,0.2984344249701422,-0.6611456881371708,-2.108121402930699,0.14844082705604858,-0.9520746624641164,0.36263973803989913,0.9440925687008644,0.4638334568864884,-0.036094288257320785,0.16508667768103655,-0.36254880547505147,-2.371377638284903,0.127173304486049,-0.25161954323630675,-1.271374576888138,-0.18965403551280177,0.19485571656136444,-1.270163165481597,-0.21497249496653809,-1.1828614258548675,-0.42433725801989675,0.8212875938134393,-0.9679070691120195,-0.9948926890495975,1.5249775178206475,0.9097359988947329,0.03833623079314905,0.7133183861587993,-1.0393968705052112,0.6626727387053383,0.24893083398069316,1.7255319651662215,-1.7767159926670832,-0.5521659982085672,-0.23127285863004549,0.4255350646397956,-0.48810703584871523,-0.28133235693099123,0.8894534549216299,0.5101662303695542,0.5093795408902149,-0.3453155454963501,-0.24162461396428064
2025-06-20 05:27:18,-0.8149395121900784,2.257497757973491,0.11407968402565645,-0.9830535859231853,-0.010947315300594123,-0.10844838001919853,-0.844753505515865,1.0047133060431528,-0.26903167545061474,0.10920650799398926,-1.417442691746666,-0.019201802715803497,0.4638018001889631,-0.2506689956707734,-0.7305937843436037,1.6841168773061894,1.5318686944607864,-1.6118043687218722,0.955987642471586,0.7384658585554174,-0.12728991579458865,1.0807035710008315,1.0112288283165256,-0.8398558135688386,-0.6829077649451074,-0.2188147326587521,0.4556049416795868,1.0734793332174712,-1.1897360689122827,0.7018622562463487,-0.11677453655871603,1.0346497266436359,0.49337686860084295,-1.5415747741881074,-0.07299444095293525,0.970386118401894,0.6211443283783603,-0.22786300139815913,0.011963745975780397,-0.8848768661956966,-0.9592893043169511,-0.6785772514165582,-0.9293988193468283,-0.9502782522543187,-0.17476362252752037
2025-06-20 06:27:18,-1.4018592883541698,0.20492570252560863,-0.4954159732229114,0.17170518176849353,-0.01591832298906588,-0.2661074816159859,0.40895838654571665,-0.3677516940962948,-0.3499943508035773,-0.07935825467360387,-0.0673666758810012,-0.048918692235790144,-2.407007513463003,-1.9155370300607635,-0.9725681292457303,-0.6864067391461484,-0.19829081248259306,1.4323699297089372,0.39418139528259827,-0.5308756694868862,0.45236195163008686,0.8777180797001904,-0.2675334150776532,-0.9623626228643798,-1.193824956408791,0.31342433312482665,0.7637329934733168,0.14080590572725293,-0.9249800380715065,-0.187770687727551,0.1557132006567401,1.1182477618780868,-0.2091374977264152,-1.168805189866465,1.1595330147706773,-1.044267414696611,1.2217834014695803,1.1502657164607202,0.1818056272291408,0.7916232576614957,-0.24819555366034232,0.6688449790616896,-0.8055716869106017,0.2763076054387077,0.30505998716666843
2025-06-20 07:27:18,-1.1385217458329642,-0.6896269421872656,-0.48229705032447256,-0.650598600251796,0.4573321833974478,0.13134590580959984,0.3679690619810226,-1.2648857832946017,-0.16254892165501555,-0.5671310483766713,0.6463255000726729,0.19901673088724073,-1.1250317362610207,1.6946954012028812,-0.5813699459551633,-0.9085551526520713,0.3883777446170868,0.23624580466356726,-0.1911110311386959,0.9703738892156997,-0.396202967551048,-2.2929496608021562,-1.5540343599091022,-1.3829503687902522,0.7841375074734103,-1.0744425041547745,1.1652484916319341,0.20775035696610578,-1.6837668087429476,-0.17305915343446218,0.3089749155228447,0.060414273478786334,-0.029833595526509243,-0.6066601383328254,1.4516663685484366,-1.7209588739449866,-1.014822050816678,-1.544545119465555,-0.08127702323187364,-0.21368820464892177,0.2439998632620365,0.593815680844867,1.095800133707175,0.42538479606122276,0.8124705635331722
2025-06-20 08:27:18,1.5226320385081638,1.2491080579937255,-0.010655669230899396,-1.2646259907360096,0.34802680431035604,0.9505490689920396,-1.8567613974353885,-1.9103031206140897,0.7901322931904059,-0.7223360548382269,0.2345432979835995,-0.14927986358917272,-1.096592696430443,1.9414092787022346,0.5085910651187247,2.402270211931074,-0.054184762859229234,0.6013407378838224,-0.48074378055492384,0.7776234665100751,1.8439452726237464,0.7875934239460229,1.2784992617091107,0.5385618756311731,0.8520300516559433,1.3237905243446961,-0.6185257025184634,-1.870265911056507,0.6457696174937622,0.21615980431864182,0.5846254011515304,1.704480189384677,0.06105482193504712,0.671163867751874,2.3419177595598866,-0.5029724831159852,0.7514701937896042,1.6881062089103738,2.898466057658807,1.1518703112915043,2.2736859612885407,-1.1220273378598344,0.003921058427103967,0.06653098706134837,0.5517711283855994
2025-06-20 09:27:18,-1.3445992482511868,1.407270197997115,-0.7635125144270443,-0.3949447976761407,-2.234688593015989,0.9527177338225443,-1.3120316005227297,0.531268876590255,0.5830897602986151,-1.6847650741030145,0.1002651749213004,0.4406451695796702,-0.9361103687280935,0.08702234060247634,0.09031325820284908,-1.6049407891480496,-0.13878708112553434,-0.040018600644759074,0.6367893004665283,1.7481188471166382,-1.958149038897057,-1.4510280150428279,-0.1219996126755074,-0.9301915248967828,1.1669314133526232,0.02494585131046356,0.9853753813302532,0.09737893397418668,0.8227537164055038,-1.332312946743182,2.4932382610921358,-0.8418041324177822,-0.5570219598888878,0.31386550098177585,0.19478012513926873,0.5654675725867043,-2.4268394015969017,-0.36999505195749166,0.030678576421834504,0.5215234334295947,-0.8468425693593227,0.13976247264270436,-0.04195230757328081,-0.38532581632629964,-0.28047100960586746
2025-06-20 10:27:18,-0.36427007694145147,-0.8643757761319021,-0.9871162323352333,1.5165271405301959,0.6665321863953231,-0.9227821521478552,0.7216846387872499,-1.063840936906093,1.093968048491554,0.8264307561728347,-0.38132226687873244,-0.5027975654986552,-0.8100766414737346,0.024416819618693953,1.2601746826763873,-1.9271431445846123,-0.09619686185765623,0.9042813374104027,0.25177902243190414,0.2751999515063959,-0.9066669821383843,0.7301023139528924,0.06841020500731491,-1.0853620688707177,-0.6368829596095478,-0.04739722459173736,0.8567116747203735,-0.4013799730942042,-0.7090498696360408,0.16085037684117096,-1.3693257400920453,1.5623738247226489,0.7624313002471215,-2.5580931589665106,-0.9075078590909967,0.38651469725432364,-0.6637113232885539,1.6650324631162203,-1.2217370483435492,-0.405629690729022,-1.1412798647889002,-2.843490724287838,-0.24961760175549455,0.8407065712542435,-2.405926033552842
2025-06-20 11:27:18,1.2437919621599467,0.5589080095553656,1.6117386860010356,-0.822027172373922,-1.2610884584712114,-0.8007387732964556,0.7259777078965794,-0.9853715134861519,-1.261397426979012,-0.7313614143128137,2.10592003416644,1.2864487729126899,-1.4070687837937808,-1.3152198558148624,1.36051518125576,-0.8127527742634867,0.14473462830499484,0.3662944610489703,-0.5661084296023922,1.4298198424266846,-0.7268093841118368,-0.07918844145915249,0.10865559539809816,-0.3990001035004335,0.41830278942612364,0.37771892653057715,0.5911726580028118,-0.15629546721366883,-1.0678930647701794,-2.1392667709529873,1.4971401608423893,-0.9133924992241168,0.05318227440667826,1.02515675997553,0.6917366477239912,-0.3733626675754366,-0.8511275424926585,-1.1791226542927664,-1.6004796705060578,0.3017013176785953,1.4181604423066643,0.297083932361188,0.6743832021862954,0.2218940646222549,0.6457535574834785
2025-06-20 12:27:18,0.4053103729857845,-1.380771706038324,-0.718513908161456,0.10820447671136141,0.9469909699403503,1.4182008307435285,1.6663511312530284,0.7574687577782009,0.49299435146620707,0.6023977739426268,0.2874879714001761,-0.6898310431346798,0.7341003074096527,0.5758161495419003,1.07015236049431,-1.3864106503953937,0.2779017843350546,-1.3429238385702145,-0.35056991331294984,0.38536365119442223,1.552482720928678,-0.5203860726528606,-0.7507981951811331,-1.4539727482702418,2.096899283860818,0.07709821705341972,-0.05487982291291112,0.5769374774181202,-1.2517581480830242,1.4452704615218117,0.5156306444527893,-1.1725560728675004,0.006849335866344114,0.4897927685229257,-0.0387824378023517,1.326211670032715,-0.06371563119479841,0.8403948314523381,-0.5226257899938781,-0.18050397114820158,0.19137822469625665,0.7463901227723059,0.2847413097688199,-0.34744279164046427,0.10251629882654155
2025-06-20 13:27:18,-1.5860163538388201,0.7447496761642294,-1.3237575655610958,-0.15874822766469762,-1.0672564330865422,-0.2255715665157465,2.0803650334846338,-0.0001700955199812193,-0.6563987287468267,2.535842726494089,-0.3217020212185429,4.627840161085556e-05,-1.1501446618671542,1.2472101389627444,0.16256378911811642,0.3042976515870032,0.34429405819766495,1.4186057908440413,-1.191503366592777,0.06597214426002344,-0.5100589296013608,0.027909793030526476,0.6717560459211168,-0.01667106801232208,-0.0076018873930229075,0.20151930727409045,-1.863003404243435,-0.8179234788549739,-0.19162149827003366,0.30103015519017784,-0.371296447905322,0.4054887302431457,0.008439664350608922,-1.0161573678678397,-0.1464355702252881,-0.17753639673902663,1.1083239201055806,-0.428674540962826,1.291511198027511,-1.3755282537248037,-0.07166234809630573,-0.17215022893516543,2.0729552616471953,-0.9905963200867332,-0.06471453957030777
2025-06-20 14:27:18,-0.19126363686462633,-0.41332035449934884,-0.8749155152210094,-0.007608099431255039,-0.35530602447490656,0.12549246704979847,-0.7947272647096267,0.5419274581935747,-1.6250788300575811,-2.7287616560419403,-0.7659397326116509,1.2310002370932045,-1.2362473392328563,-0.6534312096028705,0.6406775549195864,-0.6413067501628881,-0.10416300871225775,-0.7992548378929321,-1.0543525785177728,1.2561167926621997,0.7395656043669437,-0.3147001770876228,0.13462304163672528,0.05276753433486229,0.8338796087603138,-0.3732055867475304,-0.23040891731270594,-1.3959653052126533,-0.841599793212887,-1.5357076368453544,-0.26451963416491875,1.06549923785353,1.2665463889065829,-0.07400990713722878,-0.2561497884175985,0.21914359048664916,-0.2089907529621145,0.5570741996607701,-0.17992401635234556,-2.4224774211832734,-0.43068351644521347,-1.0634594796638996,-0.19468054517893696,1.379203583080829,0.6397048702132506
2025-06-20 15:27:18,1.5730212980742408,0.3967377503200936,-0.12910915459339628,0.48949829389990146,1.0708010199938183,1.9691619021204918,1.2850609570128988,1.17774087329161,-1.3100810881548985,-0.32764073365121543,-0.06124307153217671,-1.480771746805433,1.0120201270676803,-0.02030983242282619,-0.43906086934171534,0.5341566083440291,1.2650106402401944,1.5729945201833515,0.3091327397549587,1.6424820170101637,1.0344944520085182,-0.7422612352741828,0.876949477026438,-0.5624176779926772,-0.6423943581978235,1.400443436558671,0.7857873865879482,-0.47105449849189845,-0.0004559092217035396,-0.3264718458230462,-0.2403829955100872,0.1140303198239863,1.652265044678699,-0.20831354664909205,-1.2185872717948274,-0.8567528953944799,0.5080654594864156,-0.0679871977473046,0.39275617759545306,-0.32024767024392436,0.6106577546422425,-1.8265231964065827,-0.3800531367075759,0.5764928875296013,-1.007079941953494
2025-06-20 16:27:18,0.23011719548819767,1.133114721550377,-0.3285452806681563,-1.0122558139066518,-0.9423513913427529,1.1898922861617414,1.9837930783292135,-1.040445870805251,1.5752226169757253,-1.3614081244074148,0.49959102764488433,-0.4737716918494562,0.09812849276047907,-0.45750195060500387,-0.7415525675686461,-0.08820288102886462,-0.7997458842293637,-1.1089894269147502,0.22266873058621264,1.0279438891910895,-1.732229052231828,-0.4342480632002475,2.519669585738494,0.2363399814994703,1.1679530755001986,-0.8861020715736206,-0.26617182809613543,0.17709413898059945,-1.3475597560286778,1.7102295284086058,-2.0353500035692913,1.3477228231255873,0.777916462434112,-0.46745397954132384,-0.19909756368139847,0.40333808501578655,-0.21826706762737494,-0.8014476412523487,1.5852959128022013,-0.021372241808107317,0.1283039440792962,1.0848054528386544,1.9193880672987333,0.6216873277867064,0.23532152995172398
2025-06-20 17:27:18,-0.37612629488327143,-0.3959893770991535,-0.07362441241758556,0.3090942132284823,-1.596178699979659,-0.2052446748363218,-0.6471908291322913,0.5151902032915247,-1.1240128505675695,0.062242998425175965,-0.7872361877309311,0.5171555289817559,-0.44153399628011997,-0.2467588791027521,-1.1802218523051649,0.7344646424728082,-1.1725737754084975,2.7443404895549213,1.299545394045144,0.2694939034199958,-0.6858647524025333,-0.7304294431275751,1.6279203702740677,0.06326264316853948,0.3379515021372773,0.1186901519287218,-0.9915091856909974,-0.5459756960206771,1.298377369979914,0.5211348326176306,-0.9401509869004387,1.59733499428685,0.6390257067329342,0.4829188440511925,-1.7504559490622644,-0.16743707374648925,0.13675391869653306,0.5921766391360893,-0.5850519943840616,0.496555566087946,0.03803107544022615,0.5467256275390445,0.678610777119706,1.1758370907485542,0.22227105265415384
2025-06-20 18:27:18,0.5001748003104058,0.5676160230246055,-0.8368495502100584,-0.10091181487151084,1.2586856336366004,0.27505053037601235,-0.5491116001611718,-1.554675207350003,0.05592096443587982,-0.4668242581198105,0.4263634041524954,1.2088700521927882,0.2053613106754566,-0.010273997864947959,1.7147482163931067,0.06902107946088089,0.11013716285697049,1.5219562567261367,2.264370278069128,-0.7067177461010324,1.4305835144486827,0.8189752224144629,0.49039151299074646,-0.5745517821687791,-1.0727949551866474,0.8264382532360537,-0.024711105490286038,0.09169540226124316,0.8697151069227619,-0.4972570340202281,-0.1275017223371816,-1.8155095594698725,0.7022405587392798,-0.05897287330970999,-1.2688424635479363,-0.03917192201331779,0.4661021573541772,-0.17807450072028613,-0.39375078535119484,1.6565788764602536,-0.6117985855700979,-0.2500032750446156,0.7520405711971139,-0.8637154201734636,-1.148892916462711
2025-06-20 19:27:18,0.7241238807068084,0.14482391542809864,-0.16265954602936036,1.2823570461019371,-2.214805012749704,2.122691698915547,-0.026371436952438466,1.193004151161008,-0.7480481184762281,0.9663647325408271,1.1389037438951908,-1.160693898137971,1.195825439550088,0.07169497318715515,-1.7260338529834467,-0.837609818791668,-1.041087250765474,-0.6937819527897042,-0.33692913134075986,0.34403196094570115,-0.4547522182806989,-0.8888544108870907,0.2871748327128059,-1.7866869279932938,-0.046780789529864926,-0.3766217262283725,-0.15212971691533458,-0.5944968127065718,-0.31072926945123586,-0.18462693397111904,0.2725237374675759,1.1373291144307298,-0.38499015464828906,-0.001362976502347879,0.30509221787458823,0.3691777711643245,0.3593455894164433,0.8906653049329937,-0.7655782341878523,0.1469743495600172,0.8080964583812602,-1.3922263074582204,1.9517056342823236,1.0677028263565256,-0.9089448250927261
2025-06-20 20:27:18,-1.1409150303750384,-0.3838242632413569,-0.016871010723436948,-0.07362971687755979,0.13356273936927082,0.6986216605436137,1.1610936036509198,0.2512568810731299,0.24647636505955883,0.01486930898373012,-2.098213665592176,-1.5509354146656804,-1.6409710530718127,0.8649319747410994,1.220892508516671,-0.7568973928894338,-0.036069108284712256,-0.9191303160636034,-0.7953609960540722,-0.10964978330576017,0.19077051880420384,1.827011799089679,-1.7641335045033382,0.7014421791176334,-0.2388975779593587,0.32791153779140025,0.7536449132759586,0.6962153524735958,-0.2543217525967778,1.0977445556356196,0.3520679335643827,0.7492122856850044,1.2949232127464887,0.5221136248493572,0.6570170797643483,1.315006273258864,-1.5904059104920165,-0.5044533536830451,0.3529710945393598,1.0693322633129945,0.5715696142150206,-0.3524478851299461,0.7126378045859575,-0.9920349514385712,0.34516795964676655
2025-06-20 21:27:18,-0.9381404824218781,2.08702685449193,-0.3974017121338737,-1.4545012562769541,-0.6606666970364118,0.8191393600120199,1.555320146273529,-1.0991976667376173,0.21920286084402932,-0.22445974420080841,0.517952266646585,-0.29316989804075744,0.14136189487340167,-1.044634958617616,1.182904126700988,0.7362236282749555,0.8593129407893233,-1.7084108011441983,-0.24210605966670187,0.9036317840714672,-1.3437843899373632,-0.6291400906907116,0.5857512602981543,0.04893042381307839,-0.9743030090158558,-0.443925254849856,0.9196504121927126,-0.4726800652336385,-0.5160633219862686,-0.46596650150058655,-0.4924322227955605,-1.777979600249759,1.2985956099524303,0.4696692703249346,2.711117222257458,0.3122864418839857,-0.10781961096137556,-0.7222626246594823,-0.46151264958818744,0.06418627562027597,-0.5821710959656595,0.8386235138841837,-0.9911360452966756,0.3798829541439951,0.4781838184727191
2025-06-20 22:27:18,0.6816333322915525,-0.29246735024357007,1.5060581877642507,-0.4354440458952361,-0.5710179965885054,-0.7957501892286101,0.6223727506858213,0.44226095442014535,-2.7093387214309965,0.22175273871623905,-1.4365007367958584,0.11719551809438267,-1.7796672649065186,-1.0561754591749906,1.9803751356629862,-0.8153849983905646,2.108560717031031,0.0120739771756154,0.03854966522362747,-2.7597089653660407,-0.8735218616350706,-0.10371325683220926,0.4959380934238923,-0.26180388229080914,-0.22411817869750597,-1.0166517076591794,0.887248527200511,-0.1511826087623092,1.267888646545102,0.6926800456893732,-0.7354545481893495,1.1373018738209684,0.4957781406471609,0.3266980355188607,-0.8361238140887276,-1.3104039488364272,0.4304578423397104,0.16871068582700655,0.7676067892299479,1.1768172922800058,0.04383056318561367,-1.706332518968475,0.836190538546432,-1.6963899118767451,0.4008505039715706
2025-06-20 23:27:18,0.018410907123069534,-0.3866107223190262,-0.7833642469875709,0.7894014732322364,-0.7379668430665012,-0.2703030298105429,1.6068232319418323,0.9228342439549688,1.4842828436458861,-0.09707063756742779,-0.31301767463786495,-0.3508342625156762,-0.2155765054401452,-1.75433318263591,-0.6214938184114679,-0.09216752976549325,-0.05647210617264069,1.0415593606544082,-1.0381378565694392,1.8561105121864174,0.2206880273710336,0.6185778834782967,2.0602376184432214,1.075803867452634,-0.9045871125850754,0.7609774435597259,0.9035518921855924,0.8972443326455329,-0.13656143334475182,0.41579758643638487,0.22849884359027722,-0.7450619028940982,1.5375339746987569,-0.7145379090368373,0.850185559999663,0.6043943353416029,0.8373345570302637,0.560355146228571,-0.3916627114324369,-0.17765737929632808,-0.06704274866649276,-0.5332506270867222,-0.08567395494499284,1.2489214722783377,1.958350077991302
2025-06-23 00:27:18,0.0865362452868756,-2.1041335737077103,-1.6369617342618668,-0.05818119735647295,0.5537496466285585,0.10275426766301779,0.6185357058716383,0.7383993942155794,-1.002816447094545,0.8231486074279947,1.3327538841492865,0.3665374321914492,-0.9331705741599872,-1.2804198810650578,-0.6481180030688675,-1.8020674948536362,0.19164759662368472,-0.3463270232136172,-0.5837843345886168,0.496823579893859,0.8847576831793488,-0.09043968670393539,-0.7834773619938679,1.1798051462517647,0.1743286232570969,-1.302184809389717,0.7580275484939557,0.10180235536308835,1.4402213261407557,1.0035805041548067,2.764135078947906,1.8169315957677072,0.505636453847508,0.7548658798472552,-0.5421592592239459,0.5829705071112038,-0.9264128949595755,0.4824340705471463,0.2325612841464302,0.6445516902831043,-1.365744719456265,0.5072769638361287,-0.95379072728599,-1.286567640124513,2.074399950680095
2025-06-23 01:27:18,-0.6123049030087319,-0.08241433758604998,-0.6037079871999352,0.6558866503477643,-0.8327635813616512,0.012003776320622184,-1.077941056469406,0.10290206962020428,-0.49509116494261796,-0.27622100579854053,1.1608632825731702,0.05112488545516106,1.3303450439962907,-1.4591835266968451,-0.27407909886661813,-0.736393194473286,2.2334606700620703,-0.1853301814443976,-0.4428060544740409,0.8540625255052946,-0.5889278575243903,0.2889656390822867,1.3588523684192513,-0.7409465098798733,-0.7104847631896263,1.9877035674373227,-1.3671088832820328,1.447057099801976,-0.43416847886012233,0.23040371852797376,0.37349731670352004,0.8156220779726718,0.901674980025557,-0.0021944122271169843,0.15291253062611251,1.1173104122701514,-0.012237474478755284,0.3763354921996688,0.09741758931198566,1.4865064567909687,-0.656835465876844,0.13061398421720283,0.22363119456799055,1.0119972948753033,1.2305864060631118
2025-06-23 02:27:18,2.038308577679832,-0.522893755927524,0.3467008088444196,-1.3749359215688501,0.8645433726052856,0.02583774357854337,2.286270545599266,-1.2617522102486813,-0.7921185651832522,-0.17472134432888434,0.8897219497616471,-0.09643457899443326,1.205844511236439,-0.9726106672109615,-0.6284423246692815,-1.573778223154426,0.04823255910112119,-0.029545461096489884,0.4030716481676483,-1.0944911458512114,0.6071728086365601,0.4573525835426616,-1.1528095132698934,0.19389081371509337,-1.0104946868257783,0.8560205615434161,-1.7118645018389258,0.9650968833679677,0.8822885724019097,1.1318960161564384,-0.9706109424923048,-0.9128086762299263,0.9044206314649231,-0.24819087254504077,1.0658155584095668,1.1982468429250253,-1.738572760208505,-0.49894591541634253,0.4650458549341056,-0.6884543734730098,0.8529381195118855,0.14792900773102372,0.3899580444833279,0.643071942993637,1.436861927533831
2025-06-23 03:27:18,1.3588003613800956,-1.1832829379587044,0.2763674710876766,-0.3823451541047629,0.9206429080521605,-0.7104019907815274,0.7772478477362802,0.08172319117071167,-0.1406659019298182,-1.026563690874488,-2.8743558070295245,-2.5600474322837656,0.06095693027414723,0.20652562390390658,0.5349800437326693,0.534840585915105,1.3183378235525955,1.5018841571632628,0.20413335297105561,-0.9106257317677287,-0.04534273479886296,-0.3483289117123941,0.18746604969636194,-0.0032205531253298165,2.2697313928312264,-0.6695908100730156,0.33760047833567813,1.3793700571842398,1.63971713254053,-0.19067596253622218,-1.708487161059547,-1.0969921697374048,0.7675039639309357,-1.1025681098362998,-1.3962427793414978,-0.0483086209036799,-0.3164317262433416,1.6010684291647854,0.03452519828233109,-2.530024632727978,-0.14200331899448032,-1.0781451536079154,-0.2233453363825143,0.8354208503903348,1.2416316954965856
2025-06-23 04:27:18,-0.25186284405117476,-0.1270891671372604,-1.6685115847552203,-0.025375947646299336,-0.21506662342884003,-1.0681304434600294,0.251001570074095,-0.034944568247665814,1.0138926761723612,0.9622314637620304,-1.675541148050813,1.593479467707268,-0.8395433378027473,-0.916727419791728,0.5934237844248856,-0.3431647418453868,-0.19017419305684904,-0.5488279346639126,-0.038540594345852774,0.3312243940000199,0.3343918440558203,0.37853466129433183,-0.20127386083364524,-0.6832411576901339,1.4112046410059256,1.7738264804100006,-0.7936749322939441,1.5985507965902321,0.33501119021178,-0.17875363968955318,1.7430484723600004,0.28312705294919677,0.5256092351458547,-1.56123306282885,-0.2496266509923761,0.9359697097613429,-0.6570432165434749,-0.842481434965857,-0.9705788952407804,0.13686584077424366,0.5359951917744491,0.07735924927553865,0.2434998346215725,-0.8428374312112744,-0.7327189829510173
2025-06-23 05:27:18,0.5130386175191005,-0.3064506462653839,-1.7196779659228547,0.8993089358491265,0.8931088623327069,0.7942490298764288,-0.17349360477237766,1.8074981301861583,-0.591626896783225,-1.0254519219989129,0.30409279887076307,0.9481106089596594,0.032788796010433136,0.64994439449504,0.2540480192176651,-1.0632898328519944,-0.6850663421382089,-0.7904064688747043,0.03783776722283547,-0.9908200362359149,1.1496790663007992,0.002075830055644851,0.5669174246445127,-0.37803018065174976,0.6206120878895777,0.3236997681418082,0.30223148675193906,-0.4022746027518378,-0.8026704329906604,1.8605033316209194,1.6583217098927454,-0.3417575679850483,-0.8877170130763347,0.9919895052087981,-0.612629124271864,0.13839244924717717,0.540243868155981,0.8128458954504449,-1.4856556566855192,0.00011996822388661533,-0.10565239566966339,0.2298425435454064,2.6629346461882237,-1.7009413617794182,-0.4676044735133449
2025-06-23 06:27:18,0.7010703997836788,0.04582369355575576,1.0878204734036314,-1.0150149064486804,-2.529883812872941,0.45214771947541976,-0.5341790013468479,-0.2038088905788176,1.490995925898614,1.3768545133757637,-1.0563572661842002,-0.7625762164713853,-1.196302568213145,-1.2023012620467473,2.7871432289430795,0.37229362664108046,0.11269063269368755,0.10952605927844676,0.9442331907032782,-0.8547044782528463,1.0698018928343287,0.0546540212809507,0.21664921323311578,1.2580836973045983,0.6897638294651903,-0.7516149621668723,0.46426863546157887,-0.14104203085639738,0.20475281937496784,1.5740912576116726,-2.1175308841847524,-1.3587814536728027,-2.166928914168177,0.23043566518674352,-0.9199066819442305,0.5783029943126532,1.1013386503602607,-2.191665418376463,-0.5151518653253204,1.0493853448831114,1.3785507318754235,0.9408549370644133,0.037857419693981174,1.5346772716275436,-0.4605680785538375
2025-06-23 07:27:18,2.345961499280433,-2.00829050447763,0.7619555086788311,0.8312750021874278,-0.929053232645015,-0.6803117491439447,-1.341990824926854,-0.19702379794328193,1.8935766199462178,-0.6901165207547642,-0.02841332748733525,0.1522597463142892,-0.5834630353759745,-1.4200047882341833,0.48010781823165155,-0.30071932352038205,0.009600831783360011,-0.28429222958897093,-0.01369551995744763,1.2469461602567304,-1.0450744444589517,-0.9544864733480746,-0.5776672059699787,-0.782036462420203,0.21607108413620055,1.2310341885388667,-0.00843360615015013,-0.3121816860072322,1.0188611453876657,2.081078887900952,0.35121455324598366,-0.5153803065084244,-0.19225863654870723,0.11607438657940193,1.3862802296127437,1.3164947509186418,0.28760748095478544,-0.695363325674168,-0.37026889373793354,-1.794361099688824,-1.3067456469693062,-0.20354902558800744,-0.9897397791422241,0.5970920134976286,-1.356875356789348
2025-06-23 08:27:18,-1.305669579474878,-0.6946859690932736,-0.2596006687723835,0.6401541714542366,1.1133106853185122,1.207987069461344,0.9254366633785153,1.1657089907800078,-0.055918603270515184,0.6535266162782497,0.8282762364641285,0.40559477794744825,-0.2518702657118007,-0.7412935708491495,0.27903012814677247,-1.4682454154520852,-0.780514434164152,-0.2957054819121828,0.9565497108632486,-0.6447997930961248,-0.926873952335326,-1.633137101693306,1.959688660196193,1.46601045638698,-0.34981501026105694,0.22095739069345124,-0.3705004979139164,-0.853105191047496,1.0322065553252344,-0.5275296805815859,0.6173038365376985,0.09545285942496023,1.4900825803481832,-0.51917376576648,0.8815438112205277,-1.0238424934431165,2.0690816573954685,1.5642033404627902,0.9450629247729472,0.364598272086738,-0.25908623843046547,0.6079339077453344,0.6825337522710945,1.377344318861115,-1.3667764957438715
2025-06-23 09:27:18,0.2777019944638081,0.9766022759083028,0.9979814480165372,-0.13906509322053356,-0.2675707480981436,-0.2664963252040344,0.277083540912497,-1.1124527971074694,-0.046361060695045274,0.6459635720189298,-0.007944136444866154,0.12078239297063609,-1.2381019467449101,-0.5729803319807902,-0.29426013033472237,-0.18198630431000087,0.9570936272575516,0.26668253651666063,0.13602549659073165,0.6708876706201534,0.7523929013729891,-0.09336358685030101,0.5760392228048198,0.43198147514901813,0.9864754945105014,-0.34489890920821853,-2.250339543309167,2.320546235077291,-0.1548467637941937,-0.5030051135785599,0.2661899850288214,1.9402370009217866,1.5553177196971777,0.7815000264216246,-1.7997947302794641,0.5672928388257933,0.03310950369288442,1.4928560104035433,0.39010985577983576,0.15015542751486313,-0.796845680784819,-0.9457379591619379,1.8753747049075564,-0.39251682203701094,-1.0902350213017535
2025-06-23 10:27:18,-0.2947431507973119,-0.84941232460403,0.16170170681590335,1.148790557469347,0.5234483227376685,0.7544984571508999,2.4532212123918247,-0.40243916176863576,-1.1867562139915522,-0.341621392468688,-0.9359241478616555,-3.4893724601564524,-0.3325108208498189,0.7890660868536471,-2.4261205941603428,-1.7923821913662112,-0.07716900792743163,-0.2051286521075236,-0.14487525878663907,-0.09374380495449332,-0.9057987387117974,0.4209789682379336,0.7344618979440455,1.2697176366513512,0.23408063352488326,-0.40846577795325345,0.5484776410738182,-0.5038381054046656,-0.569382151410105,-1.3570517384905227,-0.5809459580755871,-0.06634704882642083,-0.2725550078867971,-1.3283317906346646,-0.3522537134224816,-0.9820487913538801,-2.840811927414248,-0.9319950077528584,0.41157223633739826,0.47068128024016276,0.7674607737440273,-0.9570105061526923,-1.0168434656298182,3.156723762482656,-0.4506582035351076
2025-06-23 11:27:18,-1.3478405967555933,0.4502214779293875,-0.14980566890075744,0.7383963536351822,-0.6493226835934307,-0.1472206352863415,1.083730181694919,-0.191998110046569,0.17641618398877493,-0.3431726738690566,-0.4415353851411553,0.24017218346096464,1.2092083201471926,0.3403990236407682,0.8451723876083722,0.33152588336299477,-1.4579589470778687,0.21505214515020474,1.6768809702450227,-0.1313295124781394,-0.5750188066559146,-1.7801734668528113,0.3333383620169591,0.6264257968892765,-1.4945961376822092,-0.5417539301203288,-0.5151947388291612,0.9024141558119918,-0.0955563960794527,-0.7917936241607247,0.22241928610111852,-1.1033136287447418,0.2045912822917741,-0.342590843724747,0.42246399910901533,0.9773925175712523,-0.12230646139886316,1.4633035023274936,-0.3812468094075751,-0.31600547074248037,-2.045627018466529,0.2757340315882479,-0.9414700219178384,0.07449045196123498,-2.0376051154704578
2025-06-23 12:27:18,-0.06053446790235639,0.34455636772513465,0.794857001954484,-0.6917930132225572,1.9285757517059015,1.7321777492078008,1.964930686677142,-1.442585114529912,-0.25435457110448706,0.6644675583463899,-0.02773044980254626,0.35674833691905006,0.673328515916937,1.9874911310447385,-0.32182976368036553,-1.4157278964489897,0.4774555247695265,0.5369314319357845,0.7716442230794256,0.39980042845497227,0.4119257146769083,1.2870004087929143,-0.528187242452037,0.1535565923378283,-0.07367228030192972,-1.2418000576029666,-0.7583159544850833,-0.5900416118480408,0.8618378279378878,1.178361978120714,-0.39993436718188746,-0.4029334066176143,-0.15067497455696313,-2.0831125643285175,0.7945925711820269,2.380606264506836,0.5084422272673462,1.2645803115592866,0.29260764938273737,0.6844314667249528,1.024593597713399,0.5148361356444692,0.46855919337992696,0.2392343097468038,-1.3433835431768304
2025-06-23 13:27:18,-0.4895326618171028,0.5739506628835627,-1.9967290440792878,-1.10194796457469,-1.7992355878070365,0.3404519668552455,0.7458159597205478,-0.40344975375723324,-0.5408530725853814,-0.6009770057427726,0.31618194334232114,-1.5040203670068013,-0.16787495641672215,0.27750458892098145,0.9560621797665031,-0.00923099441786814,1.6415357638402401,-0.6185798334010849,0.7760633287916606,0.67446879737487,0.20727930095299268,-1.1364273947606418,1.2441742116335908,-0.004251257402747897,0.45367158963843046,-0.1276445509246256,-1.092400316652236,-2.3344432962297286,1.0711327274300204,0.36693219139156863,0.9321893719688533,-0.5639336589718568,0.6305778081401079,-0.08558926282037393,1.5018288153047203,-0.22247393205126606,-1.3115078983765764,-0.6088337878148689,0.5589493090144338,0.21866193522148583,1.5168181366911426,-0.2790451661513655,1.639200126449914,-0.6223669200906066,-0.4016624184140651
2025-06-23 14:27:18,-1.2861931548855583,-0.4977690216357369,-0.3132315263705193,-1.1953962860152947,0.562598472260167,0.3960703451087304,-0.1682013163689236,-0.61314612461477,-0.24654710116591375,1.0933372603947913,1.463435754407917,0.2258021998153494,-0.5484692929160782,1.0037909250471932,-0.8563025478086553,0.016455874631940898,1.0849926483045031,0.1344058200129984,0.916706754777229,-0.3309168958696299,1.0708290084665466,0.39572574030543584,0.18938451600084438,0.501292698881291,-0.16054109939176914,0.2702611050418465,0.11537837916816318,-0.9983298106547109,0.7239935565804446,1.681546811568452,0.8768232015586939,-1.0495669444487106,-0.7569558258978802,-1.6692831817194898,-1.0855593570712818,-0.3226034896771091,0.4594420272661526,-0.27549814799017086,0.9434779400610653,-0.2901314998595665,0.1525096804205136,0.5949213318088462,-0.6976593892420241,-0.871550824542835,0.5994173156721527
2025-06-23 15:27:18,0.36334649235472727,1.126150947512178,0.4351401460193033,0.804828371767695,-0.6856747086310069,0.12648783376419936,0.15719621721467858,1.0060093918244188,-0.5956440393258392,0.08089447296912737,1.0577032410242182,-1.720501696245469,-0.1101404957182897,-0.4750103517970659,-0.814214401259589,-0.48678064964547213,-0.43117752355179856,-1.070436311808585,1.0018951613958829,-1.0898176790477874,-1.610137773492496,1.0305632006411287,-1.1210675774451215,-0.331374130031164,0.561785483488842,1.000556244803051,-1.1219989760072953,-0.4884664055268993,-0.12487609844858631,0.19883342060019912,0.11430377326669289,-2.0023845547833115,-0.2666378498070239,-0.0592595225587305,-0.752166667768963,-1.2208567493507658,1.2487268858665501,-0.500482771377225,-0.24247087775824086,0.43966866039704855,0.7478309851212873,-0.3130430205449969,-1.365395344045667,0.2925900730879935,-2.076786683699314
2025-06-23 16:27:18,0.3748006817867307,1.748394494233199,0.18569995007566845,1.1274667923070314,1.2841579610800504,1.5913989149120957,-0.3402561560729636,0.13484671574312554,2.5636207304241463,-0.6297650143781773,0.3821436023930829,1.2445326081355337,1.8467765096558562,-0.9260128478443297,-1.3530450830714151,-0.11922306739017649,0.08875890143997595,1.866792341206502,1.2153992460216065,-0.6064541432889211,-1.5116384775921523,0.050079060042835036,0.9343604536961624,0.354694234323685,0.10895832383921922,-0.07491806300291466,0.12803025820027714,1.3874762770391302,-0.31493452984049736,-0.4798247393677856,0.1712527268139661,0.8073366412529733,-0.2503848476954182,0.3366096488945239,-0.3846305842999327,0.5991319289850571,0.006833090891563746,-1.0727653984318806,-0.15083893454902794,0.2481659677048913,-0.8682211203418931,-1.822456010118654,0.7282043204570318,1.5417745037530548,-0.09560221754480804
2025-06-23 17:27:18,-0.7966892765423423,-0.5281718380213101,0.10590117902405063,0.10443823535541762,0.5125176711792493,-1.0181063164085555,-0.4791345680300214,-0.31000635694843504,0.46250710307310317,0.9508851232546933,-0.32565433106984665,0.2140311895189297,0.8777731528346072,-0.1476720431442186,0.13645798712231197,1.6232147355873452,-1.6367626653642104,-0.3867597893240518,-1.1366775757493321,0.855822999178113,-1.8982637796350526,-0.7805036640899429,-2.888391753398461,-1.1447614498781356,0.07849562992379185,0.4989974117720081,1.4768541525311285,0.957272804948598,-0.91136992761345,-1.324256243084679,0.6253030297824891,0.451197531526971,0.7408996170777862,-0.9560708382014285,-0.6843901364431889,-2.045448013485592,-1.174919224989046,-0.1858141505425788,0.4287072415274999,-0.14980741124258504,0.7645942742002939,0.030173447334954005,1.736888911903523,-0.455583003178101,2.839428347964867
2025-06-23 18:27:18,-1.2812753722013865,2.146235073445758,1.3159061373039076,-0.06781104549082277,-0.0639027384912114,-0.5624308571092562,0.0046297873965760765,0.5556027770968985,0.9829934534453442,-1.2496988021748494,0.1133325403905157,-0.3055650741289981,-1.2131325710413747,1.2441593241065527,0.8714464387552544,-0.6821997599936951,-1.9384466895530976,0.2566053610163705,0.18692911795608044,0.49079565283226034,0.0581810584891158,0.9584740597178172,-1.0353919911131102,2.534285750938393,0.5452528931731415,0.23701485459474134,0.957471756166647,1.0696523099817774,0.37305931638990714,-2.276204802571099,-0.12101649698024583,-1.6361464350763388,-0.7037154942489271,0.4300211809059841,-0.032235050413821256,0.054413160279099454,0.0974708536600729,-0.24918389997032211,0.29025641132424457,-0.2657271945646647,-0.32588042680647217,-0.25609187154084584,1.2497090696211337,-0.00947413088549469,-0.4505948729967776
2025-06-23 19:27:18,-0.5879056857668856,1.6084668301362346,1.134630523026353,0.804984625227328,0.06713810181249236,0.4273256388476005,0.1949196783165656,0.6907220220076989,-0.5707518588976597,-0.7168061205517465,1.0526975161384033,-0.20282930618722345,0.021449439563794963,1.9920574761269467,0.9833988860258994,1.311564073640948,0.6177120870783624,0.7088224281633171,-2.3829186257576853,0.5572616668194716,1.005056304806979,0.12187473290414504,0.8069425888244902,-0.8079096527002909,-2.0444856268273974,-0.39939948304043327,0.7927282838833766,-0.31376146816378053,0.8313045372973881,0.638296562284366,-1.6380407095446512,1.4833045318986149,0.07987978314035059,-2.3615205780224064,-0.9588909097560457,-0.36334098317287755,-1.3783409927328973,0.4797839727410999,1.3758295860826426,-1.583302765067042,0.12979427903615445,-0.15102575006506277,-0.3678708282030352,0.8768250621270763,-1.0157283138435695
2025-06-23 20:27:18,-0.23942012300925,-0.3671276418422706,0.25785022739197566,-2.31775002276514,2.1827709339621357,-0.005491678302533876,0.1582342873888759,-1.2082368524060463,-1.5684747335339841,-0.7338825814127197,0.4274081631081615,1.2516948347399808,-0.4277711155770479,-0.23426072805785625,0.17976546628147042,-0.4972731303777742,0.6740967353001633,1.1548849865584585,-0.9447636862971562,1.5021238754286417,-0.32280367403183347,1.5390772567204096,-0.2619662670458294,-1.337704961110463,-2.7038953715233576,-0.39828446975923276,-1.15016794260804,1.1490597075740085,0.16298666008726242,-0.1779059144146271,-0.5029654068550604,0.9217491475958087,0.3478453331952247,-1.1234136228411957,-1.8864353795493771,0.2620233398441925,-0.7380584956545055,-1.3935783307776424,0.7006041798988396,-0.7514554085394178,-0.9869015646794466,0.5450535586730547,1.9812284640528093,-0.4521031306262848,0.3191603316929822
2025-06-23 21:27:18,1.17785030076045,0.19102658979225337,0.8475804280678784,-1.1438630172542827,1.245097034492482,1.0075149186204826,-1.0054792177322969,-0.24508120542174025,-1.5294774918390885,-0.4054438224168006,-1.0016871055916676,0.1639008007390274,-1.7149598314309802,-0.8787027268805555,0.14977166379995477,-0.8141766780973995,1.501656018876778,-2.0331038422134022,-1.78815999527676,0.8740896919769225,0.9753138090383203,-0.4073715709784091,-1.2201546798777831,0.6581684802701856,-2.4109501279700556,-0.4376667222632532,1.3481177543349216,1.3144926686175147,-1.3049439035483927,-0.675315096806227,1.826059932637309,0.9234369532741409,-0.18734530572237326,0.20994467668007796,0.21757845954716376,-0.5349509227946446,-0.2569619341776356,0.18311215427129018,-0.9899444541982008,0.11151686935375035,0.42831194283796564,1.7493232756901502,-1.0835188655369168,-0.2332940803398067,-1.1669872514393502
2025-06-23 22:27:18,1.2586104298102527,-1.1949027144065587,1.1619790997458423,1.2898414694235516,-1.1060255180407759,1.1423691597271197,1.284225783516626,-0.39028189423763027,-2.917648322672106,-1.7000060457787494,1.6104353334384673,-1.3953670374931257,-0.07806736373978722,-0.7881159629719179,-1.4907953116956048,1.002408921571778,-0.4353568075934441,0.2586950756324869,-1.0381305767274076,-1.4395808854858327,1.5099046904774514,-0.8373263600691423,-1.454389511338179,0.22499335562437642,0.9673980156335591,0.8994675625806634,0.22154553479997027,-0.9372664676826494,-0.37907871216749073,0.7578489648221169,-0.5192890913574109,0.446772897453695,1.234407137823861,0.670831620753773,-0.6609651891374658,1.0967555659227464,-0.5112016198877252,-1.5200579709534339,-0.5352657635063003,-0.05609054225463787,-0.20286412779463053,-0.5193658146599065,-0.09565313714292516,0.7507571907093109,-0.6513029354551563
2025-06-23 23:27:18,-0.03800502641004232,2.7357006209891717,-0.13118923373639424,-0.2000577233531327,-0.12267053570112568,-0.13049456042717325,1.290584801848975,-0.5028561756901848,0.3692217636736406,0.6788349340845511,-0.5475069925352084,0.9963247416566529,1.4398142163096828,-0.01903382903482357,0.15871124018920538,0.2294899818507448,0.2323871344175752,-0.16929914961830395,-1.1866135193780205,0.7135411814601926,-1.7530987705999215,1.7835147832451999,-0.7348960817039326,0.6661248120208894,-0.42484479421114746,-0.49611116619651885,0.8528381275150165,1.5732978831504851,0.884556419230769,-1.2676613070597365,-0.35954659738136896,-0.6856764697988945,-1.8735932937702202,-1.2911419086543192,-1.8123887952705344,1.0300550008192104,-0.5454545495100803,-0.337186746778538,0.18700787343166522,0.44136451859092196,0.7034517070072842,0.4578251845517756,0.4310743399912482,-0.12216387739881986,0.11548633018808781
2025-06-24 00:27:18,0.09542728882084801,0.8426175304153988,-0.28828551355168325,0.5681608742855506,-1.2183884218856262,-1.0731519387317596,-0.7115171381296955,-0.6164293961299653,-1.6339261470414466,-1.3489371458149046,-0.5546314618247774,-0.8373702414574735,-1.2766780535230815,2.062021221871624,0.33733112991336694,-0.043716356693995866,0.9553497696301994,0.44948213597054276,-1.0177014621981713,0.8798269621181796,0.27944857529778766,0.15371032095022547,0.47661717952051325,-2.2947442160867815,0.18407628455461772,1.0883360865303173,0.417946402998066,-1.6958829729412712,-0.41514688233651303,0.1048801300651572,2.139393806691238,0.9620271656193797,-1.5117727942819443,-0.5183490913242247,0.7611217455505486,-0.6522687301795401,0.10935764341404944,-0.9437093035071235,0.489456893028744,1.1110140088546683,-1.5532053959647323,-0.71104398754902,-0.9659324768461731,-0.692452073590584,-1.5516548128357168
2025-06-24 01:27:18,1.3070880219137087,-0.3842476439682776,-0.9515192125833197,-1.0356842185044373,1.7298527099445178,0.8677372354197348,-0.28893076816466423,-0.7194946899167535,-0.625402761327465,-0.6126722753931346,-0.41569981814782403,1.8265323319988307,-0.5816944673541815,0.2305821552957775,1.0711212649893538,1.0350606798589923,-1.8530032515548873,-0.7633623738902303,-1.29955445558204,2.8515905724618618,-0.05462905881578704,-1.599813154046292,0.16356062917677447,0.9947691922689414,1.2919032664686432,-0.6095145515642172,-0.7114037953388328,-0.8184408666489924,0.948724825973106,-0.9266867236859668,0.023610850022752906,0.05906584664627282,-0.5889554556272713,0.2577686631501734,-1.4313058723832641,0.8548626507662883,-0.19139729005736747,-1.9988383285556988,0.1470852579120511,0.878392809342944,-0.5863743399106618,-0.8332402459253625,0.4121280259231375,-0.1602358973089751,-1.1850382069213115
2025-06-24 02:27:18,-0.13834420759795718,0.9005172793905238,1.6157752191019483,0.31544388557150155,0.42842144352412587,-0.6834934031684986,-0.4499970751777073,1.5382454296591728,-1.1642641737343624,0.8262507043358871,0.21580515745762613,-0.19352266993084416,-1.3404866137186942,0.3233072988539246,-0.5963274950340142,1.2915971147320413,-0.11305993822047593,1.0250803791890888,-1.0538124290632445,-0.050270844707358917,0.5738285836473721,0.35247933189583297,-0.8653602028094538,-1.9672272576847445,-0.9051011892655588,1.203372098723573,1.730984573359558,-1.2189385652891453,0.2724159128909163,0.1867928657123063,0.5421036754071327,-0.14630809150540533,0.7202611271767332,2.538245606574405,-1.3260198163666215,-0.3557390381084357,-0.03415643521008748,-0.30037079231927694,-1.1463987187393512,0.17947170264715934,-1.3970072089552128,0.4112732463252198,-0.205957937257148,0.5475230388615258,0.6063512916469089
2025-06-24 03:27:18,-0.0674520173396904,0.14147076138393014,-0.6774549530372019,-0.2770652875990501,0.45406656911836335,-0.406647039388057,-1.0379022325584057,1.1121199952691774,0.7924678610285965,0.492258328078143,1.2880031158148364,-0.6045504196103557,-1.0201166026763253,-0.2131333958777556,0.5644995411517283,1.2870140460904809,0.3631614343964297,-1.6814466008816538,0.0949460536767615,-0.1484126896904547,-0.2896653107328502,-0.34781882129150976,-0.30956666912783376,-1.6824819320267697,-0.0001830192493579389,1.6066605540168157,0.8260661222397256,2.537385831058209,-0.4421406520396665,-1.1888262515576506,0.23175109923183,-1.0706108120770579,0.715178872822047,-0.26742468947489934,-0.4160429641947769,-1.330272146738133,-0.9477641119052302,0.3607811350473091,0.523157893359353,0.807799701352182,-1.1062935788026362,0.6149402761334588,0.37345014129468346,1.5428327167375924,1.126033413498129
2025-06-24 04:27:18,-0.857256878191016,-0.7324739492491996,-0.537498579801422,0.3550876860849651,-0.024937653992011276,0.3310150390578784,0.32858174254631295,-0.6335305454822129,-0.3602239962114957,0.15533628653835074,-0.6609260911153878,0.20130966788107374,0.017773257232373007,0.7953907935477943,0.8697157299753671,-0.7155817536116451,0.21067479060283592,1.7828343357716647,1.5240438182517562,1.0005148514230118,-0.6555870212709186,-0.3269582794990358,-0.7658754583253866,1.6250065859159881,-0.914929488495722,-0.6430097080212281,0.768255899318677,0.5392473844427496,0.9791323050430842,-1.5254878120768782,1.209080331389292,-0.10440622906999988,-0.9006314113262305,0.5478835790090507,-0.7253676594500861,-1.3282364462684353,0.36906348075887785,-0.1221575148430368,-0.07333528493078838,0.909229986599534,-0.0767454834250328,2.116746992721563,0.993831971313482,-0.7208741496009671,-0.08765615998100706
2025-06-24 05:27:18,1.3176244913974147,2.2372300113526977,0.9211706957256949,-1.5786100978889688,0.39955156159135163,-0.9430123996510361,-0.14459858046636065,0.8972288675083674,0.5937351664313162,0.3349100569229703,1.3287869763129045,1.2752570833137384,0.08773180946759195,-0.41138718336300895,-0.12563768147050555,-0.7490843726083419,-0.19361167370942317,-1.0969778168641646,-1.8155534874532282,0.30642847574484555,-0.29267087831789085,-1.6002046998475032,-0.0781981785427453,1.8312216648686883,-1.659011865008514,-0.7723371705982093,-0.623558201030246,0.217652437372952,-0.14813456041529988,1.67204907145525,-1.9352785683820986,-0.8386547192592113,0.6742996100695016,-0.23461530272796902,-2.6746011347309633,0.8818389017351681,0.41122952455856515,-1.5112965714566768,-0.9730682711085066,0.5803378411831867,-1.7643665451885624,-0.715235915451466,0.4291746011652786,-1.0254745770012408,-0.2360875623587142
2025-06-24 06:27:18,-0.2969844550589522,-1.8539155503864304,1.969521321746951,-1.8719713779291776,1.602224235991253,0.6760568946666101,-0.7160336998597872,1.4005972361907097,-0.971857254186261,0.5692266953368009,1.1488566121737538,-1.7745736480733436,-0.8303858682436711,-1.2273372297891951,1.3729716520580895,0.3964492088820013,-2.2684529691299655,-0.05283688158415289,0.6270035212167195,-0.6832512109388088,-0.9023785251881429,-0.7770575445491663,-0.9156572364215351,1.1424627415752395,-1.0662634334748757,0.7357591536422293,-0.7956418092158215,0.33004399008454444,-0.35851237766029304,1.453747737135785,-0.11394917272033295,1.5701487057097385,-1.195832073079306,1.6057543200289996,-2.0975136258595555,0.11823893260427368,0.3517074105772764,0.1092577264745986,1.1246126200737294,0.14349313112269674,1.0374438106033708,1.1340138550955834,1.5233037911129952,-0.43649871089885095,0.6630854835368872
2025-06-24 07:27:18,-0.45706937976592926,-1.118018438082467,0.2632665967688322,-0.7727193081190008,0.5324300194071566,0.8447639314479788,-2.5640000092560515,-0.9137913603550547,0.2387564328250216,2.372544315219387,-0.10847724676512023,0.9525506906470615,-0.9200880684502581,0.8352163707413869,-0.6424336085483973,2.6452374014297235,-0.37349952217457805,-1.932570194196351,0.5608346941981981,-1.0282061064122994,-1.0780818551226319,0.7056484628526145,-0.0140575653948866,1.1159426766072704,-2.468335443751816,0.2316336074580077,-0.19144346262917006,-0.6918884402700347,-0.4260654180173548,1.1415587831500185,-0.6538003275629511,-0.769532166194818,-1.798472965375275,-0.15524049841020787,-1.248692772276066,1.9929789075741513,1.7672679122800374,-0.5786440408459039,0.2965460636022753,-1.2549328225605128,-1.6121464446725493,0.3233681504615082,0.7931137030950464,-0.3278610621983758,0.15443856433631378
2025-06-24 08:27:18,-0.523063498673178,0.43208138756936065,0.11993109414673712,-1.3900539722949683,-1.7420296565032127,0.613133071567919,0.4421443096967017,0.6753965191365889,-1.351711403506044,1.0934524887880719,0.8081990093012227,1.9459661547974505,2.041387609561607,-1.5871918545388988,0.133921102661146,-0.0944254152806556,-2.0991531513086215,0.3160540086821798,2.922064180141101,-0.16420806477612215,0.8667639943255759,0.0659386283852828,-0.46902554318365547,-0.38528375761474165,-1.1781664634775084,0.3278050306272318,-0.020688665001790136,-1.112940209427097,0.9501948422834515,1.3785483849251807,-0.08071262123924161,0.8001120797935817,-0.13229383989706486,-0.80626505112905,-0.18577225703697486,0.9833574843491169,0.08882792599366748,0.05582297391751908,-1.0826456132869553,2.549280806671258,-0.5038198437222002,-0.46468435090161603,2.812703566732068,-1.1949262248054358,2.1670819518044477
2025-06-24 09:27:18,1.1041568789268394,0.9402772672252645,-1.023688567825726,0.7693378833561707,0.2091582401799183,-1.8611156344451358,1.7714811903411827,-1.1129180048496492,-0.32049547198049344,0.751223632330578,0.3857595468989993,0.4515674528955509,0.2621463714929171,-0.9123212201536818,-1.2872935333715338,0.5105158197970026,-0.7100935720445288,1.8220957664773765,-0.02555178216217356,0.14784563102595089,0.2800569078385818,2.260998309051464,-0.36629019256425327,0.47434667545800774,1.2932261800197815,0.8288788694254368,0.22850868510481687,-0.4148753295134696,-0.36020698674131735,0.675418041969163,-0.7059613991313989,0.8868045309907648,-0.8296491032927353,1.3284914447812761,-0.184903824369665,-0.19647103847220537,0.36251485149535406,-0.092314989855599,0.1409380046249627,1.726077281000541,0.6738650739052213,0.08989382744456652,-0.8866987179227616,-1.1398902005137181,-0.08906369524749203
2025-06-24 10:27:18,-1.0398373463672133,-0.5268680329835953,1.0478780186264236,1.209024908108329,0.9419793554740026,-2.5854259571013087,0.5722780436652112,0.5179178067843695,1.5125104577888284,1.1180993173727054,0.561425062647664,-0.2763215566743909,0.2297372772424033,2.003426973203118,1.128414773860859,0.2515301837626788,-1.6549194929480835,0.7342345644175907,-0.9211922204888207,-0.5010982237308261,0.6659910820551163,-0.3732315635503597,-0.8758010157762113,0.3081795949758391,0.7232190851484346,-0.20843461308785183,0.27297747820084506,0.23095936784465354,0.09967449711649011,-1.633706957393665,1.1157935582124998,0.10953177775313983,-0.327559319897031,0.9619641606323525,0.08752184531340318,0.9893969880719643,-1.286269636332639,1.0770068877999037,0.9592381960950443,0.9014411163124277,-0.6259437480511223,0.22082034231436637,-0.5911592118662318,1.0472225301534452,0.595518733409038
2025-06-24 11:27:18,-1.040502255075547,-0.21619453264504412,-0.03033953432025727,0.35338652946531646,0.505095377406106,0.7773887123148703,-2.005381086351174,-0.47949682139388844,-0.2790231707118732,0.8485454423316294,0.8156685668436021,-0.08418332995147608,-0.21932572108729284,-1.0400118149781123,1.486585012019782,-1.968776722670561,0.3963237681274713,-0.3911659334864917,0.014927364158156976,-0.5302850709020042,0.371089447479813,-2.012169603350112,0.014760705549184377,-0.34241080484907366,-0.7169412363020814,0.1143627038683162,-2.116424349525697,1.4066129104516276,-1.4373750094720845,-1.7732135629147574,0.3749394145579773,-1.135196408654856,-0.8003926192182332,0.34356044669491514,-2.232324552162957,-1.7030457972359965,0.6489078199868782,-1.0720713326628641,-2.1984409928794695,-0.3647732736497884,0.874624318842973,0.6841806108266082,-1.208281446447187,-1.2557412208643015,0.39268700954256325
2025-06-24 12:27:18,-1.5903808654676974,-1.0285451912051369,-0.3810418594960318,1.042041815185465,0.9295307304937658,0.43830673911849743,-0.29954945456671933,-1.7040663660865358,-0.08676312669254904,-0.20751960475673226,0.5388469255668423,0.8437090716229115,-0.38778610638135275,1.3353010691669747,1.673900569862923,0.02686689284285456,0.03811428168021107,0.25343223427411216,-0.4147022383232624,0.4698290804728716,-1.8753936144687953,0.17241064852051569,-0.4471841628035659,-0.05573839739833802,0.31875317549177073,-0.2363487160507885,0.017832965642279774,-0.7429365735522254,0.5541086989367462,0.14305824882452775,1.6702888270348966,0.9887605202860212,1.1481511480012898,-0.4183020185793458,-0.6170860129805167,0.4360443897957219,-0.8315498759192932,-0.7615848255353077,1.3345698199156646,0.21480358210166536,-0.3950938317579737,-1.2799911868125047,1.4087774188800724,0.12165252148957498,0.03040985092568586
2025-06-24 13:27:18,-0.4648398889514456,-1.8704258880916322,0.22705578316873332,1.4611034659624877,0.31289388232059134,0.47064013854628317,-0.7417009513101026,-1.3444279400814083,-0.5889818044572156,0.04287009971404752,0.16742754723866393,1.1766391592141434,1.1160185231821365,0.14455664297967008,-0.8833652476307025,-1.6000857045160803,0.7999340173971488,0.3494728689016092,0.6733082636701485,0.9868739170906629,0.2818067071057602,-1.5190287140413088,0.5179126080365183,-0.8815097019526305,0.1847547999467989,1.6650839270115074,-1.1912858582414494,-1.7253951737621556,-0.9708695480085089,1.3109197818121068,0.5278892857913726,0.1813743941286855,0.37175671752406914,0.10096594884543718,0.8903318332634111,-0.1343619460132028,0.13402752380833685,0.1246629775593011,-0.8735502349210932,-1.0920326065349295,-1.5713850904611353,-1.3376166972418226,2.3143138279637085,0.08557250037852956,-0.2785296055663395
2025-06-24 14:27:18,1.4712357424580564,0.7274106364146866,-0.10591012186808903,0.8736802106655144,-0.9937820441988421,0.36348518989634615,-0.9882991029915174,0.8296504132502436,1.6931197106825433,-0.5399800300329777,0.8123070884969702,0.8126382573466705,0.0776148551466887,-0.8529212655000902,0.8795695571120714,-1.238440079310059,1.069999140174824,-0.7079364558994131,-1.6896876598261492,-0.014141855863572219,-1.873670318267697,0.636183229019172,0.4017176192022913,1.6085233352253236,1.0062509071312318,-0.04674931444343036,0.7395701394587111,0.933630464770188,-0.11624395240665494,0.47378810611587685,-0.3331058997868912,-0.7841814708143758,-1.5918916353190757,-0.27095873445383445,-1.4694810805248348,-0.11899099366794533,-0.9728821985011881,-1.2223466470669178,0.9162975977136454,1.83999576958775,0.4227350426836115,0.1138292733265154,-0.3979166537985304,0.8427380512329132,0.4728418774348605
2025-06-24 15:27:18,-0.5208881909616428,-0.670326560018173,0.6320644702646016,1.6267563859302065,-1.3189153296938416,1.2604856208856368,0.38011272003228563,0.35543970373335976,-0.2695491606355049,1.6739990778495648,2.8776122442831182,-0.16133943303815002,0.1655592073467359,1.2028909435676143,-1.7132214961113745,0.3337119696794673,0.2356065291878968,-0.22320471018432606,0.029259308893496906,1.4268898488997241,0.9927109868727716,1.1582143568646772,0.8504777625859653,0.4576583862025159,-1.31541069324714,-1.462271367966504,-0.5711817903448131,-1.3287018701726938,-0.7676964736106373,1.2881117463058678,-0.9245930080760079,-0.6674794184022892,-1.3806498786507526,1.0053357959637783,-1.5445257252421982,-0.7248689367325649,-1.4479989769389168,-0.29683913231114667,0.6157617740533955,1.2038787752027633,-2.0500240317056653,-0.18382150870555777,1.1589286795083038,-0.3636264519513602,1.925532672257123
2025-06-24 16:27:18,-0.8141107336480125,-0.6751637136035233,2.1269419884165726,-1.2627141681346552,2.0103587622348065,0.328312527735521,1.53915439596399,-0.3430757724507055,1.7260539220939335,0.20313750664692007,-0.5242009893860304,0.49415322803736855,-0.08519745345306882,-1.6579756271808255,0.7573975610864847,0.02596812238967969,-0.5950431722350852,3.6909231228077095,2.232407189242778,-1.2174353815706314,-0.4213952854069466,-0.670012283793008,-0.6455305998755915,0.4241223214345645,0.5008018843392046,-0.32234631306769856,-0.9084516757111225,0.9781990772148178,0.17816239962908154,0.1985341748955572,-1.6969732995517572,-0.3651328088441419,-0.10122590689389746,-1.1100600835195709,1.1682032594246552,0.4086185798984775,1.0377066609504084,1.2242122762815557,0.25052855655539713,-0.7964664754151547,0.7756690730498983,-2.621694631441219,-0.7507651605065905,-0.038308059192576384,0.9765582415183306
2025-06-24 17:27:18,1.3250085274141674,0.08642835351066806,-0.6445649804767981,-0.555906583225852,-1.5817332874879289,0.4059087565408294,-1.9776558066333345,0.8262381629633515,-1.4862757301723477,-0.6470196334508963,1.2186546031532561,-0.8622362808740888,0.1158756158055676,-0.5821917356368987,-0.2341717060753609,-0.4857132677629124,-2.7736980325724856,0.6475683605494745,0.5369653605513924,-0.6454638777526591,0.23110684361756828,-0.21489436769866974,-0.633390622268735,-0.5236234273271296,0.7751780273589849,2.0109371250899355,-2.2582789241425427,0.32911491586238,-0.07957691711205603,1.2138384922782146,0.5082530288838328,-0.13540291851814845,0.6688478190218632,-0.6648625653591209,2.1455107331688756,-1.7498968644901702,-0.7206400172321393,-0.6625545923795366,-0.2211783703961954,-0.579313749298269,1.3149337862485797,-0.21276993386283563,1.1205378897866136,0.5603601873821354,-1.4814382992105741
2025-06-24 18:27:18,-0.9933823236382164,0.7925153430868741,0.0883564289668814,-0.3140764015525362,0.34861607045590476,-1.2269439573000218,-1.3252967959697297,1.8113128932758753,1.4489387534691271,-1.6295598513860552,-0.8480353728865201,-1.5667195989258298,0.10917195447813381,1.432909702801537,0.7009519038382137,-0.880135692575061,0.2691184575463907,0.07979146927588622,-1.489784446863667,2.3258611747524904,-0.26437736674916223,-0.60582242723778,0.9860135698083224,0.6812364898431992,-1.4924721454407055,0.051755558152882616,1.3632477483786742,0.15148130928970754,1.3881036341041895,1.0358692586908995,-0.789840448423004,-0.5595063011812232,-0.5430041680355435,-0.9337233925333029,-1.242663006110956,-0.4090272568176844,0.4394994040725826,1.649269436357081,-0.847191437527642,-2.3075078078666835,0.3121818778534371,-0.27462286481697307,0.08312313493875179,-0.6464786198604809,0.19569033031331048
2025-06-24 19:27:18,-1.1988459599279102,-0.5361246275675843,0.12544806572751135,0.15197860743156474,-1.428226255256856,-1.0542194885368716,-0.0025625493295003327,-0.2980008331025203,-0.2117764911679767,-1.2142329675718098,0.43346668850056247,-0.08787499904698101,-0.11593685455658047,-1.0163082395209806,-0.4367922526933319,1.2417394785860694,0.5944360802648392,0.3689007223787985,0.20011499441965605,0.8264197231926095,-0.20210765207794137,-0.4158453629072681,-0.6475582513179652,0.3881513471678435,-0.5174203500955588,0.1354361619219892,0.9796022546177426,-0.7341770060565753,0.8229581695162876,0.00232831393062136,1.9866535863407884,0.19156814320897067,0.6336552900385888,-0.7616067459747974,-0.2237664451772089,-1.0350973329086397,0.06177048023322957,-0.6164462219444006,-0.1360271388619569,1.6537955447064698,-0.2619557569117394,0.5043960553641444,-1.3477719597184143,-3.5928613062115953,-0.10353422491351334
2025-06-24 20:27:18,0.009293511150099078,0.16535364956619408,-0.13196092648669178,-1.0958427382963787,0.7693962482522478,0.36196776075442016,-1.1480493920235817,-0.4765066114878036,0.6036274697158033,1.0377178351155647,-1.8329214183067084,0.19735867120799847,-0.3196175905569373,-0.7093586321793889,1.075531194888749,-0.4208449970366393,-0.31110397208498425,2.311809670629267,-0.1421890594336834,-2.1779412435313517,0.3780115016426261,0.3158365146269389,-0.20570312302774044,-0.7642147481338113,-0.5649178841006858,-1.0698264705609195,0.7672412147454968,0.2299225218558454,0.8741151935434658,0.06460937630777408,0.3046064789432132,1.925993790914389,-0.30652510884821665,-0.8417821754300747,-1.408030903597857,-1.2661805920128633,0.3080829348950953,0.8052091763323057,-0.5515653960102818,0.3360023893354707,1.6478260146437422,0.7699127633312569,-1.8143555900217652,1.149422476953192,1.097264504838686
2025-06-24 21:27:18,-0.6128307120302257,-0.7839476152469934,0.8291196446601472,-0.5715428125801767,-0.30882160931154756,-1.0729481566999333,0.531728171442161,0.5335872113894481,-0.6153342953436609,1.5903542625823126,-0.34342094082293345,0.45476552417163996,0.2229201533272879,0.3403198019387107,-0.07273821761416492,-1.3869782798692938,1.7364174896160756,-0.6066284507612594,0.8627416700205667,0.16360598953467886,-0.40249398828157545,-0.5205218113726462,1.4147561729223512,-0.0439955481217513,0.7746564220311382,-1.9659239717305304,0.1761088919427406,-1.0396339097730196,2.538961634012819,-0.3157014928357158,-1.433738278708188,-0.48556040729696415,0.6721218275469122,-0.7763623334314179,1.1742532483877728,0.39688698525074223,-0.35228119152836257,-1.6656319331842007,0.7410254894119002,0.37416749045240044,1.22382746317176,-0.1000628866261178,-0.5002020966595333,0.061825093956359586,-0.9630073680407194
2025-06-24 22:27:18,-1.1517350014704923,0.03543765908479938,0.31834882713373275,0.6019857001266908,0.6431644646570671,0.42707248240651285,0.5936768572740401,-0.19563589278810298,0.1776417074206866,0.6114380409039356,-0.1251516331262095,0.3570311701809309,-0.40633020408935544,0.955836818427196,-0.13466328346358789,-1.4374748756692588,-1.0765898857339105,-0.9985808878003776,-0.1406890167644551,0.5061240843404257,-0.11719360846518623,1.0916974477514387,-0.5143517772282342,0.5126248870261711,-1.876907256026149,1.4313400885381056,-1.6106957508246917,-0.09067415695936054,1.714667590838588,-1.4107697068696756,0.4448037232335978,1.6281613515910385,-1.1511661614584798,0.5219515367751707,1.6491391337332677,-0.03833757513067734,0.42170808891412637,0.2649387774153076,-0.25931434268025694,0.3233750669461562,0.7083354588975246,1.3211681130213484,0.5488220802089322,-0.12012165742777967,-1.9977288481413937
2025-06-24 23:27:18,-0.44316910717769226,-1.6812838715227318,1.4983971933350702,-0.19899779709962,-1.792966123145414,-0.7109037610743438,2.236310566554014,0.19769509485221198,-1.1419740480560308,-1.088390248245114,-0.20884931400372234,0.684654064806905,0.7518711353620585,0.12558135063724576,-0.08555690560863503,0.8232186528296481,-1.453792317144003,-1.878356368197845,-0.6135374361346918,-0.5553133798690403,0.14275144224061284,0.03663390071389647,-1.6354135603045623,-0.5867201860168105,1.2459854947504938,-0.5026804196441512,-0.7811850009573541,-0.9026071723562366,-0.5549164995629557,0.518060951600498,0.3642006099723074,-1.9378674857157738,-0.8504953938327877,-0.3289260555672924,-1.633440910137943,1.931177536397684,-0.9022598474454034,1.4367162915370775,0.29863452333846835,-1.4767351159647801,-1.0828641266075425,0.2642243024817761,0.02342839513829776,0.35824927804943035,-2.4855687410638945
2025-06-25 00:27:18,-0.015688021078754773,-1.53862020634652,1.2250120798520756,-0.05965880157076101,-0.82553275357312,0.4041704219055044,-0.015613322729979857,0.7873798508980869,2.138789556530047,-1.2210707487625196,-3.040078719630791,0.17974011471050585,0.06925832067136926,-0.284118314675486,0.40175421641999826,-1.7249168212999628,2.2860926693258588,1.0872652419503506,1.0421516326963556,1.120753251742106,0.8341238754988576,-1.333717260318592,-0.7092508897712497,0.8690699175041657,-0.6940173339416381,0.13341191393091392,1.4640081985176252,1.3121757618984367,-1.0318143712535057,0.36782206802594664,-0.3230504587790083,-0.13811384060249698,-1.8591373312212593,0.13941005315407579,2.0700697494730944,-0.5453912745033007,2.226027337366984,0.7107491610712042,-0.0938666043838297,0.740792411389101,0.02412576413017747,0.6079877929809278,-0.7169338399165488,0.27176298931803394,-0.8849032489941993
2025-06-25 01:27:18,-1.445984652961598,-1.3120395009140893,-0.6939855711917271,-0.13564158991423497,-0.29665517134291824,-0.8222515720369389,-1.4068005845649159,1.1517989939263573,1.8695714049964354,-0.6574711319668542,0.42542602886478603,-0.6385331319956592,-0.7401191811320984,0.7019358459962495,1.1896767696809913,-0.3413739537821368,-0.2433006721789379,1.7997618973513123,0.6129861980782072,-2.195181664489265,0.5443875072675693,-1.2477188886406556,1.5867408695091656,-0.4425926174081212,1.7617155441265295,-0.7236525223839535,0.3706413030702619,0.5999507042641222,-0.45805671600367903,-0.5965314862592869,-1.3319207116062657,-1.1601326147399704,0.536857099021278,-0.5357840983590628,-0.5590822756336116,-0.5969026191817348,-0.07737152368313835,-0.5426097590665511,-0.2939285889543971,-1.910365660387595,1.530719904103865,-0.16921953846681215,-0.35454001765145504,0.8950970759394156,2.747479228665817
2025-06-25 02:27:18,0.26372204083375894,-0.6515245705674094,-0.8432461978519908,-0.6814926837544507,-1.825505535493725,-2.06490698701418,-1.2127178868914206,-0.5517176309826721,1.1878936515728544,0.2574889157642256,-0.19518445532132905,-0.3865324505508619,0.9783498056001697,-0.8487887726367944,0.5516714317343921,-0.3792025380866525,0.06722269429402167,-0.15942826666506263,1.6957453476267417,0.29190628170565364,-0.46595489656524913,0.06153752706445186,-0.8536710475542314,0.042792885637732765,-0.13996921891251832,-1.903290057598267,0.5073564603126713,1.5470381930946182,0.4062300584463248,0.7214704074102107,0.36343077028270837,0.18123070698012458,1.1503261692607072,0.19768355242720428,0.744198164116788,-0.7887628329074329,0.11810953740709394,0.0533998841040542,-0.2528879088529321,-0.13589714425652008,-1.3165690354488848,-1.480416378707956,1.1771688378419483,0.3984222975288937,-0.08222380900320475
2025-06-25 03:27:18,0.6111287940709967,-0.4698547588653939,1.9658007935752506,2.8795293011460363,0.5989637792788352,0.4310265564510138,-1.434486589800891,-0.817048788100002,-0.7411224205743837,-0.20171111386235438,0.18012983591781823,0.31580701915154363,1.1104330590386564,0.665121303732059,-1.400121200249011,-0.9221431895606877,0.308574115793176,-1.9288171130705418,1.0591973797079515,1.2069061004054267,1.7385611933265899,-1.1187666223784225,-0.13875094958824852,-1.9644044516313686,1.001497266290139,-0.03483910695541189,0.05238037372776728,1.801968908713412,0.524750600802791,-0.6309068613625941,1.4122370962505495,-1.1241591327473732,0.0774829745768239,-0.954138051612307,-1.426035231281857,-0.8072093259540919,-0.6138671371319123,0.673716607696407,0.7493540223998894,-1.34173488138108,-1.2864267766373392,0.7486807006206241,-1.998253392974719,-0.014800417762057547,2.0655975587945496
2025-06-25 04:27:18,1.453135150482899,-1.5979755564424145,0.8450212844129196,2.4122307755275814,-1.2927817554464918,-1.2170390656245604,1.669924739092167,-1.8995756500220229,1.5735443735455032,1.3263226236104662,-0.2269547684454777,2.5413246716502775,-0.4947804628443097,0.9496307261382037,-1.7239025277429267,0.6481510922141205,1.469652042254537,0.433204256496316,0.22548808405653306,-0.44268722891696266,0.05074474545797542,1.009712226927851,-0.1114416256159713,0.5843519721750733,-0.059218661470550674,0.8419873903489813,-0.7396772555491915,0.133063518469879,-1.1998864014512391,0.5942114424454084,1.5504961251387557,-0.6471130163509093,-0.2106509457507482,-1.11575875259018,0.4814175183986973,0.1453120125850463,-1.4715868547905113,1.6745347386735263,-0.2760634397136104,0.7409417313645993,0.24359646553441794,1.734564331365303,1.1782610988438615,-0.5018634554533781,0.09608745354899102
2025-06-25 05:27:18,0.03988875345568608,2.1781497707422686,0.17900089987721604,-2.1422521861935078,-0.2762467875660216,0.19993868879726684,0.8320474568841517,-0.3876874958133876,-0.1369312641412805,-0.9909242059945405,1.1835121351705977,-0.3435568874236164,-1.6951801914306475,0.2333887018302088,-0.3588529555264294,-0.7203114624356302,2.296106984788745,-0.6430488261451848,0.5475724893427543,0.9074842484992411,0.2519787471238486,0.20146169829310598,-2.412155274963466,2.0466725118767557,-0.9160889103226164,0.053779096331479495,-0.5082894359975209,1.0012588737449857,1.0340486783033662,-0.850368558162592,0.07313651683524423,0.2647542811599176,-0.9611966455739654,-0.3088228188122904,2.355966549083866,0.41751750508072777,1.0756514197730906,0.2551356882212038,-0.2047423173895088,-0.04079292281335087,0.012641564439030977,1.6887082696102045,-0.7452756899196974,0.03125628981832893,-0.9385826369151263
2025-06-25 06:27:18,-0.8043028975476493,-1.289415803185004,-0.2035542937344625,-0.5791940823277596,-0.46044341480559686,0.3493954763994232,0.3581965561826096,0.6426936650588531,-0.6924355505636118,0.18038110289864054,0.6479406898336425,-0.4368284564241958,0.33000756743100046,1.1786378407862255,0.31413347422318355,1.3633161642000937,1.337272670337784,-0.9402101672904788,-0.5478931165640617,0.48272362792314943,0.07799774270677397,0.26261751549241524,-0.6518580860267102,-0.4148915280049856,-1.927992910031282,-1.208211216858775,-1.508906868818554,0.209213298168859,-0.49278925155228637,-1.1944054484222895,-1.4608744825960074,0.2062302821940284,-2.040454594578677,0.46033086660103223,0.7152827121232608,-0.6086527975369351,0.9583722375121149,-0.14823386159397461,1.1721223578232411,0.05773232297971323,-1.0512425816639983,-2.5078652495311773,-1.7731877174968695,0.07736773333690748,0.6652530203646809
2025-06-25 07:27:18,-0.325606039776717,0.4233390512686586,-0.4543691549578333,-0.009998268888370746,-0.3585543119221945,0.09330225707488149,0.9487415161692985,0.4713269661644403,0.5517595494594776,2.2746411445422687,0.7868078465074059,0.4322327895200578,0.1939066949297899,0.9180836241114156,0.552506742622777,1.0530924139605702,-0.2206809199189878,0.5548094456434204,-0.7277201804674386,1.7872712335323466,-0.5441056260807874,1.4199889760826763,-0.2828051617926445,0.05357094001862993,2.00225946343949,0.6938756833921098,-1.417392202873825,0.5197298568569415,-0.6046029805991067,2.593191226687184,-0.682937021193629,0.4058515851642125,0.48044053740334847,-0.28601946549035706,1.1856104063533006,-0.12278585623229045,-0.12559936523590856,-1.3096481214954658,-0.6455012256534927,0.03664985292913202,-2.209269016572076,0.6994336835909584,-0.5979544703222774,0.2709621620552285,-0.8073460272420483
2025-06-25 08:27:18,1.389441679320657,0.5840383407118624,0.030781245131684752,-0.45336797754174163,-0.22970937164154961,-0.11665553602128982,-1.04792284915139,-1.5494662793669167,-0.7073867457330659,0.9531898248984453,0.027512509993130298,-0.236612634758057,0.6022626959364532,-0.9576256785977205,-0.5040139672644732,-0.19774571516074355,0.5253380390376089,-1.612232040133434,-0.37262221084368863,-2.0527061059610054,2.37664977300146,-0.31373077835558977,0.16796719960099826,-0.0886065110246971,-0.7239893807761346,1.456616576882362,1.1794463151620982,-1.3653232710334484,0.8083672855825762,-1.5125754392190036,-0.4548764453905907,-0.8261442063785018,-0.05138895727775668,-1.717297159283673,0.051679542439898724,0.3340765028153617,0.793612270951691,-1.6280926485355223,0.21642401081874596,0.2282409086682655,0.1592729776152294,-1.42850774051411,0.03917377698864351,3.8375016508457556,0.8599737461793938
2025-06-25 09:27:18,1.077414346575042,-0.12978253153147593,2.3160248625969446,-0.9466541585916132,-0.04069981236257597,0.8329927745383543,-0.0013564764958753077,1.3483911867103306,0.7280730408896923,0.8923545359643452,1.3624334480313574,-0.2989752443077535,-1.2942165746804333,-2.546669768226569,1.5074624525207834,1.906449786819223,0.023666335536838546,-0.7482257705763745,-1.1932337476026371,0.02980103883537861,-0.3408801395880679,1.069471877653075,-0.20425522618865516,0.2710748144074259,0.4462692268911669,0.9836199886212716,-1.0220944769687064,2.3529308851826496,1.215997298655431,0.3731176421933296,0.24794921732371758,-0.13473334078408084,-1.3622531381208312,0.23392446945293072,-0.18733540038792384,-0.09002218154006615,-1.6081042916085573,0.32652363506615617,0.9250908584518441,1.066218481028528,1.5889406328645925,0.7731555320987075,-1.6813713077435442,0.7328931501621686,1.9670739070939087
2025-06-25 10:27:18,-0.8414227546184622,1.1348013149043976,-1.2876186238999667,-0.9823244266162225,0.18333857253824512,1.128378303487794,-1.4080206596208433,-0.09126308372038232,0.4911282562642394,-0.40360627282996314,0.14270801934216498,-0.054486785623389614,-1.3725178669603102,1.8666402579846364,-1.347322319620758,0.45655891605813165,0.25652474923778473,-1.9545816740702158,1.0779296474396038,-0.5296009533763973,1.3136265476474511,0.7005930210407086,0.8307745860592896,-0.10882098411913804,0.2905596355181431,-3.071314304601167,0.7600594106590152,-0.80848870904151,-1.2575322654102477,0.7099183580858561,-0.8829353109450895,-0.9677388779361382,-0.6232389586256075,2.130691711359102,0.3493446865809502,1.3819773788617968,0.11072730713378832,0.5051878723160045,0.12924592548347189,-0.43270473347288274,1.1462868813220382,1.6233735372055507,-0.28634141925861484,0.2718822661390362,-0.028397000282424884
2025-06-25 11:27:18,-0.06848177216145088,-0.1048543624832878,1.1485305618425854,0.03797223211961829,1.2990726437940312,-2.575560017811289,-1.2361403348038031,-0.007201238969005853,0.8504575312933775,0.2147945854019347,0.1306929460438486,-0.6601122029166521,-0.5180428439594942,-1.4474099811045777,0.09193234450019873,-0.014401774859925822,-0.26939743976710095,-1.1940578721370059,-1.538682802533446,0.3153509777696662,-0.17534161898131037,-0.7605606063510828,0.2916135451398164,0.9025545714350237,-0.685848756056364,-0.2703707162430972,-0.43584621252961325,-0.9381923653697295,0.6034138796638335,-0.17574779637680865,-0.5793174725262784,0.7710351912511105,-0.015414181017117914,-0.31133593817983285,-1.2986289810415768,0.4231920156443667,-0.3381090824571676,0.30330061642720885,-2.0880616054329955,-0.005837942851983843,-0.5657601963082252,0.15119364334458069,0.03339823435739233,0.1318364335574515,0.34594102786393127
2025-06-25 12:27:18,-1.1895091564318523,-0.6149023455010592,0.10546024925189827,-0.10039602788709531,0.15810824899576234,-1.6493170569006241,-0.3000570993900686,-1.044294989912094,0.31534338063066375,1.7151610719014663,-0.17797211318915415,1.4355329624923034,-0.18126327776394474,-1.8151726939591715,1.0070548577324414,-1.1252369353320308,0.39566273839392613,0.2691421002957592,-2.1145743606674614,0.03459585815754121,0.4391324476876386,-0.6276505851314372,-0.43200573958442645,0.4828121164466919,0.31895612670922224,1.0839104397596184,-0.7076840283666034,-0.5586229859489884,0.19004349650281058,0.3983021185027079,-0.6369443812822371,-1.1156809877309959,-1.3843010444368278,0.26978983852595523,-0.9330709343896444,2.042706729028444,-2.9187224737676507,-1.394349094583918,1.0352762749643432,1.7670692368088772,-0.3074086196638916,-0.04888662526385744,-0.3979816533105134,1.1674388344128297,0.1770380753798573
2025-06-25 13:27:18,0.28124612696988494,-1.1681448685433486,0.6023984782293077,-0.07229711684244645,0.9113854025023768,-1.385433364054225,0.6754571083105041,-1.663742013532124,1.190331925498891,0.01678602566673009,1.4457123747417437,-0.6450510939385714,0.07003990332103113,0.9613021228554572,-0.03965277792774721,-0.3045169353645112,-1.0617156695408028,-0.3296284850676303,0.2687175126457158,0.3803688619305853,0.37587708807278125,0.4534402488352419,-1.99777180996295,-1.1060503832670072,-0.6791367034557482,0.643640557500537,-0.9554296722331215,-1.2244757789626588,-0.8724653150520035,-1.5795241967938158,-1.2023555486110793,-0.44631276717092117,0.0346726596742323,0.6810712197577113,0.09857548398739428,0.9768570831811133,-1.3956700166253704,0.8470066612559654,-0.8953968516270202,0.7481695515148921,1.263811384947951,-1.9930428775145719,-1.3115002951208339,1.1882580234228302,0.5645564151711528
2025-06-25 14:27:18,0.933035572828726,1.233347515921692,0.024023989175327134,-1.6125687309030332,-0.628740731425842,-0.09493428646204595,0.9231294745085903,1.2995406032754708,-0.4377006147500774,1.316260467065401,2.469547206605251,-0.5735292302510286,0.9652558636067585,0.8726542739094918,1.8522125453973677,-0.7997620590903524,0.5814654578562538,-0.2873865578827376,1.0648182971907114,-1.42611804078097,1.0033821568810293,1.4734412632880332,-0.05237824785156075,-1.5025678333032966,-1.8561331387584856,0.6491941815338013,-0.15111491021645157,1.7310424978022882,-0.02916113959120951,-1.069317316878934,0.3227939185822043,-0.9452100363600067,0.6188482003756527,1.1876225545246912,1.040843813872157,0.8511718130934754,0.007773747194155176,1.3374010933461866,0.963403921184203,-1.3709672792591863,-0.22996228183821216,-0.31527228997808454,0.7741549962293333,-0.5574107260651768,0.9276278811931387
2025-06-25 15:27:18,-1.7378822635339128,-0.22358808191244772,0.49138516697872797,-0.4946395286636133,-0.1723913692253378,0.7163327445113579,-0.8419375877277989,1.1252544756115106,0.8094879021013035,-0.6624828622105576,0.13417891204359145,0.5643208185891582,1.1001072847534177,0.4600183818635438,1.1859531989686272,-0.59156592818323,-0.2858133317666322,0.4913417701722766,-1.7327482004069181,-0.5306116795682241,0.16502284893797928,-0.023578964662217768,-0.30786985456783506,-1.0300547204310475,-0.7874210502025418,-0.15857848579853923,0.3374121539487701,0.21645275706056805,-1.7334615702323026,0.8628253853110195,1.5743622709088998,0.973453950311885,-0.8307629471385067,0.22653862536754454,-0.26483291668754183,0.4063555153324591,1.460927817937553,-0.14405224243762804,-0.21890466355702215,1.6867805507153881,-1.1051962219869929,-0.043033793709173714,-0.0806644210848826,-1.1444168131145538,-0.4054975648361413
2025-06-25 16:27:18,-1.4406260799947574,0.5439794854782234,1.1236383548039384,0.4619031284758385,0.7328763602597561,0.7721565544853777,-1.365368285638636,0.8501079952235489,-0.5669690066898428,-1.223834787529284,-0.6454402370299663,-0.710995039579436,1.4223835762008394,0.8883716718915053,-1.4672269578273578,-0.7309208540936053,-2.015973035169889,0.7273842565457053,-0.6090059937719132,2.7818120722673845,-1.6732781722655676,0.31737876380900426,-0.4478996540834998,-0.513634445538174,-0.8774925751630319,0.9560756611316992,0.12949461470234597,-0.4874697565803412,0.7021651455226575,0.10434429464287415,0.9382527899553013,1.1132784392653163,0.6334852402385344,0.11370388686865497,-0.9161091281043949,-1.0174854388007009,2.263838867071033,-0.7794204430967836,1.2220716344538427,0.17561835950932228,1.0286363947009738,-0.8623839726251262,-0.6252493971797071,0.16543637871200273,1.6701596268915089
2025-06-25 17:27:18,-0.775234827119843,-0.7318512595767437,1.2500375239874346,-1.1139177752820513,0.19804676235833016,0.8234955727975812,0.18823899592082075,0.10385523436725849,1.1527596253341854,1.0223764977905532,0.3644388918512155,0.27915079949769367,0.1631146915949321,0.25159900944151853,0.3385554740293842,0.26718128314068407,0.34698176002718556,-1.222437100121237,-0.0414832355977981,2.4744541246759364,-1.1633415793661055,0.40082802507996845,0.606357323108995,-1.043433101209909,1.104061396209798,0.13657015882504975,0.33622212807473006,0.5678843620441026,-0.3728560679960235,1.287372988124138,-0.23618880161975359,0.3779387139842808,-0.0699795273267523,-0.022433240542530326,-1.770586730882694,0.5882641881103204,1.145850587150072,-0.9295582512005811,-0.9026565125718022,-0.02790297772009578,-2.5093567429180856,-0.7879816795380583,-0.9153695059350836,-0.3910423815763807,-0.7544117251273291
2025-06-25 18:27:18,0.5916278487406732,1.4871658547445852,1.5966577704125895,-1.199328024990683,1.579427978150452,-0.34594826202200085,-0.2530658971691816,-0.8727460940142578,0.9103140254360896,-0.8047657326412799,0.6567394467433677,1.3656100572646253,-2.058161017750373,-0.852856578658281,-0.46199936202500186,-0.8608001314769067,1.451805972665599,1.3776165955870976,0.0010764356346305386,-0.10064146791112864,-0.03818592119216908,-0.3899635429494091,-1.1856300293270323,0.4557294366018966,0.01251851068084634,0.14398038994983658,-0.0452742298677127,0.03490274111562436,0.6123361656301589,0.5542018338048902,-0.23306337291889037,0.20759768890734176,0.4951531397958539,-0.15509590131977513,2.689104694116681,1.106016636497504,-1.0836229440383116,-1.1379586794663321,-0.6667690034129556,0.9676466683415754,-1.294324746575746,-0.2584338343503946,0.6772716613266486,0.931324994665179,-1.5782082830183584
2025-06-25 19:27:18,0.9077954153581512,0.2528620570840573,0.35105291909699077,0.20304766423988205,-0.923217484877017,2.0017051585879946,0.30419542001474204,-0.9320647528843522,2.485466978667769,0.5298246162631332,1.8785762140561344,0.4483031389733885,-2.4858055695384613,0.527249184349089,-0.3365444034846967,1.0822854763756486,-0.35839051228326274,0.6615819502945101,-0.24822113169097343,-1.7041208421342005,-0.9202392233606692,-0.822476618112049,0.208103652421357,1.6698997029834155,1.691113583059133,1.1155202295131672,0.34919523450527895,0.1007074352487795,-0.5041176059311592,1.9783827485965915,0.4620248553768707,-1.1131733046418575,0.7717667037602726,-1.6584890385395439,-1.2872083007017758,2.0572509283453164,1.4021258888314243,-0.3070916585383221,-0.8332687893560301,-1.0902764849547364,-1.0812329777119893,-0.7977917063667482,0.20759104706197373,0.3967517112076094,-0.729228747754857
2025-06-25 20:27:18,-0.5229177454171331,-0.6994844601010778,0.39146878223182174,2.101661098046734,-1.8636349323367316,0.43652173698990404,0.5051166538334135,1.2777571624161155,-0.06365989495346613,1.6840313502852955,0.67894976686001,-0.6676828568278751,0.5718493466396556,-0.7059315732179006,0.6917290600593557,1.4907408557438349,-1.148668707079833,-0.15060928314558625,0.427704374020992,2.464779238608072,1.18644905580598,-0.30770578454388725,0.057935567597078956,0.8834139446119652,-1.4544942673779573,-0.15368778521492085,0.349239778863286,-1.8638491203147272,-0.9468789084048406,3.622608381241239,-0.5108386837800551,1.1804309266897868,-1.7646764710043186,-0.5907953783033507,-0.31380599052373187,0.9090781770095636,-1.0055378763240086,0.2457165249452161,0.41252556396796336,1.0711333109258483,-1.0750203723781493,-1.0792620468324718,1.2759696564440526,0.3105003858583639,0.3853406765446083
2025-06-25 21:27:18,1.1316990585356594,-0.8745031438403371,-1.0247262785516604,-1.3406487331908747,-1.0674399478608974,-0.13280236466013595,0.2333483369311414,-0.16774473147173616,0.9708338762986606,-0.6398783791570324,0.36956600179175086,0.06211211445939281,-0.6216007752756187,0.0011883943814238768,0.24073651440415972,-0.7524952373220125,1.1224462773072919,0.15436289858168203,-1.756848199627255,-0.8355105864443295,0.7156490879507682,0.6406296114533494,1.1855561080035135,-0.25864808981226484,-0.003658805932276792,1.1417786172521118,0.7281454140419199,-1.083622774322122,-0.17508329832794425,-1.263285382015426,1.3524905685325364,-0.9651143383640811,0.4658213818243567,0.12086101750689668,-1.6176099164890658,-0.9138432510074566,-1.327313072544674,0.11121997041971524,-2.1330530788757542,-0.3689709510230507,-2.6698711751036877,-0.6544782634188118,0.7452693803665335,-0.0837632693280991,-0.037040704938950675
2025-06-25 22:27:18,1.409682499867208,0.0622622311462455,0.125779093718284,-0.24556507143973305,0.14584850577866046,0.6647072627372327,1.267655674210137,-0.9048025457715969,0.5172211254013501,-1.5301881670932498,1.7509399519406013,1.4161837991102404,1.5129888789903065,-0.7018314841838524,2.435382675475818,0.5267526779036266,0.7844315996202001,0.9976162673994353,0.1909282232814743,0.1215794192797703,-0.5313681573547152,-1.418942652074263,-0.404263701219751,0.6830108522818744,-0.007079041418710594,0.465329554419818,1.4173262622284473,-1.5355292334623678,0.30342667682380964,1.633273762149128,1.3184104414365612,0.4415537228083103,-0.26980336055660276,0.9790258635682367,-0.6645325011415428,0.132676004011305,-0.616554302144677,2.596665274157527,0.35359174832316553,1.297619498307914,0.5174675837386037,0.7126323047526524,0.8125358417985759,-1.2416129725288487,-1.569628495587221
2025-06-25 23:27:18,0.750186796203333,0.6185925393760149,0.91901066619097,0.20666212766519979,0.09520495418109355,0.7905250343263311,-0.6301768404600903,-0.6327844097178483,-0.43803112372176484,-1.9991011933880847,-0.44080485809893843,0.7278238595219207,2.6546818104190546,-0.8281654931788229,0.6006989021923781,0.5736385951392271,0.09409908976944355,0.5536929635359689,0.9850257799013036,1.0685762758487092,-0.18259162741719143,0.36985588477756426,-0.11868876307539807,-1.2678186997883634,-2.448947081692428,0.2759285829413837,1.675033489484669,-0.9188346555362563,-1.0903958114312704,-1.1583099260208811,-0.520087531486576,-0.9151926458489055,-1.9820430289597888,0.702708494543082,-0.6079973534127018,0.1222678465697021,0.9550199270789198,-0.745841538534413,1.1106805327958738,-1.0991664557545429,0.8053786694382595,-0.740373334938067,-0.2592751483325686,0.5093654792125314,-0.8065233450545771
2025-06-26 00:27:18,-0.582448362537089,0.7932008719837357,0.5890954049179223,-0.5815567682637014,0.6637792369594827,1.4354275628695343,0.10027426187570647,-1.8965191956468224,0.8967788954333441,-1.3395591146207668,0.5367667955892363,0.9519531309766028,0.8592426815864456,1.2691913101910441,-1.8281751199225182,-1.085521818663985,-0.23204362046681382,0.2677866328245041,-0.439849157220823,1.4446274985818681,-0.11752995310983279,-0.8676254847331247,1.5016553049374004,-2.333883145295306,0.3636064110333077,1.521728752533123,1.507423034275704,-0.011444731713810144,0.4032545241351401,0.8783755762030272,0.6421749844826987,0.712282227702431,0.5672219590649478,-2.2672151353153644,0.7189571501681755,0.765530198213811,-0.5137492786217038,0.2369423019587162,-0.03523910184762021,1.1375403934330666,-0.26134160292074626,-1.0751976620297925,0.39476327999652816,-0.19770833927191958,0.6595990257330862
2025-06-26 01:27:18,-1.39590698220577,0.6887011147370591,-0.2955439354220446,-0.6507436956574698,0.0742276698572848,-1.1429482986158417,0.7942278268026804,0.4114088762235999,-0.5380765457669958,0.5021466472149609,0.987607723851748,1.1436345614453212,0.043067278903167715,0.47241015180864815,0.05544178757159416,1.4779000029035627,-1.1785091471995368,1.5647094886415869,-0.6917783466040103,-1.2828661653446327,-0.18072789261519914,0.5042502988692225,-1.8223288394609887,1.2279724679993747,0.3012905180412405,0.2901530900343649,0.8815705309696501,0.08101977087577301,-0.640965666467897,-0.2967866913879815,1.5032410152043718,0.3939515795551031,1.3693517367799306,0.3490479508125405,0.9202666769709441,0.2861730082521046,-0.9336326607922365,0.3912830329710031,0.9238209565744033,2.4438947339209482,1.0312192829467197,1.2627891137340173,-0.023585961416385706,-0.2041704316850861,0.5341074809120434
2025-06-26 02:27:18,-1.0198101932191106,1.748995088654814,0.30654423846901613,1.3091403964169357,-0.7946289380160522,0.7592155250578259,1.1665498198296347,1.432306729979533,-1.1724512059129966,1.7271870217373362,-0.650368976759271,-0.44419437404180373,0.08235813070464294,-0.5962142036720849,0.3136074406492208,0.07752716217113649,-1.0371575287608925,1.5012170534157232,0.02228704702023301,1.0964753942768315,-0.14163459874795242,-0.6203173777390908,-0.7576758218031039,-0.6765248670134634,-2.2270922255180072,-0.4168280123954383,0.9808713368585181,-0.98577437903601,0.22763653328656555,-0.4251871408222473,-1.261675432706859,-0.04150021170875342,-0.7472567535825532,-1.4984630708777724,1.5092827633463592,-1.3788037730060496,0.0516393239984364,-0.15070468279139246,1.6746627473802664,0.6501181832358749,-2.0556163604585485,0.7394881785086053,-1.8774361028602637,0.3203841493857694,0.3303293714497475
2025-06-26 03:27:18,-0.5147341532336005,-0.40268595582407957,0.19755019833089651,-0.42792804872051027,1.4875324867790658,-1.0511792266278854,1.9357327390884735,0.7879858211501978,1.1316216638263148,0.08716149350140158,0.4407301714226,-0.8282103330922781,-0.024850429263860954,-0.8856023610066743,0.6169223084765658,-1.1613564288161828,0.2803756633963163,-0.7371979550525861,1.1212309614900073,0.6380860606355596,0.9086560693954474,0.3430262737877321,-0.36358948599897234,1.29393253360005,0.16548989778471082,-0.5832571250643787,-0.7260667194101882,-1.2646561085401857,1.7472576469829333,0.0633857883576397,-1.55447262410979,-0.478783228221736,-0.6688295742108908,-0.6680933835647946,0.449310092314183,0.31890056996819915,-0.17815961011499767,1.1378650679408262,0.7223456538912273,-0.32636746973898306,-0.5496836074512516,0.26130305219188554,0.279719269470339,2.3802186680902384,-0.7537311160513959
2025-06-26 04:27:18,0.04732140361965821,-0.5703133619322409,0.8856157637066389,-0.6376555647449715,0.13310099488659546,-3.379303620385439,-0.6712727761087611,-0.5437666388795483,1.6841197235585985,-0.2381464463730814,-1.0099320085318986,-0.5922580190340114,-0.5678947210455582,-1.9284130825192267,1.3391065116023184,-0.08388421746470429,0.554635317195243,0.10393293644132066,-0.19596390788995338,-2.183389854879853,2.7443187995157414,-2.3085102201683663,-1.5656144733232638,0.3157566668287646,1.908176237945841,0.35284186910593085,-0.4894054705202876,-2.3484505528329502,-0.6338191241303183,2.251946479139162,-0.09054629531988556,2.6764193340919675,0.5695989858925585,1.1918016134609555,1.3519865138133793,0.02609575746590051,1.556590747251612,-1.2630637140748917,1.4885962706251066,-2.1957861863925876,-0.16410187815308816,-0.13731223644928925,1.6609149343094913,0.10646036460338663,-1.7275835333107163
2025-06-26 05:27:18,-0.7707028127333091,0.39851975741281137,1.2134559722074283,-0.838530845029737,-1.3169442918808132,1.0972514932772661,-1.0164783986281556,0.5850255988590306,-2.4517013437491793,-0.7722493782415288,-0.838887373058019,-0.6332014770149266,0.4648346724407745,-1.1129697726596637,-0.3555433094146271,1.6258680481157965,0.15480223633051557,-0.2070115977653132,0.0770198119590618,-1.3203929391383666,0.7650153581035773,0.18418136426908774,0.2869343017602314,1.0781757718648057,-1.862454573741062,1.0087033773895528,0.3946758138971092,-0.13880502328866268,-1.4093422113586096,-0.10812970261504416,2.187445720567826,0.003976752878499229,1.022077129316531,-0.9379206644214869,0.39555615595447685,2.6785120078208786,1.5405798852092605,-0.8306486474269207,0.30718908177182364,-1.8642090118903187,-0.5923909261634936,-0.957999424884624,-0.10333720884435643,-0.3177247899569314,0.739690355253468
2025-06-26 06:27:18,-1.2789676434892092,-1.9190332501296936,-0.15950188825292447,0.10164959491770816,1.2147182336216154,-1.493560658309652,0.7031484599942928,0.93902319850374,0.78585812004271,0.4676114394292627,0.28832312144705247,0.21991920563694178,-1.223002972716017,-0.2729255321186513,2.4706443041371666,-0.6403078155564695,1.6294100157090776,-0.9347127348815567,0.6202444150826625,0.16623888351913435,-0.028727021869709258,-1.5475370305242453,-0.4661181354678496,-0.30414876001512475,-0.9316637793416995,-0.6177205512030877,-0.9982185182710043,-0.25050347364390424,1.314494782783645,0.15493850520466595,-0.6077429778764614,-0.6099976718985792,-0.5409670966780648,-1.44981468894613,-0.27791328362900714,0.6537264926533128,-0.10489693085531769,0.24517387899611673,-0.575169310387,1.325680200888982,2.156351758562691,-0.23319143586428961,-1.3238400536854862,0.6498102547188253,0.7679832549545725
2025-06-26 07:27:18,-1.7452101575943961,-0.5468548888202972,0.9531231188861863,-0.6255956637133387,0.3001906344981109,0.25958572802888996,-1.8198918780917868,-0.7339801555067992,0.2246520724481323,-0.2778130676653492,0.041531574785288045,0.6397451092441112,1.702575693967413,0.5295409104130968,-2.6361150896162586,0.36749155859636023,-1.8930822835887886,0.1719458309613569,-0.5560925860280421,0.37617955338364406,-0.999213108241392,-0.7370255551007772,2.2731784260809142,2.3462183350053194,-0.6734952029900964,0.6530213452079715,1.5429341999952986,0.4591849216577869,1.6042366871940843,-0.8343871042371985,-1.2068618747687798,-0.3818035782907212,-0.9266477213311757,-2.2694845208994603,-0.6506631045484955,1.9498455494596567,1.6189909534796276,-1.7074350350483842,-1.132573556194978,-1.0757541597613896,-2.3135156979869107,-0.555609747449105,1.3020106371340938,-1.131332340624913,1.7702958487052038
2025-06-26 08:27:18,-1.5251281701528752,-1.036152345314532,0.07858806684130826,0.04257573220811997,-2.3146661491522296,-0.21276390367188214,-0.8285849739500932,-2.1310875221455645,2.192099223801404,-0.8192225318875992,-1.292898012488961,-2.563474256213586,1.4683368758052247,-2.27253410400332,0.5189280442204095,0.5944602939777939,1.3979611357013975,-0.3202514042118376,-1.145440141996987,1.433369455587665,-0.8159367841972107,1.00344512468657,-1.095833460155952,0.7581510755597071,-0.15413497917393987,0.4348578312740163,0.8063706130901039,-0.864609697774237,1.3085103990369322,-2.3572129361631786,-0.27463147985745173,0.962774033064927,1.6654143622787214,0.2316342572285769,-0.3169955995482201,0.6227500505474014,-2.3793144896696754,-0.15548341539402172,1.4719905072081345,0.44689413760857283,0.6211381844338474,1.6046901682529153,-1.900357034580572,-1.2562448840537277,-0.06682059211988017
2025-06-26 09:27:18,0.7398521249599356,-0.8197928958102926,0.9686538025683524,0.45998514721544714,-0.5500911050476839,0.19287373019370901,-0.23555553386875114,1.1654894306400927,0.2771237512364945,0.07298132316627759,1.8788674082685497,0.6486817226124907,0.45715549572871284,-0.15919302076537,-0.2788281776730073,1.101543216556214,0.24872779700969777,-1.5147324655152041,1.7460468554279804,0.0464987175113406,-0.974900507134811,-0.5963574915542943,-0.35234093197387384,-0.9549008781642095,-0.9230366909043146,1.2541554395400867,0.024507236667865032,-0.5819697608533875,0.16479344656284195,1.0203509045931036,0.11044871140110436,0.15982029045120386,-0.18777889475144502,-0.030995468559495403,-1.5093043874512508,3.0383091224410617,-0.1778299426901932,0.8968170823556306,-0.9693007213074973,0.5561499161094644,0.8386987300159543,-0.2728613361389789,0.32986897231740075,-0.7996307339532625,0.36422580930022747
2025-06-26 10:27:18,-1.051838897407931,0.5505951026944422,1.8287625686809508,-1.2048654708469353,0.8421832320903397,-0.6710749443686364,-0.7005416017518188,0.6616694372800311,-1.2591636500430605,1.0670773953486241,0.11678891574327678,-0.6492865193367684,-0.5637777582141275,-0.12557001234230905,-0.7353542594552909,0.5124109627932625,-0.9818065670581461,-1.8098395979855597,-1.8858242490361496,0.6129395586911877,-2.1542947558820416,-0.5903676534746618,-1.7919063228274241,-1.9756846734646798,-0.07855940111263085,1.8806804290889352,-0.6732262559252193,-0.6277250320838624,0.4774220909327154,-1.9591186287178117,0.3224900921584291,-0.18802657162783898,-0.5196768096865444,-0.1821584499880944,0.4430230407023693,0.03327050425070579,-0.822202928461053,-0.5356213688022842,0.7109104975695916,-0.23876783545389912,-1.4129451264123207,1.0469641397326788,-0.47806412439675805,0.4530892596853747,-0.22873650742111776
2025-06-26 11:27:18,-0.7414337322875263,-0.4287616604010452,-0.0020276887055502638,0.3918900046666691,-0.2301107367089644,-1.495652342066398,-0.738246212826322,0.5640157164194,-0.2786424751293079,1.3447987220676842,0.7418619835034614,-1.2048253609526094,-0.11940513709368773,-0.7423894365326476,0.06697870246679463,0.3213269220594572,1.3831716066152262,-0.19062901402662025,1.6298914366425568,-0.8003748792130005,1.7005264440697008,-0.122232695633062,1.1185749884299523,1.1789744230063472,-0.5288041912018974,-1.7940160100694618,0.048990729611483465,0.33850236585905974,0.6543127993736023,-0.15516241179495946,-0.739111804401696,0.3949972302603192,1.4561310191790628,-0.07819529334602518,-0.4367686122250075,2.121571309947339,1.6552672037498681,0.7995129834592165,0.3694172162656103,-0.1324747238177227,0.497555650292673,-3.010833659508124,-1.2717457144874345,1.3679544780757118,-0.883694015887231
2025-06-26 12:27:18,0.4694287446638867,-0.39796736304222285,-0.8693671273191291,-0.7354748355100943,0.43068140919564335,1.6716900145832292,0.23926565022691018,-0.4874657975008834,-1.1306908972560687,-1.118942961807137,1.1068618927652865,0.2707755492071394,0.414904349817149,-0.9055532955503335,1.1587274467128101,0.5009182798904621,1.5258837600496675,-0.8918587005308009,-0.12991967909084834,0.7030814778472464,-0.3118667863185416,0.9411012851672084,-0.7049973226524421,-0.784481178106165,2.0125216349594583,-1.074373079661488,-1.11302628245702,-0.4726235003671287,0.3413468143286106,0.9309307249243568,-0.04735481773682533,-1.3361763471872075,-0.8075381029891974,0.4085699432542833,-2.3770157684111286,-0.3136102278359506,0.29426556853037694,1.101988894408534,-0.5572307557750475,-1.6957309546006765,0.9096851697161042,-1.2937533105172099,0.881437232549132,-2.3987908704687126,-2.054712325330362
2025-06-26 13:27:18,0.5570756573619305,-1.305515079790134,-1.2966285074181207,-0.6426546751261389,-1.0423940538004577,0.288551126178963,0.5037983733615251,-0.5388155245975375,-1.3555697302890837,1.3166964973665285,-0.7987034241835679,1.1164328967795274,-0.35694779036709057,0.796748442072383,-1.7623499989741618,-1.0317989018576015,1.1740733655109918,-0.4120099966938695,0.599762833646212,-0.04863752704578906,-1.056387028959778,-0.259184610466903,-0.33530538433484214,0.3540244216101357,-0.5686700401773308,-0.28591261584919564,-0.9089278222551589,2.4096734144662895,-0.4074635637265377,-2.0455885172439072,0.27540593465246105,0.20453256166925643,1.093645453460626,1.3837063036336723,1.8402743290119001,0.4627606220005823,0.356469915015698,0.6709295105728615,-0.04321187710284843,0.3050509241440466,1.072059393834628,-1.2844519207603877,-0.4623976298724368,-1.9654767086134497,0.7931756225741095
2025-06-26 14:27:18,2.498597071100676,0.936785143983384,1.3983832670085639,-0.003995535556179354,-0.21192494185881103,-0.18000919894882556,0.724985448346805,-0.05878014539735143,-0.9186980447053542,0.6856289050839733,-0.0174964637788825,-0.2818743509755123,0.8711351410133906,-0.7271219172749506,0.0159005204283739,0.4298481848310594,-0.6728115533668168,-1.9133233863255148,0.6900936184070232,-0.8976030769029665,0.7966482689413135,0.02589014468419487,-2.4817384046961775,1.101650785802071,2.0027988684252773,-0.7333354473189734,-1.2492357976767268,0.6434525925033354,0.5305877743793606,0.3283674988357021,0.08748781395486821,1.4566967035703013,0.08129507106575172,-2.0651584927089566,0.11150600058333762,-0.42415295577598544,-0.3660918907808177,-1.0304146081340864,-0.39310050036149274,0.23375497386095853,-1.2829382687375108,-0.9003363014519107,-1.3843709954970362,-0.08966574088699332,-0.22731960482011812
2025-06-26 15:27:18,0.11017190859146611,0.8309935592916988,0.3495731782598936,0.7609514099738732,-0.8972714960544802,-0.8822769478811929,-0.35638731613145846,-0.8987764194886139,-0.12609307497910877,-2.00397818511366,1.0493714231906095,-0.570243544397437,-0.5464933848799216,-1.3763880394003127,-1.1890767196543774,-2.0345737938542343,0.4119879312681357,0.9053374376326094,1.1728557244517057,-2.0623555428545073,0.8330708109901113,2.044685714634511,-0.5366773117647683,0.9882395645723133,-0.358259151329308,0.8179086006324492,0.9690528761209014,1.3827687499892838,-0.4227916353330959,-0.3344864681817632,-0.6138483116370177,0.8000531688788891,1.1284732050105046,0.30169660152762784,0.4598110788341923,0.005447363821665908,1.7492302362370737,0.16059996956205194,1.3385174317613155,-0.20426185305193406,0.3866433549515425,0.7606841019108397,0.8750938803431063,-0.7255824383584725,0.08018626230902648
2025-06-26 16:27:18,-0.38885128587827544,-2.2297112258028084,-0.3495775974257784,-0.7915292952913267,-0.084380595460944,0.43471046005636815,-0.3050260509172084,0.16588686946947262,0.1496158301293897,0.4574959264242717,0.12292793859949687,1.5737311038411104,-0.18745819261334126,-0.15226465594260571,0.14814293538683218,0.832679000298791,-1.2092717833118196,1.2268412946101181,-0.2850785312154443,0.48845542461991864,0.5215204179285414,0.787011224559653,0.2829026442773452,0.9522986028877919,-0.7063701217620124,1.3663225840193363,0.27691390011615324,-2.441170347781236,-1.3271375573656283,-1.3384704314446618,-1.3625782632904992,-0.7342348712906869,-0.3878053827659161,0.9788800390451537,0.018578703390140498,-0.29234239518436034,0.0563741210572033,-1.4945428635404645,-0.6897920978485458,-0.7162592630703049,0.6323775596773972,0.224300447017574,-0.963453533747945,1.7867283017310456,-0.057015058297502794
2025-06-26 17:27:18,-1.1098239300228079,-2.3255650897132663,0.23903991620064563,-0.6673380749523085,-0.9138297771399648,-0.2726152154185572,-0.04013400652038733,0.6702138909769284,-2.058027118074934,-0.710827180900005,-1.23585507127349,1.2475535512338456,1.091560598367002,-0.8430145133015594,0.2530679779741531,0.4156679616642497,0.11522727403180887,-0.9796056289454518,-0.7618911552863753,2.8865683673969933,2.631724163600556,0.19162826288395637,-1.4941973344420365,0.7378121821482603,-1.1321203864831015,0.6121974092429566,-0.7732163074884262,0.2212653554743878,1.141802661257932,1.3718214325240032,-0.32197995337704444,-1.3988156154810385,0.6538752868641842,-0.456685294705664,-0.2562545375770448,1.073335092142922,0.3854088097812138,-1.2590651667022175,-1.07924909676428,-1.299617440044382,0.4806109622695143,0.7080564657516237,-0.06841910227403941,1.4551068867493002,-0.10986282748534197
2025-06-26 18:27:18,-0.45189737232407406,-0.5883960484898297,0.16019284256763064,1.0314432886943028,-1.220705979199304,1.439067636404789,1.3282046126883325,1.620201962907079,1.6266514449966116,0.27248754208305964,-0.07400368931937967,-1.0295750637443528,0.7029430033294757,-0.07705153079550958,-1.6147477114251074,0.3950313820424712,-1.160154903237495,2.046912361782806,1.1710768686710562,-1.25359867226018,1.6424123826586028,0.09866011102973565,-1.3280010122686843,-0.6239627643627003,-0.5613066191535263,-0.2699944561144639,0.018342593997131246,0.04856654079734936,0.38439702230790895,-0.27129452768879897,-0.22296772398735884,1.0729145849223183,-0.6016700681687671,-0.2099041738563703,1.0336436528775634,-0.09145259197634538,-0.6930925185796983,-0.03830816999744328,1.3766209217116405,0.1344032941484725,0.4985805567218906,-0.9401012456846952,0.5688608235441933,-1.0524382159340424,-0.4796437947393905
2025-06-26 19:27:18,0.8763424112164498,0.14068967839732285,-1.9866039489328877,1.0004511753497776,0.3559402705568874,1.4045391998681487,-2.174991447080465,-0.3496216432066585,0.38947534672140427,1.3423117481977398,-1.0865192571573754,-0.3374068200910853,0.16955487266066244,0.7122049116992996,0.4486335440655477,1.1620539859090522,-0.6452712336454094,1.4162231774471503,-0.48710023531300384,1.972393499417158,-0.2988905557860409,0.7301965657799505,2.542072047433844,-0.667431598455683,0.013158895100391095,-0.5207879814821522,0.492888049452017,-0.2794416219347398,-0.8831136788175583,-0.2782554859377469,-0.06668772867504164,1.192571443884992,-0.5448976606280796,0.4923796285846247,-0.7225760556215702,-0.6575693120310652,-0.7437126000642813,-0.9084974988486143,-0.32816307109328363,0.13696238942143774,0.4894707912479681,1.0331316854195758,0.27600783976424353,2.4328501027414515,-0.9997609049939392
2025-06-26 20:27:18,1.6747060446505126,-0.8803834499099281,0.19506172733528915,-0.9706652996730228,-1.7467558258265095,0.703010091488547,-0.02926169020696261,1.5790097318055663,0.22264315077420999,0.17796125065856847,0.4585414154956875,-0.31106029072792174,0.9168242289663108,0.32956705451039275,1.8020706573574696,-1.1691948286101082,0.3346894661905281,0.8017069644346492,-0.8957570402651194,-0.50901415199413,-0.08574644789567981,-1.2921661631298236,0.7456741697146569,0.652203888442202,-1.830821099897697,1.4180009757954737,-1.6839457106756537,-0.527364680794986,-0.3724150350191456,1.3781805486935481,-0.08264834699214661,-1.0017056566757772,0.36233577327354394,-1.208330170208815,1.6855231902928782,1.5276833734949657,-1.810701836958364,-0.2584737029409965,0.27085797571314374,1.2848965852436611,0.4812739036460883,0.5128228135329281,-1.6252246083378143,-1.7631781299395446,0.42777442775348157
2025-06-26 21:27:18,-0.1009960910757914,1.7700963761825266,1.8929377409883572,-1.0284114423757498,-0.5681870811985198,0.2916437041831101,-0.34774982694470835,-0.5300602765282634,0.15101776889959365,0.8143319343744033,-2.0384020878579068,0.00288763897289215,-0.1370455594151532,-1.7213236948232373,-0.6735018394554296,-0.35006828203747037,-0.8218988636406401,-1.1160171296509775,0.8224920983555953,0.15586742249465432,1.6459323132290182,0.9615184243383029,1.116294229942693,-0.974437744226796,-1.1816106855650224,0.6411936639957927,-0.1499766177384867,-0.6113500951776834,-0.7386599385039165,-0.765798043034015,-0.12079032770456351,0.999864481970053,0.2221601377608298,-1.6927590757087554,-0.4249562923384909,-0.3197663888600185,-0.6903379210913719,-0.60963986365624,0.4483179909925448,-0.5880424435731718,-0.01533339062636801,-1.054492131989787,-0.9626053494876395,-0.8155627143688967,-0.6499678031816992
2025-06-26 22:27:18,0.9490424984262379,0.5536827565784699,2.1549022638688866,0.967694934963671,3.932556371155823,-0.8829110455240158,-2.0116534854119936,0.6741121405265443,0.6373004971764856,-0.48747811218013354,0.6234940218291047,0.2513439398293354,0.16264971811113024,0.2843694572056538,-0.8903010241905421,-0.6331249660620276,-0.9576779213456073,1.340138302346742,0.5567181785088492,-0.6382501281211254,-0.2913024636473105,-0.5387424244982529,0.2751387590686682,-0.08678633201094652,0.7679500968217225,-1.4834836965069254,0.7102795079099613,0.5690676646663916,0.08910940926669302,-0.1410312732305254,1.3781765728757096,-0.7931585857709029,-0.21147303114577007,1.9238256119198507,0.8720613067672578,1.6324899762477105,0.9759157140577147,0.4499401066872671,0.5572969953956437,0.2222087674809496,-0.5772469366157164,-0.9428176274759007,0.78237140841745,0.6622711650009661,0.095081833203247
2025-06-26 23:27:18,-1.7471305362178893,-1.2717549763581715,0.8314972977112475,-0.7011928593050611,1.3958206235424844,-0.585844598976529,-0.016746290374678542,0.6977360187380739,-1.1814705482137455,-1.0148007734681075,-0.2553593410440882,-0.6078082488503879,-1.2344986215568663,1.411636118504118,0.16087950036206597,0.18566502039191884,-2.068784538207807,0.4360578830136979,0.1311965654906254,-0.18568702187673353,-0.697797845572494,1.034254153869312,-0.10175093753098198,0.5816083818262044,0.19441898336139626,0.6306267355490531,0.36248643281922444,1.2700164558159088,-0.879012229534437,0.3494144963850992,1.5095942749407656,2.6604063928401365,-0.6537930954968321,-0.82139745929782,2.649469925272007,2.1268811494529003,1.8204632094283408,0.8472897055247616,0.545673230275712,0.7467851383867913,0.7507053403207569,0.17433700038331842,0.4687717966994143,-0.2605424922794472,0.09091107440998131
2025-06-27 00:27:18,0.7056591355148385,-0.25577728278863543,-0.12457682523979927,-1.1527163484160625,0.8747919820128502,-0.7265191196470763,-0.5100461138820656,-0.5431801480481926,-0.6592412305388371,-0.40512493751217965,-0.34593558439210603,0.3407302615897422,-0.19966150566741686,1.461620267716724,0.4419324095665118,0.12296111833764138,0.5758919496203401,-0.9520530822777675,0.3710864920427246,1.6590453664759621,-1.4131665526334727,1.1283640963748778,-0.9550479182039778,0.31615293884027834,-0.7127649931493305,-0.838703659751095,0.2812798562622854,0.4939702946899436,1.49007128715869,0.26462702058598764,-0.1413190623630314,0.9243251618627066,-0.7127572232978281,1.501407510726669,0.32887517732689137,0.8417097813369786,-0.25759113165736164,0.1757933797797513,-1.6895232697146312,-0.6488910309167558,-0.6694311203161811,-0.40504780362857107,-0.17118039506510027,0.6370718936846386,0.49271006271651885
2025-06-27 01:27:18,0.9880173924675396,-0.42451787049723644,-2.0781908719562976,1.1732313694860106,0.09798959527621494,-1.4217734499068087,-0.8187623400327639,-0.9532241749023259,-0.39812329593974977,0.14183095246634356,-0.86023610982402,0.7580308902515321,-0.518883194893423,-0.7396484989790978,1.849216414578484,1.8137204531379216,2.350700274398539,1.3695641507534113,-0.2268283388329809,-1.7357357225487766,-1.283830058429313,0.1236352349146446,-0.8868384032489696,-0.2606184021612118,-0.014316401288397543,0.7643066123093142,-1.2602529674927674,-0.48865333239539754,-0.005768905329475811,0.8464915799032957,-0.24417379681424842,1.1002210332840898,-1.269783820883859,0.6149631922826515,0.014547307683291743,0.022552379987283287,-0.9452925409805645,-0.041229758356954756,0.5333802667529283,-0.5367800210624172,0.5866177171894652,-0.8881656075742451,1.4946249474415434,0.5560694982518476,-0.158496943651287
2025-06-27 02:27:18,1.4900831698749146,0.6811536810294296,0.3142598390830469,1.6353344738398865,0.5100535164618641,1.9025988016128523,0.48477864589231684,-1.809316751754414,1.1147170934211383,1.7707795316127493,-0.7281994073534618,0.25980957841793556,0.4021778290390175,-0.9367977308471346,-0.14770100490120114,-1.5043480418518673,0.9876772294697409,-1.3083737620325806,1.563540762514414,1.5810819823650475,-1.0756924181829661,0.42285644450140936,-1.0563708869702904,0.46579594869678353,-0.9884426762145417,0.8767472614130565,-0.5483257287231652,1.7433974408739688,0.8618462976304229,-2.0592788571617926,0.13506783503142866,1.589575049196437,0.511340060226668,-0.6974543126824324,1.0713164717182249,-0.3072798842362821,1.063288113462219,2.018460119678728,-0.10258333140444421,-0.5772692870371736,0.28991865280435336,-0.08488996713961126,-0.6033621868890201,-1.2697775497768846,1.6573013089322646
2025-06-27 03:27:18,1.4233237326028367,-1.970790828481415,0.10769276774141819,1.08201554827444,-0.5633567199615066,0.6288593660767317,0.20041236338993534,0.7603029484957655,0.41552959669733797,-0.1665871438641061,2.0237305151262683,-1.4877699960618433,2.135037164308712,-0.7592972963620179,0.04681267816326858,0.7050052560711316,0.7137961907015454,0.7276318570595808,0.2589765473906868,-0.02317416906222118,1.1246076911927734,1.1073992010045361,0.12287428535473871,-0.28324834223931533,-0.10819613387299083,-1.2658923055818918,0.857629390470899,0.24815646360237267,0.7277339368512028,1.4760768733509917,0.9596200379142182,-0.32260713260640034,-0.7142139022109599,-0.19098027363696846,1.088717512058309,-0.7845748065017343,0.9975123726613315,0.7224797079478504,-0.34698250859064883,-2.0180330986303328,-1.1404200774395266,0.13189243544696477,0.6289208837047319,-0.8758998027270993,1.019433528261074
2025-06-27 04:27:18,-0.7593444863502384,0.1596861790635499,1.051522771220136,0.7750326205425484,0.37423907236761716,0.7545998830767917,0.6120650827326501,3.494932724066213,0.8721156418787706,-0.49458358173795275,0.8227268555634626,-0.19528970992119934,-0.936614175864234,-0.05848300763477619,-0.764819231881699,1.730646406080636,1.648486158432721,0.08339020153270789,-0.6888386574112194,1.1836264182997747,0.2071268474655927,-0.09978327624569386,0.565999091287462,0.11359373439861753,0.6382758310846902,1.4886859239761665,1.1112991498394298,-0.8740151608511288,-0.8874445710250723,-0.22011547609290658,0.5424278477082314,0.8280068586295234,0.3525440467041693,1.5093395132770049,0.690593921856358,-0.5376047176027152,0.30626872898572755,-0.7712822742438286,-0.3345101116997954,-0.7489172283630319,-1.5352593149240061,0.5847535698658879,1.0040462210588346,-0.5190676756009577,1.5923792528392937
2025-06-27 05:27:18,-0.1974699530538127,-0.6501392802446891,-0.3339492592397212,-0.3912040744334592,0.46051645734276225,0.41879164460519513,0.12184005243865893,0.9567359232039193,2.8270040939117176,-0.9138363216222519,-0.6597884403458492,-1.3528834793483848,-0.202798399067686,-1.8598615625628527,0.2217089654884257,-0.42763719803594835,0.9883088612689263,0.3385574644124259,-1.6204662623915504,-0.906371391693594,0.3305301556628066,0.3689433281980976,-1.6640175143791696,-0.2823201414502637,0.9697816175812565,-0.5085612516619028,0.5689622166125956,0.26731566969495446,-0.8187230165846556,-0.5917693685529105,1.3886271816492168,-1.7901038224854702,-0.7435899196839257,1.1576350850784005,-0.7838417731994656,-0.9210106483084562,0.036936599305059575,-1.4891848829675525,-0.5471424265403924,2.5584534938333228,-0.46137704871975393,-0.5109587719769187,1.7641784158366332,0.15339543292303495,0.8003368790098151
2025-06-27 06:27:18,-0.6534392159809638,2.715021934922746,-0.26551695245906687,-0.8005919170259214,0.3933059087139634,-0.4310825551996259,-1.0729946676856723,0.6526136551599335,-0.16810497224623644,0.0984569588190503,-1.2896943771916558,-1.7323825681659424,0.28721496888126985,0.1018615955622672,1.0536963233794592,0.09342255838012328,-0.10568488034205208,0.41553335853435563,0.22540731850351123,-0.43407653796654067,2.1605847880554196,0.692930525236489,-0.03706822733713105,-0.015537057583408669,0.1928258478063225,-0.36941195466797744,-0.8443183801435683,1.718127902860691,-0.1222413690528854,0.05154446513600251,-0.9599749283739036,-0.13836875027981074,0.3730389410096588,-1.1147654999500978,0.3418995152355268,0.21273190855529486,0.5278476752151687,1.6758507864453338,1.7608545473276178,-0.42151263136344974,-1.925556620851758,0.8510943140603365,-1.0912225336728605,-1.21160256203825,-0.8066132961014573
2025-06-27 07:27:18,-0.8753846572586426,-0.5096969571116995,0.07145540899648851,-0.30776270644153836,1.2846751033632748,1.3793457751447555,1.3120346068169066,-0.3928596940155369,-2.081620679604811,0.07853239413103118,-0.30362872141680936,0.31835677858826616,0.6743899882293726,0.5325185869469845,0.44429146198250286,0.1080441556579857,0.30378013512611435,0.3099707145548452,-0.36518649749849863,0.18339912197721736,-0.5681115519294632,-1.1381955631147551,-0.5757817016232613,-0.37511622656594384,1.4276634298279325,0.4333694963204443,-0.7854185113695744,2.250422769340981,-0.03018107762969719,1.2769284265809273,0.184125859152937,0.8568102221987113,-0.42572022631537937,-1.2178951092189754,-0.4416113616720181,1.5077477710379446,-1.303994720402011,1.195646799317959,0.721492030180963,-0.08328787922931034,-1.662801142704377,0.09786322827040976,-0.5240858421341552,1.0022756283274776,1.4980263826500806
2025-06-27 08:27:18,0.5216791690574064,1.6886265770324187,0.6861878157373424,1.1164535985223742,0.5693553012116832,-0.9857991051366989,-0.7732735433297265,-0.619966362956517,0.22206702021418168,0.7223596797166716,0.5971898551221142,-1.4759776773569737,-0.0392456488270373,0.5326020472014152,0.3283732580880748,0.7107198161895296,1.5250635039199842,0.8300805546669247,0.1126993121765957,1.0281517052769789,-1.9621995171042408,1.0028350118924194,-0.4640885016848133,0.17491406575825783,0.6272167878576453,-1.8416137734396225,-0.7637982510486006,2.6183363121908756,-0.5404192982891404,-0.03301008434326264,-0.25202421636781225,-1.3788244176449431,-0.5071747602319775,0.39947185961648635,0.4635164858233158,-1.4300010013985038,0.3745412966168533,-0.8499992846832571,1.816074139594524,-2.559990098070995,-1.3744370269269464,0.025020355148887775,-0.7126152280187554,0.25485080360291495,2.2521689339301156
2025-06-27 09:27:18,-1.009641219632639,0.9363733303220738,-0.5597216106845948,-0.7802714664967673,2.0175148242273955,2.1530321607611804,-1.7677911438747145,0.013064022821828069,1.8088664938002854,-2.0480145787059336,0.9156739644628382,1.6320525489636162,-0.3866229580751387,1.4082386860274103,-1.463570423332678,-0.5497897385105945,1.1598893412156837,-0.40065629786702456,0.2229112360820345,2.18776862676019,-0.16287480225723608,-0.05229688217185469,-0.6645081447654814,-1.6167684864680492,0.705464551008794,-0.5530336233892862,0.15169266431161668,-0.9857498352794734,-0.931558019994757,-1.1691445237817795,-0.4878928088072654,0.05604313983001622,0.23275538735905238,0.39649839180832064,-1.6200350792561613,-0.23005089946644053,0.7255525075924573,0.8216744815567636,-0.6553259347845126,-0.28179456323215235,-1.4322864237228345,-0.2797287777192438,0.08189310097247027,0.08343533701908516,0.3416218813838823
2025-06-27 10:27:18,-0.03612192773715633,0.6928086751451547,1.7701632883913974,-1.1367646619223482,-0.7699923276832183,-2.4670007585914018,-0.18154386870546693,1.0352431191790423,0.6450227420008932,-0.29054812478498443,-0.33705849838008595,-1.1494379382917974,-0.36429129733039767,0.8453129728342204,-1.9356270979782455,0.8956393505824618,-1.772801996489071,1.3173742841749663,-0.9629027744426739,0.3512246433958974,0.3530864613624543,0.8530329970269763,0.10807825161956675,-0.3652055994344299,0.6935345425607933,0.5723898419979616,0.3555577093351786,-0.8634643060219113,-0.46772168637045997,0.2928888713065896,0.1978318163251311,-2.7534975046375743,1.8668098847544832,-0.03180944560726295,-0.23977463401965177,-0.34393535248232165,-0.023475983374785698,0.6114410819281717,0.1382890296214488,1.5204552117874988,-0.8381929659206037,-0.7186004338074586,-1.2888171528622667,-1.428534325366879,-0.1604433304195586
2025-06-27 11:27:18,0.3828367152060558,-1.5156837752466346,-1.2350923096542687,-0.19949567037103616,0.052940399350383416,1.8053139406387821,-2.6335068233657504,0.9109077545740033,-1.1007054010475414,0.7106278647443915,-0.7266359851339244,0.4654590808083338,0.20055738893008548,-0.7628605283790216,0.5670533404408408,0.3987719669488272,0.9586491878193965,1.7951600906870795,0.29265198337681625,1.7200527219106265,-0.28905009363756773,-0.6924361308766144,-0.4884590929222696,0.4398777046923906,-0.1141297432794417,0.2818436317499037,1.0078502431238745,0.3126971289596384,1.8179199797661278,-2.163657331599396,-0.4704858958165659,-0.5496293160878273,-0.4558099850708235,-1.8017302584069417,-2.2750331317230175,1.8237876652407163,-0.6795545102574138,1.514685771911653,-0.9212343624393048,-0.6811745156498328,-0.6581334840017646,-0.9167472608278902,0.6792950918064613,-0.5139295010791117,-0.3941026491977038
2025-06-27 12:27:18,1.735798129485491,0.22388323420508274,0.9073214074122791,0.327252644281107,0.2546598258565531,-0.4965144141209481,0.5339239140177866,-0.2026864375644672,-0.01611776510508998,-0.2758037386054134,-1.0971864093464265,0.7242579373525578,-2.5024629959264306,0.11202415559431278,0.0965642288672601,0.6763173945519891,-0.9847139573987613,-0.5352434882079553,-0.5127326362051993,1.076102994991669,0.6475556989154899,-0.8867931945775538,1.2998124902298562,-0.5935055041497742,0.6178261100748694,0.28144152112774384,-0.5078928865720178,-1.0414349083233376,-1.015884625349193,1.6977775850573928,0.635763727582324,0.13421465159940069,-0.6190418887686067,-1.0483275934735534,-1.9404819488427425,-0.30884463503005594,-0.10961209368081949,-1.3955105114793709,-0.7443998056233562,0.5081340579902867,-1.9290553961849273,-1.5322671549584006,0.6565719433645278,-0.3755976122047823,0.5345664443251579
2025-06-27 13:27:18,0.21473008770364055,0.10902890005599304,-0.06736155808561013,-0.5628638703536665,-0.6534869342009467,1.0600596080607876,-0.5457988887364572,1.9332282805738858,-1.5882741593993728,-0.9348769511655385,0.75971750294651,-0.42342939397563056,-0.893155395980539,1.2230566260519282,-0.977155747711315,-0.5939116540054961,0.2780881162403374,-0.915482199982072,0.84380645511282,0.38280160680775255,-1.6473348327487733,1.2967630501845533,-0.5243885757097372,-0.748261136660305,-0.6185270341391012,-1.0129788886861288,0.3610872190031698,-0.9372233191045752,-0.37512720193108035,0.37957920910275356,-0.6717147970337985,-0.2517548994712795,0.7939791946609988,-1.3234036177883215,0.2517355693216943,1.0736756454297065,-1.6100113240732206,-0.056148613195867975,-2.0121681481344598,-0.7519635691031985,0.494634688800962,-1.6040861297810292,-0.1404962468114815,-1.0797585512544488,-1.3577631170165738
2025-06-27 14:27:18,-1.2096260287256622,0.2542390060020439,-0.44436371624725035,0.33240897915756595,-1.4168081021156562,-0.3513122618599246,-1.4091837987201954,1.1580514814138538,0.020844103205333427,-0.6914948207655705,0.1444334343524813,-0.38853834077255744,1.8624134727806922,-0.37702938084633403,0.809359665920334,-0.32900728034901916,-0.9901869276523393,-0.037436363667664944,-0.246132098100324,-0.3836843759023213,-1.594924520746107,-0.245792620110467,0.41169461983819583,0.2687320118966439,1.4535267050016571,1.2853759622757153,0.4236842368579528,-0.7886489053334775,-0.00026993097516058513,1.6036508548047907,-1.099879213698699,0.7956825590094073,-0.5022515933393922,-0.9474699685011161,0.29422180857604263,0.7848796975540357,0.22456484589975353,0.9875021456749171,1.304195309623183,1.046353343459947,-0.9046318328346282,-0.2543197482477401,0.7509727943772089,-0.500356397309496,0.6248895161271566
2025-06-27 15:27:18,-0.9784925098943328,1.5695507665250432,-0.4523987249035669,0.9902216369859422,0.6878459201941848,-0.26833290084818867,0.8283211032457545,1.7408074820418384,-1.5787368368629338,-0.07456697740375517,1.0518391450318714,-0.2770335874285244,-0.07339880664932495,-0.9842489039273,-2.8417859327214092,0.10464293489801112,-2.2095867088445194,-1.4426553879878818,-0.0549613331793333,0.48319538084912905,2.504676440269239,-0.8326932549014577,0.6632636093800869,1.9567017935731192,0.6702009124144845,-2.1473247323542735,-1.0604724666476444,-0.9989915503249849,1.262361031776266,0.5539692697282764,-1.156672036339444,1.1864054316461485,-1.1318542915428622,0.2758169270945413,0.058699716855353294,0.22479719907682477,-0.6075696139416219,1.3335954560635956,-1.2811499721609851,-0.44955874875586055,0.7202615042433393,-1.746743728562257,1.294076646710801,0.3905942708634232,-0.40898073006017766
2025-06-27 16:27:18,0.7209335435653975,-0.474852711930024,1.2064275196089713,-0.7711396613341002,-0.6463807963055466,0.478962585030945,-1.006198806556393,0.1025924747360074,1.129029324874705,0.7222837736994557,-0.47000793379289524,-1.5886293355718444,0.45108653040116214,0.9569023758760262,1.0413789226665395,1.6971146301058115,-0.001760182803849963,0.09508972774233362,-2.8698720051418607,-0.6597534105565038,0.5678506598115916,-0.9164956748442294,0.5332341493968674,0.4595462725027972,0.24226154166946465,0.1043276952298799,-0.09564872396141931,-1.1503983205319273,2.559082368512232,0.08225272162323247,-1.438800568384091,-1.7813382966637081,1.8264383562218562,-0.20344992954910598,-1.3028123379586833,0.4927896900211427,0.11010350436389062,-0.5177015749029095,1.0755538153018385,1.083591494922755,0.922573880697715,-0.04388811572035865,1.7817145453405014,2.0718403188616192,1.7203734567248574
2025-06-27 17:27:18,-0.18538218760172434,0.3279038908145729,1.2656647526493583,-0.34323154538181944,-1.9843125327906233,0.5588719797985006,-1.5266979146335706,-1.0867310096957121,0.8746625186492755,0.7292294458822861,0.6176118376360052,-0.28694353962713426,-0.009250254096919187,0.09885236149916168,1.2564348859383505,-0.5827602089501228,0.2461393533299228,-1.9114377844560302,0.8349266691258969,-0.5610386042810892,0.8048469980970487,-1.0608457290101627,1.3551349878811878,-0.49852304196735225,-0.7003497730452231,-0.8386794775845193,1.3116095047905065,0.8472649665753713,1.0352803629359684,0.021810351176823343,1.9596181243044168,0.1808061276704643,0.271421963668914,1.0315067769799138,-0.7472008461539055,0.7776292374226347,-0.47199421500660566,0.5731750451128448,-0.38735371727929324,1.4993261188778675,1.9030055826672014,-0.41625667261525967,0.7851666579709328,-0.26595910229542047,-1.5486958433504296
2025-06-27 18:27:18,0.8602859669815479,0.5623236944380273,0.9547792951445605,0.8139802573202827,-0.38089005959459366,1.2677526086027644,-0.06358088794537575,-0.27106810580310164,1.0645737735849112,-1.0539479376681142,1.0846958477511226,0.2638948373669879,-0.7580060334232955,0.6770255729957912,1.6548617474443217,1.8448034612552897,1.591772915398689,-0.9432776073950596,1.039700884109706,-0.14374655937820827,0.4594701060929186,0.4754348033839794,-1.4612006938935302,-0.9673676468419424,0.5844377011314292,0.5881352386697185,3.375308166176961,-0.13134040450849246,-0.051599571789933546,-0.47279789965142427,-1.6900698541043946,0.6328657989263191,-1.1735439986856724,-1.3738580090746322,-0.4899945840173972,-0.46023709653269534,-0.5852760645654322,-2.0117199534930603,-1.0084112300583206,-1.8945053420700546,2.36298342940299,-0.9407499306671612,-0.476539627553749,1.532738964678888,1.634714510060122
2025-06-27 19:27:18,0.029132695891812842,-1.3315342409489093,-0.22220234271722739,-0.376580615602048,0.009505540599890623,0.6291019586969728,-1.8322291675733389,0.9012580113012657,-0.280900930529517,1.4031623651177065,-1.4357559720249016,2.496737765405761,-1.0585911057942086,1.236187154879713,0.7966712633648775,-0.625598475619586,1.1958820896992748,0.5165545578469681,-0.17673568226671119,-2.0889572633114923,0.9061463646543385,-0.19466467232601578,0.3895815945187997,0.9169532759637536,-0.6812247799668972,-1.876997945038878,-0.8099594983494414,-0.03028632684107833,-0.31333589707418874,-0.6435178895183621,-0.8723324212938813,0.5268959525288577,-0.312200483826962,0.0283468693205912,-0.7323755847061366,-0.34590524075522205,0.5876525326770048,-0.09940768620428518,1.0855031321451087,-0.3549203650719163,0.8680437445393612,-0.9454514516459154,-0.3272725948866965,0.6596006244812221,0.5358538124862798
2025-06-27 20:27:18,0.9227983868878729,-1.5444240876240427,-1.066368107026092,-0.8450795698005158,0.41072048744873124,0.7586540607456796,-1.0987053508345508,-0.3524916501923431,1.2508369719196988,-0.44466242551213214,2.1953292971150087,-1.65004560328597,-0.9940889150687686,-1.6609024824143233,-0.09999865637332685,-0.7564363338052268,-0.8465403413195592,0.6508632307478522,-0.3501718542582912,-0.5311668224878267,0.5478692167580604,-0.3425307441656215,-0.17241867232532018,-0.05169269755279263,-0.5993518617876852,-0.7122363692827134,-3.063637125130684,-1.4071385941554284,-1.1502131997577572,-0.29574447865145237,-2.096806808507192,-0.5620136966622405,-0.4401898430248569,1.32174149652588,-0.2987208623926744,1.0105056713775535,0.3256944771753384,-0.35163336967341235,-1.979430501968756,-1.2499399056120926,-0.6422019974036517,2.579669065462507,-1.0474430689651264,-1.185642540376393,0.15157506816365024
2025-06-27 21:27:18,1.0911869377735919,-0.4694810117811093,-0.32818754146312296,0.7142099754288513,1.1404865592200542,-1.3263926230938654,0.47549020312471607,-0.6697753775953352,0.33526685005029155,0.6796476720262637,0.33612166910408686,-1.9306841952786638,-0.29098999602750547,0.8235832049197913,-0.14991476005309595,-0.35213288052484404,-0.15849879972535888,-1.1032059732700943,-2.1318947818835485,0.5684376369196177,-1.0982201137463314,-0.9554106642700744,-2.049858261658136,1.6231975626321493,-0.6866918452785761,0.02378597946592196,-1.3702019205782625,-0.30113897875663936,0.8425405558946711,0.4384228103060408,1.149661111543259,2.0053048905602338,-0.8350680287985278,-0.6900575460990118,-0.2502010551795535,0.038115854176471294,0.2417359229569231,0.24037298567344434,1.0748148560572939,-0.12310374643672095,0.3386737747485415,0.638455830159311,1.2388710807136867,0.20140042357536828,-0.6938571175652305
2025-06-27 22:27:18,0.02292881070566919,1.0909300898036816,-0.03721802636177663,0.10177394099270373,-0.8359392328224712,0.8747584116945367,-0.1429684162838784,-0.01735701952057948,0.9546819566261378,-0.35352751444432784,-0.4019529411648896,1.031976936509108,1.8934215910636505,1.1848076729335033,-1.350489517680672,2.1119927869830626,-0.043180480493685156,0.21917132363496575,-2.1443327129623393,-0.17703176701106002,-1.9483425578423543,0.15048528347600576,-1.5392632187211597,1.1293221205050012,1.1035944563008855,-0.8802544419797789,0.26532109635799145,-0.8153444522568014,0.5541739656706163,0.629024061387199,-0.6929032376013203,0.12118755994610245,0.13011193550186742,-0.2596966875806402,0.1616406345081835,-0.21439059951321496,0.9268994162505745,1.1320100376777884,-1.0715523301257832,-0.2744372511907638,1.291929738119088,0.4474050295768705,-0.3178116460274914,-0.7089599470773963,0.6997650809968364
2025-06-27 23:27:18,-0.08082875028760537,-0.2948689394572163,0.559982884608564,-1.5976503237477662,1.8380271645966173,-0.8078799374450022,-1.367377075908616,0.6116451446109314,-1.3782151065190866,0.28108245206815013,0.3131733368116375,-0.7083716089766157,-0.350759752251356,0.20447600311542521,0.17953009671418185,0.08881259494554088,-0.6155537891080619,0.8206903096814512,0.5382358722050546,-1.534216530108422,-0.29517090773686194,-0.9681599817977417,-0.307687282606421,-0.4561347566043485,0.4089303199610056,1.0192707366567135,-1.306247832910899,-0.39318209248456165,0.4102970467023692,-1.5212924799949865,0.4975715670650755,-0.46215075524227545,0.7775886090734367,0.6101530038508249,-0.5769016425260763,-0.1502658587237633,0.7188104988785665,0.840301996957935,1.1422972423448765,-1.5119246285585197,2.912122238962548,-0.3245758765617087,0.306892383473297,0.3283373035104685,-0.8621868297192299
2025-06-30 00:27:18,-2.245648552468202,0.39201276280288017,-1.639197774764219,-0.3786696508615534,-1.0005204099876788,1.1976687866269071,-1.1581445567857294,1.5234289718462233,1.2388402301190415,-0.3854376564613642,-0.8506186249044336,0.2004666040602412,0.26246316212453435,-1.3460769260256147,2.730917261019063,1.0296468909395482,-1.5051304980901246,-0.02279780603617691,-0.6340484008372783,0.6670655214785775,0.14183415790015158,-1.482477623715869,0.5368057386548515,0.16680147893075864,-0.7212357920963376,-0.26593278392347447,0.6434868268586356,0.13787259101790403,-0.011602079183584645,-0.7086449804090885,0.6017936239298698,-1.7388107890636668,0.7148744765842088,-0.3199770155140476,-0.08366599163174672,0.9230116708137092,-0.42472302002520146,-0.06604904079800293,-0.9026067115078655,-0.9335600869875483,0.20377815304662458,-1.022471167459401,-0.16220470987253913,0.20092923352870506,-1.9390449724147019
2025-06-30 01:27:18,-1.136391881233019,0.06590986422874519,-0.9841011555028691,0.6145906684823967,-2.3916135753053043,1.1075242405495886,-0.45648292829050374,1.2138863833464746,-0.45032671071893254,0.6828025487598329,0.3617550869078073,0.6826560400896089,-0.6719402267575248,-0.6291842771266842,-1.2171398635457291,-0.15739404194627346,0.3798223810171197,-0.5136344010921032,-0.5698958630974429,-0.31069948117314156,-0.42915851058832893,1.3982719505725163,0.12416744534984415,0.03852481365848957,1.172775316513281,-1.037861537754602,-0.7215073712402275,-2.1977618558082908,0.5353985192981755,-0.4726253447750113,-1.1817730694840494,-0.616886595863595,0.008929900160642107,1.4142791062405644,1.0616966020506702,-0.010152406822102117,-0.3086704093902642,0.39429638282655455,-1.2720797329450362,-0.7444351722469715,-0.9535985393760879,-0.2432469208001467,0.6297050900803468,-2.404299322685126,0.5289233255868628
2025-06-30 02:27:18,-0.5381639922901056,-0.3820402054273632,-0.9467597550640059,1.2324424276279027,0.13322519011308392,1.0990542341902154,1.4164845706397782,-0.9314776191727572,0.528610314008377,2.6115452822425946,-0.4786649807971957,0.4998297186915924,1.822332568478959,0.38155527039653486,0.9462880906156224,1.414850609772158,-0.5679331150730803,0.16148223350112242,-0.5141636574712922,1.3711383854022647,-0.3571977493083194,-1.0825646081261435,-0.7168277147773771,-0.26478354310388386,-0.18620272739426336,1.0773845514161684,1.2053480044428515,-0.05769885591737217,-0.1766610669268402,-1.8540583649974132,-0.604863150297527,-1.5303088066531603,0.025665581190085687,0.6121255505504524,-1.6109702484586432,-0.8608947061770416,0.29822200417938505,-0.05598532361070481,-1.6354880726061733,-0.15953365389368637,1.0510338721563124,-0.43778528482896384,-1.2715437364352247,-0.29783905611162287,1.4825575419847514
2025-06-30 03:27:18,-0.5087156659596982,-0.6871984609925915,-0.537163608918083,-2.086447122864816,-1.19958573302083,0.6149321334040116,-1.8272987672191097,-0.32413584706053195,0.2220770795612914,-1.424895894551504,-2.5628223935985464,0.30089632711858316,-1.0969359933564302,1.7754821719038574,-0.027779172245700774,1.5290044347891305,0.23670381009554078,-0.7121071468530852,0.4820168385092057,-1.740041993707621,-0.2424670673878946,0.04951930422791157,-0.7438448665478886,-0.9784217197762569,-0.26495127369405475,-0.4674466403397326,-0.5127016814302391,-1.1391545977888857,0.4822713319762443,0.9600097934817416,2.2230943622064734,-0.21773733211696997,-0.1790375511492295,-0.0356908212732696,-1.0800794314697446,2.091429383520936,-0.20749590199798662,-1.19228509911481,0.47215046503241864,0.09313966413025572,0.033628955898535255,0.3981662497527822,-0.5787769308840481,1.9478691120147953,-0.9004009681307207
2025-06-30 04:27:18,0.4398920035048486,-1.3995217380500415,-0.07564095196481749,1.2296480420530398,-1.1880894692497326,-0.21133559407477312,-0.501791930953642,0.5374815773384163,0.09370708723548501,0.05298953843595121,1.983620583391707,0.09883321509475895,2.37895466239201,-0.23805207018938748,0.455761266468706,-0.9290911673048342,0.4094139611770034,-1.0104884911014769,-0.4212675604878489,-1.2521912573913156,-1.55431707037297,1.0278858094788352,-0.4534459969918352,1.9023885394498328,-1.0134657549804813,0.10566057143010102,-0.49116141197760294,0.6099348086953256,0.7290121287763432,-1.0277406798953672,1.639961354601538,0.5243226295681376,0.1102996193166844,0.10848718197177454,0.8172608207303187,0.17742181749841623,1.2234355334103382,0.8897004209145548,-0.15899228045176114,-1.0306587869554187,-0.014298818529991958,0.1414960929578146,1.444050155398945,1.1321261673589436,1.4584678682366785
2025-06-30 05:27:18,-0.16590638214671527,0.2596267679769426,-1.766831598290595,-0.4671376909316578,1.0523772738158101,-1.1710375620663158,0.16294198518497705,-0.8611295754024069,1.18940531471745,1.9347132608383175,-0.3016333286650489,-0.893907890941263,-1.8931186448098059,-0.5372368907433933,-0.19702345541731497,-2.0171786888381367,-0.4211418806351348,0.02615333869125844,-0.3105813704845614,-0.5041801627086319,0.1732310920000068,-0.07184732629218808,-0.7452416695338239,1.8972534315889382,0.8880542755672814,0.9987306639308063,1.7351467267551404,0.6372646233746433,-0.0664626904431326,-1.317073087692172,-0.1832333023244753,-0.2922142132609191,-1.1332441252732623,-1.224060403094583,-0.6168458990459937,1.1119044041883581,0.5202671861174948,-0.19012130733120705,0.15578184208933743,0.08297826252476498,0.6302203556533842,1.0446988274007034,-0.2604630342126107,-0.31386268999031686,0.877531631043135
2025-06-30 06:27:18,-1.2263178437730913,-0.07273884543820235,0.1483331736599695,0.2719788016244318,-0.9133282755545145,-1.018255393384937,-0.12415080318397326,0.7508782032304214,1.654708263900442,-0.0009364943000448376,-0.8149432787051094,0.24642972855930367,0.5600719444731842,0.30904773613306746,0.2549834886987636,1.169307421183985,0.7984262129073191,-1.025357302924803,1.0844721519937763,-0.06342532970502994,0.2961693704152042,-0.7491775791515517,0.01272917267782303,-0.7832040378349973,0.1237686546352267,0.5998017137030942,-0.8556924755266896,-0.24902295642279704,0.5020417978040913,-0.9186882635457423,-0.2598255037711283,1.0642680260179047,1.4396090064324008,3.2773632387782707,0.39485713988638405,0.8369875225300865,-0.037180125950190594,-1.2813033711373092,1.6351908884882815,1.7488928785811553,0.980033638995234,0.5171990250966166,-0.5726669680720702,0.007112297028950961,0.29578994181150237
2025-06-30 07:27:18,0.6624091518797873,1.7358199775689018,-1.3162590796126095,0.3559860777457128,1.7831447532836204,-0.35171172845342435,1.6431859479005075,0.41144659291143154,-0.35751322824980153,-0.17776212490016774,2.1556171445963246,-0.7756102474352264,-0.1372047540929939,0.4919308963653587,0.8961756628636545,-1.3805345121297652,-0.3407356274638845,1.6675954746649473,1.1709933100345629,0.7022069638627407,1.0561596570259315,-0.2404241211478158,-0.27753795572270323,0.4254360603507115,-0.5287778935205355,0.8830694095372602,0.586898344738873,-0.36159286872319074,1.047490301546958,-0.4938804110852147,-0.9226512149272129,0.06488290832154144,-0.003194622081107751,0.09845860551373777,2.175007027420203,-0.946229781216942,0.4618339794860442,0.10163088169519072,-0.15285345568105072,-0.5580778572679861,-0.37515472848993886,-0.3939470868494088,1.1173956221401626,-0.37176111452279337,1.034230403092496
2025-06-30 08:27:18,-0.7006689799406385,0.47429531204488895,-1.820650655775114,1.2581833775520612,0.8779432662106661,-0.515774441357135,0.24450953732807337,-0.2882630687538074,0.8361526664442687,0.4637928583484203,-0.3385462135170579,-0.3904489366148849,-0.9101112921355785,0.1984239313516421,-0.8764386095094209,-0.4098107024198052,0.8946964074745084,0.030266250243556548,-0.07401691619988288,0.7333432534407435,0.9140449996221728,-0.6638111629721806,2.4370427007684943,0.7161538317003506,0.6338649800779881,-1.096261778868501,-1.9866657027766148,0.18210905160784815,-0.2688588889036747,-0.7964596259179104,0.2621372459655087,0.6555974388694839,-1.31049210872254,-0.3301205414022873,-0.3177738168193007,0.45324920730898927,-0.8767776537783752,-0.17950470339488445,0.5563719104778165,-0.5095047331126176,-0.017791253894533662,0.7162280694104749,1.2124178814723687,-0.3550537603944169,0.9901393224847195
2025-06-30 09:27:18,-1.0049659317548656,1.3564724238593187,-2.095152866306955,-0.1916275113835622,-0.26983849994544545,2.093772468318406,-1.4047962112697303,-1.3233708190804152,-0.012716706922379804,-0.8580254910674374,0.3260978335309461,-0.3391190205394047,0.37172493162923675,0.07810377686573501,1.3057775207955402,-0.5238330903569555,2.400794557069229,-1.0879901712425295,0.790446848710806,-1.447336701182417,-0.27720901569681494,0.7698724098211602,0.6865561219068226,0.4406472571769141,-1.342629144205757,-0.6742883092169909,-0.7485648362136027,0.9972870138943213,-0.6373141399439324,-0.7910102635546513,-0.045470703457304404,0.6189285600339386,2.1911749607995086,-0.2963536670152886,-0.023034644399852196,-0.09220755223943244,0.8939065298979069,0.5985945500851381,0.6371131370012346,0.7944228428069875,0.29080609019928555,0.0204019573627911,-0.7379182844042605,0.6249638959539346,-1.0712116970158996
2025-06-30 10:27:18,0.7860794960594266,-0.511662826225969,-0.022104029298310138,-0.007823706863903853,-0.3774069716529942,2.01482966230716,1.2870851631294635,1.2825594745011328,0.7726212659454836,-1.1513953295452437,-0.40185262984086534,2.372517565575524,2.6791141238526723,0.8986224933886738,-0.2628121700928721,2.8001370936249117,2.0992212888938857,1.6013437716050924,1.7871227300702568,-1.0256234704300469,0.030363775031568455,1.2161902406421907,1.6336648878258855,0.6661103657115734,-1.9277949684414184,-0.6801276618200987,0.4620874741219993,0.19008389757261532,1.2063657215902215,-0.4874000073582524,0.4035537374205094,0.36505413598260583,0.04074738217972999,1.2192212568274685,0.5848711658216822,0.263399429769581,0.5644792474841298,1.5489083487517505,0.028127521026741223,0.11474576576522189,-0.36147318389643535,-0.07284100533612671,-1.2883641848945373,0.7865245674780178,0.1625884799141199
2025-06-30 11:27:18,-0.1882037713324225,0.37225019966285966,1.0248044901721134,-1.0337798388853698,-0.4350666483661615,-0.8565946685831669,0.3159389497342249,-1.0311464229975964,-0.9107928574910602,-0.2750840354635584,1.6595007654894651,0.3217504696996053,-1.0351150346022016,0.02638691008569437,-0.3013843894898767,-0.3205682448786632,-1.7133269187772384,-0.39162744173429054,-0.6634802088799053,0.2386312371250175,-1.1424438327703248,1.1014090589336862,1.6552452051976643,-0.24831725592766793,-0.22529601551960748,-0.16893861031509805,0.4268251994922797,0.6857700680942359,1.3027280010571194,-0.7335036617597799,0.44925161431617405,-0.524168005515593,-2.7170894624349837,0.15577522849771225,0.17404608048419162,-1.0046148952365508,-0.7395820130999283,1.3913667862528043,-0.2320326359909029,-0.6063924052481985,0.7959802164460912,0.20094656160007618,0.5287428772282797,-0.42788187601219513,-0.6840571830954938
2025-06-30 12:27:18,-0.0038302925684275077,-0.1027309731292449,-0.11788205360698036,0.22889961111110338,-0.5701784095008193,-0.06045914479243327,-0.3811311070156266,1.0975359270113798,0.33257647889388703,-1.0135361678110244,-1.3870350818233839,0.004788276676135898,-0.24436226167380962,-0.03336860509184093,0.8268651500702315,0.8526816811127336,-0.26732253160834585,-0.03189723278942065,0.6480279252314023,2.34732434962478,-1.1956915317728949,-0.24261202662721823,-0.15013396418442798,-1.5614168592027675,1.5166740145539137,1.0821084514791834,1.5426698511386372,0.8394773333021952,-0.7807045212333892,-0.7240590041138398,0.21286375525750836,0.7385720920934973,-0.7631787194082617,1.6606560024130101,0.4683364700601001,-0.26786640733382766,-1.0567576440893762,-1.0041411788899326,-0.6289141087955517,-0.12238008667382455,0.6350060641675224,-0.004878611794321561,0.3836745768817022,-0.9170534057293905,0.6679390947325444
2025-06-30 13:27:18,1.0886693140300914,-1.423869773870982,-0.6270191784693024,-0.8825777362749375,-0.8552322422815205,-0.6712900447351975,-0.33383709604200734,-0.46882383463127486,-0.383037953156568,0.3488968715546051,-0.43101558282794405,-0.6353218300947061,-1.3901993761662041,-0.8927620638715897,0.46794778757056577,2.1494118545610323,-3.3805077978483613,-1.0812358002200584,-0.06999435679400653,-0.813106362848408,-0.029099824379292743,0.5270737897873379,-1.2857845149163756,-0.16077258905703487,-0.4702967466087089,-0.6995930375261894,0.0021905312173563524,-1.4359183558087922,1.1268284086871698,0.5521991427197666,-0.4521325975179396,-0.8331879925778383,1.7314329947438,-0.8378046652840705,-0.5645260156841186,0.11045524921303078,-0.43666328890378503,1.3390569149018046,1.9079033504296417,0.5040512770237113,0.31264221589440244,-2.148211540160757,1.1828936526829716,-0.05237597054460615,-0.11285587458393513
2025-06-30 14:27:18,-0.05642082574570916,2.526177330135637,0.1529718989713715,-0.39673252590395147,-0.2639913527762998,0.8032868046109286,-1.0513501487040697,-0.0815013697468294,-1.7308560254872838,-0.06971947721568193,-0.526442519266783,-0.4739709104971984,2.2299678831715424,-1.0845604963373219,0.5700840528114287,-0.45258689910737954,0.3810888622764666,-0.3548652761575276,2.6836695689284213,-1.1258091669298145,-0.20733702499818854,0.20620295742796735,0.04099526974473523,0.5823652798850092,0.3539388464904836,-1.6823887216994318,-0.2917292934906846,-0.0575093404504043,0.2770413024701389,-0.6794017424219342,0.7261798662563965,0.10094588616508775,-0.11151899130980429,0.023472883114967508,-1.9428925649227566,0.028088783482452813,0.01375974878571859,0.6121213237055023,-0.2684600444309816,2.097132173700333,-0.7424396864836001,-0.07113908736216429,2.4306360774316107,-0.07955119617709032,-0.5764242755822173
2025-06-30 15:27:18,-0.5414417817349191,0.8098559280859694,-1.2461943140133165,0.6087756881284091,-0.4654207998318784,-0.9267252967932643,0.4868975613387754,-0.2168297173791216,-0.9360906613729588,0.15619366389321912,-0.8980347327572217,-0.34305657765628605,-0.46621858207303823,0.07995880222195752,-0.1714108485220068,-0.3499667280159826,1.4957800011049251,0.5020619923857242,1.3169193399809898,-0.5182095426466102,1.3864980374173563,-1.0205204168717303,0.5753591309995736,1.3092396279316898,0.5938849528456976,1.5838588764781372,-0.08485253418233925,-0.33906147008020826,1.9079599979081736,0.22415393641528045,-1.6073762266301737,-0.7041188474313025,1.2332209193622787,-0.34008447589909335,-0.798979969470703,0.22261384927692038,-0.06533055262361688,-0.5404033737152731,2.337901459685686,2.243036765125575,0.578407065709169,-1.9603396472459222,0.15604785777775346,-0.10312034534964608,0.3377040585376819
2025-06-30 16:27:18,-0.4438444776515619,-0.2630058063296023,0.9637690432932166,-0.5207959728634033,-0.47828491847835375,-0.2159840658237244,-0.3464683174768801,-1.097121819340107,0.493396655764553,-0.1363562139093711,-1.3179474917407326,-0.6572014902738693,0.2522025740729507,-1.06465290932459,0.0203282533435614,-1.3110005212263562,0.11914602895469116,-0.14747609325213426,0.7325862608964324,2.0699391065837496,0.6582095979272546,0.012147316785737257,0.04695997357778326,0.2054653630165803,-0.3671460683058602,-0.2819308769780186,-0.36284234328105786,-0.030815449732593564,0.6274590522730845,0.6058151439851935,-0.8136473117759024,-0.5623820609566414,0.003270651434365654,-1.8650496487977675,-0.984879910982081,-1.3425342469333077,1.0383654549576855,0.6577770095897388,0.08519403619623571,1.3517747822477673,0.11181027671456747,-0.5171930923130151,1.6654145418009165,0.6915146887140253,-1.2362834090679025
2025-06-30 17:27:18,0.0028040452947551415,-1.345985580276557,2.0571580328967065,-0.5399830437173577,-2.066737868183198,-0.8172007849999413,0.2289497670890297,0.0931950844775956,0.38583917151171154,-1.036103849751577,0.618160108962806,0.7441976399072675,-0.2358958870863763,-1.8088316733483902,0.9614611721153175,-0.30749956746784307,1.4885563790292184,0.6965460564370676,1.917235876665825,-1.6509280084605136,0.2679436547869251,-0.8347414947495865,0.05042448426322558,-0.013119102662078821,0.7348794692484074,0.2468869648337914,0.2965169883717239,0.3755043367888019,0.3154320583201686,0.3393526791599636,-0.2722758213446076,-0.09080237995482685,-0.23187392425672257,0.05260017292090975,-1.9346382553775616,0.8369543172833711,0.4082312630810646,0.9707814768382805,-0.6976323092694521,1.010639397634857,0.9071525961843945,0.28204952782725873,0.34693540662935546,0.23730483405379912,-0.5768223486527025
2025-06-30 18:27:18,1.4476899835601922,1.5893119626197147,0.9622371598897151,-0.5859392494695796,0.8392141565518876,-0.3644282478211695,-1.1592221168534027,-0.33380749925171543,0.6521239217382186,-1.2750466837512888,-0.24015877747442663,-0.5171920136581332,-1.3335270207197012,0.5036688135380722,0.22777621203984183,0.3097411626088519,1.0932282250022187,0.14266165931856314,0.1704512539440405,1.0579130613460481,0.0023530277438825646,0.29761565813939944,0.4959398062820384,-1.702845904967638,-1.2754553929762906,-0.07395511345508021,-0.20117184268216964,0.0041671529521457185,-1.0248493669252972,-0.22729319575380325,-1.3860393119149816,0.45382163734943926,-0.9320607476630207,1.6290219720100787,-0.06367417889737913,0.4923965924596858,1.5697241693437813,-0.20096024306758833,0.07365044927603807,0.2326489509231993,-1.0572657483859198,0.7788328541399037,0.5871957358116258,-1.6699034399741712,-0.3131119603743751
2025-06-30 19:27:18,-0.5074385945147707,1.2150997817913398,-0.26517870197989557,0.5623432549656235,1.2241368927864371,0.3249548984250042,0.14733897811716176,1.805168445837199,-0.28533120019998925,1.6079223820017252,-0.4778693748840636,1.0908525411948535,1.886111851846192,2.028537361684162,0.4963105402514918,-0.3617283300744625,0.14043200431484898,-0.3488067101130134,0.3351757689175414,0.8038274999197478,0.6282568441663932,-0.2736377023265983,0.9983522568103854,0.12267548443567985,0.41061236452365474,0.018689672331701993,0.634813433277981,0.721038077467738,0.14791478485451354,-0.5987897959292499,-0.011253485640836117,0.3381095303768446,0.6318709943694069,0.0644736763013096,-1.3976718015947993,2.0243560300559293,-1.301725286495452,0.4106612927512118,0.34563072102764447,-1.9913893898798902,-0.44504062837663794,-0.9537098589420461,0.6541890033929493,-0.5450431850799675,-0.28153010928860006
2025-06-30 20:27:18,-0.6795755420066666,-1.0168326588812313,-1.966144907887448,-0.5996198656053717,-1.6956988309698118,0.6421530456925933,-0.44887511453879836,0.43637976909135595,1.6491531017873946,-0.09112775226070657,0.194942510566468,-0.4476952773076923,-0.879143814646336,-0.25494678613197075,1.8441318007732654,-0.25730713687729706,0.05767726142863993,1.3093941694557623,0.8862721452048176,0.8792829814871196,-1.4691522878409042,0.3268136128118941,0.45445440852772645,0.3066264757763846,0.1605809656948875,-0.04960005432410329,-0.5785227650617883,0.8746700827839273,0.09379961241972587,-3.183486534124899,-0.9878005696401774,2.0420380354668284,0.5250909011297193,-0.661785916195541,0.4536757874459726,-0.8396569691292047,-1.2029609223155318,0.6169571675964635,-0.781791590447002,-1.4272591023943468,0.4869892129602127,0.08212407568388462,-2.0718457794118574,0.6636461726367191,1.6113645808953374
2025-06-30 21:27:18,-0.09384081688364235,-2.1866814708727613,0.8393356541988073,-0.3900457919678755,-0.5669931640739149,1.6993881599605987,-0.2955442320501255,0.1444118571005895,1.2906499134112477,-0.9852231904725155,0.7393927968211303,0.664077556548775,2.103161863649285,0.1287447059501537,0.42463576717497936,-1.835142496881101,-0.9649460808461598,-1.788472402430387,0.9364311980587343,-1.5154037391491526,2.4811124160939255,-1.0576198266764225,-1.3207292696733313,-2.258771709741592,0.3673140544643211,-1.020148116989981,-0.370433049193484,-1.0927602324826802,1.0710646931002745,0.34717603996377894,-1.0497875848871074,-2.2891757577050242,0.6504502654916247,-0.2528449047652937,0.2697831096781846,0.3994978969891498,0.13176471833429365,-0.8578673249474849,1.0679676380045728,-0.3821477144429872,-1.460575887148427,-0.36720295556592986,-1.132663606894326,0.47470156524833046,0.06504733994536192
2025-06-30 22:27:18,-0.5163491237133118,-0.007312628783206768,-0.239766800637058,-1.2061132475434044,-0.3196816645438218,0.7131245724273867,-0.38540747057222896,0.5645984993180232,1.097930004678252,-0.5643259051090177,-1.5206618958140212,-0.9153387000930837,1.9750294874249372,-0.6459090622460465,-0.708544460240033,-0.5182203394502553,-0.6786959960911267,0.8792034137132384,1.3286411406233036,-0.014920799546418607,-0.8559877474623294,-2.8407689178919253,-0.3695002930547294,-0.8490823509738545,0.9636241504052793,-0.5056189792503819,-0.9811744570471208,-0.6328293642511158,0.5629518008946622,0.3177386606326463,1.324402980399864,1.417466671577989,-0.4220615467521923,0.13517876037618853,-0.46398343169535533,0.025587972310357986,-1.9331069527173843,0.48582751264412105,0.763876590886805,2.077929238021636,-0.15832369668078855,0.04833109428327414,1.3563301397675904,-1.3147721578023532,0.26930896118903336
2025-06-30 23:27:18,-0.8314583769106753,-0.5919796475095052,2.5450766587806473,-0.16629812193101276,-2.5823326914409885,0.778556782341313,-0.4670307322162922,0.6056467686864168,-2.1094462986933546,0.42381153149468614,-0.4375148259212219,0.5228106695948165,-0.3266421664834824,0.18952284402930336,-1.5617337932876814,0.36763259387409936,0.06894348646194431,1.3056495710537097,-1.6252438679999734,0.7535747406641897,-0.17507958668264795,1.6596629846773219,-1.194454229621339,-0.930886068833001,1.440921574897743,-0.19878618008044233,-0.15568442698840354,-0.5554246427278213,0.7885250732850049,0.24439421607092052,0.12381675846288694,0.8984195698165055,-0.3419487764767595,-0.4642900392616042,-0.47165414642624354,-0.3301987792822724,1.3899104500135493,-0.7619515782543766,1.6021482243965812,-1.303028713564002,0.6541451637753211,-0.9963637648667603,0.004692940886245833,0.5769444236129829,0.38197878447264166
2025-07-01 00:27:18,0.3973942290084477,1.823438283505735,0.47678995984225214,0.8252830227274531,-0.36127289384853223,0.7434303310107557,-0.20934593844066712,1.432502443094231,-0.4227825838156936,-0.9333847221176949,0.4009031445558163,-1.0444859079812574,-2.056915720127212,0.24726759103671686,1.1851400449954848,-0.22064041307412746,0.6580757446933054,0.3551437291812207,-1.77571093305625,-0.5622038153809245,-0.37626990506366614,-0.8797231864075516,-1.665116231585428,0.7081749985268557,1.287076096483676,-1.380546606554207,1.3280642088105552,-0.9992014402631697,1.3699507351855535,-0.5062931494457038,0.0012045729796119607,-0.770310150377848,0.11827048240413914,-1.9125962805624397,0.31919600697528133,-1.5164604117129659,-1.8170801738992621,-0.02770896718365812,0.8943654849220121,-0.29168921617540766,0.22898337371143937,-0.6745776595985705,-0.1269931147865425,0.4197130619195726,0.3797852676329006
2025-07-01 01:27:18,1.4830171150956533,0.6496877234637549,-0.5134453638063324,0.47320517674068113,-1.1633362816500241,1.4665263143731244,-0.11227698206897443,-0.2413385436662231,0.1895071354354784,-0.1308104402207416,0.32026945009505753,-0.507824488325218,1.0437975213842223,-0.22180592335940927,0.6925614338418785,-1.813926829787439,0.5223527304380567,0.4492962978309548,0.03591618650339739,-0.573115188703258,0.41313758979983684,0.7513944147340322,0.5860783069756781,1.2543992694860024,-0.35697653397749357,1.243563525333224,-1.5563217433933718,-1.5813352154533271,-1.5425350140812244,1.2957340076565602,-0.6964021695971979,0.6696109228307046,0.03734429102415693,0.9334840853748088,0.4994945653721343,1.2898796295000603,-1.7142632041077321,1.8229946239764747,-0.7704264035880716,-0.8597511089581702,-0.037037168187743864,0.312495287666683,-0.6345157151435716,0.4122930843807621,0.08741210182336857
2025-07-01 02:27:18,-0.4038444677531845,0.906413014953414,-0.808000074892797,-1.0612935868166464,0.4075194094429508,-0.2484486627768366,0.34599338284855174,-0.4955398927946799,-1.009949266088602,0.056317741022425795,0.335647277367818,0.7083467200191306,0.20277712294231195,-0.22987902789399264,-0.22430759104461884,0.3329974913263375,-1.5908009624380341,3.1873399826318622,0.21831222304284773,0.09990606032705865,2.5591542284292133,0.3212663835903606,1.407025911883012,1.175670926028057,-0.34494450734877374,0.9311051006979801,-1.360395454286253,-1.0528033529353549,-0.9672160640554831,-0.573202062052593,3.426953235078935,1.024732250427599,-0.6439981051092917,2.880564659616804,-0.955569343851221,1.0386489128823186,-1.724464429989612,-1.4902934529339906,-0.010174812906956675,-1.6828732600942276,-0.3906061455156711,-0.7555372770344695,1.2554691197427519,-0.7904576257657047,0.5219698395988402
2025-07-01 03:27:18,0.09241651868636049,0.6727440284379811,2.1093787003424014,0.098103458454495,-0.9824492821462404,-0.10794436114845406,1.2152951870965143,1.1329944476694798,1.3796634812773454,0.01742621803464377,-0.4359200742215553,0.7943673811023185,-0.7500434832983112,-0.8933541854309914,0.2685082242331097,-0.6320572626284531,-1.3579292657207074,0.2505064308459992,-0.3065059745845342,0.05322210367180917,-0.25711558778873284,1.4390925090042856,0.6430572194262312,0.2549778984147857,0.13110422268179858,1.0803150703180284,-2.106186002417146,0.039136531438291884,-0.9224390678897144,-0.9043816409879729,-1.589198831400272,1.4037547776422141,-0.9410056108564376,0.3415971365676493,-0.48365000921835843,1.9254555159361368,0.782871394209512,1.4132258752155857,-0.6267576304714103,1.2399477856481191,0.08749504013313072,-0.423240321854257,0.847848358364473,-0.5368319352365744,-0.9292575841200655
2025-07-01 04:27:18,0.4942533495289597,0.7530678408893574,-1.6149082226003655,-0.32538488744391086,-1.5701774033271874,-0.9257074216763361,-0.7241280111135128,-0.3546561431263869,0.3649830449774582,-1.256148675553168,0.6197787395528207,-1.7050833615844077,1.7513253316858535,-2.191198782469395,0.5962508547210605,-0.5815185563952832,1.9516920872575667,-0.4260615460264526,-0.9780435518941442,0.39428507497210125,0.13649222244657863,1.414466069681981,1.600374286320557,-0.9041530360077701,0.5039115839651904,0.3894147345252889,-1.00133737368057,-2.70616413908293,0.27371939634301296,0.2504941673923645,0.2778777918998761,-1.8091659663496178,0.09852507486768325,0.3379392857125365,2.2108656172053927,-0.008923564807944985,0.3726919950532651,-0.0675010724591472,-0.5277927376389672,-0.09928086802731081,0.667301623083885,0.2501288948338915,0.42852403947728007,-0.9440482378381119,-0.05162154899037503
2025-07-01 05:27:18,1.8044695667876944,-0.10006282724783208,-0.8148383511109936,0.311627610675876,-1.3889772607744382,0.2717910612804605,0.08754982072536155,-1.0804024730411883,-0.1574669525425706,-0.5372191793178478,0.09128936105998214,0.22790626000926673,0.033330930755828846,-1.1141562281216881,-1.292581467197799,1.0207097866223827,-1.99244637861742,-0.2253992500177975,-0.632014584657745,-1.3583326982960493,0.3533125896665046,-1.7744571305904187,1.334499349309436,-0.5064949120577111,-1.421548280077909,0.36776828408083795,-0.8845629860520268,-0.6593489935438277,-0.3006658524429657,1.0147564985120474,-0.7590636278307537,-1.2697634661459802,0.8505277664736623,-0.34967314297908736,-1.7844856902602935,-0.6867515070260392,-1.0004380616173683,-1.1872669120577892,-0.23972871307912594,0.9670843127318289,-0.5223015523048232,0.8291712856791441,-0.5624886751216447,-1.9523998861876897,1.7937027821729845
2025-07-01 06:27:18,0.7318172393498735,0.23353679637560742,0.233752317775064,-0.4272133380044562,1.5010993302390692,0.006628122514923371,0.11694424347847113,-0.6168218826348436,-0.995067262847817,1.497880031543916,-0.3308090422154529,0.13061789390880216,-1.556424556315824,0.9107077014190912,0.828623566658257,0.17366013503186345,-0.18054974692558784,-0.44062632457592704,0.5921964039515172,1.6132325613584788,-0.03511032256701116,-0.18738391433264365,0.9604165859858784,-1.4356448540133253,-0.3869781854454667,1.7411693679571472,-0.7620323272165079,-0.5520216811190187,-0.39756432023305205,-1.8302738940217393,-2.45196926041302,0.2866074770611507,-1.3496191171137764,-1.3966067887660527,-0.56803066602659,0.9553666720493552,1.4232854182684231,-0.15095436814731633,-0.18491688363436803,1.4414385910681602,1.0400764618555594,0.6330470634999831,1.0252100088333402,-0.5390954273859241,-0.6292799394297037
2025-07-01 07:27:18,0.37259658973004894,-0.5373694950555702,0.9864086959025473,-0.38781395436201316,0.37037462217678446,1.1945763009593349,0.2406681117498593,0.4913970190058129,1.612135314477164,0.6191741105931853,-0.3521027372414485,-0.45075781342370896,-1.073626883710092,0.20083869330939136,-2.679705458183723,-0.441380996611691,0.9942013120158778,-0.3152187429165021,-0.02176906888907748,0.629059431306465,1.0349825220886542,0.06995206196905675,0.46873774766454807,0.1038803960318989,0.3074156285465421,-0.3079093959978591,-0.005112048487416421,1.3794940935726139,0.9907498830629,-0.21618381859775096,-0.5141975227186765,0.26566139598690724,0.8382554774014636,-0.44605355273247954,-0.6957222707252612,1.1711397915351547,0.5454103197357076,1.5248195122318937,0.7818403420758252,0.22836798182077583,-0.7703775056016935,-0.3135044499242357,0.21990164723576291,1.2990794109594928,-2.005808258014514
2025-07-01 08:27:18,1.9436927244423414,2.6455565885951526,-0.8276247373901249,-1.159902166693375,-0.6377896700923225,-0.19894413878252942,-1.1862793468967252,0.11653551491737012,0.7281683805659106,0.9524454477287465,0.41357846528362324,0.18315231931764858,-0.24507996121852532,0.5829481600833556,0.6582206683528459,1.6778910556102318,1.2140354704616065,0.5066079008000997,1.2131427529029102,0.29609176993497255,-1.0415318875750506,0.47541861919322254,0.044024121845481004,0.6821709037861252,1.265800346654381,2.069300116831006,0.3890832065034124,0.8657934604112075,-1.1960821274501356,1.5888740571300364,-0.10106727987584967,0.7621482992641979,0.07120679435970596,1.1134844630495644,1.590366860290336,-1.560129502666268,1.3081749970310843,0.008926215931183383,0.18823629740491057,0.2844286473027342,0.02460868415472886,1.0658992274729484,-0.8637291897645044,-0.9340803423682587,-0.1868315906671365
2025-07-01 09:27:18,-0.4526032948725796,-0.4694506004253336,1.3590489182701428,-0.09803593899568984,-0.3177995833685863,0.5165296485325062,0.4696143295707111,-0.169941866859574,0.4976202161628724,-1.1826121946500703,-1.4399348098811033,0.7417981077385781,-0.1782798528327645,0.5126127850729574,-0.6822475736705238,-1.1579153731573681,1.1661423694784212,-0.5240919206773015,-0.40484388897278606,-0.21814328698400826,-0.45146834685059095,-0.22581400285892486,-0.17017355274870608,-1.0491479124742105,-0.048197932909200346,-0.05732272444422538,-0.1850193785719346,-0.04212249873184222,-1.169401293403909,-0.20746044312177547,-1.8045389976082586,-0.18697321566499256,0.08766987413972076,-0.4306409001334671,-1.3570655880194777,0.3422196810289585,-0.10299854846410338,-0.8050697024512284,-0.17375068368914867,0.47241563591481195,-0.08165226994872563,0.06533829135180606,0.20790174298242492,0.9683104472756443,0.49299205624207204
2025-07-01 10:27:18,-1.0080329293798183,0.41467990399196214,1.1427395911791294,1.292972028817717,-2.6424987286858386,-0.8040155104589687,-0.19784080935879098,2.2889504430659544,0.7446114835826507,-1.3231688212320707,2.226454422860083,-2.1005106450129603,0.35309082354963905,0.034159140559127964,-1.9395530975199642,0.9995881419884275,1.1224926637491388,0.10013517168771893,-0.1155073283735952,0.14933595442973965,0.37286247986002635,0.8842166028415553,-0.7872984975699444,0.4076412077101868,0.4651728801513237,-0.5582624546825953,2.5702746845382296,0.29471798093629936,0.27129657056660356,0.024176297420790045,0.004235738910382679,-2.296415426462261,-1.2289323032286814,-0.31649449992524736,-0.446618184838246,-2.6854280773123653,-0.1514738461596624,0.4529650790729204,-0.07872167314439438,2.007464159303627,1.0614443526190194,-0.9664265738479177,-1.3446325333844253,0.812205668842172,1.2317821446489223
2025-07-01 11:27:18,1.324838421323891,0.7989203649141716,0.6331187722102912,1.8848943838529466,1.1239725783378463,0.7619977066994957,-0.8417355772762128,0.2839496629729234,-0.5522057668282702,-0.42537201147779385,-0.9110456478236791,-0.9452484591889496,-0.9533345776451694,-0.36260732713069027,-0.46834781857834906,0.029222162018149873,-0.41552856159540286,0.19789563236829213,0.9991484797845671,-0.09723190102282792,-0.4728041262373113,-0.251867074381338,-1.1913034893200545,1.2473875098731753,1.7070423655389444,-0.8155145264493346,0.12783170487544793,-0.04623780475627289,-0.24610867352733531,-0.5155208073499395,-2.4308432506660123,-1.6188729501002097,1.1528402732692646,0.32128487089902713,0.4001647021966272,-0.8797118237624154,-1.3965620047394935,-0.2556746836555755,-0.26812432470889674,-2.4775594561718526,0.1831267159257378,-1.4879558816070961,1.1554223272946227,0.7342383511461718,-2.1588447129277513
2025-07-01 12:27:18,0.44182194581861495,0.4297175066936922,-0.7082223768336376,0.5068800586742187,-1.39767890357656,-0.553595546421063,0.2959721062233113,1.1086179382920167,1.0309630861577515,-0.05965313273375747,1.1836333623724835,0.09947561388231849,-1.2775760594782235,0.28487243697724335,-0.8524352953155725,-0.7591402642276944,-0.5842807998640542,0.7888670648231169,-1.5541135768616592,0.049050918301075074,1.1145098008226857,-0.7744855380274278,2.174970520810026,-0.5119295170379606,-2.3466080389748227,-0.8384390694119255,0.6082912777007008,0.631814094054975,0.0032917718454733677,-0.2794202775124397,-0.5743665048414036,-0.3574457243929788,-0.9159923702849943,0.43049569523518016,-1.2846971901863007,-0.76331198039858,-0.844348622887302,2.369186954910368,-0.42536025737040506,0.40268878164661154,-0.4833806731148805,-0.572028846475006,0.7969632579746375,0.7459758435110972,0.3686129523215702
2025-07-01 13:27:18,-0.11117567527714839,-2.1292654113430936,-0.10960243121520816,0.06578352414962975,-0.4993737819746407,1.042627140439483,-0.8732567327406597,-1.2658415249789714,-0.1442410954589644,-0.6969231167526261,-0.31561643651388127,0.7280467813976871,0.9736035105582121,0.12980517068807138,-1.7489688513092179,0.05618150544902919,-1.725885968548343,0.5380195326258441,0.3620776517178294,0.021411054084423124,-1.3491186147388305,2.0297219961126656,0.6945703725933282,0.0285694934648038,0.41461607789093846,-0.8852313118065485,0.8956606941383851,-1.2792221101508496,0.14926090470946796,0.2776852916457687,1.343650293712199,-1.7487927803204253,0.13865076786615763,-0.8763958060366266,1.3956893251546771,0.7561161158477613,-0.7779218947505423,-2.130799610065254,1.7997739859089585,1.7930766677876604,-1.517401091816475,-0.7007316262518419,0.8593125808036133,0.010186907337029403,-1.2337567528874127
2025-07-01 14:27:18,0.48906889655563146,1.1111403166322875,0.6016107310199102,0.3385601049435195,-1.399503513515388,-1.2566172699079807,-0.8858498477690835,1.782319000392168,1.019392118869373,0.5819727037165342,-0.31469852604618626,0.4790613160387412,-1.462476653729066,-1.5773100960446582,-0.28649127727475937,-1.8868680137169074,0.14505425671405553,0.6716388796992401,-1.5442432891440483,-0.9822473394943748,1.14077755423572,2.410158550640744,-1.5719860370390413,0.8070956203558133,-1.2305052838968016,0.07253177838942057,-0.5559372160772648,0.06095893053026701,-0.06961311230715736,0.7436855752676279,0.13498239598444758,-0.2437008679711175,0.7413166976535094,0.20944831778431755,-0.44115516080011874,0.012342720444415813,1.0155408820263634,0.9954190111045371,1.137327387922181,-0.2864021837041715,-1.019578129670008,0.11338031456378221,0.3017404903355011,-0.4527846179412513,0.6176422913609848
2025-07-01 15:27:18,0.018635508183481506,-1.0030279917955507,1.4966829596138074,-0.3576392100537497,-0.5082811510065968,-1.1510225377281909,1.5482724492055304,-0.1627269161977148,-0.1127274124321923,-0.6565601841922911,0.4033997688095655,0.64495614223741,-0.05672109459595045,0.7865066025442701,-0.5261525540625355,2.205962049711691,0.7426915285505289,-1.0173949604790988,0.0147842397977726,0.16694500589784242,-0.21594129573863674,1.1524799514521553,-0.20892210855727214,-0.5693207803018285,0.790756714952102,0.34345750386523194,-2.038237322988798,-1.4939231429010198,-0.30340715033213456,1.143122647924514,-1.193617215646656,1.1278448452917822,0.01934551743215253,0.18341590212705777,-0.19979396220115905,0.2942539973861205,0.7284540755692291,-0.3140447488060315,0.9807653888090683,-0.3055338812358635,-0.5465425701807821,-0.34201598883093454,0.7270384091524612,-0.9806426940191479,0.17295284847953735
2025-07-01 16:27:18,-1.0028493306812722,0.4000364517170374,-0.8709592389207853,-0.6650555982113213,-3.1757547903270793,1.3723150250961131,0.5356565576626,0.883353410142274,-0.7908718933220458,0.45311316417088676,-2.0495656214073796,-0.033000793234876306,0.4869612390004066,-1.2395299685709689,0.2788197387040531,-0.9224181849723452,-1.2934602049020143,0.5777742408819758,-1.2075359357630844,-1.733116711452627,-1.331946938885625,0.13878248420488865,-1.0882254182082343,0.2978219259628536,0.4173436007534225,0.1684932685823894,1.481985171591404,-0.6303093048614072,-0.40971075468235724,0.8393663642980849,0.24902571123176587,0.9293743674462461,0.7833717163162817,-0.29582155472860555,-0.30206738730962784,-3.3036074600076293,-2.0466848319271196,0.24478327851739548,0.6381002978024386,1.9698419187267615,0.06393164963957905,-1.5236769888133215,-0.8319266110273865,-1.1850386303622231,0.4241413905426697
2025-07-01 17:27:18,-1.5831806786978588,-0.6491992784811127,-0.12393722400246225,-0.41737580546211883,-0.4818658202096682,-0.3347077588350553,-0.5132647180799527,1.186182337151058,-0.5909107283166579,-0.37170292733837734,-1.1549920632301445,-1.424372289381886,0.9034386114493764,-2.3921369927971763,1.5130928935955272,0.9688738309005804,0.7575837085414294,-0.23813542000522578,-1.0800762898387082,0.0824790357527575,0.5254924675093685,-0.536564896494456,1.0037251116648205,-1.5441055234652035,1.017291640282624,-0.6987095165617331,-0.23622054517005242,-0.21166677582950183,1.0818111511083852,-0.7737418437361402,-1.0054170005250067,0.14275507540524318,0.055259918614595366,1.2440731587525011,0.41000790989330443,0.2109556915606814,0.4682603591376112,0.34749818482782696,-0.3634760103342977,-0.7245376723876195,0.6398840631817423,0.7706185968648744,-2.583934225739269,-0.9474255457227532,-0.4551366340440358
2025-07-01 18:27:18,0.9418279366437079,-0.9320462946490861,-0.5482467032399502,0.6270897264366745,-0.04719829749310429,-1.5887040918421635,-2.24460890248641,-0.8833160125799076,-0.6133972535070294,0.570639451421354,-0.6973475554179744,2.396165862351332,1.1685831272805183,-0.5283070411365677,0.6897966634370434,0.5082758448945961,-1.6018886402999968,1.5944953616174324,-0.6139450999200823,-2.1393056254351484,-0.30271572181435685,0.45901854703144235,-1.7395877956258914,-0.2881291269333986,0.5354313776928697,0.03581546518346754,0.1286185895291927,0.07164298798835296,0.7414793955273093,-0.6048345979303033,0.582872565352333,-1.152982078007148,0.8261575228122376,1.3377216378863297,0.3070191544385094,0.7329710517851461,0.24379269565785416,-1.47243553275893,0.6276221487720104,-0.0028949767179939087,0.0878682220865309,-1.462178466158657,-0.021899306359846955,2.015638824398394,-0.13799527423368052
2025-07-01 19:27:18,-1.5395785167099294,-0.8295039139896777,-1.8468016072147775,0.7313879502404078,-1.6099682768655346,0.18560875887152123,0.627744934329017,-0.8647567157424422,-1.6351314824702095,-0.8440326481423318,0.8097986082255981,-0.808115898387494,-1.6273531164225667,-0.17698979829658767,-0.21679656732344335,1.2615059869231116,0.38667882778494844,-0.1369572209413977,0.6464015706672792,-0.6689374364002145,-0.3789845628119749,-0.44579263859380774,-0.36788929458416547,-1.3757334563127313,0.18078944910448505,0.4136388117465332,-0.20673835227820955,0.2754567846759991,-0.6370601722086483,0.09385788224316677,-0.03226546620344084,0.7068826776338175,-0.2948623062452744,-0.23286360801774694,1.8386056182442805,2.523290408877614,0.3779634303323937,-0.6315310490707537,0.8963514305372635,0.6501912316575901,-0.760970599765652,1.090641119899315,2.9166924450119303,-0.2061341287515054,1.252206463396063
2025-07-01 20:27:18,-0.5068255100266859,0.5735817923234262,-0.36284745444279104,-0.41316160475123664,-0.4051017621964082,-0.27524786447758337,1.7699664803632864,1.1268389190802832,-1.2657518612093408,-2.30196907789076,0.11507181587969235,0.14940159878906434,-1.2380396350253637,0.14322747140514042,-1.94663902516714,-0.2806152940388955,-1.1215469450879831,-1.007246062031894,0.5075455758956369,-0.48268572836709367,-1.1877333427233905,-0.2523469745478882,0.13185887440479763,0.9884566788228611,-0.04335030450017379,0.15308328191217105,0.17736806848710107,1.075858764298633,-1.5700414893913544,1.1860652231765465,0.29627607644734155,0.8649730656615169,-0.8454201011492942,-1.0249847356759345,-0.40458600533235184,0.5979206396746338,-2.4858979848435374,1.5018803177303695,-0.23829277802672907,-0.005288845858885614,-1.4792411318321896,-1.88933600790031,1.4312079220108114,0.2652279238677867,0.40776055694279395
2025-07-01 21:27:18,0.6568937326177727,0.7116803363491674,0.7261549067619246,1.0892958833732218,-0.9811347503265214,0.4409727235035113,-0.6733036546223055,0.7927543980878937,-1.5136336700391457,0.15697862175414568,-0.3530695030936425,2.2586801659498827,-1.3963299002259235,-0.5817367391280509,-1.5520913883083838,-0.2600644543118336,0.8507651322189592,0.6298394224165403,-0.4003012997317196,-0.8399762093805746,0.23866598789378757,-1.9982788701973897,0.14125261050473245,-0.3659570145833024,-1.7943233521598656,-0.2552086775940538,0.6465037749547017,0.5444288984137107,-0.031580823551440804,0.3840351924324715,0.40843397277634597,-0.5835674041382569,-0.2764479565636591,0.8091895476115436,0.3643945188907894,-2.274365605971193,-1.4566063292845337,-0.044487286907649186,1.0088272187995613,1.1573782475820207,1.0133880296878275,-1.0371251802590893,0.7731376272436364,-1.7405344004540575,1.53624443642628
2025-07-01 22:27:18,-0.24265128764307275,0.8882509453198378,0.9678141555693236,0.8241793877080812,1.8532838486280807,2.1086995426994357,0.2633763990621005,0.11456510863947829,-0.6047848894395479,-0.5738202233064886,-1.0868240355492487,0.08580855764328536,-0.7650413375306939,0.14618145566727772,-0.6137203161971753,0.6590669930022652,0.48977606542905744,-0.29604829953372064,1.138625318693328,-0.24375181231066445,0.04378050615031454,-0.8125425154846484,2.569950648609875,0.1798283372392062,1.532029364226056,0.04777318718452278,0.2606026731954786,1.8040107111632195,3.4980197540806626,-1.1137532281227767,1.215528752724715,0.0012311235788338322,2.1910919828184228,-0.3146587532933772,-1.6688563917829915,0.5437190421567458,-0.9814558655540278,2.2419465500088274,-1.0228605334667489,-0.24286735493125425,0.26663456826347,-1.2163147084428028,-0.40955759791850305,-0.40013141859849954,0.714996843771668
2025-07-01 23:27:18,-0.9124213736403599,1.3647680089596466,1.1013501847042977,-0.0749919737990872,0.07154829161276868,-0.396399471982611,-0.24458814285943806,-1.8248424904630154,0.4476627173462536,-0.4279574935236742,-1.3967609452996068,0.8301117758183305,1.547116998997733,0.6958832086864956,0.70005018225528,0.0308183121862873,0.7976104626939534,-1.3862034201283884,-0.22673059034644405,0.8471996078031404,0.06595919177047627,-0.5416158620430322,-0.055256235245373826,-2.952586391824497,-0.13595317556369316,-0.45669827305928073,0.4554597382728192,0.4960721444414242,0.6580285929688924,-1.592944477429643,-1.0776734294588917,0.6736987040498444,-0.07979754732103253,2.2061792032625562,-0.2605130955473695,-0.6553118451236659,-1.2953557900117025,-0.05135132983050643,-0.4436397235085285,0.3533160958658007,-0.3618192420835804,0.4146750470191873,1.3711269912382626,0.2533568458755711,-1.2687883576638241
2025-07-02 00:27:18,-0.029613366698160556,-0.5599450983992663,1.8795880345075107,-0.11975155240448243,-0.08467450694486346,-1.2063877757270494,-1.1802078509766134,-1.6078788619165443,-0.1121712439953204,0.8784991164206772,0.9515242304039142,-0.6315340442003234,0.3956203530377639,0.4553063547888088,-0.37082599574825514,-0.7906874127400557,0.5653253287796106,-1.1020861735693097,0.010036903965168906,-0.9883371878651462,-0.36075948309242933,-0.7993353493397469,1.4125476812495057,1.7926521494131804,0.7780641701982726,0.8424475853836838,0.11165881801753266,0.3194575510035311,0.2616598871767032,0.6447722727908559,2.095106282089023,-0.6029101494937171,-0.6216319886539431,0.45423653463438646,1.1217223907307887,0.3164346407464467,0.28487109815439043,1.1197203880506794,-0.42362816408497506,0.6044293088233054,-0.7070012374247515,-0.30866328218187655,-0.8740742726190099,0.6429110103486069,-0.8846303049605709
2025-07-02 01:27:18,0.05723726288419173,-0.9061995370755868,0.13813849241150175,-1.0160127656635514,0.49823935851264967,-1.7559443094382168,-1.1157947659215262,1.632096522950919,1.5129697354006382,-0.5126026032104182,0.29886255854283517,-1.081489486251522,0.12963306976502403,-1.1032913127606991,0.8953511693158599,0.7800406116199055,-0.7301112440993216,2.307815789618297,0.42716583097699135,-1.0861718227336776,0.4480539729687705,-0.8099363674159801,-0.4725173948128294,-1.1463011424718188,-0.638466123074304,-1.7745421431003352,-1.6826778227253456,-1.2500394474957788,1.7930103575362077,-0.41929500626876925,1.7929097714825575,-0.11783186100353282,0.07974325391482077,0.2797666642708449,-0.2007095652810774,-0.8576962306467496,0.188148165036435,-0.8255035347018899,-0.621945195188113,-0.698657304656957,-0.06090810431127085,0.71495041158846,0.6346639575932198,-1.482953106045571,-0.06129095060771207
2025-07-02 02:27:18,-0.3800022487635766,-0.06761260132451509,-1.8391459151158387,1.4013750974569519,0.11955402487593741,0.9047779442453313,1.859232425685195,0.3348191090480268,0.9668000578226559,-1.757206904553337,2.564118796238379,1.9643157644380043,1.1009824161499213,-0.09463283180581217,-1.035519841278438,-0.2624549931938291,0.43604905998211385,-0.9933354933805003,-0.7136015715409991,0.862608880778793,-0.3746054480713577,0.2500792957880925,-0.1978119027094387,0.5055486767644081,0.03398023263817083,0.47008866719551473,1.3505173286904082,-1.6502398266149965,0.1577771433117927,0.6549121956215023,-1.1261500344052617,-0.9999506432564516,-0.49761474532667443,-0.4109089321956586,0.8941067147819266,0.2880222517633998,-0.43142299274973267,1.1538165942611418,0.5112535827538632,0.1499074346829127,-0.8953357668758448,0.2914283435303406,-0.4595917803163767,-0.5584545342441407,0.5152259388786736
2025-07-02 03:27:18,0.46699227969303864,1.0107133659607626,-2.546629468402942,-1.7317603636449892,-0.424779781149684,-0.804070083345109,0.25265016275510443,-0.5394692645037458,1.7963493013639522,-0.32215670395255575,-0.017356037340691622,-1.2006012561203336,0.5489337686931477,0.19722245163297786,0.24028926087917477,-0.30202816497699697,0.6331994997047801,-0.7965899348334994,-0.06469290915740639,-0.7422317778917855,-1.3934212710836988,2.512391546341163,-2.89799942668406,1.4662997085283414,0.06919384096845059,1.2065908405112022,-0.49433739275357413,1.3764455585303956,1.2559242372794208,2.5354220663978615,0.8366506350142431,-0.4543669943040628,0.14848036090218752,0.20902403104757783,-0.43483188520704025,-0.1164342285706598,-0.14029604065644555,-1.7660218253778082,1.252741855628322,0.09646742603988705,-0.9502229467077724,0.09707447264863983,-0.7913033874220463,-0.5886270863659742,2.8567756512931703
2025-07-02 04:27:18,-1.6686257514595046,-0.6333153178279022,0.7418318164479933,0.7400459388463341,-2.1957208623939897,-1.0398361195724382,-0.3032269234688046,0.38740257716873117,0.26686046054868207,0.6350945553953888,-0.28501702903063975,-0.26871529441250874,0.822696471527411,0.007801114227043178,-0.37027710596780605,1.782240507276728,0.6792678892313485,0.04528224189633486,-0.7685626371097736,0.5017855407845094,-0.5696895485926321,2.0311295657954895,-0.07107990804026909,0.7870900856790994,-0.5344467436635836,0.3365483153915661,-0.42080817299120715,1.272488190000389,-1.1858044580359608,0.7411442307441662,0.326393781002106,-0.847082786162202,-0.7364553527609443,-0.8371042872401504,-1.090917652543973,-0.4624172502686968,-1.3132642495175204,-0.3555472382892313,-2.116195041681013,0.838706984037468,-0.02393650047783846,0.12589535479556593,0.5447109868088369,-0.6976314252202667,1.1452718254151417
2025-07-02 05:27:18,0.16764433344289137,-0.9391644319806941,1.1343426412870754,0.14382324651789577,-1.333526927117889,-0.6445184533040057,0.4331246800254261,-0.7396150894626242,-0.5296198578442969,0.05024632365743653,0.6674937894806727,-0.7230615924864896,0.8659383444769396,-0.979046113323631,0.4030965313432477,1.6405393489991575,-0.9511603986460848,-0.8723449029344424,0.3352558851967593,-0.9440970733623055,2.7720403030822447,1.3308395646230997,0.8696341734593268,-1.3788116796253196,-0.5870067216724881,-2.15091828897685,1.9836103960012677,-1.377404426321432,0.43284326836005926,0.01383840484124519,0.5835319708079818,-1.5133484887839497,-0.6027375490413003,-0.29667629926626937,0.8758233144522591,0.1787746515383482,-0.7924421165523828,-2.9519979145157698,-0.6744892191306309,-0.39282503839918254,0.02673042466973974,-0.8586840035485366,1.2295996002957905,0.5621773126929954,1.0733329873566133
2025-07-02 06:27:18,-0.7952943666047284,-0.901936851978353,-1.4952117661803386,1.2900899930836915,-1.1115173361196835,-0.6199264531813015,0.2910712498889332,-0.09263293324493616,-0.010034481534777576,0.18773464791953884,2.2714721260118664,0.8597080197558779,-0.41060172386837224,-0.9191298608741053,-1.456729164660129,0.8235489046386179,-1.57891563968692,0.2992871987741195,1.8764975055315758,1.2491954499697409,-0.10974196111098382,0.7521974576950311,2.0089306575091905,0.7406389374098138,0.9855306993204851,-0.8473475438284236,1.2676478931952624,-0.33927863505237793,-2.0539266655094317,0.8147543268660573,2.219283455381145,0.0269379923775183,-1.763717869408508,0.12376331511879782,1.64603153595569,-1.169147780582014,-0.10204908878241144,-0.6258529040877157,-0.08901217537065309,-0.8311918865328427,0.16700531386137135,0.5873571502954774,0.9923734353124705,0.2813992452661682,-1.4937967609690386
2025-07-02 07:27:18,-0.6430770136493388,-2.1678018439391784,0.06608410969432707,0.6787310171108183,-0.3430234739615777,-0.17321508258797072,-0.7816355116483714,0.24534245728447598,-0.32163333516840276,-0.3447488474016868,0.6843757458252098,1.6801755287780193,-0.21288207459377606,-0.5364309407093092,0.86692332553165,-0.9515677646122737,-0.040337823906947484,-0.2763799779627688,0.8864707986914029,-1.3120584673006614,0.2380077803368829,-1.2740492236724525,-0.2317155359725054,-0.15789117412895112,-1.0455504341465898,-0.027526859669132046,-0.18694578759678684,0.17088752699924142,1.2910130011106984,-0.993801101193191,0.09495463525791291,-0.017914526304408988,-0.19139062701672943,-0.041170774429165245,-0.03966529567853423,0.10591264549464208,1.3358428552252901,-1.4277100339155793,0.18732443013008993,0.7262240174532939,-0.07262855379470562,1.5165277156149932,-0.8033806823622053,1.1786718847334865,-0.6893578543561183
2025-07-02 08:27:18,-0.19536112446345888,-1.6925024253178853,-1.2328399538959463,0.3676042483792129,2.993668378428915,-1.3151811699494125,0.11435623344660885,-1.4663690296892438,0.13379902793611442,-0.8741483535875769,1.8994306032829702,-2.101916532270178,-0.7846910728657498,-0.3146636859957049,1.6331818358359225,-0.8519160512695856,-0.3136327798606408,-1.1783348845590462,0.6186964844017648,0.9376308069011258,1.305837473486153,-0.2941496215308996,-0.2852154394171123,-0.19419438260419025,-0.01636268906545157,-2.074020084141442,-0.9678913945310187,1.8877868806865596,-0.10242239349665727,-0.37585669188630894,1.2704949789857913,0.8119852814622045,-0.5505932790387043,1.030407768345879,-0.3262361201146434,-1.7582103502667161,-0.6566326845149377,-0.6291714175785583,-0.822317165954318,0.6569483652838546,0.8794457982744301,0.49596123317627877,0.9819122496896192,-0.6549869977496526,0.13413429767913576
2025-07-02 09:27:18,0.9756015483383469,0.6751702832744538,-2.7085222184792657,1.7878973172787418,0.5774508694801301,0.43534522116936564,-0.9901026881543417,-0.9718812078678462,1.226073418663062,1.7498343168345067,0.7119205719604436,-1.19234528642996,-1.1460946427271252,0.09497110294410192,0.8039365720546828,0.3791523658409846,-1.188323385162214,0.9007267205528281,-0.5241293679342225,0.8515231685572304,-0.3604374057749484,-1.706565036436109,1.763084558536609,1.6623553726356106,1.6118927115432997,0.7878188746530996,0.048025058524076694,0.8267852322935201,0.606244162378369,1.195020763987616,0.8785211227079935,-0.3246123905414811,-1.3249885438294395,1.1752105054932709,0.443611864373228,1.1713353073793453,1.526848082213193,1.8590156317423339,1.0430129484583137,-2.4105425654571095,0.2200579526850888,-0.48519579264511054,-0.08995584417748774,0.49906104578622507,1.3448744702033428
2025-07-02 10:27:18,0.9942711848319674,4.019273047642413,-0.6116791870553054,0.32931259028890547,0.11500081420318094,-1.399870640079828,0.14298946626655548,-1.0758893242360241,0.6224634950565233,-0.7418940500299493,-0.8868972819196814,-1.4429896336743417,0.12644635378071936,-0.4680670996757411,0.912610806103616,-0.4227937537309817,0.47861550041565176,0.7974016305125854,0.7914529024565702,1.1545985837422574,-0.7286905474899629,0.22873296858179468,1.5212064394119684,-1.7296658757552037,-0.310939567802191,-0.4504382924684213,-0.03429331043194764,-0.7450062302295829,0.05621277545251384,0.34660670157252443,0.5178362657782734,0.36388486921741364,-0.7576501680805745,2.0589803281332553,1.0990841882678104,-0.0654597717328149,-0.5489787711411823,-0.08594310910911958,-0.2761066820011649,-0.7552229202930976,0.025297113149670765,-0.5756236644357029,-1.2339580646646435,-0.07322858799876927,-0.25548229089029006
2025-07-02 11:27:18,-0.5541974830170653,0.762283587287675,-1.85087482885458,-0.23718243363392888,0.18555757478893073,-1.392764523264086,1.1546562550718216,-0.2530606351078378,0.9187614693549704,2.060689544424453,-1.2750139638569646,-1.307042272817584,-1.026844673165889,0.18173049761524507,0.40198730322884635,0.7899041414415096,0.4367389703539689,-0.3788001963351887,-0.47602708461371,-0.3240131647557654,-1.155431788689197,0.39272899956312957,1.88932692176769,0.8608300452712603,0.008038548344577727,0.780754810795434,0.4130430645728228,-1.5393260466826169,0.27317927279064813,-0.6732919682976712,1.6841742865141627,0.46558417423904275,0.5523836685504508,-0.6726615425158873,1.8036095101951015,-0.7679399209863184,1.1557431656398225,0.9093938977728714,-0.772278062203253,-0.487258925401758,-0.7259486955663625,-0.5451074944492047,-1.3789588130410946,-0.529750710763127,-0.07488133785559882
2025-07-02 12:27:18,-0.36191301297842865,-1.3590577544549738,0.44247881675348044,0.9508842620181172,0.5412857691523174,-0.8569073815615665,0.3831617733690779,-0.12706373540581353,0.2675517783028262,-1.3560882608784843,-1.5333926405983767,-0.3132615689593999,-1.692434344559549,0.42553126906188055,-0.2127828939615353,0.26566501838738393,-0.2997960780723777,-1.6126120256471563,-0.7729098538011819,-0.7609879454359458,0.6810447519643009,-1.0401924537014948,1.3957455767488856,-0.03480001932554547,0.670447596179543,-1.697704702757221,0.2885247180448449,0.0502267863226949,-0.43788956397306333,1.4140269285500895,1.893856501721863,-0.26903002143014765,-0.8160375799157361,-0.24813020996895124,-0.3098606970242082,-1.2978330268191325,0.5736666534822256,1.9065762916158817,0.5053544997117685,-0.04624199359515732,1.0819208846405537,-1.0180130384935986,0.051226064524987985,0.18062394342220933,0.3505984900839983
2025-07-02 13:27:18,1.5137033830359936,0.5894972344972694,0.7965879024297242,-0.6469467181090663,-0.8658694890335786,-1.4849298108563025,0.15540181136532377,0.21836008351099861,0.5592640979130138,0.39327272529863616,-0.005068564957318163,-1.1601648016460655,-0.3046193491140184,-1.0140576366565095,-0.7191292426836229,-0.894122031311718,0.17543354638234804,0.6535371781782897,0.44792017307613874,-0.5199574002046476,-0.7790481497041675,1.7429579454700552,-0.2116785713799007,0.972506750799658,1.0440398986829793,0.2725697956199106,-1.1863536607908023,1.4618838776752325,-0.8978876642543815,-0.40347058906319744,1.654950231848389,1.5755291637504627,0.2977253446155576,0.449877135763878,1.219388948146208,3.134680252450899,0.5108126781238052,1.0241304306530135,-0.2682948409084665,0.4146386174730385,-0.3054424778765811,-0.1834300407878927,0.15337682602609082,-0.8092581657359517,0.4926860972809647
2025-07-02 14:27:18,-0.5671246438368355,-0.911793454192428,0.8807610418636145,0.7740307235477096,0.9102102675911319,-0.39349596567114176,3.5749702900174483,1.0276924846602955,1.1805676140022934,-1.2025251486962618,-0.5491576207077778,-0.3327603923287111,-0.05511140528455989,-0.7466911220669163,-0.5088761806610973,0.13381251721070628,0.6128346722938625,0.3653495320724422,-0.9536027487090756,-0.8342798292103555,-0.34569508448788444,1.0094412490193847,0.5846663776247433,-2.2362566879763155,-0.5422671803375626,-0.8996221852515452,2.636146774293553,1.0088106384091613,-0.038576287532353024,1.190585519102304,0.9295335432108679,-0.9045569464342396,-0.5132425971774074,1.2339023009980463,-1.2788807461339318,-0.09888339621828399,1.7073670224610369,-0.6265561478061359,-0.804521008680445,1.6815095388543198,-0.4286618246251988,1.9970826277157263,-0.13283413360359692,0.23579150980208044,-0.9246967059807276
2025-07-02 15:27:18,0.21078986217888607,-0.6846489457140459,0.44787773483422927,-1.0338559807001442,-0.07601933572307834,0.4731190697177579,0.03905949450162568,0.9204433065135138,0.43448455635896527,-0.008622908942400488,-1.9714556042040614,1.2791843369919158,-0.3784210329001147,-1.0610767746477592,0.1000716641980755,-0.3599311169492451,0.6203248059583794,0.8431727926014971,1.7062884506497276,0.7249429785630145,-0.12909844715742508,0.7016808674193484,0.6760162686193969,0.630150066007413,-0.30739524729188944,-1.400142739251751,-0.21170632230297162,-0.8468978294007053,1.1863520387027304,-0.07452469766423131,-0.13116706127000843,0.1360511372647425,-1.9161786511609247,0.9207436224992703,-0.3644138549283671,0.49470885823214644,-0.4069581218579997,0.08676997079535358,0.4773539853595116,-0.04026686488008059,0.45884118024998766,0.9593499130407628,0.7415742058122142,-0.05656412548047024,-0.5825193258111494
2025-07-02 16:27:18,0.025598644418494607,1.40417273668564,0.16865124989652477,-0.5977126048507351,-0.9401985081031713,-0.6718216290612271,-1.796646504065139,0.5624106682151103,-0.9989634939047591,0.294734650976357,-0.8807816622370325,-0.5542313169825691,-0.18072594547535786,0.247600767478245,-1.6468700693682616,0.46126396499565986,0.5282555328479994,-0.36859296287135784,-0.0363593896913211,1.9517885150549217,-1.4106807043661507,-1.0244187028121263,-0.6130136681138364,-0.896319297249276,-0.32376831114454363,0.04621657271914104,0.12792205233024392,1.904291762345576,-2.005857913392613,-0.3012186526810955,-1.0947902311795876,1.7938684675442187,-0.2635742457167593,-0.5994435612905,1.8906478703324139,0.024806401989735473,1.3783212872151673,0.06888093584975316,2.1054175396015204,-0.024975166969080805,-0.06134789039758233,0.6730523792163677,0.14431432320177598,0.06518190377852641,0.0772562546731417
2025-07-02 17:27:18,0.7343701704823019,0.7412724250210873,1.4730370110360942,-0.9251074962704562,0.8338754081654781,-1.036550041384723,-0.8919246017286419,-2.3448784442187858,0.9060506018707235,0.4113210991693779,-0.343831971629673,-0.8379194298049772,-0.9753308193104842,-0.14198364829722884,-0.5150135965238368,-1.5798388550502502,0.2003651672640446,-0.6794933238457473,-1.4243968176688868,1.1924728651735408,1.180063475955736,-1.7701208085415574,-0.6084754186391743,-1.83719903211289,-0.13346566487972383,0.7490006155162099,0.13373795596052815,-0.5304010366163239,0.3382999826134167,-1.8817079056926744,-0.5041485738022977,1.1993161125434326,0.17769824759148495,0.662670643497961,0.23399104293448017,-0.4230903315224104,0.9690453239264478,-0.20432147904427503,0.9030793111277967,0.010930878473094636,0.5912109250697493,2.287692216372897,1.5532663123196058,-1.199759822739535,-1.0244873246014254
2025-07-02 18:27:18,-0.794437360987542,-0.5206832961002635,0.9460265310665908,0.5772357806671089,-0.7356790517560395,-0.556460876712524,0.8984162907412437,1.0387184918109895,1.4204839357086783,-1.9243554769558127,0.8611709696898487,0.32314464611896726,1.6095127521232706,-0.26872060776248446,-0.015336055408175833,-1.730385974619151,-0.26812715006676946,-1.075405898288633,-1.2680528686351438,0.6068825757949594,1.6162159100130435,-1.232426617239615,-0.2524659608013655,1.7111438684166522,-1.3834367896305755,-0.9998579075425521,-0.9415015204341572,-0.3857184439632137,-0.6576038762272849,0.7107075990148499,0.31773655534442474,-0.18937847552345222,1.3423563551235091,0.7961513600048232,-0.038253215416684076,-1.3844577669257907,-0.14177432238299,-1.4225074883365298,-0.309519307349844,1.044839644214011,0.7090482147453244,0.626735170344136,-2.4899346247299308,0.09484952530343288,0.3220159380290351
2025-07-02 19:27:18,-1.0657479670589374,-1.6337253614668548,-1.8164403468432493,0.4336797803621871,-0.7498832722351954,-0.3259182734623361,0.5415032489093302,-0.5195972302538107,-1.2602155929969658,-0.013509408599827577,0.12549441670167868,-1.6220880800196764,1.9474013936782535,0.0990761620048305,0.8993671183834627,1.4311594668658654,1.9378591930622577,1.297540839656219,-0.9993793629242456,1.9434290099441256,-0.05764573353459677,0.11348638077005722,1.122612675894036,0.2668402048503747,-0.49304320281119346,-0.25713788378840524,-0.39715963468859683,0.9059962138025223,0.6805150484916191,-0.03612236142233843,-1.806715347317173,-0.32871168465939554,0.1764098864699405,-0.5223532635403214,-0.8554217291056487,-0.059557987739256614,1.4098329199757582,-1.2844080756484133,-0.6321281436202241,0.06741342371413982,-0.4091381891371609,0.16925746061059244,0.7138269239118266,1.1098742911689146,-0.19993690557182778
2025-07-02 20:27:18,-0.44291163689695057,0.1600990835973706,0.40388944461561294,0.9272795797707535,0.17366063180004124,-0.329924101522306,0.014363042223294513,-1.0896877968244683,0.1957578865606154,-0.06253488075365292,2.7739174039496644,0.384155734129219,-1.3437972569166787,1.157408570620795,-0.413449539435141,0.1563443413659711,-0.758584277769736,0.7415877698238509,-0.10743333911841282,-2.0324179794687263,-0.3634794735917187,0.757490203088458,0.5913390412213956,1.3131418020964294,-0.720829036287968,0.6870352830434444,-0.08142354461534504,1.089150600008326,-1.2094558834324662,0.2865584894039625,-1.2453656156412236,1.0287586227590768,-0.45294183780947617,0.37032286953952676,-0.774549865001846,-0.9731935208825625,0.43816618124629747,0.7374709969250034,-0.45691859286520253,0.2977198771104112,-0.3282693875177224,-0.46125201755109735,-0.15276755613016596,-0.647576733152232,-0.8243433746749368
2025-07-02 21:27:18,1.4032351729663266,-0.6437817799902191,0.8595444943957183,0.15508245346299082,-0.734305832280471,0.40717865537428566,0.21274433867946155,-0.9309318629186253,-0.38298632617641587,-0.5113202307602486,-0.8049072874927661,-0.7884473853745241,-1.2724245915605104,-0.27342416068155834,-0.5260872079088358,-0.49771919947914944,-0.041085897739767493,1.2732759860751026,-0.12470477085667679,0.27660589008100794,-0.6061754031835,-0.46163107208792314,-1.0125206489123728,0.26896217045228005,-0.9497804180453702,-2.043132523415212,-1.4355892816729339,1.0608806911421436,1.8634394782963377,-0.5753593193159826,0.2339911630972885,1.0211284261384705,-0.7925040767495393,0.11946670645524791,0.914429137817989,-0.8255285917483324,0.3943845374573104,-1.1459105569801642,0.08652048899303562,1.0720393469399299,1.1523636720900987,0.7056661078651821,0.2460714122869933,-0.5612053050285833,0.49109323085585
2025-07-02 22:27:18,-0.024140502817774565,-0.9590048939831924,-1.1260177954073805,-0.391147122430816,0.9901493312009112,-0.03159237496637489,-0.9871292648752347,1.9132816850804992,0.1274689511589779,-1.707363924275406,0.7229998498176023,0.1005495611435901,-0.7361413117319779,0.31562659475928606,-0.4075426767284559,-0.8592510670404113,0.9092371991029734,-0.6311040867841953,-1.7737275190633834,-0.5673102778885427,-0.08511723401548335,-2.447578800127069,0.659524869479678,-0.6896949194211628,-0.16677712813973747,0.632257582256033,-2.019190764649282,0.6705149007536222,0.8264874644367185,0.33370183176630364,-1.6574466456670183,2.2953674993657383,1.6079250770752442,0.26004632896633245,-0.473358288954655,-0.8130407957032785,1.418690812133294,-0.4311251187113028,-1.1003687712253996,0.12470232186405428,0.9677004357336846,0.38095664841238236,-1.068189130006599,0.8474340540662322,-0.5866270884154139
2025-07-02 23:27:18,1.5581300852954472,0.9071409031791515,-0.2254963590786455,0.6163599394175877,-0.26852074302876383,1.0841788414378646,1.1197798494001694,-0.7226889064883144,-0.06041568936850861,-1.10789962017844,-1.1605997835056072,-1.3606156631588555,-1.1595806055117293,0.29187818358186374,0.5045140429127695,0.24754998525192445,0.22872750249368315,-0.2975541022030069,-1.5009229441317231,-0.5235135729320907,-0.08515626351824303,0.3723954562429039,-0.13063073377265808,1.2705618081588699,0.03778451594616667,-0.5022217417241414,-0.7459842225960119,-1.3410519395957365,0.14331660636757818,-0.17791797616976557,1.2483373369900068,0.2421366280697459,-0.6495484942740187,2.3006922171574997,0.9358638304653141,-2.1089081518754087,0.9695558319823906,0.11792908957997436,0.6313057926883782,-0.6109111304740069,0.6219609598511486,0.5603827665540029,-0.19831113311582388,0.955763026685564,0.9695438961765751
2025-07-03 00:27:18,-1.9516759810469229,-0.01716217021992392,-0.43884946126483915,1.7104617742367276,2.055802553328784,-0.6268277658740702,-0.6106824787375843,3.4672393109359154,-0.5804579227716471,0.7916847689399764,0.3048987894756167,0.9242948721603801,0.836020879683073,-0.46195272976480334,-0.5628498439320213,0.8889952972138507,1.4839015764360874,0.21828915309632474,-1.1316081887101206,-0.17380783547885392,1.6850265869101977,0.18766396854766426,-0.599743759603949,0.015753583758881754,-0.9862654192407364,0.1009616972185541,0.7993138547465702,1.4770374064491592,0.7507042254747166,0.488758470902552,3.6379558243938233,-2.205956009432418,0.737158668668761,1.7537040050898751,0.4972016052640615,-0.0834077392959472,0.14116736614814698,-2.0583873653034175,-0.9118172559187778,-1.0341216044523678,-0.857565348252519,-0.49432320506948424,-0.3592467091831335,0.23842928613553188,0.5526305574761337
2025-07-03 01:27:18,-0.17408718137488483,1.1004751979136647,-0.23579818290424095,0.468537126810664,-1.1245898900808808,1.4843975416051955,-1.2235271632461278,1.3279572142486384,1.1557046301153708,1.3725738343991816,-0.6190866804262858,-0.9384532128282349,-0.17453361225212416,-0.3509127054825723,0.2902467853841797,0.6086299455473302,2.0794019160838206,-2.326092494490575,-0.04701457359390066,0.29655879937727225,0.9643125363937376,-0.2298088989555218,-1.2617164345148002,-0.8763141651627162,1.1316809906245087,-1.2842147629039953,0.14073467194922878,1.4950434717536902,1.4616186760156158,0.2788529691208129,0.011991163811390947,-0.28978320018656484,1.669396010382441,-1.4179998977472834,-0.7497436774098157,-1.954950605519015,-0.8408288966946342,0.09172977021074519,0.36706285308754355,0.8031917281976276,0.2895908028881227,-0.2069221515859787,0.9661926859073794,-0.974083838740461,-1.5397043684179983
2025-07-03 02:27:18,-1.2724032406563464,0.5111740489858497,-0.5862698318042693,0.6312731756833813,0.254569841142434,-0.41230876016716134,-1.7209034055826125,0.1799339996248192,-0.3512006066353236,0.28032096839029524,-0.6405833771100021,-0.3615343608379996,-0.10580326270483457,-0.721904857018782,1.077735772446702,1.6310483056577776,0.4759118133746706,0.015750887049672518,0.13653607402719328,-0.7004013067874838,-0.7212518444276117,0.08150514917557612,-0.5135637759055127,-0.9983910948239015,-1.2154051184368662,0.24781647717804714,-0.8404340305252564,1.2191442188950812,1.4892887757482698,-0.13813208569442056,0.08116538225577066,0.8352074047535171,1.0533466017104989,-0.18039988010732766,0.7757175398280806,-1.1408293713566728,0.11494206299164941,0.5223248139499529,1.0535558911610707,0.9030483799610878,-0.018025380249648497,0.4454879125321401,1.0209371362183859,0.3346166043558107,0.5534189902717404
2025-07-03 03:27:18,-0.2922087760184531,0.28957515752523083,-0.8377926986025702,2.11487024568027,-1.317304377758317,0.5151676675672205,-0.9841915210287718,0.3623337381355851,1.4523892907168514,0.5612106703442595,1.0026158765076838,-0.3954935779173418,1.534896909167484,0.9985775838330821,0.3068168804817744,1.5302722660722001,-1.3217489021032707,-1.5070230187936233,-0.5750693506226007,0.8404010520118224,-0.08644186576746028,-0.1960734365311717,-0.03328041645163398,-0.6862992289859684,1.4764148114132498,-0.6862545622816926,0.4157624827450767,0.5615019334362864,-0.18702554591795784,-1.4694965215244566,-0.3733128804555605,-0.334446189667055,-1.5913690060157049,-0.06513036617412453,0.027083703416653847,0.6548988952901459,-1.4889042347471613,-0.25855121955218346,-1.5954095431840138,0.9943577935046732,2.0606295968237545,0.4863486354292619,0.7364701735750866,1.1829284091643948,-0.1941713434135733
2025-07-03 04:27:18,0.6101554397512823,0.07939378795329614,-1.904572524443549,0.7919909796210547,0.10776126060863934,-0.9067492086430101,0.032145218912456,-0.8750530978799856,-0.6221329634894219,-1.1386285780002507,1.0654785849494248,-0.426650530480201,-0.14832547259857604,-0.37575250349124645,1.101206741402639,0.7982841063983136,1.4867407636415124,-0.06912029757336063,-1.0804288491713272,0.5621310284405403,0.2356602441595212,0.010013094074105939,0.7941451269684644,1.003920022826613,0.15335699862049107,-0.2613226359083792,-1.142463517255539,0.39673920432880827,-1.810338159456899,1.4112137258953221,-1.3312446607465152,-0.4065627570867671,-1.2481372751917232,-0.2559846094542732,-0.4965071342473091,0.6309752117854726,-1.8853255318207862,0.43085992218035124,0.28220434541906203,-0.5414182388204186,-0.07347220068073398,-0.5279113998050694,-0.3939780139651796,1.2687197858047976,0.01873728855469695
2025-07-03 05:27:18,-0.6631258944339969,0.1978743278256006,-1.8977183965581752,-0.31990668020212204,0.01805685006857146,0.01224106444781685,0.33849004926119375,-1.1312882947484966,1.6523377413688578,-1.8126974998742647,0.024243342826930747,0.21961417590155718,-1.464276306719902,-1.0231619115685215,0.8963410781251208,-1.2263930690661906,0.4541760544459907,2.520451848643674,0.2727673749265353,-0.3877685249868391,0.19891044224472682,-0.2874358977227405,-0.948580151103146,-2.1209179418016806,-0.08139555353648818,0.21419671070371354,0.20342258851203818,1.5990076927449657,0.51526459726375,-0.914979392710439,0.29959080172247526,0.7907681076083366,-1.0068852698296746,-1.6648817579638777,-0.04714133475259924,-2.232741381445237,0.6862981295703118,1.1473269820387595,-1.2336683283669378,0.45109232479547423,1.898346710028905,-0.7100151894672827,-0.16914607761197945,1.7109677016273985,-0.2839182674239715
2025-07-03 06:27:18,-0.7192623378663118,-0.17980149076238608,-1.1604872599582114,0.01264011804456969,1.0780564750984034,-0.1897177417602527,0.29721037849128545,-0.1512835940707978,0.21294035906950665,-0.9571773674539906,-0.32250474074424357,0.876326843517963,-0.07263040998286037,0.443175147252404,-0.861774085701489,-0.6561854726949603,-0.6594056113247027,0.608485829986323,1.1397716796613164,0.20845282406737536,-0.6417976571135948,-0.40465931000764305,-1.6933151706237322,-0.8697082649243064,-0.7743169001567467,-0.6920441501408783,1.976755543931721,0.32987401881041595,1.8401921614621997,0.31734784449679027,-0.6509429001054258,1.0485297189112952,-2.506073889014958,-0.32063306051594803,-0.9489566940275389,-0.0014384320513709322,-0.5267311016732331,-0.5188940013883343,-0.5186778622208994,-1.573460985446565,-0.7339557773843418,-0.38971017892062904,0.2574482840275336,1.5373961594187384,0.30369601027018067
2025-07-03 07:27:18,-0.7644509017123068,0.5305866032623441,-0.48638615519168477,0.2594504794983959,-0.2901559163804078,-1.3304095105823346,-0.9223525632488222,-0.2873833737101753,0.19333111642784231,-1.781052074546612,-1.143473177195,-2.121833877357089,-0.10461963214842428,-1.0038138752081913,0.2301703917864395,1.1636243389741359,0.33653853583997756,-0.5108905045860861,1.9744111041115855,0.9083647198221576,0.06518483928401622,0.0017811863192051221,1.7171603418442993,-0.7107619715810002,-0.25066529369474305,-0.41648557280340687,0.18009351892752193,-0.15928737291693545,-0.862757793460142,0.46267063717221946,0.24671760625777744,1.1420423990901698,0.021792638632379846,1.598535416804959,-0.27769224622062993,-0.31797938517663876,0.6352124521625682,1.1642648477380968,0.5663486632794741,-1.5824926456034054,-1.199530817355747,0.21574940752545294,-0.4765688453581977,0.7016890873793916,0.24251159777510078
2025-07-03 08:27:18,1.5898054549043825,0.6968510248774222,-0.31067824912002523,0.39828196381006326,2.1152965492562017,-1.539424338419665,0.9069526193959823,-0.36558003503733116,1.4067788007587336,0.4584341546828021,1.0319537427452783,0.2534496794179968,-0.4151823014030129,-0.5356152692980216,-0.22692589344813738,0.1032402901863367,-0.015268955784375815,-0.0025141160333622494,-0.9295723465423987,-0.4066672325300952,0.7121955851825847,-1.1048298986446345,0.6613458719572025,-0.5140188834051718,0.16479399312302737,1.09789033394874,-0.3067029995409702,0.987558413628452,-0.41113004340644654,-1.0567755366410738,-0.536592611983915,0.02438198209594408,-1.0531715633102463,-0.5652631814127385,0.5275242049737516,0.6047174100054279,1.2756565656707737,-0.024073655666120717,-0.325202038920252,0.8430649249167674,-0.062359802357312526,-0.9920996221823688,1.6199421894003003,1.1711333491347433,0.007415159642866579
2025-07-03 09:27:18,-1.3745197413352344,-0.052556433739849015,-0.19478438136111367,0.0833067509339953,2.9321851389617097,1.2426408093533985,-0.513518043277295,0.7544209952522657,0.279044728936907,-1.33732201756535,1.8151789138807337,0.10981850722331989,-1.0457231067876367,-1.1813316548548605,-1.9656409720686292,0.2024885956003964,-0.6734604679158755,2.0359912885157114,-0.268086391360822,0.12717149399592412,-1.231151263748363,0.7310673099878463,-0.5646465606445924,0.33342577136388507,0.804391006516875,-1.3821670535738861,-2.221513248491026,-1.1283292466284631,-1.031295495883239,-0.054842157493949634,0.21212787922944668,1.7772554655290507,-0.4071499553758299,-0.03862822759652055,1.0208054894876817,2.06410492089686,0.24259602514730147,1.9672585716895707,-0.9148912077920299,1.4448542155934565,-1.0240053769650246,0.4540841010485109,1.9216540682004843,1.3880060946644415,-0.529888559497811
2025-07-03 10:27:18,-1.2379167748338944,0.8687785368108397,0.8787319464852511,0.3982771553037072,1.0881770393533934,-0.2469682685624196,-2.3283383734334255,1.085183028214139,1.0644064631011811,-0.6538190218250416,-0.13028702286685417,3.179847469197029,-1.4567526563634945,0.5612479637551502,-0.16989417015257433,1.4413761032685422,-0.12658468049593624,-1.1196037602867421,0.7863927358239086,-0.8757507283241791,-0.8097929193113568,1.0270505305301516,0.38358124201034804,0.7751632441185963,1.1036268791964663,0.6766864386062031,0.44104362830776334,-0.1784070724605036,0.1201298696148818,1.8903434990578263,-1.4504010131756133,3.593087614789166,0.3698523346046482,1.5583915045083283,0.3160681125892527,-0.0527843361656423,1.029443656367821,-0.16455318712150596,0.8977886541655499,-0.23483650057424504,-0.3275711869887048,-1.3049300027245183,-0.18195035660932612,1.0679720987233217,-1.1311429514919131
2025-07-03 11:27:18,-0.041895974758650076,0.9449412271177466,-1.253531483241755,-0.11392769896832412,-0.3081475075450961,-0.17229879623371339,-0.53964612850472,0.6983289997824945,1.3503383843712906,2.47227762905684,-0.3854567274731711,0.35709929026419324,-0.5360169396273642,0.8335478856580472,-0.29266699275830355,1.7202928546515703,1.14856253857161,1.413978897802314,-0.27265704744600133,-0.86466792814607,0.8645263794205207,0.8765570898476517,-1.571865200257829,-1.035394733107865,-0.5112058646823802,-1.7687110125389314,0.5124561345702773,-1.230759610841289,0.6537430323895184,0.08597829983545384,-1.2357985005231489,-0.30060168094250245,0.5819632450277525,-0.747134855353561,0.4998903992341856,0.9227277712026155,0.04883840028680724,-0.56180082864923,1.721242712572244,-0.8366952926671201,-1.4509986103727162,0.6445946340508496,0.06441014068225703,-0.05866530055015573,-0.2885706560992307
2025-07-03 12:27:18,-0.32489962773584524,-1.9148612904975455,1.557728213886894,-0.5239929375936792,0.9301771790276876,0.7452438479974737,0.7480903577517793,0.314735995159632,2.8885115843150126,-0.10711854744115357,0.09696107301909569,-0.3087707166461259,-0.7283667882535009,-1.3374732656834325,-0.35271839155202583,-1.780959551002444,-0.22381775893170544,0.1201341883302402,1.0087863354890407,0.7234224422774493,1.3346510394495315,0.3414681089522656,1.3697751335339694,-0.6879413495754105,0.2135410788765759,-1.4627544481262025,0.5958721545089957,-0.6630199435616603,0.8639806488321797,0.26900587820518845,-0.007229470050775475,0.8315586200794264,-1.2264381121498815,1.5669936830236013,-1.639211576336411,0.993166757177856,-0.5237925013225438,-0.31894497486597995,-0.3857426715139051,-0.9328100181642814,-1.550710415665918,-0.5297950608654183,2.528373313862635,0.35776856385499806,-1.9135356676899264
2025-07-03 13:27:18,-1.0306644621598027,0.6557095866674253,0.916293227893298,0.2751842525152517,0.7443671449820991,-0.35437175500840074,1.1107810999006695,-2.7290372779857845,0.9782782175213546,-0.7014690584754258,0.14939181112793648,-0.7637618385026074,0.9605457365500977,0.08517547714470733,0.9295668654974362,-0.8867868215582787,0.9011609172539655,1.4292828287764117,0.42814593510147064,-1.1103001828627288,0.8336980241646863,1.074848660280554,-1.7663697619786618,-0.762811573275845,-0.3816133563539745,1.0692012355692921,-0.8877351893692811,-0.17342987544898078,-0.6548063345465349,1.6426612811924841,0.33779818593080346,0.7851959964952473,0.629619775704758,-1.1374544828488653,0.6418384592329778,-1.0564080362212696,-0.1042983666443448,-0.13553715665275107,1.1304598843626503,-1.61325456141227,-1.4434325229358553,-1.2859663300055741,1.1995647211659788,0.019021237202823157,0.8176794214645496
2025-07-03 14:27:18,0.522492806017569,0.051631759162191766,0.5901700198115506,-1.1084064018416384,-0.855245926755959,0.3401769711847403,-0.3588193775735488,1.5874878828253818,1.5777686005937965,0.49517328287839735,1.3546537627391984,0.4294538030125639,-1.9128059844609533,0.9490641378425729,0.48440282955864516,0.26627557841805566,0.2965029567480649,0.8389339481053114,1.2372333455135298,-0.412743322132834,1.167059410426728,1.7380899514642163,1.2114775220362657,0.03749449173937576,-0.9671508342516782,-0.42471239767871305,1.4611428616634576,-0.21056920017485292,0.6495358826383955,-0.31263045410018986,-0.8158957110132043,-0.0019875183959943434,0.8565997694804279,-0.09805405916602644,0.6449308812335941,0.35616131059797335,-0.09811424835385125,-1.6917971863161556,-0.4422621594370296,0.464318842933533,-1.4563452501688134,-0.31943005684684295,-0.8976289954444469,2.183588257286236,-1.4138641410142272
2025-07-03 15:27:18,-0.5790591071938507,-1.3211904214329107,0.24178029110318913,-0.35795171455404534,-0.8874301709834754,-0.1585935950628532,-1.8462911454749509,-0.7169539722008719,-0.1481889097913411,-0.8827495059267836,1.1121703261098832,-0.5298516657442831,1.6558337812723847,-1.140258394076595,0.512859510051783,1.0001960555356884,-0.40271302863497066,-0.529616660984644,2.413331420583847,0.27635684420309053,0.7484703165471023,-0.11848022966194606,-0.5440461149459058,0.7971327182574061,0.1258722038592243,0.3443843102774958,0.19485667441707452,-0.7264084563699176,0.35701420159447916,0.13527680044667703,-0.9406103203637545,-0.6250672204461023,0.09562722004010664,-1.4706885555262827,1.8594566581562322,-1.1766719474512137,0.5061774783581738,-0.5016734676295379,-0.08911240002265365,-0.9974625036717398,-0.4818119711878972,-0.4235271787381504,2.3283219261147368,0.6375450870475184,0.658111972308796
2025-07-03 16:27:18,1.1104326927347428,1.131884935314584,0.506394837866968,-1.262802373920018,0.30121050240722796,-1.580089129785129,-0.8162789547432436,0.6951029705150076,0.1386488256344445,0.7168497434892488,0.491236255510039,1.0338839199976606,0.5982210960642552,-1.2262046519970726,-1.067866856533083,-0.17407907421374513,-0.21844265741921745,0.13050574936989542,1.4698797393561316,0.7010088015664431,-1.4539531110090567,-1.4169484200026652,0.2454258807164734,1.5779615228566382,0.6248650286157996,1.0280001381225334,-0.20601180243341036,-0.8604476755229186,-0.04840673275967182,-0.8050716477293571,1.1817532416126328,-1.353575195787957,0.29331534404093057,-1.8034159950177744,-0.9233207697091056,-0.06203248965014007,-0.8307777246636077,1.3133728017169983,-0.722988769250568,1.7999194159274305,0.6846517031917041,0.7631028261240805,1.2809146192086593,-0.5366053094716776,0.18817361458434892
2025-07-03 17:27:18,0.6591726794115764,0.7403099181968308,0.2881872666344199,-0.14314850176703836,0.5274063687883505,0.6337497577882191,0.23764030798102878,-0.7696092801439921,1.3172998242925984,-0.8061051512864731,0.8820896589387359,-0.5245627312955746,-0.7379028988605683,1.5830774668374827,0.581244064310996,-0.13084160378600673,0.9507479467667104,1.3679366936176187,0.23820680485121687,-0.5665941319268903,0.12889454388366733,-0.7103316891842323,-0.489128962946986,0.05535426527483731,0.3053990908754051,-1.200726036032187,1.3127690075594907,-0.2949808309694974,-0.3693127283925886,-1.4747162696850566,-0.44408049709822983,-0.9895843405031456,0.7117004498799496,0.4064205437978431,0.7865979977573128,-0.42999560446175783,-1.3688415069697484,0.5080416420762386,0.03006088969107843,-0.6655019572338371,-1.2376208038049363,0.09811289142827055,-0.09611214742647624,0.08545207167053095,-0.5898214565148028
2025-07-03 18:27:18,1.7738109084212248,-0.3047483804066262,-0.2958818500544767,0.2571550842093477,-0.03352993837922708,0.6794239588137677,-0.3242998922038159,0.252908041018337,0.7706434120068989,-0.07444222058589153,-1.6282929204072885,-0.23149954126861158,1.2999501777762843,0.0015241621543700557,0.22701640639207527,1.607224555360409,0.12969449849542872,1.4695890021736955,-1.160771227266516,1.2490898256760758,0.47910884241090934,-0.5203028709379207,-0.534465602017647,0.674754746534253,-0.22272993612634712,0.8105076065684046,1.0124021247605446,1.0697709969994964,-0.9496990817039609,-1.3074060409711272,2.520272463331323,1.8045995698296642,0.43091703000179155,-1.0651596235918535,2.2742862662603716,2.151541438574595,0.7005320676091216,0.7847401155079994,0.37781846996535423,1.7769093966208236,0.4613820576198644,-0.3777876528844193,-1.1437512816043676,0.6620566899902527,-0.30839955135259783
2025-07-03 19:27:18,1.0325501189245732,0.4361379809769639,-0.9416807577697167,0.22681626364672683,0.9543745363546923,1.2367587208996995,0.4490182588115342,-0.9263260714404107,0.6586330236714228,-0.422805791795963,-0.4815313123203453,-0.4703488918290717,-0.03231367265354625,-1.330582460084197,-0.06353662348583472,-0.5311463218377441,0.8821589582058763,-1.0068604289394951,-2.0850437314591326,-0.09814304982957614,-0.9708174098138844,-0.2757817646278164,-0.7830090880486276,-0.4056087689364692,-1.04785721848863,0.43744605265194364,-1.2024293028638142,-2.753036479495902,1.8863457857202637,1.8243712385207742,-0.013213933421304835,-1.3904605706512778,1.3567485583263215,0.8100196678214457,-0.38987715241928206,0.7518306905013051,-0.2559992191562927,-0.7474005208330927,1.6029088538492489,1.3719803995277127,0.33805316748849695,-0.3074128026777586,1.0867311744067085,-1.7930436994294932,-1.299812962390453
2025-07-03 20:27:18,-1.264697418818671,-0.5207509843728277,0.6710884690531796,1.7568851676233883,-0.48218154820487524,-0.4951035226393398,0.2974293137528339,0.27433190164355,0.2126856395235442,-0.33814394478835197,-1.1572800871259459,-0.2656981780307326,0.8453059214222479,-1.842181790860333,1.3706063886494046,-0.8567005504308194,0.2786385444193867,1.7821728845411253,-0.7756775832729277,-1.1412870581664263,1.1201994603363574,-1.1723387598441846,1.8577198355827258,0.8647433632097723,1.8490210972068186,-0.32698784197019515,-0.22193403143044726,-1.5951400020031554,-0.43912805299736446,0.10754741433961956,-0.3973373415190126,-0.3427913340303098,-0.05964796635948451,-0.4769990995531911,-1.0533956362780552,-0.18951350972874373,-1.5832449402805902,-0.07296670492907167,0.4098287466656069,0.16142749610188334,0.2659863101299238,0.6357447555967038,0.936886204646674,-1.202334416414853,0.34835250705850335
2025-07-03 21:27:18,0.4438587861583817,0.02291644739859711,-0.8496124067625748,0.7525044461999052,-1.1215988011960452,-0.37068061526637186,-2.260366161076975,2.303635516897115,1.068474468606952,1.1801218753699458,-0.5109573908394818,0.5982316949219296,-1.158067891700538,1.051696861205751,-1.386690936094392,0.33362741405954205,-0.29746319904242774,-1.520062909630445,0.24106003965995482,-0.7381282226998982,0.25096823524162015,-0.9606804903460592,-1.0087517770777044,-1.1445826237960055,0.44494429491700976,0.8009715020606377,0.6690019156809438,1.3108837612976914,0.39384924263149723,-0.8774023727769422,-1.6709398667488238,-1.1315423702399612,-1.0861165812310252,0.15496238659326547,0.6133807075030902,1.190139710641067,1.7481402531563506,1.2392442130495773,0.1539827427820174,0.6505912861410893,-0.37448410147232974,0.3975492200780254,0.20804799909888394,-0.24287461015598633,0.0900647777311674
2025-07-03 22:27:18,-1.582156544076407,-1.1491055568880546,-0.016862013810884653,1.1828620841935442,-0.22388428243659533,0.9792400913161516,0.17762927663316247,-0.06693325939133488,0.6854786073815331,-1.0741132576885168,0.16036145572342253,-0.12134316079585891,0.36009645501351223,-0.4777713114687612,2.0075265452930915,0.3009531509018558,0.9429942262379392,0.9026774849871082,-0.7602587869609326,-0.7253876963921233,0.7943085467745423,-0.32830625057318413,1.8148844869295289,-0.6178591372771763,-0.9824512166296582,-2.262618796308371,-2.205528435137681,-0.7543416201583512,2.0552146009780765,0.82203925459886,-1.6791519322587545,0.6981516131911836,-0.6151211152359676,-0.04066849128510283,-0.8719748875718193,0.11933078999429117,1.0480348691344474,-0.44916076014137907,0.4706430421330886,0.7297532905533345,1.82849505693554,-1.220524110283491,0.6791696220062372,0.48320632992268436,0.36708550548048463
2025-07-03 23:27:18,-0.7515828751263252,-0.47190483946660977,0.7307944205247797,-0.6967062512104226,-2.485483397222498,-1.2693597960673282,0.07955557679175142,0.2572140659969965,0.341519692637603,0.32069637987633576,-0.2268637616247021,0.6380105027771622,0.4227713850984196,-0.7258121203024953,-0.2761178364110026,0.1585102979983528,-0.5819217083422813,-1.4609782485533322,0.3268456680183694,-0.3613623312428265,0.34433477055123823,0.3762017332873095,-0.3121567818359101,3.173638168825349,-1.8905107732652133,0.22252798144689695,-1.9075873469894329,0.18990441106786518,-0.36341241614342207,-0.8023515641256014,-1.4952950186962257,1.3392125184797035,-1.4271274669618998,-0.845813614539386,-0.6035877036821847,0.24593371564507527,-0.4351485705715389,-0.11771289423172417,-1.3042778178803347,0.6437295407809557,-1.4587660102344162,1.859241511223889,0.16417286471184878,-0.2690691066987689,0.324947570514118
2025-07-04 00:27:18,2.3574591679836274,-1.5120979377429153,-1.2496918049431833,-1.4730090223640093,-1.3103455129344876,-0.6017179133030665,0.7599752259507723,-1.7921695655868546,0.8743385799798533,0.5930887116041952,0.06724560001700279,1.4678208769265506,0.08791079916294628,2.4535525339118722,-0.3109743841545078,-0.8439645300290137,1.0409107009476322,-0.2892667799844469,-0.603580727685067,0.6524479297550665,1.0172923523390058,1.5001574847061812,0.2728016105792988,-0.2389870032759194,0.7704150343726281,-0.5818414953206021,0.8584054739656312,-1.5115703988286098,-1.9042267096217418,0.6254730849104579,-0.9832822938529786,-0.1211758794553766,0.8613671306285955,-0.95014082399277,-0.5786688973895909,0.8479516146693751,0.9512244795713357,-0.6461270327795916,0.19029076308839588,-1.348522189094648,-0.7219257456599409,0.32149193068061255,-0.5483729846729923,0.4594491947517171,-0.13616783335343385
2025-07-04 01:27:18,-0.04348176011994017,-0.41115454404693774,-0.6161572995304625,0.33274751013644355,-0.6095577390525301,-0.3128775903943897,-2.5914652866660455,0.7018533002902865,1.2961433024655762,0.19609374957044673,1.0078110964079565,0.36068039460176327,-0.11732324429544624,-0.19123895059669696,0.24160776545181029,-0.9330637230437023,0.24795835520678536,0.08954808820535434,-0.9233508495090041,0.5561231304836253,-0.846489578690734,0.7184105818283674,1.5984760449057727,-1.3648698483749473,0.5849740521142229,1.2609581399694312,0.1861194905109197,-0.9181420857118544,0.1788544560600377,-0.5281214189220125,-0.7843141266074435,1.150642310315535,1.1026237567099924,-0.17763192458733343,2.2336824497593666,-0.16762362127949806,-0.4587296035481616,0.7857705741133653,0.32314649096019415,-0.38297912127100453,-1.1840516034827369,-0.7041306756203557,2.712040644940441,-0.003293632272583268,0.5621904645057819
2025-07-04 02:27:18,-0.8714420071332037,-0.49371327577065877,-0.24648642280115027,1.9041791273105912,-0.9030036899798299,0.09866933315471285,-1.0200458657399252,1.8575353945692934,1.011652990387883,0.43369043562147297,1.2709396080970319,0.21762146492185547,-0.8108957033949267,-0.4769340501125236,-2.2798079943899623,-0.24367636426265726,-0.8699175968211755,-1.232205962111458,-1.5259952665491536,-0.7878659179971755,-0.2598795279879243,0.04419107431221058,0.9545542109503027,-0.09529638416315689,-1.406598999446483,0.3254947615945856,-0.7301461358436285,0.793424914508786,-0.4965819799563091,0.12364991247802122,-1.291910604552574,1.3265238922669356,-0.6686457454306459,0.4234919648735877,0.2891098350461859,-0.9808416813012815,0.8634792737113204,-0.7995537237439495,0.3991662159858135,0.5386711903058372,0.49893385212343844,1.86138456070198,-0.9019409976123963,0.11183892850582497,1.1337660663473839
2025-07-04 03:27:18,0.6053087033622117,-0.846054883434347,1.0504221854435845,-0.5453677247081589,0.17419166330760733,-0.7881885457032928,0.2223305967658749,1.2206203817536356,0.9376459260815221,-1.0707498213989948,-0.39709705615560936,-0.2977069131728902,0.11442404398677107,-1.3746237716392788,0.06159026171335467,1.6093939258416035,0.17624912325708844,-0.20485034478325104,1.2023214312233645,0.25161075303293196,0.6470501398605725,-0.9509237798708206,-0.5569784320589556,0.6489203247100197,0.04966446929592214,2.267119175159149,0.2733567627514979,0.7699477681709298,0.2203714645148446,-0.35161661634527214,0.574385996153599,1.161031912306334,-0.048702540962472646,-1.9847016949746337,-0.014578522059099989,2.0175310316429114,-0.6776313299647339,-0.07092872978729879,0.3917692531693491,-0.1450964496189142,-0.4822485007829995,1.2575833777792738,0.09162194614213658,-0.7634616332899801,0.053110385459416626
2025-07-04 04:27:18,0.807270656578175,-0.9404894801345557,-0.389913528874434,-0.6326381029232931,-0.7784358698391634,-0.15030978297598782,0.30314278869075284,0.8448840380917905,0.26170356132135436,0.17833570391595624,0.4746877100075537,0.09177198230721002,1.3052650056484485,-1.766358593901171,-0.1827844489494126,-0.41625544948953586,0.5199480196672077,0.2502702070167476,-2.7183640238523807,-0.9874858400543267,1.8070354900533223,-0.6712720471141511,-1.237601336755602,2.9793750004494397,-0.8295466254102148,-0.17451150078900385,2.3738272545777113,-0.38051065752678526,-0.3498615325119196,0.5395832829769137,-0.771748858451213,-0.417667172973523,-0.6469620533854114,-1.5838189388103094,-0.08023396405753849,0.44623087207208884,-0.17143044755388048,0.8015257377787536,-0.49107473678899133,0.9488707665853443,-0.13955187361724494,0.32928750616424973,-0.6858715843522526,-1.1406424496643355,0.024269458441402013
2025-07-04 05:27:18,0.7088551312012747,0.41631344597504977,1.9857410330261263,-0.11247791808441134,1.9460576728453438,0.007491023328026963,0.22608209939390173,-1.2222550757019224,0.935074462796753,0.4268206511521147,1.9964263402863471,-0.06561048299064179,0.6836424010291415,-0.7507311945773352,0.20305573312958708,1.0146708611415454,1.415809365395609,-0.7535399732881908,-1.5999507335054874,-0.5375755103584834,-0.8713255435675119,-0.8492297315874415,-1.7396492367369016,1.0507437436314906,-1.6754329087020865,-0.3099996950589571,-0.770887548451689,-0.3273976940095255,-2.621450147651314,-1.1813730598578893,-3.13033218562301,-0.5309136179798205,-1.4292740900751073,-1.2210468394910932,1.3241676943471092,0.875476368110243,2.0588332025328118,0.5662183556026913,1.3653102917519342,1.0102932236722446,-0.9468703044615888,1.1262322411156123,-0.27405396419370115,-0.44563047232690245,-1.2325590634981425
2025-07-04 06:27:18,-0.9302514754172044,-1.1199892703775858,0.11457594172587039,2.23349626880636,-0.21083010825073278,2.488262425938865,1.9437742893972554,-1.2185527631053708,0.3937009350944822,-1.7510273241683274,0.6722795853366245,0.06711645472399753,0.7150759790027009,0.6300663274231934,-0.6236291587664066,-0.9638508946742995,-0.7957291851621667,1.4575182157239397,-0.3752054694724331,-1.5437476362801046,-0.41717518203795045,1.896618453323424,-0.9575665023040735,-0.38292340728812196,0.130746379318265,0.5695670248590549,-0.11681684152833455,0.24950157263394884,-0.640568272086534,0.33126487793941795,-0.6899124092481596,0.5126280902345904,1.7720846132556156,-1.0272343351325257,0.48773187204258467,-0.4885219452729998,1.2240856724242617,0.5986176325552865,-0.24682931267980177,-0.9129261746828867,-0.30348619990015396,0.3115775889934092,-1.830331231054942,0.30667115137038226,0.2664235089431813
2025-07-04 07:27:18,-0.7500633250338995,-1.512164944437467,0.34233038954353767,1.4084139183883566,0.11135054773313681,-0.9847434681447952,-0.6636243045222792,-0.2856741555021988,0.45147058870900514,0.1995442733327055,-0.4626867422477506,-0.661443395993599,0.31754641420660096,0.406603902989157,-0.6604224181867682,0.16041683442190927,-0.3900423019851271,1.465117623005107,-1.1745890610351413,0.06948807371110005,0.5646069293648612,1.0259761302419266,-0.6460037718512164,-0.91194688108575,-1.4680264852364575,0.44399964101155737,-0.17216898187551452,0.36120600350009047,-0.35322386011298545,-0.21582195319633982,-2.2637343818539275,-0.7939641809433214,-0.4892432088708735,-1.3275744481126777,0.6587680689197644,0.6564305241706936,0.8941221527805866,-1.1272716114405403,0.3000589940219593,-0.26091683846991476,0.027453693379021857,-0.5454196441458881,0.29652869322502257,-0.9014682605582034,0.3954466877198429
2025-07-04 08:27:18,-0.3614933119884117,-0.1798358951582333,-0.9018976093102349,-0.1188841428104998,0.5820176860643419,1.856027704796215,-0.4602017222014437,-1.3719109303767127,-0.5450696625266549,-0.4662359754424436,0.14652426249927147,-0.2546028782653594,-1.4209111463595732,-0.42828419216704905,0.3854226685844785,-0.15444287597067305,-0.0024968869229775354,0.10998860593160768,0.014417409744626906,0.3803490209470518,-0.15623466760939825,-1.0317775623953176,-0.23862154284004933,-0.9924189821878447,0.40049330684801093,0.7005916519239918,-1.09526260537065,0.38349361460059833,1.2834447810655294,-0.016285231791980458,-0.45603522056055906,1.2942680928125927,1.3240267725472674,0.8391360953085241,2.0861072911286054,-0.04775994748833667,1.0883927873706436,-0.8036602929327291,0.2955684156845242,1.0599561277598264,0.6884123386279133,1.2610606778460745,0.20959081391291243,1.5083131393079825,1.2831409903259394
2025-07-04 09:27:18,-1.2348188911622524,-0.10317628171400968,-0.594750036255687,0.5283439472450947,0.19113087551447522,1.5212925696898656,-0.8774483430822094,0.31794616044651286,0.8797478401009143,-0.029596501257120024,0.832254132571623,1.887765978004279,0.9394193112342113,-0.46038282226562394,1.4804809907984442,-0.8331811197673197,0.19977500633277656,-0.5915768281471878,-0.7919254912378086,0.07017653905924721,-0.2932731115333576,-1.4734409274690787,-0.11396605002712736,1.2526913382050362,0.7410044708086087,-0.06311107302379476,-0.7444211749476145,0.04216034878680346,1.5035574630077417,0.27723475669870007,0.05225923893500897,-1.520662479781906,-0.23456071750338175,-2.106411076344624,-0.6810431149630395,0.5671385825196054,1.5173436714027297,0.6892219276211491,0.45017969844332895,0.48047994928163945,0.8554339968533649,1.0336526421189,0.29499309554263253,-0.43152228408483007,1.241686922754328
2025-07-04 10:27:18,0.28121538256084944,0.15057072207801278,2.2515367371905777,-0.006813420292954204,0.29959557236325635,-0.5664636140653454,0.6895656847650543,0.41483141003809754,0.16501474859583706,-0.4602677659983878,1.4603438063354348,0.36056744610481684,-1.0826945675227404,0.00691459007327577,-0.7323358788344326,-1.2578470976964786,-0.6994535110383001,-0.3833557707073271,-0.18824824909872892,-0.6091337852280659,-0.6481007502234619,-1.688568508910343,1.8968097879924775,0.2843865411232268,1.137605989026622,0.3582354809076137,-0.29887359711010386,0.3531314584664115,0.461750084356463,0.3446643610357349,-0.0745206537054745,-0.8811398896438482,-2.3052130294719833,-1.6197086664868634,-0.5465973557776537,-1.5753571785334977,-0.2069779023164427,1.895227565756264,0.4910183568877809,0.12476865638881889,0.41460849143945844,1.2161642489795952,0.4015978969656373,0.05510168424258268,-1.4661000773774366
2025-07-04 11:27:18,-1.8830459905022099,-0.9876530485391096,0.43080621315794826,-0.656080330475339,-0.3958655862975856,0.2777506361372171,0.7347592890819733,-0.021437728612235776,-0.5143004355325338,1.222512370932608,0.6752891146923997,-1.189477622327017,-0.7281823047991429,-0.3802522387885896,0.2342587641170266,0.846879358574772,0.8047988738329747,1.4846457271990694,-0.13692057755236398,-2.006424479105555,-0.45869672524275984,-0.03975775566504784,0.6348466228465894,0.35788256668454144,-0.5708356765172449,0.8757916172523125,1.0046971756805785,0.9593924068413542,-0.7130556006880292,-0.09171640834021025,0.49972712634921185,-1.926686005938356,-0.13812649908535918,-0.1971980192692729,0.25159771052190133,0.07490011582758811,0.697379981609684,1.501171465614732,1.3254054674015792,-0.6040412621645942,-0.1590861055535099,0.039074309448341886,1.7322659301281447,-0.18466671977435412,0.3284600870072832
2025-07-04 12:27:18,0.079278329283006,0.05580506182652576,1.3124329218528592,0.19517324162539032,0.852300322767901,0.7603828566617983,0.053881258085195956,-1.2518178750917845,-0.09390123563806835,-0.5064935002870764,-0.5219716873582149,0.7982222008919578,-0.9109447471091013,0.04046075284010994,0.5228064529540003,0.9047229519214595,-0.3899628919837373,0.4823666983758475,0.7664857236428424,1.2330393730327587,2.448453371435024,-1.1075349306699502,-1.8378119446069927,0.0496763326284463,-0.4815728627379931,0.4685179488066691,-1.431614378406679,2.059412142408052,0.28686607886142107,-2.170690961048425,-1.1652003149453771,-1.5291180962397224,-0.237047816751821,-0.9471044384917368,-1.3944812682729713,-0.9243742775066236,0.10112134783239506,0.7734632999458948,-0.39725705772642206,-0.3150455614528574,0.5122358626038761,0.6056176135034215,-1.2271161505147268,1.9001830763959418,0.4280773352966232
2025-07-04 13:27:18,1.2784507736043014,-1.5782668853273072,-1.050126553520567,1.2450259505936354,0.3199228338321463,-0.828224441454686,0.10960852721301116,0.7172769459904851,0.6453314442797646,1.093177882766126,0.7292786362193675,0.8754389159876494,-0.39032868625925965,-0.680018315382793,0.5371004141536043,0.24093441986329656,-0.40964534894411575,0.6707560530601937,-0.5177343489546243,-0.41388235326078376,0.7561432491212409,0.8947821446563204,0.52412601969766,-1.3211104408767853,-0.5681512774980132,0.6871012933812418,-1.461478118146457,-0.5739684337979958,0.7609027411558181,-0.8048277642952053,-1.6276024944637528,-0.8613085297815583,0.5612007178038976,-1.4679881172355516,-0.04394310854649644,0.7281206521604227,1.12984164721431,-1.6604303978637138,0.2240568835910686,1.1991304528321949,-0.6042024628843805,-1.3571842715209232,-0.016161674412000577,-1.1598483259826848,0.6103088212377829
2025-07-04 14:27:18,0.7115652337129804,-0.6843918438858171,-1.7251231168762162,0.8151666956397255,0.3817752016704054,-0.169104028326243,0.38249902972816296,-0.8346332038071071,-1.0027818815779792,-1.3699173485461007,-0.15218306077026003,-0.03481167514080536,-0.2368154073186863,-0.48800032957948886,-1.1245851138574625,-1.3907374999616573,0.6506660128178232,-0.1741077771023669,-0.776432518220699,1.422661647791641,0.43547303567971446,-0.5666899873757165,-0.5820235188130813,-1.209926573782539,0.3101648709506849,-0.4654677117428486,0.8450357941522667,0.522490095292606,-0.6539539757048982,0.7964047095511284,0.0264889538303532,0.6830052730318833,-0.0003839956504605031,-1.8216557836704272,1.185570159979141,1.569350785751063,-0.6723022715920051,1.726971209620177,-0.9566165379572213,2.660373843543519,-0.9447624930186044,-0.44284743677591004,0.37068646230479985,0.5368419144901613,-0.7640318365130259
2025-07-04 15:27:18,-0.7541215533025073,1.5074594781970831,-0.106227995259375,-0.04323593632672422,1.1735211648611221,-1.1194601260218449,-0.07255544309507349,-0.042324042494441175,0.7263265753352872,0.22963662546510538,0.8783985865297023,1.1270102067541905,2.4308778582661663,-0.4835644823109239,1.7147632710614127,0.03058632345276798,0.40286255700944046,-0.10623609591398511,1.1695386052442944,0.013516544407887514,-1.246772492790155,0.332176952010013,-1.5396497067307762,0.2510982841391577,1.3178909510185144,1.8002535042898493,1.430013014102575,-0.9004897632250297,1.5859759314952293,-0.47572972190001483,-0.31302765829553625,3.3343985193629138,1.3435696989900547,-0.09712298626791671,-1.6553722940047035,0.7446001807410845,-0.8053028010253768,0.17482470054535734,0.5354015171069934,0.10792805817835838,-1.47808832789131,-1.1370417691917518,-0.24446251268221567,-0.07598307475136158,0.16143598501129636
2025-07-04 16:27:18,-0.27269362050670365,-1.1418361935040295,0.13453029400809371,1.4634121240654896,0.21377448027392038,0.4569557486914839,0.9625436597210161,0.4950308191791274,-0.17295588706753648,0.4676008735710219,0.12812172302558178,0.6393561358324078,-0.7657198265320728,1.1723065256181886,-0.5862636763802596,-1.0316503296074868,0.24802044345242888,-1.3763517044788942,0.4546925896409566,0.321819407691185,-0.5704624677925754,0.09779327258579991,0.13164283307272523,-0.8672458153145206,0.01632569742438254,0.43405581816745775,1.477535735335469,0.379162329102126,0.0690832080027798,-0.5398268534830565,0.4725674975293844,0.1940028794460975,0.6921164560530088,-0.5628105943321795,-0.16952978245666558,-1.3285036992216972,0.4340331755620782,-0.548840484984563,-1.7064280138374124,0.06479554635267847,0.47198075573605686,1.0339732564959776,0.13914429949520898,-0.283269682200438,1.482457906743234
2025-07-04 17:27:18,-1.252114523982286,-0.5522463763204107,-1.599485599015709,-0.23610649523529062,-1.7836182245950343,-1.0356241361761571,-0.0007764001977820122,-0.014529303338088327,-0.07698223509004262,1.4942397214665977,0.1273761924340627,-1.7909614066188024,-0.4170719044545648,-0.25760900766013556,-0.4383412489290777,0.8299707375230612,-0.9923363168250252,-1.5713998396583404,0.39288143700768585,0.1712885557330318,0.9540413538046303,2.674835654679847,-0.8888222869483677,-0.8717837272083375,0.4923616217575147,0.5259776534291796,1.143573969555209,0.5036922356784248,-0.5214997247653714,0.3785481156468919,0.42533767990073373,-0.2968515486765394,-0.5411964881406968,2.2433052669742573,-0.4943797615935578,-2.2247012560958694,1.5339746391503648,0.8203207104376068,1.1763898876334702,-0.37798966418568897,-1.1461342383571058,-0.4963516514527707,0.9941734157472165,0.026780580800415562,-1.483112837479015
2025-07-04 18:27:18,-0.8439594677851818,-0.34083016537725125,0.15824444103244661,2.815464864806977,-2.0079577923062386,-0.44651276883596724,-1.7352715762938669,-1.152051635325613,1.1353361315637382,0.8686046161333028,0.2839731821129876,-0.6241825768710497,0.3153365326284642,-0.6240653340732679,1.4139160125625718,-1.90514199267899,-0.5112649763222539,0.5360906992609035,-1.7967973948730698,-0.7844503386881293,2.196142362060899,-0.33130185446300137,-1.7504220492166864,0.3827748822046705,-0.2008467700665673,-1.4752453523387115,-0.5206606267356978,0.8111116406062912,-1.147092688115195,1.2628654813970548,0.27557368432435614,-0.850260630030478,-0.3187058102230692,-0.3055261613433255,-0.4966510642323481,-0.5073610625063162,0.6832549771351261,-0.19173732736468319,0.1455264241810754,-1.5446188613982474,1.3747999775000426,-1.6701224925534628,-1.1869213995996974,-0.10774518924499574,1.2384817609960515
2025-07-04 19:27:18,1.5317378581275145,-0.9562609734898673,-0.04452745009049215,-0.7003606569702392,1.0362816666827563,1.0603936988494749,1.0093005323998012,1.2892274650124669,-0.9690539745987283,1.0542557695583723,0.5352381957032629,0.10205160519766085,-0.9556532139932099,-0.2303181131730881,-1.7907115298354817,-0.0931534655027434,0.47924955832113636,-0.6199320312291515,0.7363112731364935,-1.374574246681728,1.8323207299442201,0.6995109234089162,0.046469072161190575,0.07678104962416157,-0.5204580003044973,0.6938350248769595,-0.38439176585365703,-0.06383289722381835,-1.0758128329777605,-1.5718310788251446,-1.0876958528844762,0.9119708632004169,2.171183201044182,0.6465585649579406,0.6279632171989026,0.9513031708557617,-1.7610046329685423,-1.2087688856508907,0.24951187912749898,0.5645395283795175,0.6025022227381105,-0.9570597840325775,-2.0212825863967736,0.8902825271049607,0.6758442117349436
2025-07-04 20:27:18,-1.210432914493554,-1.3551605668817186,-1.34913105782744,1.8270982442818118,0.32114041958444206,0.7491027192187015,1.5929130302502625,-0.9220225646476562,-2.204262122564141,-0.2168487897808176,-0.8143839445678407,-0.48335560536443883,-1.0290576774020885,1.0840616010342266,1.3384549967210153,0.17208954341441862,1.2379188690385434,0.571845379291686,-0.4067244403736063,0.8488276255642037,-0.5468176242451663,-0.2790122978324012,2.7467729253816753,-0.28997644650466403,-0.3203752481903781,0.5827648343069812,-0.7072299302306786,-1.0315576887537174,1.4468272819750796,1.6835884882236214,0.8004164830436732,-0.4778052456452975,-0.022839556073248245,0.32201992077059344,0.20707271577943331,0.9938232665682855,-1.2940055984871788,-0.4248735973177448,-1.2016831514640467,-0.49834936946128394,-0.19786123457112165,-1.0989443554977292,1.0090107171751102,0.44863098485074726,0.17073373583295354
2025-07-04 21:27:18,0.2985492093927753,-0.23046811482036297,-0.46923997914374754,0.6752291227240788,0.5553746341001152,-2.5564982525024424,1.5071224941756625,-0.7209034151357531,-1.445645320406347,1.1897139934794245,-1.634782069912382,0.12080286543835649,0.18474894655973106,0.04784418181450238,-1.2547858548497932,0.07410455738101275,2.148663899676752,1.4572385948549382,0.18105080324824463,-0.4382320910322262,-0.280030451772159,-0.7590306659349304,-1.9119086342604905,0.6890444819545409,0.5662145334387102,1.9568516825774864,-0.29794852142926703,-1.1847663331062448,0.3239349625928171,-1.0346254457417725,0.6794730360448673,-1.4342629588740679,-0.6450443849910594,0.8900426027582072,-0.9182702042351454,0.16859310807301825,-1.1607693622161226,0.9053604107601196,1.277714459227864,0.5356566224500308,-0.38233854441189086,-0.9655947736651648,0.04465376926324472,-0.3729222660847349,-0.06531253648084744
2025-07-04 22:27:18,2.067329166944513,1.1582461777619437,0.8962576677331232,1.3188012536961966,-2.306520178244569,1.127881452026209,0.9409322142776693,0.888512765333145,0.29910092016262885,-0.13582905241129017,1.3089885339517646,0.20401967055135037,0.514833523574561,1.094162646027409,-0.1620385771387717,-0.7690532325427425,-2.1077527335731507,1.2287656599904093,-0.6659097922790985,0.11503943653351663,-0.060019963824041365,0.9497427654769364,1.3368644971894674,1.521444505044064,1.3329990137629808,1.1142709737427197,1.3186867403663909,0.7282596426370154,0.15334531928938142,-0.2653426064820939,1.8521830173985945,1.5602569506930708,1.484594694986636,-0.7279503091026789,-0.11610227143954754,0.5502285883203819,-0.2545777022909328,0.9393228930345823,0.17915041580561208,-0.473819536819717,-0.5052866500904165,0.006414012663445527,0.04768833151709465,0.5833434051901584,-0.3183802181279077
2025-07-04 23:27:18,-1.6384418522304995,-0.6603761600074192,1.0333008442643135,-0.5215938942842622,-1.1272580599345914,-0.7572392207814028,-0.10801595240235988,0.5402861097364032,0.1239528972842508,-0.30910308779839407,-0.8537351096477276,-0.421798411121563,-0.2794409979801751,0.22390448376310876,-0.3517482808533959,1.1418113724926073,-0.7177591063749006,0.7544165221176808,-0.728218222601001,-0.26347027808268453,2.395148096195327,1.0054218293973551,-0.872960824784287,0.8965365577278361,0.10317052674450024,-1.5650562108371826,-1.4608923176381714,-0.292963794060167,-0.4161909037494986,0.19112738532438944,-0.14508225547834616,-1.0587632641075697,0.18791297837330326,0.943521602189168,-1.142418238790713,1.2505571913625153,0.9576323414383988,-0.5193083465967541,-1.3863905948408153,-1.3649955802615346,-0.5188306914258203,-0.8414921950982361,-0.13558601219185,0.9825353186332124,-0.023446924791568055
2025-07-07 00:27:18,-1.6653883537943457,0.2594097498547751,0.2583046128192342,0.303957342132237,0.7255385051052976,1.8092094067063045,0.9857976499110555,1.7845678110712953,0.5126663017342784,0.5887839619223907,0.02641572952772417,-0.3299828102935484,-0.6153894669032273,-0.32368693972694473,-0.7420862590413287,-0.3514670430608969,1.5650775094601053,-0.31747364298113245,-2.287782084021506,-1.0939171200640996,0.8799381302166607,-1.1032005412070967,-1.0368009737002473,-0.3176444199757857,-2.082694539142304,-0.9659431154904371,-1.1264029514632892,0.9767437885501852,-0.14163951240341602,-1.042894374735291,-0.4492806609069333,-0.8438439468368433,-0.6821598875625794,0.48289324976705494,1.0414519950850993,0.8246663578102374,0.07407500253263219,-1.133886382595933,-0.5996646817269199,1.0883504297532467,0.5191066140749371,1.8028109053280157,0.4333034135022176,1.821430380697861,0.2811713188631315
2025-07-07 01:27:18,-0.8589704402525916,0.21521402172032617,-1.0748799801420588,-0.4680094839430096,-0.27341534969842296,-0.04296561986008741,0.6501458006793093,-1.7472439521051704,0.04979231652692287,-0.8628480279457897,0.6421269633593638,-0.5709668707434061,-0.3614408953419308,1.3181314906356034,0.32028010476129415,-0.4906054409348977,0.7316942906018303,2.3718421210252,0.516454365235215,-0.3622301718256916,0.40066768800151076,-1.388189145547859,-0.8921165371504834,-1.9072948777663565,0.35445797805030055,0.8672040152013399,0.20241871569392791,1.2859005674012254,-0.11661030814587023,-0.1757213572181736,1.2942157960260279,0.4869826772817857,0.49939706735896205,0.7714511365575479,-0.0864301756815439,1.1571579880981357,-0.9719950873139324,0.05042041343986878,0.11433694864516175,0.3496546137629096,-0.08619733261867595,0.5414708438384847,0.13389141553483686,0.212722424998825,0.6145923334503233
2025-07-07 02:27:18,1.3431502959347261,0.5026348781514192,0.5011313195292052,-1.0635902909402823,0.35217250535627076,1.0456092182139292,0.8370183695077132,0.6466912012902333,-0.6306292782789109,-0.9386455642556679,0.7543600611820932,-0.3880785732671961,0.07734914892846528,0.38442202697390976,0.4019809048515201,0.06366028646689564,-0.6337409965395154,-0.9581882331717806,0.7821995499466012,-0.06780509919543146,0.018017700892188737,-0.3471165330515125,-1.003348131870086,0.4198994519820722,0.016885792135238366,0.36404311369817954,0.2749290035920589,-0.48205314435994595,-0.619016912492753,-0.9809838314468855,1.3038031404439114,0.9754198263453343,1.0871259020982276,0.018509254609071053,1.4709818952593439,0.6001568754819974,-1.6090882976600216,-1.3558777489462732,-0.9984703032450819,-0.7604594980132566,0.04182101171422826,0.6741644334008163,-0.6676579284914675,0.1388822997643342,0.8864422943768392
2025-07-07 03:27:18,0.797967614674225,-0.5361397010532499,0.6602136673571405,1.786025222272807,-1.2025492450500321,-1.221654845882374,0.16364985994506623,0.3630657163203859,0.6801449567014347,0.20769634609933363,0.6912324875876799,-0.5176518794026449,-1.4587740405993668,-1.5442560510763768,-0.3326167672060997,0.745134591055892,0.5384426948792365,-0.5241258242001531,-1.2630624059819486,-0.9858993505534946,1.6703496325782499,1.100984583683951,-0.029395393464880865,1.6244128703373064,-0.5238979867773623,0.11702200307000887,-1.2039625189547538,-0.5001077810593187,-0.41331957837003336,-0.11037120503209105,0.9422264451449345,-0.11388923715256656,-0.2638775144696091,0.937483498280315,-0.6470526475845908,-0.2822211801042443,-0.9261944888853392,-1.0979602073305545,0.19076721101646515,0.3038430899762499,1.086684233035979,0.4827654532948198,0.17637232777082476,-0.7428451399162233,-1.4501508087267827
2025-07-07 04:27:18,-0.6299426285817199,0.9518851980296594,0.81770377069444,-1.043554151183054,-0.10940453565193975,-0.6472950157263582,-0.8207030298254283,-1.0343180425302705,0.7075552549883085,0.10201960373424913,0.9271445221471961,-1.455798034408935,0.09063763214897955,-1.4153700365402975,-0.6653540362933533,-0.061769160583070734,-0.4612965223322786,0.4329774957485688,0.7780183608267941,-1.1171981385017122,-1.4907162503185432,2.809239897265359,-0.8469392500456554,0.046341709081235506,0.6123075923549507,0.8515187744620583,-1.1492909766969988,0.0019777137907823483,0.24483244854395972,-0.7472983489014993,0.38476951962118433,-0.5291622425714825,1.5291542533723461,-1.1158028417907255,-0.22373115663647095,0.6070716205625026,-1.1426980236056077,-2.2487204801056464,-0.8559286964564411,0.5116447962046858,1.244353695231854,0.4146313814192537,0.427847417000673,0.9795647413866918,0.5772406260821445
2025-07-07 05:27:18,1.92688976032312,-0.09279334117345207,0.04192001892337904,-1.3768587917573158,-0.8209276429809662,-0.04018958341235053,1.2054888677800089,0.3857643822521619,0.9191329429825156,-0.2091506674298816,-0.9587906801654356,0.264816889447237,1.1308990302863795,0.9034764221442946,-0.5382481022162173,0.004567746323210897,0.19476983293115194,-0.6190568462164493,0.14210391347943532,1.7560973559123139,-0.8476193825117069,-0.3325307033770769,1.9127618843966465,0.8613490978004544,-0.7723118106453973,0.7591809836895542,0.22065827952644984,0.3959986358554027,-1.289716751606913,0.6589524260437227,0.05136999606484282,0.3128598272428372,-1.5598621733246938,0.9134710640642788,0.5917826214754952,-1.2584742562230296,1.082185570503959,-1.2172145602813762,-0.7615725193462461,0.4647961094016483,0.3700508331545657,1.4440205500186116,1.2456743981710485,-0.9882296479149654,0.9124096578453487
2025-07-07 06:27:18,-1.0803421202893542,-0.08071649401241632,-0.410822266786216,0.7942534203260048,-1.5284994782267451,-0.43408570430769855,-0.7751482143582706,-0.7695965816568817,0.9302281282859797,1.591571613488308,1.1211546408526705,-0.45993269711819645,-1.1763032008678016,2.9797338211606346,-1.1084437715235198,0.4801401323326949,-1.143919655162498,-0.05885899994857416,0.6260030805306713,-1.671538766423847,-0.3497844001201125,0.9676402296168521,-1.7935049055410524,0.1492265890860651,0.3917601880564915,0.2161773750038393,0.04634543827404909,0.695584324366527,0.4961994469215128,0.9624244262750945,-0.8009582183654503,-1.9455385594518715,1.5674145628460925,-1.4985973492865499,-0.9365737949884866,0.7341901594558903,-0.6695543666729667,-1.0801271164210446,-0.5942749178203058,0.42954575577228593,1.4160941536580538,0.6341655764273046,0.013030865673430522,-1.3429523462828508,0.436158242347576
2025-07-07 07:27:18,1.4934544185028693,-0.6224215608588344,-0.49399188483827816,0.9626640931661816,0.9701357523764331,1.4180682028349934,0.6762029121934271,-0.24620289675096588,0.3553228059074241,1.0085068569727946,2.2998558534545577,0.6676613518566635,-0.07757868302781867,1.565113156030786,1.1535823222161112,-0.19964782354245852,-0.4319978533520178,-1.6519309754821987,-0.41169864346478074,1.1072098205015173,-1.7886104786108417,-1.562864506100278,-0.47424704871732787,-1.2163841926157941,1.8044820151519285,-0.03576258801302603,-0.9997314338657924,0.05167430732964807,0.8644279945030673,-0.5149995407820972,-0.36814584496506253,-0.4870332974138394,0.8405470812496014,-1.431819006843848,1.256463403308634,0.3701528236756736,-1.0108815663572501,0.19342413263141955,0.7833045031109973,-0.6151458118577914,1.9311212503329598,0.6844293931293024,0.292388819805092,0.4434864003722402,0.9848725279556623
2025-07-07 08:27:18,0.09647558487861549,-1.3983423997062399,0.3634435211371623,-1.4291215166594542,0.892657253226639,-0.6143859580541062,-1.4253024398907825,0.3387469166650384,2.941530431981214,-2.3636176562825546,0.021411706185148073,0.9865373795358874,-0.9928968873756212,-0.31833085149707235,-0.35027996213306567,-1.4500513712871883,-0.6434313864249649,-0.3290795613823885,-0.08056360573638773,-1.257679034085652,-2.5017466699855575,0.5788137973588701,-1.299377002295714,1.2743577925131102,-0.31969689778401006,0.29294879946748165,1.7638444855682318,-1.821175707627526,1.3045662998889769,0.8449043882070288,-1.1767792670630135,0.35738295562889405,-0.5510105750185852,-0.4087238373860146,0.573056903861073,0.5961189789306476,0.2476933036325149,-1.3417742842977312,-1.3129588254171936,-0.7882738974570835,0.20749420066698973,2.4558399235894206,-0.30840740262416616,-0.028133054796257297,0.5701172843710113
2025-07-07 09:27:18,1.2272375384412328,1.0574168692575467,0.2974977308504423,0.017023233728439623,0.528341456113115,-0.030561877256801626,-0.533046518203184,-0.8116792478365447,-1.1040582107844858,-0.9807150112903508,0.8924027027377572,-0.2626673310185559,-0.10415473413732022,-0.5321401004697555,0.8016127386640622,-0.7027630541216465,0.5303918477490364,-1.807397466824715,-0.531667671481742,1.9997668660971697,0.002239936578267079,-0.02021386400757138,-0.5108321127029064,-0.44673479433938945,1.662928893831736,-1.1867975198319078,0.21969538050134801,-0.8473451194643754,-1.4442621038923114,-0.9708374560921111,-0.5894975041450756,-0.5039342639855421,-0.6024808102571813,-0.041782836256781204,1.6684857644945899,-0.2404502206513318,-0.503022625676608,-0.7975791049938966,-0.133121594023976,1.7486478388167268,0.5034208199501944,-2.658020019774059,-0.7785255947260966,0.031567518710983955,0.4047003205757127
2025-07-07 10:27:18,-1.910029439451406,1.137660898891304,-0.19002935722304268,-0.1794822554927806,1.315933539111195,0.12009505113825848,1.3586135599954947,0.07629008096787997,1.0606787429261464,1.3817706223051436,-0.7799073509791117,0.5327948107071039,1.2637589639106803,-1.1722480086030713,0.39632766635433053,-0.4803628245924655,0.2305143390056875,0.9014073029814346,-0.6035910938739077,0.8624995793862565,0.657083825244622,-0.8036696929711817,-0.711968489084975,-1.096853637907373,-0.15552643430972132,-0.6351332129301421,-0.3302347482845167,0.8832413626450845,0.4452943143249499,0.15332957215893858,0.5177289425920006,-0.6414485574926113,1.67738959108907,-0.7343733230066629,-0.3439562776135,0.22915421353738538,-0.25168969210088593,0.6984014094134617,0.14012380529449356,1.581169815572994,1.182681046235917,1.1218302708649923,-0.40942158102367976,-0.8072383747529824,-0.46311867783835464
2025-07-07 11:27:18,-0.7330242716492626,1.6605095425096854,0.20391047288156003,0.3040635865081367,1.846561510049273,-0.6827852822414617,-0.7882399958122014,0.6894899465418837,0.4036742187889361,-0.7322854582777218,0.5865390376721006,0.5740293176597873,0.9190084277229307,-0.026206802847008756,0.09199608796536073,-1.213216256610528,-0.9986744960866786,0.2467831790996898,0.6432814492768558,-0.0029213040710711017,-1.9272484026060732,-0.4573770193985627,0.6020053607294652,-0.9663845659546179,0.3644787901460232,-0.7946392322209388,-0.1040170509347279,-1.3133657602190552,0.2148416862093781,0.0720086539590175,0.027875559674892584,0.24683299852651988,-0.5008078098128627,1.1468187462550037,0.3115088966844643,0.09927867446619068,-0.4600087832637715,0.41757789720017513,0.16398093888074905,-0.20038396594813981,0.5097801717897716,-0.6251155148158003,-2.2953818602049467,-0.818452357113019,0.16125997367231526
2025-07-07 12:27:18,1.2239480114402748,1.0968543589605564,-1.2421829339605386,0.48105045985192685,0.5846522645829072,0.009866560675460974,-0.04873200444659512,0.48622383728094276,-0.08457232460451282,0.4089647506942392,0.2904615254806985,0.20435210561798864,0.6947100805869248,-0.26574472278879696,0.4994075265034482,1.5044641150285427,2.5880890457496353,-1.2121346118017449,0.7240008344080615,1.8057277360197879,0.001471773010802999,1.1903988768563833,-1.757246034254673,-0.921322528381898,-0.847728410769698,0.4146627933563951,-0.11456678555463114,-0.5350561891897153,-0.7037619660929336,1.3950520100819834,1.3100899522002665,0.13413325703049134,-0.7354601213495198,0.6415915850210656,0.5839311607895348,-0.7198176780056701,0.06302190714883077,0.14078883865485928,-0.30948189764249867,-0.7850709901020912,0.8980701588917835,0.31870353561110004,0.357009633694105,-0.016520199210327817,1.0522116686843836
2025-07-07 13:27:18,-0.28962747234776665,1.6299489057910348,0.5612331746959871,-0.9768724017545187,-0.7468360251875257,2.2514182116875805,1.6608416338370051,0.09121558256992497,0.5480415737512735,-0.14211462424607807,-0.09118347489210814,0.9202271856887039,2.303368840628976,-1.2980588918849938,0.4350876606185514,1.504537601517747,-0.9747070502977697,-0.8238120934702898,1.2716881297769906,-1.9200403730766422,-1.1102564953092648,-0.529965227471203,0.4939611491530274,-1.0125953798789227,0.2226058891637831,-1.9351695198388859,0.6894085413033992,0.7802599756765883,-0.2939472542222467,1.1886466773427116,-0.07010583606767495,0.14202701384981709,-0.5183219489476902,-2.076720658195812,0.7343215860152416,0.16692218524575178,-1.6321680442610094,-1.2268283512274594,-0.3129798935341844,-1.8084504682238138,1.0612248217584153,-1.3545884251217024,-0.4746049634602784,0.7099605376643573,-1.4513382834046156
2025-07-07 14:27:18,0.5190157375476978,-2.6214918681677806,0.10788841583475046,0.11278890192374305,0.33141151602578645,1.4719832572389433,0.7530544761698118,0.39627476861770533,-0.835992828033893,-0.8893562816580662,-1.1724618167088283,-1.0577263736678038,-0.43148613169001193,2.050164981147764,-1.3833412463400117,0.26429442216189697,2.230381427010333,1.3750344832997385,-0.7737751026041177,-1.5261851144018377,1.2805038217661822,-0.3062078811301255,-0.6034206754749684,-0.30687099910475524,1.3678271830669018,0.8890118228539342,0.04808794973894402,0.6882851332889306,0.11526525773935922,1.5536610068309211,1.1349222070134755,0.18107537308875193,3.502169911270786,-0.21246300584175237,0.2546894118607626,0.21967546354139328,-0.07234859294254735,-0.636777084551695,-1.2149327225008293,0.4997387388398158,0.36285592098425956,0.2595254664531276,-1.5332698405628586,1.9541603833408203,-1.450122208829961
2025-07-07 15:27:18,-1.2434563191663706,1.0499235965963873,0.45596314543512434,-0.5771400603642767,-0.15589571691086995,0.40998171196968913,-0.32361549823781655,-0.21146831181834602,0.6057020824641323,-1.1999911090635438,0.9695517342208672,-0.9230522104739731,0.8364283378947726,-0.9410683565320055,0.671882380737223,1.2072109133231055,-1.654618156107557,0.9131689146139478,0.07619625037664979,-0.6517801524184514,-1.4473543660891082,-2.582741961870851,-0.09051999695566978,1.6147725151935581,0.7870025956204033,-3.110621539563702,-2.73724593162381,1.864139519483575,0.5779977809181753,0.3399425879313407,-0.7653971442629861,0.20558405308761063,-0.2974914889371748,0.40663366330203055,0.6222822104442117,-0.3174264718165091,1.1843554300875516,-0.7761336183742455,0.6214549119553154,0.7646301719404719,-0.16103544248987234,0.47173590383422576,0.0814649741715679,1.4823915623227741,1.3150002072780813
2025-07-07 16:27:18,-0.5914099155202998,-0.4550336056474387,-0.366952319503792,0.8329260379792621,0.6176618380792158,0.2332113999637554,3.280580869488071,2.4863133102731667,0.8996535623110699,-0.3381166488354933,2.3153411172414353,-0.24908334747869,0.5239449483296162,0.12390577077953949,-0.37811606914909757,0.2018161567120088,-0.669154626941158,0.042791535830684256,-0.7151072935682254,0.29428359425455847,-0.7983186330688025,-1.3042287887168469,1.4041475596918669,-0.11862173531282776,0.934122308105363,-1.629346573833446,0.4048369108326036,-0.09894134143144262,-0.6170614491865332,-0.07270389269843211,0.30144855946493543,1.7232438890787407,0.18247473343285883,1.4412359880435381,0.4039617979225697,-0.05009760292716786,0.6729987519763777,0.8946949293754811,0.1487422769779546,2.238547653749434,-0.41361125840356705,0.049690915531151174,0.16448041912144418,-1.089953965012886,-0.745760854835087
2025-07-07 17:27:18,0.7731769588408481,-0.12902180121088447,-0.3212774094505035,0.6261531907186235,1.1465050284227427,-0.07413334807341425,0.5339662492308884,-1.6174374474449449,0.02707714456864953,0.6643059050566656,0.8669092783370788,0.57679256908274,-1.0182283135437513,0.1507049879446868,1.0096755042468422,1.1220800107467745,0.3105591115920491,0.5093530807680308,0.9610663772647139,-0.7660915445280813,-1.002356912200594,0.10994180583938738,-1.5438052840212477,-0.6462078957409754,0.5266034893933319,-0.5867269811481793,0.14552470373427637,-0.18641117345727864,-1.5096944783696769,0.12650783241051208,-0.25888172204279053,1.0529719003685865,0.5345898527464211,0.1181680833569741,0.8474619877016597,0.7736487706969616,0.1987502970789356,0.7170701410712795,-2.0827844905848947,-1.503233962432244,-0.7927274090064894,-0.4588450127784508,-0.5024639295638931,-0.21792363658817213,-0.9094708094645148
2025-07-07 18:27:18,2.653991489739685,-0.9914846661080768,-0.43474498022072927,-0.17594670196406145,-1.579572859819007,-0.006580257564980572,-3.288788893713062,1.6528105998289329,0.9863038823509958,-0.9853852317478309,0.29304077721048405,0.14817586404220962,1.1943241791761503,0.7729443653411984,0.42668182223273327,0.9598080304479458,0.11847577718046616,1.2886738873618604,-0.925298936615135,1.6685525067500764,1.8646121365388897,1.0000526974551855,0.6099852077833947,-0.4641435789574221,0.5207565989936991,-0.3941480018874441,-0.24663042024380188,-0.5780906051790882,0.8241013231231814,1.344790076625038,-0.02626770511670809,-0.40397820287943315,-0.2478150312262752,-0.08831174335751112,0.8964226902776771,-0.1851487811364611,0.6789214194817295,0.6657769245259687,-0.7931281940667785,-0.684449630649448,0.5117872522018533,0.8523605518069289,-1.2484585671874426,-1.4947059527373392,-1.5668807792617103
2025-07-07 19:27:18,-1.112465591887381,-0.15283148325484522,0.5767599037888135,0.18042971033714783,-1.2712720038974088,-0.8620607882820561,-0.14227014362583168,0.8575871191221214,0.09720463499299177,0.9985631818341545,1.833557576096072,-0.938379609233164,0.5453237529483225,-1.6445676943528702,-0.8734838920465654,-0.733240554966494,1.1034254808186295,-0.25411586330350244,1.88872088797325,0.2922583573765984,-0.6390667909573244,-1.249473331406951,1.3589912259972714,0.95994237974611,0.33986947130398,-0.41601538633268426,-0.41867155171222753,-0.42331128968118303,-1.8400160963718708,0.4232852321879747,-0.5657203965200215,0.5235327765923888,0.36939778851934874,0.5446159991277447,-1.171117350426215,-0.6103202214327813,0.5387919511622067,-0.17909215866951173,1.1006703002749882,-1.769474239254297,-2.9016790905150236,0.0882364854572462,0.6883570797069513,-1.1950856457998063,1.951166513716533
2025-07-07 20:27:18,0.3381671656091085,0.652247183027358,-1.2302562928156473,-1.6908938625323744,-0.553462170567858,1.5258624166036308,-0.5667031355437822,0.5048704797016016,-1.0722262321518974,0.300214243257462,-0.5157510767344491,-0.17504077311432475,0.19560205023324256,0.6160784245933925,0.0921613387621203,-0.5677157329796622,0.14959466751393438,0.6891117471516125,0.4649593640944161,0.22859297515627747,0.10226421113598556,0.4114868870890961,-0.980655246476882,-0.2785591058228075,-0.1031598533162109,-0.6805595297630316,-1.1230429995518858,1.9215552205357784,0.24289468283070095,0.252136420996893,-0.41255614516316436,-1.201902568587285,1.7534962223372492,0.8082269929265035,-2.3083683213440613,0.8042517236922844,-0.8292754918374622,0.2874228023344065,1.3100375635039472,0.7316719432523605,0.11944723178362968,0.44254577148888363,-0.8490274835538751,-1.2394879472813622,-0.26499920100073726
2025-07-07 21:27:18,0.19366483646382107,0.11296015037597154,0.5927085279928426,-1.0189478907280232,-0.5338041298139014,0.631269198576133,2.179194283014239,-0.4822421745973885,0.577426672691672,-0.4067199906100608,-1.1573845441468231,-1.0587099005708636,2.3679559673606336,-0.614607428846541,1.7866420374558352,-1.1183214723177706,-2.130625933836482,-0.3088643528180214,1.7474355174484388,-0.9103583159871811,0.47686728171950016,0.2198373621657072,0.6680634930756261,-0.30318489370260965,1.5328539106049153,-0.056315284118514955,1.5966970632990527,0.7530690308022087,-0.10572933113080923,-0.2714553851011993,-0.9631983010944427,0.9456958880221634,-0.6848477198439966,-1.488142105366974,-0.9102831190783902,-2.2100767914854123,0.5870703206538329,-0.7888149338687133,-0.6941177832977842,-0.6495523551635013,-0.6774000400437042,0.8758569755286436,1.883636593576213,-0.6123274370166423,-1.430853468158729
2025-07-07 22:27:18,0.2525402504627205,-0.7980335629167968,-0.6257835257161618,1.7819849447042198,-0.9783507042693027,-0.10788051618645338,0.20340378815324553,2.2321732674036876,-0.20438576093551206,-1.3104595282640898,-2.5079973989632784,-1.3908425101410729,0.8247200698031579,-0.5555446002928802,-1.6120935621943016,2.632278566941897,0.3018029449687668,-0.5656416845163186,-1.0662650611550544,0.35838630978203345,-0.4747481974661727,-0.5530087345621713,0.17352215007659813,-0.9315035672449673,0.6948252834273321,1.7389131996592766,-0.8967134564518198,0.4825090471160526,-0.09458395506558177,-0.10326710042426096,1.7901027109179126,1.1688899963287118,0.66807800016802,-0.6608981164032891,0.960560712353383,-0.8778864906821063,-1.011099696346115,0.852174416943933,0.514455669994583,-0.11404333284167349,0.002429291711742646,0.11004010846123109,-0.30112905960725045,-1.3897842002572771,0.29612862076284735
2025-07-07 23:27:18,-0.5484061405517127,0.5059373797629421,-2.1484970091692737,-1.2738308208988556,-1.0394952535043425,0.43441894481977733,-0.7220641335308388,1.523103890862765,0.2443033660704336,1.047166707442456,0.28500504390562575,-0.4978221220535752,-1.1038751385732286,-0.8669031070414944,-1.1533099556380835,1.17864393032611,1.5209116030430503,-0.8279738862558579,-0.9783505495961535,-1.4194967314732958,-0.5116182711674374,2.2655663586677606,-1.1627931961411404,0.2476970698795816,1.3556608708145894,-0.8103647823671883,0.5421242826228729,0.7818799968585681,-1.104479975863355,-0.8491233818148738,0.28798114584521,-0.4758143106487154,0.45796811175373636,0.13793303936589985,0.6940962052819593,0.8528920915042506,0.07133227439754179,-0.443566034346743,-0.33040250089392453,0.28029098564615884,-0.23270641623881375,1.9437964745798895,0.14464285852585945,1.4826353783733102,-0.714953222832901
2025-07-08 00:27:18,-0.881814759021658,-0.13176680565425714,0.0616556935259278,-0.25723036812591105,-0.8523462117477897,-1.135393265609347,0.539443085758044,0.3638589481940448,-0.49761561613385497,0.4304661101654402,-0.34462125373832797,-0.9025235321413495,1.3600079554496496,0.5323383670153522,-0.12275729336620274,1.3382276742776964,0.29728420109092357,1.1529311885837972,-1.2664406483052764,-1.856566650183135,1.0038867701810608,-0.06379554766856857,0.3548882256815714,0.5271827949385347,-2.637563760009765,-0.1579009951518895,0.19480030081762884,0.846340386332323,2.5809006243821297,-0.022388668424305452,-1.6960550152535612,0.536490193485321,-1.7931689246801035,0.18427102550522928,0.5032258126458493,1.035207403655405,-1.6292535285135656,-0.8572913031316474,0.08100005137293177,1.4001730748870673,1.1803757914980577,1.5118268911905723,-0.7443712498746442,0.5547897580937835,-0.2721905965947627
2025-07-08 01:27:18,-0.9355622928638776,-1.0072463849118634,1.2683768226372363,0.6001009422017699,1.10739372683279,1.3138899451168486,-1.0756351813063636,0.35958161238036496,0.8523857863036086,0.6489596486593316,0.26945847428279185,0.027624221893295393,-0.528094433394416,-0.51455790134026,1.2207276389281405,2.2071484174966356,1.5753887718988506,-1.30945269888928,-1.0393647800629529,-0.1695906072531691,-0.8702811090748618,-0.5613058585932106,0.7095054330768452,-1.2654335556258731,-1.5117258044766135,-0.47123452558723955,0.25598408108620335,-0.7685419814265635,0.4511926448438589,-0.5682183535708967,-0.13803836655725676,-0.1770231919364779,-0.5306539196094484,-1.0883903943590416,0.5016782150937338,-2.097095156507902,0.7152154597399227,1.5657554524060184,-0.06243571662897966,-1.715933491433809,-2.373413315861514,0.9541712468112142,-1.1907690530770554,0.18886657908914972,-0.6352705134214927
2025-07-08 02:27:18,1.200148018674556,-0.9059988303430767,-0.22456888089093613,-1.2387557982688235,-0.4150635501667581,0.19644280391155994,1.290034187685554,-1.818648665741909,0.08985152089133006,-0.7152874166346053,-0.10615419705684906,-0.16919279255352188,0.4661033367916649,0.2684158519193525,0.009615735560600304,-0.6445537342868888,0.8848508691934287,1.4429714816438732,-1.014887727125158,1.9503030892174684,-0.0052211090571429135,-1.10483951547414,-0.24292639789018344,-2.3882675856257745,-1.2487277417812581,0.9735568203540155,0.501502010208837,-0.23899339455504431,0.5860277789438452,-0.47911712946283047,-0.2122038670416704,-2.109794156569537,-0.014541298828520654,0.5868378081230705,1.0990011433104219,1.2101520512451336,0.5847393891523891,-0.9151318597231402,0.7565795518078007,-2.3110086799223026,-1.3306894805868346,-0.3558557406353103,-1.1334931282429628,-0.7393997944219816,0.3930631742499971
2025-07-08 03:27:18,-0.6529696040282646,-1.1984622601854227,-1.166795520942917,1.7765146916853418,0.1927574448219356,-2.5256083265149614,2.0605505093477645,0.45147256918570805,-1.1989897832293217,0.4585477116729184,-0.3900196053217475,1.334298852279901,2.119629257140214,-0.11961943320873078,-1.690324117550856,0.4359536727604487,0.48532493149803274,0.26805501894721606,0.9158175874686204,-0.8665856546303831,0.45323046490072727,0.8270829552201495,-0.2695357935229399,0.7280408018116595,-1.302072344184767,1.092226511823478,-0.031027011443867977,0.5378583490159619,-2.222522431313212,2.357915401821525,0.625125386725236,-0.6222778376068322,-0.5233983415344641,-0.1050438137389921,-1.350681786721474,-0.23229920909229762,0.7511495812363058,1.1400996387579039,-0.7008916752215878,-1.046958184238838,-0.6210922935234703,-0.16311609519519205,0.20425787469404466,0.0007364604879271518,-0.20096373844605253
2025-07-08 04:27:18,0.21314857057064746,-0.7369910481842684,0.3067410179586151,1.5683808638791985,-0.017183911782098674,1.514062032469493,0.8223604367683478,-1.1322843436633314,0.4156833913705617,2.302761552899174,-2.07089660345072,-0.25550756337325303,0.42233362549628856,-1.1685100674927975,1.664000676482881,0.5555504174401403,-2.554559819965639,-1.123744314012033,-0.7276405523902528,2.4096636777911713,0.13751769415987974,-1.800506076943819,1.0562910708593956,-0.512345230652577,-1.2410245414653767,2.0743943196013173,-1.1804883533426034,-2.0690403521992096,1.6159998769784725,-0.4861419153226046,0.10512963754374477,-0.8670541647907491,0.15818955862656886,-1.598239033098619,1.5343363635526646,-1.3072887804556956,-0.010278748669568731,0.9758965595025867,-0.5925788527690574,0.3968366008826199,-2.8656552522518797,-1.2988276988524254,0.5622999566755799,1.105014417080793,-1.4507983646501366
2025-07-08 05:27:18,-0.7461345501883904,0.8387143640707427,0.3483754158023367,-0.1185757079964602,1.3295199997461258,-1.0409885892481041,-0.15857498345923138,-0.8461020283877158,1.542896700216941,-0.6710483149833845,-0.10605611864187935,-1.7677983629476688,1.028391011013269,0.14411032069171822,0.6422656519690803,1.3292794998137174,-1.2100624098045607,-0.015551767275306803,-1.8394661889276882,-0.29890828123762464,0.11471277084102766,1.1690989299824892,-0.4006096672357167,1.1447537004712423,-1.6728349711494344,-1.2602873681568858,-0.5790517310137031,0.41022019357672584,0.9178132069651446,-0.1514744146354657,0.9107170458792546,0.014264733645269168,-0.5496889533063516,0.41570998396053516,-1.002929647019051,1.2955536857811811,-0.10836731960404608,-0.4341983105834114,-0.5605489782912875,-1.2396500548908478,0.5275001418221625,0.9569911396991735,-0.09948235120846595,0.18574680871195978,-0.00029395917934836043
2025-07-08 06:27:18,-0.2932185007139914,0.2794086502054357,0.2952548116916473,0.8365282292300167,-0.5177671748339838,-0.6118505578004354,-0.1611149708933128,0.5522784436605825,-1.261014296559098,-1.7071650525818367,-0.7239369013789103,-0.5305069274893595,1.05933232524458,0.24830493638794382,0.7639344343564158,0.5881963781258375,0.5800173326996881,0.6609875902378279,-0.0437978877023867,-0.12118777160841483,1.2656727732845932,0.1784116416301503,-0.1596466452196954,-0.6825881628687407,-0.0959972191444839,0.3647207852712552,-0.2536520355811839,-0.4974490349449022,-1.0346715991525406,1.3046800336009345,-0.3963060506664764,-1.1641966400235666,0.3023541049212433,0.5187335766654495,-1.3270960393132725,1.2005480735701255,0.2949977258521258,1.8796997017645816,-0.17060439295861266,-0.41580812213857005,0.0927720546511507,-2.065758697219476,0.6084635853688067,1.5368515132755163,1.7532912911632461
2025-07-08 07:27:18,-1.1919372685768583,-1.1298456159463537,0.512776988272882,0.15962556039979578,0.017647268590022646,0.779306293895346,-0.49597213188304184,0.3582431594271979,-1.6951563303375516,-0.6669906626443192,0.846865252400976,1.5056706855372526,-0.3399962035051589,-0.4159403565761976,0.03675950597428612,0.09692139517018726,1.0665450500382947,1.5361336391406701,0.25891116571389117,-0.31900130933737325,-0.09520147983458829,-1.3659050940138147,-1.5062869026958505,-1.0086598582618933,-1.2145245645726122,0.9423800266146515,-1.1139230228106605,1.49978755860376,2.454613832021234,1.327114615866684,-0.6828741791177576,0.4772187932908652,1.6439662154359982,1.0547591281230773,-0.8353263856491102,1.2384941220544632,-0.8778231712408053,0.4607656806473283,-0.5900671394263959,-0.7866827799472239,-0.2826421002489401,2.086772886081677,-0.23040969918622164,-0.13702401634840175,-0.5929948070258979
2025-07-08 08:27:18,-1.207635532841522,0.35350603261559205,-1.6937126003644913,1.0861087838945693,0.19161455317735968,0.4321673479654204,0.5241204945708245,-1.3238872915091222,0.6909787745513172,-0.8938727296013773,-0.36626639848916603,-0.03425603726570402,-0.6740804435570555,-0.8169553834388454,-0.8691817111532621,0.31646272424045985,-1.485645220273766,1.0160062821080655,0.8338468681041494,-1.3991161083052819,-1.5054190322421965,0.10229602064582238,1.3263400104001948,0.0862544998316411,-0.978699286542554,-0.9182088530710921,1.0192340216638116,-0.22506288730987983,-0.5429663610435408,1.428586425476545,-1.0291681521677616,0.31541649326823223,-0.3127969205104121,-0.6148531880267801,2.0909709908091627,-0.26123219142138426,1.5527644481430638,-0.6865953028705325,-1.8534151666212024,-1.728805738825142,0.7927306022128472,-1.0840353988746931,1.0040399476719462,0.6306162651273732,-2.424922375047923
2025-07-08 09:27:18,0.5529785404911572,-1.0595110477996557,-1.4483495994874538,-0.002601455055399537,0.3726853836307214,-0.2138033711427178,0.012594571026888194,0.5659290249099614,0.9578740954534604,0.2309005324863834,-0.7064807126247299,-0.4990435960372032,1.4721239022138675,-0.634217027399836,1.243760136511003,1.1625312055721981,1.2233058145063744,-1.0383858593514645,0.4884023676692045,-0.8908394376947327,-1.113605328241666,0.33430784190581997,0.8489763707418827,-1.3931027301859724,0.18897336569246775,-2.327004437401622,0.7059429963780445,-0.5739641488300287,-0.5159814762936488,1.410657171178195,-0.2508409424329164,-0.08096024560169134,-0.5252784723500724,0.7862930886951939,1.3927113098105288,0.7111930197771131,-0.34246059771823795,0.34466438558563545,-1.7354710631243728,-1.1721601967192847,1.7036209064880514,0.2874390222123691,1.6023277168182137,1.5314969009484625,1.0582099018755458
2025-07-08 10:27:18,0.3732517652568521,0.9178168308789824,-0.9840557559431964,-0.03309936211837676,0.27535529527691843,0.14676804736212853,1.2133082479226285,-0.6353847380302214,-0.3736703185577819,0.393937268644872,0.8603855312193911,-0.8191122618328228,-0.07001112337991605,-0.3658040213482662,-0.33943733291288547,-0.48095044738930093,0.15219349351561087,-0.5258198996870378,0.5463247280973816,1.724868693682621,1.2075472846148823,1.0449528047426346,-0.8163733618369767,-1.1752443838472297,0.5490517877831865,0.475469948886258,-1.2019373608371164,0.5197265748894633,-0.9099363860709848,-1.139869191979932,-0.8943656505587365,-0.032020023818001356,0.3569612647170626,-2.398316683823514,1.281436818844805,0.12439013356817011,0.12179092716852002,0.834860273822607,0.47887241325973556,-1.3483936379774768,0.48797830225061745,-0.7412872036549619,0.6888976301334765,-1.5044409058054111,-0.48461512994216926
2025-07-08 11:27:18,-0.5824370094889391,0.10467879312794238,0.43025377180421004,2.967436956538003,0.6988335392905737,-0.7300807154630629,-0.23981879806325568,0.890318177863471,-0.9243939340106406,0.09227807030413115,-1.9646192452979065,0.6496633125341004,-0.023570143230294428,1.811663362734885,0.7583532279117432,1.0268637742543165,-1.2479828290259614,0.4215577818666877,-1.657532090034946,0.6378506151152223,-0.6629444669809504,-0.5881238097305237,0.20067799239629266,0.91650613317996,1.5233768500630336,-0.6241845666709777,-0.5094937170354705,-0.34625301489669413,0.8340442500090465,0.5398899544181397,-1.6501930661113757,0.45181666543697424,0.36291021088083714,0.3808614894390877,-1.1624324310830154,0.7686629522571096,-0.012692923367918295,0.839537195507208,-0.683584318369381,-0.35145119880651454,-0.6879573564263279,-0.5108776837827087,0.0772797643212965,-1.3791356254318994,-0.769460464450877
2025-07-08 12:27:18,0.6932283024960474,1.0848253370579775,0.11313254737765364,-0.6256926328037077,0.046295156612487294,-0.6622510490875715,-1.447610695151149,0.16431308262228517,-0.5734292974018194,-0.10992487046891611,0.20633642405108527,0.25829734911197855,-0.7318145501490884,0.3044902664270287,0.8904568226227495,-0.28556596429793873,-1.335813430071565,-0.6444803491898222,-0.9295586707873139,-0.09527431267133285,-1.5985749344708893,1.0655629216323974,1.3537954594035866,0.11690595224393568,-0.09649342705711315,0.8729233992768552,0.446574790389876,-0.6347215581109485,-0.6480845093172201,-1.2220569467211337,-1.794168107305089,1.318840176260493,0.310779831018349,1.1439578422520482,-1.3718915788426598,-0.4544427141588449,-0.3650528874244581,-0.5554313701623946,-0.20549832699970888,0.9653177549004294,0.43738687546611077,-0.936995106175592,-0.6075581627602931,-1.8594567944577352,-0.4557787083263966
2025-07-08 13:27:18,0.8095381574988885,-0.030390646867614807,1.5309184598582843,-1.2088215849776376,0.18680934350733164,0.6065892505534404,0.4228427975859547,0.7512193342808884,0.7290213935451062,-1.617817687450293,0.1046155472303879,-0.8474957022337439,-0.07359999888421227,-2.2087890916632813,-1.2255993497155937,-0.28830034239206676,-1.248786776666646,0.3298400397492315,-0.30311157804820277,0.46852340038145385,-0.7640724086308712,-0.718577363481667,0.9056144038644096,1.2609814248673559,-0.7494118145666147,0.07264506995806909,1.2398357602032328,1.8183496279769562,-1.089835347367126,-0.3845687379629502,-0.031168906909691544,-0.12240805665019147,0.8773985203282708,-1.576870564031446,-0.8522141377227184,-0.8106405641566922,-0.19949502273436104,-0.22875467621101636,-2.1128690910896593,1.3080626899646142,-1.652726217826653,-0.031160747845339988,-1.5073940142064535,-1.6787923258901118,0.5278102972261302
2025-07-08 14:27:18,0.6474801951177607,-1.3397008995231254,0.040509406676298154,-0.4971502728544965,0.5577384359898385,-0.7508033350842515,-0.11585910561662338,0.43304978909803094,0.5787359094155822,-0.029566878247101566,-1.4338989907337394,-3.1556677568962614,-1.313581262460316,-0.05370547545869926,-1.1557195906250861,0.9650661355256493,1.1329889549343442,-2.287817637056892,0.5045555989337105,0.5694330174737208,-1.2501372939483322,-0.9320007365237067,0.20020418419718186,3.109670466937861,1.1083305496264764,1.0521076709631771,-0.9975042837479263,1.1912921557312812,0.4877975065328748,-0.08864839570329278,-2.665328865772721,0.49670308654211304,1.8982069412038958,-0.9586123669583057,2.1008725739388825,-1.4989246735314745,-1.0020061210169795,-1.3195773253083762,-0.043057047068278426,-0.07404498320057452,0.36361552441217626,-0.6524232476329316,-0.6235244671886593,-1.0653483445514194,-1.7246776244899062
2025-07-08 15:27:18,-1.014744538832652,1.0140900855837167,-0.6154725587965988,-0.49796234353996505,-0.0489277671087831,-1.3454820401889944,1.6607191221372275,-1.1332590614091744,-1.2918295409400244,-1.053436598231791,0.7866069792721659,0.7183773409096031,-0.019390431602769348,-0.16862739104131008,1.52396018481234,-0.27007294954721095,0.09589058352814388,-1.3908726963837905,-1.0114768057299066,1.0665519527843557,-0.6585253000706254,-1.3929626208217831,-0.8145252989370803,0.30760164892324615,2.517015830487354,1.7117927560415735,0.7140820256165713,-0.4981640053915792,1.924105234147865,-0.716149425974833,-0.06347595081205323,-0.30464742231530817,2.086341901577009,0.38600619168746964,-0.7358929206481484,-1.5948833690906499,0.09513133453682422,-0.9249823312412525,-0.2679405593841499,1.2312493697016962,-0.9627399267175449,0.351198294174462,1.468122217430302,-0.6355127979286626,0.4700961615987635
2025-07-08 16:27:18,-0.9115674007208417,-0.19691195873489067,0.5208738719520924,-1.316892847104052,-0.0028527300293041077,-0.8254515560061468,0.0050578352043770865,0.30496738116216787,-0.15003000636325814,-0.9167120439387866,-0.20197486702698672,0.4461359266183527,0.5537778760188471,-1.0920357684984063,0.8339670110145115,-0.3293290121427664,0.8219232625641864,1.0804199309417741,-0.6326007259768593,-1.071222863044633,0.2977796564060663,-0.26654232579212334,-1.2103957297149595,0.845630276721131,-1.0102364672733082,-0.4033716462222096,0.8066427635737846,0.592594926717358,0.217179021319555,0.31292590644087825,0.3256128930633553,-1.3855972646793009,0.9969448504696153,-0.7760069437287526,0.018937399613315607,-0.3095338461225895,0.26485985758260094,-0.4193821118389213,-1.272382657636338,1.2417593017188318,0.08058640623511101,0.5415552866168145,0.03916898750097703,0.5243348260242301,-1.596625144010229
2025-07-08 17:27:18,-1.999772022992891,-0.6775200785665679,-0.8151223845584356,-0.9198584040785325,-0.4921846201467209,0.25130302297890944,-1.4206603549262562,-1.0977699623686397,0.7728275159818276,-1.5433166448616806,0.35383757696194945,-0.8124906253963522,0.6979023291961564,1.4393229385411874,0.8666383631348981,0.5814845741383512,-0.5560908274412961,0.572363999713011,2.2198328991841807,-0.04508059615395493,1.1943956812729708,0.053935583694382776,0.7756955108066312,-0.5764788903921622,1.2179038781282505,0.020919595331381824,-0.050221816582339464,-0.4082949739889279,0.9648708106160301,0.6160116530764189,0.06355318786411673,1.2369098786661963,0.6260342649093728,0.26182084578804987,-0.5767754868166898,-0.12892289227635642,-1.8955982521122448,-0.9078360328486402,0.9119112160369135,0.3264972022094226,-0.06795600152791614,-0.5363201565553228,-0.6243072947545886,1.1834637823887284,-0.4794371256984453
2025-07-08 18:27:18,0.64073637403126,1.393520932899798,0.7382108143464244,0.11091897443489326,0.6554897973270517,-0.25858229746479156,0.06774691602088584,0.002586666791944338,-1.0019875715465303,-0.06517018699870288,0.6460870621860527,1.359417380989344,-1.920438130703949,-0.3648660750285192,-0.5497873415349546,0.590031838824903,0.29920296121105716,0.9823652467804787,0.3688773434720867,1.8293171720965555,-1.00030182303085,-0.6377170226325666,0.6001911595006119,-0.8448681147245617,1.6222484599562708,0.4095135331759039,-2.062809259271408,-0.9361693893023582,0.2555392944283528,-1.3580049360222823,-0.45889538631451954,-1.8159971470655287,0.32119968593422304,-0.014512818520447304,-0.4629952971988348,-1.6021503192622493,-0.39029736377902136,-0.41318840261408907,0.9260679236677369,0.35982853381710994,1.0646333972028377,-0.9773876069413446,0.2801403717554389,0.27111254193837414,0.37861590440106613
2025-07-08 19:27:18,-0.23084643610582184,-0.7977200913243061,0.44071470848196415,-0.7356682429588857,0.2510278483331265,-1.2784718735604705,-0.4877081052263641,0.29071744359097595,-0.3308793551643272,-1.21525705849363,0.012691038895763278,1.4644817455099364,0.8152056799794423,0.41677538079416604,1.4163905677072632,-0.4596144773102781,0.5258936452728048,0.7703173952288237,1.624024870824101,1.1138341311370124,0.2782142253081504,0.5954873575770807,-0.14872293389889416,-0.27392095593686816,-0.6347545557607964,0.40580514055616274,0.7947969553012175,0.7391802775670986,0.0325409184535282,1.1659436016924019,1.1322587761878848,-0.26362856481208025,-2.1369213590736087,1.9831979867129632,-0.34791083852990595,0.23685018813493808,-0.495031223170368,-0.6348728996159076,-0.42187032981429873,-1.0466534684564057,-0.3049023294862217,0.9270029331389114,-1.6754338698297997,-0.2463218020233853,0.15109727178746812
2025-07-08 20:27:18,-1.1686096417430203,0.28607948303158104,0.12322028587229136,-1.760001031109221,0.00762773720121324,-0.08014833604772731,0.0335630756577934,-0.5932187658767706,0.07132499700415897,-1.16603971368856,-0.8339501915219285,1.2760261010862513,-0.38731935692474184,0.6679679450382157,0.6139539077436751,-0.6324276892308147,-0.1113093430629011,-1.263820112109107,-2.4635614937362003,1.2887134587776892,-0.5657957516067506,1.9989543930291147,-0.36083414802026786,-0.6125717849058563,0.8909039189744001,0.6015094548051989,0.4362403776074282,1.2435722531119824,-0.8303045116858228,-0.27754337370058924,-0.8732193733495064,0.36632262654432324,0.06108497365867842,-0.8121509759074073,1.9886853081152591,0.18116525969343442,0.5302071603334199,-1.0083955183980504,-1.083352342754346,1.070281459192472,-1.5527378450916145,2.058274208130289,-1.8961280529914875,1.6747653383057555,0.400765334759079
2025-07-08 21:27:18,-1.8216414369311678,-1.499764758618668,-0.17150353632816925,0.03802007434784657,-0.24480605430230246,1.2337291897963911,-1.1000017226714993,-1.6391093183334642,-0.12708306770531042,0.5019544418382362,-0.30076276063887614,3.071241612762402,0.25184423731580435,0.6694924696645413,0.23913472098253943,0.18251879311405653,0.2502455874512791,1.7448561905789186,0.2516719793873577,-0.23471346165944923,0.07064202896011282,-1.0084836068660648,-0.0491898131067844,-1.1806665579301208,0.11570856594388747,-0.523932747635576,-0.6929829641532684,-0.6092470962711878,-0.4377584263944779,0.4794137561274038,-1.0735247642895474,0.7348217489751031,-0.28258519580547065,-0.0823966987831556,0.6336071102151023,-1.0157725423432777,0.9589488139367213,-1.4881415094381476,2.4998271761723023,-0.4960967780541285,-0.3048970377930005,1.7539026027679703,-0.8161364173668824,-0.031217149137406783,-1.1864318282949324
2025-07-08 22:27:18,-0.3636765215217977,0.6875585675434482,0.9003218753139756,-0.9472733770768894,-1.0818307565182486,0.5603849585388094,0.8559372543872008,1.7263325505541136,0.5604284276114239,1.2190743913561712,0.5171864527711322,0.41634997081544867,-1.374778479156647,-0.18609734978396647,0.6685625825997055,0.030178272993548763,0.016944284331056145,0.2096265254251369,-0.013508527093115936,0.7004049516256721,-0.7888456658368036,-1.5582214033604844,0.0787871696413516,0.3948500216414977,-0.008827353335377899,0.3968775368056229,-0.5209611148814935,-1.7537902275764288,-1.2118601771510187,-0.09137833645553695,0.05627497522366533,0.015824739358669723,1.3446123264123344,-0.4440686474282923,0.5404727578240657,-0.38132145778939963,-0.7595182575142532,2.7814854757596525,0.043666259764446644,-1.167042922092596,-0.4255700599967052,0.8366119059832359,-1.5788134911199991,-1.3134801782260428,-0.42441731542219974
2025-07-08 23:27:18,-0.189733668514153,-0.5108002714466593,-2.332513612061256,-2.402568222001246,-0.6132480601098862,1.2481972290998167,-0.45194565951785187,-1.5427068522482896,1.3643849149825686,-1.2188158833223555,0.029232536012961774,-0.6126122138135704,-0.019242467902549777,1.0186041981465581,0.26405352553471156,1.5795244515235283,-0.706302937221272,-0.20076346011836457,-0.779736195530139,-1.6303891886133477,-1.4295701777709848,-1.366260709819204,0.8124560260338798,-0.8505944212573787,-0.3499065433098622,-1.828435123023799,-0.028346116948916047,-0.34399157216828774,0.35519678473804284,1.9103083104780822,2.436020612057666,-1.4102732313458353,0.43348140396398244,-1.4480686907455897,-1.3189365161851323,0.08013824686118629,-0.8341365079809512,-1.397078920414292,0.3482856851991942,0.7843968755057809,-0.17806766161239398,-1.0483023788633363,-0.15705657910483065,0.006260267472237293,0.5178239337291269
2025-07-09 00:27:18,1.1284570751111256,0.30614244626240655,-0.4111850112532877,-0.6598168357858228,0.431231013793426,-1.771232226678418,1.4672775141704433,-0.7708018195114196,1.4910070152901174,0.5604358930905372,1.8951855811571685,-0.8683288950991888,-0.8688088285011332,0.0638693581351696,-1.2783321992866905,0.13441267433618204,1.6718525585606536,1.6620847503954865,-0.9794876033841381,-0.20330890480976593,0.17661434325093323,0.18648340972634453,-0.09825388379378691,-0.08496251361484634,0.9557534535184505,-1.5227670193902068,0.9015012992609662,-0.8941650014790619,0.8873380240751322,0.11612290038772255,0.8517980657088499,-0.6117289176409161,-0.9415315456870047,0.46978781276683057,0.7200300166533194,0.5065249513252434,-1.634445436001951,-1.3609067517729263,0.5625300012005745,-2.1061232726589703,0.29121829982472236,0.31038677851348695,0.28532637364660807,0.23368273933425063,1.246762809586475
2025-07-09 01:27:18,1.6462120199139052,1.295667765512847,0.6837079429923641,0.26780665340281445,-0.9840284066629207,0.9673615177895893,2.2425041909793073,0.642388629116585,-0.45515009193708267,0.23881901693463936,-0.5061105888772843,-1.0516875443130311,-0.1624596878391521,-1.5012740602106756,-0.23539615260600225,0.9522328592106073,-0.6404904014553242,0.4363331231671995,-0.057033323603594,-2.8358824585075717,-0.5854855226236755,0.04891304506098236,2.0137577309831167,0.01805499852149738,-0.11210375177894215,0.7293150247353023,-1.7587690402193177,1.7806327972232994,-1.1916646202393697,0.3772344332559638,0.2524625093693529,0.01228631275426563,0.10020647250575515,0.6628692747314959,0.5374493988602529,-0.7405398254182893,-0.35397961037114994,0.8415262343222535,0.5612687858220534,1.9961372741249106,1.539909680760315,-0.8491649991593658,-0.7031313309823429,0.37788278473937126,-0.9993321286725686
2025-07-09 02:27:18,0.011887174178183288,-0.8991384210615128,0.8161156825835845,-0.6467898916266329,0.3504785111953061,0.15246842226073817,-0.5496337176959107,-0.9181712660662018,-1.7451642310135265,-1.0084405314745017,-1.1672433360139796,-1.4471749761157904,0.5344279986400979,1.3098803196212723,-0.09643163944680774,0.5465788476827037,0.19840071650238952,-0.5277543060216813,0.6671627164969557,0.0013352905788214591,0.9779021565986823,-1.1602995771638294,0.10795932236170795,-0.7403744752137263,-0.03232006255627448,1.0283390095833687,-0.04590505415559243,0.2851592994275176,-1.2322741247879918,0.23214259823202027,-0.37382191924718344,-0.20684715847788293,0.5210408392944383,1.2572442339973164,-0.8652368070291693,2.649649542682488,2.033665336932695,-1.0919969417014737,-0.15162224449543776,-1.3623731182270913,1.48343056871154,-1.5833323000361799,-1.1189540416386183,-0.21983962813942656,-0.5213342811327119
2025-07-09 03:27:18,0.1943038391534729,1.2197865800392356,1.4821678416011477,1.5739269859920406,0.09789775814445503,0.13648922119386067,0.08379311024030854,-0.9447219066846784,0.18012119852059183,-1.0489087957348702,-0.13220172325806162,-0.1312176014446889,-0.44029760140676466,0.802061847461937,-0.8186806244624104,1.7184763034272645,0.17991955233638468,1.5183271532573135,-0.5996430192353019,0.08485179185985245,1.1683379913331615,0.004170345817066714,-1.2694182335315634,-1.6025107712378421,0.9938681005612479,-1.0390754536523774,-1.2026873522412567,-0.8235644505558701,0.683455456512732,-0.017500363394434677,-1.227481514061378,-1.4985475090773128,0.6179445471799799,-1.278617205430276,1.6056483554941452,-0.6109732598154496,-0.6882067621491501,-1.1779343617493383,-0.5876488015558167,-0.5872187647978065,-1.0039025385536813,-1.2374208260686,0.9707263276229481,-1.2824566478335673,-0.2679470102496383
2025-07-09 04:27:18,-0.4685521967994773,0.7859811526392676,1.9942095494140668,-0.6775314687228542,0.7396230827720519,0.18078382461421502,0.0766190292440859,0.5295108983176592,-0.5733585477602431,1.4498855478200303,-0.7471376217438431,1.3941868377141569,-1.119589854306829,0.3284192159096847,0.9986359148640486,2.117038002378179,-1.419590777127199,2.197439115097279,-0.8801021854268996,-2.534859951134549,-1.6480007574023214,0.006695618586936646,-1.6447105159994744,-0.18979435826292587,-1.4716282310395385,-0.2339128703397617,-0.30933938403682565,-1.4685939843222893,0.35106120365652815,0.16492317398248,-0.09711523316518114,2.0900461557594796,-0.1928233735895907,-0.0962591226051326,0.7906963720168058,-1.2597150510311863,0.05183233356892829,1.5113015318415803,0.49038823702040896,0.12383830786817736,-0.8694255293784207,-1.2248251162140522,-0.9040334491890635,1.9024115443970568,1.81707129403986
2025-07-09 05:27:18,1.8543239976316714,1.5794657477046357,-0.7864422981745292,-0.2708660775849326,0.129056013695238,-0.4618151034252901,-1.8073599696030382,-1.6489815267215806,0.16618846801502543,0.3051106538683195,0.6901254985002464,-1.3122704805460004,-0.3961265284586156,-0.8399357848510761,-0.19970334527747355,0.8798638040951694,1.0585751017897604,-0.9963575238630284,0.4370718813928135,0.9864102950753484,-0.48842327697034166,-0.6684984129116945,-2.033275488590835,2.1926556365033223,0.4019232908163208,0.7742354458135561,-0.248621666464996,-1.2699963585440361,0.328645441009067,-0.818612034490328,0.5214461730595987,-0.902437348443964,-0.4118535081793332,0.24165923549197588,-1.3443330111898604,2.1403445608202794,1.0490978012106318,0.7922680866806223,-0.16163567721690209,0.2201991844992549,0.19172159693441962,-0.09635475090498022,0.5740534319905239,1.470176162319763,0.7589402715468216
2025-07-09 06:27:18,-0.7386138922440852,1.262930038856267,-0.5938542845990104,0.5449781820168524,-0.5202502748537172,0.45758561770879297,1.048139543988163,0.5319108352321963,-0.5891291641762598,2.21100873895251,0.16140816780062678,-0.6363562653557618,0.448382302037921,0.10113338622938203,-0.21774592898937287,1.8589260971050492,-0.711873125361156,-0.8812219412311664,-1.6809425433800447,-0.06751668371568094,1.0074514707360074,-1.9159993878718804,0.6149902809881039,-0.1782051029698966,0.09796982156071005,1.2540922425807808,-0.7032119162585648,-0.1976278377155924,-0.5411051659137444,1.7395066894280835,0.047105548121237906,-1.1415387378899307,0.5646865993609252,-0.8533889955020912,0.1084641256680342,-0.12072821316831418,0.18705291812381908,1.6630355146423978,1.0055844014842128,-1.5007345269638899,0.9431760690672631,-0.0921903788334655,-1.661137411477495,0.530495829035662,0.45171121182642526
2025-07-09 07:27:18,-0.8272049757806172,-1.605986372365027,1.8039599374808135,0.12704328804737292,-0.7841731327085634,0.5653048337280874,-0.935460278487236,0.6240581121173286,-0.3085639013807791,0.7556962190763296,-2.012927837748061,0.1815838627934348,0.47135651639038534,1.0219779089021541,-1.8809753375495042,-0.23752952250626105,-1.2792905572259194,-1.0549787526510404,1.0949861267413716,0.2809513320195134,-0.2774923128759783,0.22619789418883285,0.26926835925914894,-0.19291714417684833,-0.9678840877083086,-0.9544836524737709,0.33871254974112425,0.2995285329800171,-0.1280811736011744,-0.6122689141402962,0.358286813915973,0.15057201509840354,-1.8243758108098989,1.376146148895375,1.2055263911975398,-0.05476465400824448,-0.7384849496449233,1.9793613325846575,-0.25174095402014307,-0.8032134944019116,0.9972543402028725,-0.3125130565798339,0.2714262641842469,0.08852200430924423,-0.2649237067207401
2025-07-09 08:27:18,1.988551431852169,1.3051994713406032,0.2744125336656465,-0.6393977908436778,-1.2829372816123565,-0.9300071995607753,-1.3865671289723611,0.37672542502268014,-1.7778265252027392,0.5340015353663821,0.03331030484922187,0.5903493039192171,0.6778164609317685,0.765237887010138,0.5544465955003265,0.8861516379926418,0.18891946506966217,0.7868559795996916,-0.5807127922517398,1.2731374834364488,-0.01953961236907032,-1.3725449503830234,-0.2629631637142399,0.29185962129789755,-0.09130361175956613,0.5510949971302912,0.32986915797875394,-0.7568857296880481,1.4342619380149946,0.5436047767670977,1.1332990689576372,0.8026174753975911,-0.14303255313004637,-0.4505414881172515,-0.4022882087826693,1.221813367428819,-2.6153004743548305,-0.06950428871183849,-0.2718478194729252,-1.7392230258806713,0.7808816769126441,0.8203588442311509,1.0635266518783584,-0.7425580960296092,-0.30519149779725924
2025-07-09 09:27:18,0.3597188402739951,0.37400308663711623,1.0927500194721105,0.799654304669374,0.11565908535877854,0.6702990002816404,0.22220508663625696,0.7608440083166563,-0.574422127621322,0.603011001449038,-0.3897105504812713,0.6981735782544702,-1.0589216172679718,0.26282932932903297,0.3836928374529718,0.03302133851825147,-0.8608476411107066,-1.0994371205213815,1.6942112513354246,0.2971395077102869,-1.5123648373846033,-1.7456368258513524,0.5531129704179805,-1.6260938526871922,-0.5475344445345046,0.5487316616821571,-1.8605895961736323,1.0376355815925271,1.2901654538910876,-1.3066108708653197,0.4771641382887063,-0.550969333918423,1.1907106952485333,-0.5873167812132368,0.4767716352615625,0.6131148707397358,-0.29135432274553114,1.6995373378350294,0.9809245854447038,-0.5437899615929255,0.5683547998256586,-0.4068978350057965,0.46145752933954676,-1.3186495256283897,-0.6648886019184298
2025-07-09 10:27:18,-0.27102707140987814,2.466285558069346,0.5083159930121275,0.9412937463135965,1.217401950825122,0.5478440082988191,-1.495548369515345,0.08989113046032403,0.08689595293166609,0.30725661455117736,-0.5812943366516525,-1.655964428775922,-1.0708135768359417,1.7722518659637307,-0.7015994754764162,-0.2085131491797569,0.6405930150418219,-1.086980505202113,0.16918225644120838,0.18843429607004916,-0.628030570656253,-2.0096442351684964,1.8075548777972748,0.8974885913523272,0.2425201425611527,-1.0598243061613286,0.3104500625842366,-0.016148737153543362,-0.9742678045124121,-0.10102547893564304,1.1818239648299873,-0.4073961407754077,-0.6819885785690829,-0.46899762373321763,-1.125694595452373,-0.7898585720802273,-0.7007803045247903,2.374678397074301,-1.056737190682166,0.7774032393720223,0.39266063761479736,0.33783766274330324,0.47807394540555276,0.6248340782251771,-0.4260403076584982
2025-07-09 11:27:18,-0.7195966237565319,0.2997622478923873,1.6104026751181435,-0.5453870480663006,-0.8213406430604059,1.121175298529626,1.2649323925935383,0.6212937567298283,-1.2265698106934506,-0.12900841036174945,0.22464586563463768,0.19510619839030574,2.0819011467553845,0.06026910264333177,-1.4969016104833666,0.4246576085409779,-0.09983422421885807,-0.2529151450019729,-0.7185767103676415,-1.367292577491177,-0.06179913951694517,-0.04838608839581335,0.5960624030490131,-0.5583319618144961,-0.7684790220088131,-1.1155281438304234,0.40931097522118415,0.3170811587730494,0.5431033364031572,0.5484273658046975,-1.3136827615621858,0.3962182464219799,0.32591463841752427,-0.516032396318706,0.7306323940059893,-0.2783604030265189,0.5445439839969229,-0.2240508296883513,1.0845617294552083,-0.45568613093273763,1.475245277498609,2.44851492921386,0.993578077975908,-1.2203994839283834,-0.28058183129423814
2025-07-09 12:27:18,-2.0886038268770193,-1.4247514442561198,-1.215901004487598,-0.2687387197520963,0.4516253876353759,-0.19286996458957548,0.915045819827302,-0.20085051482979924,0.667873379655298,1.290997013735027,0.5935585304136497,0.4873968348335384,-0.3045372846901883,1.45014405669288,-1.736130596678114,0.24849250181652763,1.081617277472718,0.16213703175635374,0.06026300636392326,-0.6174715462599144,-0.0858892698573318,-0.6239330193080489,-0.33445878406821955,-2.0931433471925365,0.006073968183049493,-0.30000995859509016,-0.9686533818405786,-0.09499720068242769,-1.1154481246936048,-0.5263170496075793,-0.08767587299390828,0.987446376191465,0.4991910500988605,0.06077909300353887,-0.4075883227427115,-0.3115572466060666,0.5516474480764656,-1.4609049087860684,-1.6851078761226073,0.12704464223538733,0.5382532398905754,-0.5328867857319052,-1.0603473442856726,1.8684230980215055,-0.20204754636567263
2025-07-09 13:27:18,1.7593987217776716,-0.8701740190327001,0.5068931671800111,-0.5637663375327132,0.19171588451437685,-0.4066921841651419,-0.031596159034916735,0.2181718074940909,-0.7261008420162148,1.8831166557355246,0.5244690151388816,-0.7433349622648077,0.22785569974514872,-1.1023319130211022,0.5638585947579898,-1.1925471057369774,0.33236250069155016,-0.4563144422237994,1.6913722135706812,0.5069591758060965,-0.5541175931813637,0.16356091039407386,1.5012854532899602,0.6108949484162751,0.599765400769682,0.025788186415798605,-0.16490397405512214,2.3798053351157344,0.36633646229645533,-0.5345578269200395,0.4212282861667129,-0.3012113482400371,-1.6824506816922522,1.7625403031153808,1.0972329070644524,-0.9518052571339822,-0.6205206340547262,-0.8946006836513005,-1.8656556300751237,-0.789666062271509,-0.13304674708307765,-0.7231083172049872,0.7838007938235059,0.16586976159435773,1.3850693206511937
2025-07-09 14:27:18,-1.7090769864079782,0.4700594759374319,-0.8093353440538672,-1.1282104822627301,-1.5855521010687905,0.7325666640583983,-0.5848299208928742,0.393116527428079,1.4438269172663305,0.7962111005501734,-0.4871481136888583,0.7628155496621247,-0.7727412834265002,-0.9145628282924827,-1.186991212150123,0.6210911154979727,0.6114456910038399,0.11318392387901355,0.23294028704898212,0.5734664041508009,-0.37841910106797894,-0.23359958632156977,0.09285771218516413,-0.11222211884067923,-0.11892463090550959,0.23065336620138183,-0.39878793290484144,-0.17880311203536037,1.0824055292382846,-0.49996736289550114,1.8819659514847182,-0.8712282985641433,0.6021715036420634,1.4156337979992,0.4946433020667531,-0.8235533269986215,0.36886674853362544,-0.23541398260064433,-0.25792254748847876,0.937930469554207,-1.9260808946128651,1.362806449537721,1.854972824031253,0.19887569693181992,-0.8728711593918238
2025-07-09 15:27:18,1.2021500578820106,1.75972773519961,0.906748288159082,-0.2655878923359268,0.11987098620652448,-0.16699962043040242,-0.26741384736185236,-0.6763838000339517,0.7322705353329708,0.004491983041064562,-1.318209692395441,-0.8374949908621647,0.9875674462027588,1.9432272263127834,-0.6422356876649624,0.32121355972012844,1.3399626163175098,-0.024584460517200223,0.9511619848378777,1.756164338408903,1.285663034990971,-1.599246051017843,-2.524383158457187,0.9321225422851068,0.5615695081752338,0.3699768799459368,0.2750486000948659,-0.38969729562032634,0.6174271433914756,0.8062272846520242,0.7309503786704785,-0.4086847875224339,0.23024274667513023,0.580896188995336,1.0893452230168914,-1.8331685432160616,1.384267368296546,-2.915203312577915,-1.21725647477415,-0.07054561501561796,1.5907528390573595,-0.3270510280032485,0.29033288689392023,-0.3501793656391018,2.4853407851418807
2025-07-09 16:27:18,2.244171283370065,-0.6895948833701918,-1.651821201947097,-1.4193762225726978,-0.7094582793636114,-1.4384776588577468,-0.5091790068590282,1.1022754825120948,-0.7836275454751401,1.2216601081520237,0.48940464043850546,0.5996296287799828,-1.3174697690106945,1.406786760435174,-1.319568375413088,0.9918822371769466,1.0742681541367218,-0.4570125951413255,1.085478386645158,-0.4489696604192044,0.0006131340952930353,-1.319966028678816,-0.9550879899121779,-0.46411109507694365,-0.021327468945029106,0.08341287903015289,-1.1008145363649882,0.37833164109098355,-0.13691677851851367,-0.3806053415331818,0.41423233912164775,0.7029305969902139,0.2995977522712888,0.6842994430892267,1.2347730990155368,-1.6279828803501244,-0.06774006351399575,0.3057354336475848,-0.23266524019417456,-1.0996436912871248,-0.6731264765504915,1.3146657750442887,1.6189446080421424,-0.3182258488276584,0.04000429023314926
2025-07-09 17:27:18,-0.6981079018900442,-1.248356070316582,-0.22012387832213334,-0.3352316112761339,-0.8599278614102426,-0.06135968471160099,0.4210248080950953,1.1627347567130248,1.4841472585705822,-0.5086805231844881,0.722116964253769,-0.35863112621350096,-0.9079537542549726,1.4127232441493198,0.9343569957137885,1.1477826060031513,-0.40081067426460004,-0.9675388673388362,-0.2857894790782046,-0.6657792731787714,0.8061962290639434,1.421486907808901,0.08771682846714159,2.2989841635806436,0.9715083489007116,0.17562354326279941,1.2359677142300483,0.08277267066478185,-0.5085890323783526,-0.20390367248400634,1.0314569554638566,1.1740034692384025,1.680989071685573,1.6019698583504183,0.7750855600523041,1.7225132247414516,-0.7955966397354931,0.10200818129630605,-0.9165611032243847,1.2110375337414714,-0.297828618228874,0.20478611446826775,-0.9335125668613988,2.0190422542472155,-0.964266345836593
2025-07-09 18:27:18,-1.5039405869488063,1.9443920270105532,-2.010251427530488,-0.21791373227054459,1.042178774473234,0.5758452640636296,0.6842933455006304,0.7835621971679435,-0.8447104061372933,-0.8160474634402091,-0.3425094931373096,-0.7651907384045521,-0.39275887553268973,-0.4640710141732482,0.2469336691284003,0.488208777405132,-1.6970274343489482,-0.633705315901579,-0.262485116014209,-0.8830610126259695,-1.1262791792411033,-0.8947295536850055,-1.1164786217022482,-1.0617873793696881,-0.8092822115751872,1.209624710088386,0.7996346727790108,-1.4502525313247756,-0.002322947477777168,1.2124346200107523,0.3767791569088455,-0.2691043006420111,-1.3707912006635692,1.5906252075627862,-1.8468857738124929,-1.2083819433498517,0.7037041131436025,0.5359258485117213,-0.8279970627601062,0.46838632303370625,0.3466445658690778,1.0749146924627875,-0.08817317438771072,1.3762255735427873,-0.07274438529633388
2025-07-09 19:27:18,0.9717723260403347,0.31199518874486465,-0.5160857137759923,0.24125654089271076,0.5867952701407843,0.4951098878662995,-1.031911453951804,-0.8184278304676086,-0.59700613214346,-0.2357907679770874,1.2166200811186691,0.3344290768711893,-1.7078926068529958,-0.36373629485232006,0.03894174617618998,1.457528751849553,-0.33372893147490923,1.4589972973534115,0.21550128381793654,0.9659222704064964,0.6927027515221043,-0.910167735022312,-0.03377465887358712,2.225708315710024,-0.14066253535668505,-0.013189530061863868,0.28331528407345036,0.23303501227581266,-0.6223843270902852,2.353709192447393,0.5258876910569494,1.8205627563461655,-0.08222441446444319,1.093463103606912,-1.017119718651734,0.3366883971891072,0.8994352627443933,-0.5872987907550667,0.7298711195953886,1.1748950892263745,1.4529522932568932,0.6025099901574222,-0.5095288928257706,2.384818145625796,0.24371613031236067
2025-07-09 20:27:18,-0.7477869271790879,2.622182298928042,1.7752303731641443,0.33636898741088245,-0.69534386966111,1.2188677846534641,1.3636365673631106,-0.7271471516644407,-0.19646143852856907,-0.19018553600885954,-0.5437617133562305,0.5195937868752899,0.31675294267381887,2.944183304962897,-0.4676549175009743,-0.10774388544260274,-0.12579396945654478,1.7227450848408843,2.404339327725995,-1.2146616030246142,1.7917211082815965,1.917875355262783,-0.15477082316324814,2.520652551621523,0.5186646690734751,0.7985787174965443,-1.3714325944165908,-0.5246649535905091,0.9449024477267237,-0.10350084803440528,0.46993813167630644,1.410953038690874,-0.5404636643824895,0.5513278052522117,0.8035289835873921,2.190923599520673,-1.3517704085214033,1.0620458848101748,-0.481130333344113,-0.9637457637310758,-1.2703755148674436,1.6887163915873453,-0.167055654036278,-2.052134429269784,1.6896064369013266
2025-07-09 21:27:18,0.3714114211355548,-0.0879518195487767,-0.6355855667940652,-2.274517981913563,-1.2572781587313617,1.587297744566741,0.06571807509071183,0.5641646858216274,-0.743981932594365,0.7093571674796285,-1.2163951220579556,0.8315966961788603,-0.4539155935865903,-1.4476663087179098,-0.436036652333634,0.7229069615073639,-0.34766703495683965,-1.7044807689242145,-1.215610380211517,-1.2838344565262148,1.3750476141010644,2.0384130466119506,-0.5589943993101847,-0.3444468202667157,0.30467682306293564,1.650749553630654,-0.09576645525270758,-0.24431690271516368,0.8151973615412876,-0.9757689776093219,-0.9287456534685178,1.7450624207059051,-0.4147118156835341,-0.9410642400380551,1.0760984517182397,-0.23945117631400262,1.1296217342934973,-1.3006878611233361,-0.3041345887899382,1.0487394934882757,1.3884906140022888,1.8533745814127427,-1.7370260274135805,0.016836949942704207,1.2775859616966008
2025-07-09 22:27:18,-1.1479933331237615,-0.10556161544472631,-1.8004026491248535,0.6457567561884212,0.9022049516821407,0.7045106784854075,-0.9156773348747926,-1.673364745398631,1.0781790329403467,1.0475636670664905,0.007204920846517147,-1.5700905947736803,1.035619552907396,0.0495480868256234,-0.5788128066334021,0.4789580755746109,0.18165041684385955,-0.8989378574271312,0.25044565276825714,-0.07893737358109096,1.0718679638646011,1.468266091100612,-0.21039293428075878,-0.5078492128731262,-1.2841398058001134,0.35866535562840934,0.599321007900508,-0.5248650137816963,-0.9204403757951747,-0.5097432277338853,0.5708214371283872,-0.6614417112429227,-1.2556997964339671,-0.5413523579553999,-0.9612470452213359,0.37820137916117275,0.9275855267274086,-0.29812236706601214,-0.2987655431903452,-1.48405873668166,1.5302353109408349,0.7154672648731252,2.8373719542068474,-0.7557304899598697,-1.3745317765290883
2025-07-09 23:27:18,1.5597663121250824,0.03787884229008919,0.7512549870029457,-0.02050278945424096,-0.5634710874502663,-0.4407025461862507,0.3768038178019899,-0.013837142256455501,-1.2959480010721758,-0.165438452176944,0.05041677478174497,-0.8638869585799775,0.36208074019549585,0.12879040358820107,-0.15049375336207216,0.8775021826618608,-0.007264091153901716,1.5452077151601815,1.2087258275652981,0.7001973532610767,-2.4429419852151995,-0.06393921909818066,-0.4180226298663372,-0.8472784913036739,1.3224057134988483,1.2430584735375911,0.41412129874398773,0.04871380750237486,-1.0357625493096243,2.4786802194479556,2.3749101884305874,-0.4673960862214834,0.3851675100328427,-1.2595747763705636,-0.07942623181063134,0.4965537446186784,1.067646170234349,-0.9553876204038976,1.3490125877320542,-1.1900880405112322,0.4491938237171249,0.34263977734072426,-0.6469484780446926,0.32629441573199097,-1.3820553289214037
2025-07-10 00:27:18,-1.2064775028182144,-0.13513516336700626,-1.9476878197322292,-0.6776695025567556,0.5473494855085287,0.05621757620604388,-1.4827270672893504,0.22488490826145724,0.34232246412132733,0.7330923694864577,2.69518402043765,-0.6279977434452253,0.40138502097299633,-0.4156376226000501,-0.15868755179086458,-1.0289845035574925,-0.3777745245107844,0.8623418206033223,0.4157017960702834,1.3257554493153743,-0.3537463734086181,0.20451923196746005,0.15593749615221858,0.675262406363634,1.0140966050364477,-0.06931808003650297,-0.9724029070424897,0.5016534531711089,0.3279298504621804,-1.3877456651435889,1.260806663329506,0.3696888019625336,0.6094602940202304,0.07435990508661662,-0.6658878119154764,-0.5233568388321983,0.06764157381519632,-1.9490934653107652,-1.7325444263072862,0.2176459959081287,0.8149299885626963,-0.36802255711911075,-0.20462975096682995,-0.4320807111883281,-0.11566546007291174
2025-07-10 01:27:18,0.7811029858862776,0.09303565104922994,-0.9627690028501229,0.7790947362180181,1.3890734037076926,0.5838643269706396,1.263578420558765,0.6658644933060938,0.62349004485591,-0.7698772056495393,0.5380149843487131,-1.0478094928907522,-1.0971641986621916,-0.5084286235694219,0.25384609336389896,1.42490161443431,-0.7577030729105965,1.855004004104845,0.5179104074468993,0.573761609340907,1.2772881466056825,0.17944360715226446,0.4149203568266521,1.1226973028712823,0.09120296647849031,-1.2924803821093058,0.026736433067991002,0.3483351480839418,-0.27819030149874796,-0.6869091234217017,0.9424209276460151,0.2952428690098968,1.886334530681425,-0.012356286894021616,-1.4266761649171633,1.7515285339529325,2.857157298276515,-1.0818785010028986,-0.37038358909043423,-2.5667086554868392,-0.47695188398792904,-0.8580319930541208,-0.23530405550611055,-1.0720770140011047,-0.5143190666688082
2025-07-10 02:27:18,-0.39786585841767175,0.07313628925505293,-1.771476182241986,-0.38337330267942016,-0.8268049391676316,0.18733297061135556,-0.8898644075739625,0.5469855973941204,-1.4005735388488745,0.852053697372448,0.87049003501855,0.3355122428967379,0.19719647474731297,-0.04529490540870855,-2.5208794157672907,0.7532268518021901,1.0409724585391045,-0.2085967167274158,0.17169881776739232,0.32852648298165693,1.3674144017628445,-0.44179704967001876,-2.3795872646360547,-0.6251161643375291,1.177537259322984,1.0758869281305383,-0.9934971656151441,0.06707687286470719,0.8865336219696003,0.2225157509780828,-0.8356759430202234,-0.06430208870588204,-0.23757055994770207,1.2280589647090605,1.8260148489838812,-0.5008507616329311,-0.035643408939304025,-0.8549718075700784,-0.42573258305287287,1.0646388205903574,1.3420177036085872,-0.20920249941092908,-0.1330853733031882,-0.41851872246748684,0.26892759923912213
2025-07-10 03:27:18,0.2985673890211731,-0.1573207040567483,-1.4369968327234868,0.1859893891833191,0.10269139271740013,-0.21327814163536818,-0.8130656237625303,1.173452525143289,-0.4964217833190338,-0.2816781226842385,0.8081282417872776,1.7143793685003,1.198874015681974,0.6731684715522603,-1.2778418803502005,-0.16549571665596197,1.6658963762475802,0.9102833929087187,0.18547837373550718,-0.6649208721444108,-1.50076769337246,0.604401788247962,-0.7943123348898957,-0.998659774667986,-0.8479314927354477,-0.17804895783778518,-0.5412563858875842,-0.9388647862307631,-0.19994919037348144,0.7926666362059016,-1.0960579574789955,2.5552981562892634,-0.5711389745805984,1.4778243709316161,0.08107015905855543,-1.4705086498928035,-0.4154085032484774,-1.3356556703118814,0.7820401641912019,-1.6878896781393893,0.5727248538728059,-1.6675429333788896,-2.0075379626867798,-0.9368514553288382,0.24465245128997867
2025-07-10 04:27:18,0.40780118088452155,-1.225719795170464,-0.39798229121311796,-1.9455098315043629,-0.07635418405178204,0.3705227689615456,-0.1702270411361691,1.1989550330357537,0.005677181347919549,0.7506189504256947,-0.012551497656204669,0.23144339424594412,-1.4197854683320699,-1.5394909478318062,1.4418468069007064,0.7161328901533127,-0.2946761270017146,-0.3064385948606626,-1.1661900235676284,-0.08599992227704699,-0.5413931024231623,-0.5351786399440811,1.0549475481830048,-2.1429560891874275,-0.9755459790355658,2.273187062804131,-0.01293080311208533,1.3037542704731635,1.3622151135814424,1.527213906895836,-0.6974345863758972,0.8589938282570525,0.5879299598565197,1.1749834066759448,1.336677350040486,-0.13683638785096297,1.182852202528285,-1.1754384425061801,-0.6102213824451549,0.10505270429918497,0.4026298365884006,1.2871869516113394,0.33840246741237273,0.6484787725449687,-0.7142775209482094
2025-07-10 05:27:18,0.8161617293638421,0.7004067118523059,0.6822393252038529,-0.42406297837334594,1.7723473579438855,1.633596453421087,-0.4473535351804248,0.9230268221296033,0.9647594989870846,-1.4186268109290536,0.9269295717256824,0.796112316191752,0.635958505117986,-2.4070829458937073,1.176694197764476,-0.7355378578846454,0.4342826036298398,-1.3866348385572653,-1.3651512669806118,-0.7037565849870034,-0.1562532026982505,0.2768642879106825,-0.3855734318094268,0.05188646203474504,-0.09973532161494666,1.3234585390338436,-0.1660330571221908,0.7559996941512154,-0.10862400876923194,0.1909354054667517,-1.2187624477351968,0.8520451280164092,0.36209145003862464,0.004989981697112528,-0.36585167310179684,-1.1735829197565286,1.0496166920793035,0.44171349787357445,0.41906227104657573,-0.29782432911814943,0.05862116030926496,-1.6057762349100166,0.1265406944900578,1.0262289699807832,-1.3414937284122077
2025-07-10 06:27:18,-1.5684052701499414,-0.4451721179438319,0.8649773135013187,-0.5900742799377816,0.10283241308255404,-1.2846798475060075,-0.17054337028726002,1.023596134838649,-0.7838777971134877,1.1417107914070108,0.2372189479683095,-0.0881836566197595,-1.9454017446856517,-0.20632969814828522,2.502799425890778,1.1185615899859824,1.3313687787735082,2.9673588592037854,0.668415930254527,-1.1967603320449025,-0.8003398555680601,1.2085108543981338,-0.07629759319012062,-0.6302100983803357,0.9036589006162691,0.3529459641326182,0.016014680002687215,-0.30488247680727804,1.4497580154988943,-1.1055971113287806,-1.3707218290002954,0.2105905514873844,0.977583525312167,1.2220678881367888,0.11960522376911394,-1.824826937248695,-2.4125446042731493,-2.2781710711209873,-0.447939770461935,-0.8397524252193644,0.4413782374723709,1.0575457464169147,1.0066240564796114,-0.668370143289954,1.6577312072859576
2025-07-10 07:27:18,-0.20832865397389677,0.9540373525834869,0.3702054690818491,1.723002766863142,0.4463035466911763,0.3490587263707468,0.32263776410928735,2.170289164310555,0.3869851016235993,0.2856842562526147,0.5833086852888211,-0.15705389863155528,1.112280433069009,-0.4752789617760068,0.1456448336125106,-0.24267011043724088,-0.3848131965335315,0.9155244263822335,1.9180155762589022,-0.16482476373606608,-0.681612456594764,0.3956247014461385,-0.2765795015877681,0.1142625159514323,0.9533371102232349,-0.20390938792352686,-0.17698750708275962,-0.4123001143586859,-1.5397247849945848,0.49818774277581995,-0.9639181587184714,0.07033542882102503,-1.1732580168493723,-0.036759429291690626,-0.8356575221567427,-1.0668274099831343,-1.1493752668298742,-0.5063259174089687,-0.5470128039627901,0.27124743531583806,0.4468690502780862,0.47019051951257357,-0.578962434747659,0.08293345225263576,1.573150765458651
2025-07-10 08:27:18,-0.3439829412823052,0.6705026020621832,2.0605905615718503,1.0390825973805558,-0.9971531642899853,0.6535277590630257,-0.7104507651288867,0.968741828979834,-0.2344935095992115,-0.37396142990229153,-0.6014736720771016,1.4749633924855514,-0.6376043169455032,-0.45970369238392667,0.24952570574594737,-0.02496860398011175,1.0997287781458778,0.5386658607807867,1.164255824442112,1.3821562680788948,0.310403656806188,-0.9681210700186763,0.19736619382589762,1.3818948055180547,-0.5650018471419522,0.0294696921641742,2.744827095931025,0.20516337476407845,-0.08729410382204382,1.082552897033267,-0.3651919588440374,-0.506112122127624,-0.5042241761578913,0.23989285170299987,-0.9223937005365652,0.28490334537097434,-0.2702846481635714,0.5343576362676836,0.26280953357478054,0.3111451320094834,-0.24776596106693347,0.04854546233136534,-0.06069699420604698,0.1570931226532425,-0.38262657022082963
2025-07-10 09:27:18,0.6944141345678915,-0.608655133713558,0.840143490185974,0.38762782866696854,0.6804690798813114,-0.2664419783983826,-0.8546251940188156,0.030226713923014178,-0.419944510330322,1.173108380261329,-1.7791750633077488,0.25072258408495246,0.05936708571667994,-1.798326640355669,-1.5494518523654925,-0.39909567840289845,0.7239618320092489,-0.9568876167703155,-0.3544043571364116,0.7937777259487463,-0.4368585009726584,-0.8272608209705564,0.8062281007458401,-0.25695607776499046,1.088292011633152,2.3117730706561703,0.25990727306040495,-0.5373706607332134,-0.7284136284971078,-0.6125792563188664,-1.3520719878150218,-1.1456908253581415,-0.9944221420941922,0.83774101701131,-1.549057794952048,-0.5340290382792372,-0.9883358914083098,0.5731142787321769,1.004300903811041,1.658407543489274,-0.8147466346928954,1.5310100431849694,-0.5271362938054641,0.693282414525263,0.14676863249698976
2025-07-10 10:27:18,0.5713545907943692,-0.18477826648789902,2.342677060285048,1.39917416007306,0.3128146289097918,-0.17574636629890436,-0.4574902675668457,0.8844039720660036,1.002005426495864,0.6052807173631158,0.9122424579590173,-0.23301076197017512,-0.986279851377428,0.1237688621297304,1.209342113847189,-0.2348588475865667,0.6725924062782561,-0.39484560818009107,-1.1483168978235199,1.5306220857943895,1.259433157291502,0.43069059054957903,-0.9244844262563764,-0.3865706882997041,0.15608258522038507,-0.753774147060617,1.5530786192141686,-1.5038235983049617,2.121392836103868,0.7500828597588355,1.1353878369292327,-0.3450420496951892,0.28969162055581227,-0.3245296285705399,0.07323552831374949,-1.0002390351878558,1.6054908664531886,1.2260546532759977,-0.7161515393582006,-0.6075045217374867,0.8897888488993635,-0.7118346603377202,0.4605719534370429,0.744873815293361,0.5880429416858972
2025-07-10 11:27:18,-1.0370925700266422,-0.3023250972231796,-0.12567460690203222,-0.15864936628046714,0.4381552227691252,0.5812771882865287,0.46256935480756006,-2.5576465468853584,1.0841060010764885,1.0938742389664873,0.36108277140860257,0.15965341878360406,1.813463482161393,-1.6454676446942376,0.3069387502170795,0.3048500569855844,0.019388997120685675,-1.7031150682414429,-0.6080418697524903,0.19029953642429331,-0.885951843573806,-0.6759397528481627,-0.044769455465735145,1.0721375067691976,1.2535980109221112,-1.1876040074021537,0.3331692992340222,0.2897068741975796,0.3616111949486341,-1.3913891144648414,1.5815676647303394,0.7351043556111355,-0.11289124527740371,0.6119223734419693,-0.4068219775491759,-1.0212134358935527,0.11317284415823445,-0.33680571986270325,1.5116670232771061,0.08259789270643562,-0.3863686233304195,0.023728507038591338,0.4083823774384747,0.11410712787296817,0.6138296141460521
2025-07-10 12:27:18,0.11001597937058893,0.36671919419637977,0.9863402300109467,0.26743357682351954,-1.2770093540589094,1.2152677343527793,-0.5168559959175149,0.1203165807734616,0.6048785359504438,-1.442012331453617,0.955813180499584,0.51150643055281,1.1208053385953527,-0.3870844690180203,-1.332472368224549,-0.7017805420343125,0.6355848560208458,-0.7124327184658449,-1.6667607024752313,-0.27416734342926874,-0.565207776097104,-1.0852655956937312,-0.8511893916719885,1.0464698554050156,-0.07466630251745272,0.8894261771275098,0.651781699540183,-1.5785895288077172,0.7933708149379457,-0.1590574828290434,1.3280511110374111,1.2196331469795536,1.0032682076237478,-0.1027006691537951,1.1819395513317354,0.8597538628464174,0.6115024714453648,1.2059681717243744,0.33811029181960917,-0.1635650542078218,-0.13274944152432291,-1.022903515564794,0.4983339718352948,-1.2135105373347514,1.6212636037428536
2025-07-10 13:27:18,-1.1622595140613146,0.06917387075479653,1.0340161617687318,0.006535679135436923,-2.193164930797128,-0.1530212242635561,0.5424637877764664,1.4952239598276167,-0.7919830474871501,1.3236555456594399,1.309911083220709,0.5808774321431566,-2.5600338882116453,1.7084449531519765,-2.534489087429886,-0.7667997217275965,1.161991226548044,0.7929661284571716,0.2272196686474466,0.527608323693422,-2.611792971151725,0.4062476547384109,-0.4745765110861234,0.4075658635338808,-1.2158685266881706,0.052265379665762196,-1.976017374460782,-0.27765275140322043,-0.12570187413634692,0.006627037111887734,-0.8019205983206089,0.8357042249965375,-0.48819109050126036,-0.8733819675885789,-1.2777444726607863,0.45662108003446095,-0.15213495533356103,-2.4417124996841033,0.6445285334701124,0.7011444231742819,0.9721526384517214,-0.9161661618131776,0.2450840637595045,1.1506595866721994,0.9080845268351246
2025-07-10 14:27:18,-2.0471372313028735,0.1742201420386207,-0.6991654125065,0.6803271407984163,-0.5109327649228589,-0.17023453264032246,0.1605147546941145,1.0594372858757954,-0.19857841697035084,-1.0017078695031427,-2.3187941243810544,-1.3949308707503894,-0.10796302798184858,1.2598981739633839,1.1972204931988502,0.18077496591082992,-0.9342260623845718,0.16111679706116894,-0.5317355222467305,0.8473506527906552,0.8836841499156599,-2.0084742708792644,2.2592656096001984,-1.1728526166142368,-1.1213086877419083,0.3927520284487311,0.9093485320249681,1.920279589784113,-0.6884021171126851,0.77943116719384,0.824829674500989,1.4269530980906036,0.0033319165469295167,0.3586304707363797,-0.5888214474671931,0.0664571924301537,1.9384403421244996,2.441722809398306,-0.003975814410144401,-0.8060124486526855,-0.0017712271246578116,-0.16343285741699934,-1.3687508712175618,0.6034794205203138,0.3234460101569322
2025-07-10 15:27:18,2.1467416061411697,-1.1783881070013533,0.055598285981013185,0.3058232496115154,0.5817518325320924,0.614770379784739,0.46156549641639927,-0.41927279633253955,-0.2946426262015823,-2.433570281711068,-0.27203815244559576,0.7805406266499502,0.16224139604452512,-2.6503175444998934,1.1052675342555878,0.03635605089362981,0.5148966861544715,0.19140976444134994,-0.4666445689012423,0.6374792798021114,1.234187425964179,-0.2660561236345929,-1.7461529500610087,0.4476341113966737,-2.428819876033357,-0.21532616109873715,-0.19263714078175728,-1.59943259595428,-2.2578494378599943,0.6871462654508548,-0.5784706682278005,-0.9352580204141887,-0.23528588295673694,-0.8317976839444001,-0.18417063543503595,0.038583940357761186,0.6545573678598106,0.23336827793576614,-0.6377963159767264,-0.4544582666524122,-0.43723926325883505,0.4101919771456044,-0.7704269470404164,-1.249866885495186,0.8061689875381902
2025-07-10 16:27:18,0.4245669051532666,-0.531580733900852,-1.1217397464538632,1.926167508496629,-0.11457815130205252,-0.6893590975321455,-0.05306918384707242,2.0060668878561505,-0.36056199463464206,0.21397111333417718,0.46163158667083554,0.010467861114969154,-0.23668876041378387,-2.01761001746271,0.030089347331495216,-0.5917242517776069,-0.806415615182702,-0.631979320874126,0.8849181078556024,0.16924010077964935,1.3160272213825268,0.43147612322401363,0.0851858311731139,1.9840236276539647,-0.2794627731109304,0.6372990928439669,-0.9411360835333743,0.11414507942172095,0.4785149711973783,0.9622111823421333,-0.1253468308099183,2.344474360765886,0.05542068429514965,-0.3851330722554309,0.17209510059483413,0.05838883847615862,2.4937336964104198,1.9849524398161986,0.5337679461024963,-0.021618155598365815,-0.4243337330164957,-0.009530749773111125,-0.34051782861494184,0.387316883115182,-1.9854010956404122
2025-07-10 17:27:18,-0.17900012619001837,0.5753353645106517,0.6072501246893065,-0.8285591402005281,1.8527652693341528,1.5664931513043632,-0.32951257483232915,0.08912710074371981,0.09998457643141065,-0.4739442140904688,-1.4207153688524266,1.502397382975327,-0.37884342974306795,-0.5999594168631538,0.3397662506717737,0.29285586482911646,2.038592420918654,1.510964082953777,-0.458814640627535,1.0008986848855244,0.5515708372300521,-0.6879821143629401,0.8232265266288077,0.4297501622923477,0.48970551082500374,0.47836466988505405,-0.01276725457577508,0.6894989028844009,0.774476210634208,1.4283868479817976,1.3954733806957549,0.324398849669643,-0.20282977335559427,-0.8146425200403727,0.11403094298973042,0.1660387220966416,-2.191834090535988,-0.9366953189938352,0.51777529776595,-0.3478059533925103,-1.4391523405306164,-1.4350668807986846,-0.12657243909381868,-2.0991789615670156,0.14040466840226817
2025-07-10 18:27:18,-1.0390314356062786,0.6684700445426192,-0.5628461568413611,-0.21220387459223333,-0.27771428065348935,0.9962026476767021,1.2394606706325042,-0.41335520812559806,0.03439724231074564,0.6240915811621672,0.5874557929303521,0.9045074815079013,-1.4302713934867717,0.6964513114087593,1.1000141051925598,-0.6155397867066968,-1.9792198240226944,1.6077353607111675,-0.6700130532830864,1.3193536130836157,0.7344101021765103,-1.1180928439625835,0.9428885409117441,-0.4627470558314219,-0.42657196098925243,-0.07783921146640235,-0.17928517821808723,1.4342618821075452,0.7623222717685665,1.5515065333671334,-0.3173957896166478,-0.8751648458410299,1.322476890579974,-1.5265889850501155,-0.5309805707565396,-0.39199434512634423,0.4820043110710396,-2.050685454530955,-1.1675075272902684,-1.2365493626598028,-0.9992111266076892,1.0491466421308508,0.5077605682816219,-0.042994962483876645,-0.3750909310969977
2025-07-10 19:27:18,1.418757954664567,0.08920499949060635,0.36170775066444777,2.086683043827506,0.5798640623394291,-1.106269004375825,0.847946054266673,-0.7267387773764745,-0.7692944955915441,0.14153721168458608,0.4526906639874064,1.2175269489161171,-1.1559482369908098,0.7197680691793832,-0.594538576093345,-0.7274600126138295,0.46875550681719236,-0.3785730316125319,-1.434367267195584,-0.4016362316704487,0.7207196857430814,0.09904424027313334,-0.37201410601815965,0.9932121250825908,0.05561519492967956,-0.631353346601254,0.5648406196414579,1.8238775158715594,1.525018610642108,0.16356587018027718,0.7444011349403522,0.2573912508049205,-1.395970043853339,-0.010031063326216016,-0.42336094901058846,-0.4648252649765511,-0.1038239611608264,-0.8236400966202209,-0.8561853240465225,0.33799577122120317,1.3795046961741813,1.1068988927848178,-0.1409408493229178,0.2126404598725053,0.5317324485609254
2025-07-10 20:27:18,-0.10498353796244142,-1.2694263519634204,-0.7454871006699951,0.5344136860492484,-0.7777080833467741,0.4766678118726754,-0.5886264398762605,-1.3859358289600716,-0.22267275901138767,0.7161627923827758,-1.183748478760825,-0.7736708800961831,-0.2673807291575443,0.13084396018222433,-0.8039237964870469,-1.728584924027213,-0.6296093609927607,-0.10517733743516691,0.3970527751695801,-1.7161180237943503,-0.6892769072535568,1.5929802710813925,0.9760403077448335,0.21563559511051705,-0.3439984942842373,-0.5799937752017674,-0.93524637502819,0.7901326590565255,-0.6438601064199696,0.17770085073575156,0.27397763906331346,-0.18748438448034033,1.2890291645468521,0.554189662167415,0.3655311994262854,-0.1578386907753529,0.5304275048155871,0.5684973306098134,0.5351395004019769,0.43173053752747353,-0.12664900547593758,-2.095463197768321,-0.7262100231594173,1.165241991626254,-0.4357119331155399
2025-07-10 21:27:18,-1.5365166325841957,-0.025150284209398036,-0.6958584462990476,-1.260832795094685,0.4333323673341983,0.3710909255273143,0.42307311127257197,-0.8304240627231426,-0.5975006638502629,0.48813255248426723,-0.8482960085574749,-0.20912962354315418,-0.34104528809236145,-0.4009128725211327,0.18006546321704786,-0.8731450430396254,-1.3458779450088407,0.32723487119219885,-0.4677302468618967,0.67274630268883,-1.3100674681610127,-0.6688303967980807,1.3414175343687864,-1.277451884024616,0.8140174451750555,-0.041643328171885596,-0.7741700442496213,-0.5969019265186024,0.3429105740699886,1.1078377563459458,0.07457198468681857,1.731170506916765,-0.1504054058504291,-1.804864653290215,-0.908589872485457,0.2450710789138766,1.044177499006802,-0.5357588402347939,0.8103545302862832,2.278118767324407,-1.438562457486074,1.1625570509372722,0.7227525703467301,-0.025455157984190343,1.0590062403121623
2025-07-10 22:27:18,-0.20093944369632533,1.307072318792306,-1.054520235913522,-1.0444828894395974,-0.05135061333946946,0.38873802642101085,-0.6765618646696867,-0.7433563681037249,1.0555546391021748,-0.015537804251441625,-1.225118090658053,0.11021508755314773,1.4857425741486883,0.07150210428355949,-0.44072120002799337,0.7966196581669218,0.9665460498053092,-0.0025867972720165374,1.0204726273630076,-1.3724826892505944,2.196195579637424,-0.6810600581813389,-1.308800439865287,1.3321820478758954,1.5648219811232915,0.49770825864360235,-2.9799570354666107,0.7514705113178389,-0.09911809129455683,-2.121001882421576,-1.0543252376171124,-1.5784841281357493,-0.7254740010412755,0.9890948772262633,1.4487219676923946,-0.2861762818879388,-0.5191601851766404,0.6406434088939624,-0.2985563620708667,-0.3051753891114544,-0.5356927306841256,-0.9448235975696407,-0.07965802887400196,-1.580507808615399,0.6156356365356134
2025-07-10 23:27:18,0.836126386937355,-1.3983627523802966,-0.9805168787633486,-0.980679948067545,-0.27270004263324665,0.14463018739918856,1.3852083045523351,0.08708130490331632,0.3599831748122239,1.0445052117775695,0.749520709249117,-0.47379982288932837,0.7661193943813329,-0.800839743358616,-0.36470158083500415,0.3434658724140093,0.8827898675399483,-0.7866644942930048,-0.1621377828712867,1.0511662241407154,1.4248734411831572,-0.4927016240335241,-0.06239389609634258,-0.10494274979530846,0.1863721105875729,-0.6405863544211574,-1.4914534179053658,-0.4915081379900312,-1.417691617401897,0.3548568162113721,1.1205548474112945,0.22949902022027702,-0.8663067469122754,-0.31334835298606944,0.06062388355816023,-1.5436201218484087,0.17983962905417017,0.3365340805073671,-0.8862328168540964,0.3399479129282904,0.4212760917632653,-0.010737148134902142,-0.1432574387071328,1.7678470140025786,-1.231464041209358
2025-07-11 00:27:18,0.3596472477596572,-0.5049619665332711,-0.909457241168897,0.8257066821439895,0.37503966078851003,-0.21870535026469382,1.412352053991653,1.7862812153140306,2.3711395831114515,-0.0010106520406129227,-1.0189813316876268,1.0106082403823329,-1.669355654817881,0.2819222572310917,-0.2705764491197726,-0.6565537134146157,0.13112615449172002,-1.991501395875309,-0.24568975020534567,0.8088969465274766,0.6851538107468907,-0.2503590155681618,0.16305388281706315,0.15775690006459306,1.6300279867459966,0.038077947997691076,-0.3046466148719531,0.11291957804091991,0.06640671307511677,0.3874315176114947,0.34168952097758193,-0.6160602091868714,0.9096198002265469,0.33980679957407783,0.7694385431116116,3.2386818219937012,0.10346159764257294,0.5334812641672023,-0.2237643483804778,-1.9825401801456988,-0.3564272528096412,0.44083077451445934,-0.35322240172855435,0.6254615050516406,0.5411005223335195
2025-07-11 01:27:18,-0.5287281512818696,0.995054788286619,0.8065691971181074,0.4490818689347399,-1.5768334612976072,-0.013087594052566117,-1.4675542237145238,0.6780251113185172,2.1700556848381436,-1.019962822983894,-0.5247981703039781,0.41335994243829666,1.3989040380363063,-0.9102320326103729,-1.0240465135563679,1.640245287904053,-1.3206141712854025,1.1932474245275801,0.8708583590685507,-0.32932744208228054,-0.21652793646992952,1.1587648771659596,1.13103975959809,-2.0712261192729797,-1.5533060842650945,0.7798667738129608,0.6440867804153387,-0.07411084006330389,-0.6378734677321062,-0.06490492800999131,-0.7422086830194863,-0.20820828642782463,-1.5558929085045503,0.9537988958789942,0.05776592142556162,0.5355458687260204,-0.41666020898731954,-0.2691384659929767,-1.0933007733284699,1.9566048373676057,0.6906429474435878,0.7642928071694636,0.4320176803770208,-1.1624967732915605,1.2407546012553998
2025-07-11 02:27:18,-0.7114794049123979,0.3576823295807846,1.3229163706437546,-0.000620572594639403,1.16790293578267,-1.5757432408980407,-0.26375892937037143,-0.24434767803726215,1.833222867309284,-0.4088302176457418,1.6810950035109395,-0.4844053910419236,-0.06993282224626231,0.8116727012816456,1.3125730204486006,1.0082774631418225,-2.366367054953967,-1.6816363417380042,1.2335098115199057,-1.0398747377058735,1.4339916419804988,1.7206327851065357,-0.19874677893642276,1.691341176963948,-0.1593900055938869,-0.897078391589689,-1.6076530629904526,0.036241933865165804,-0.7931744081016997,1.2870724750222404,1.2216026605398083,0.10419062156826672,0.3080559542860834,-1.037643921160563,-0.441680335776338,0.002692065646094718,0.8896168839690171,-1.6729161360366336,1.1794026173653942,0.03663574952946188,1.8554768196422056,1.0403078609626764,-0.41248162653389187,-0.5506304066736778,0.5208420614097827
2025-07-11 03:27:18,0.20624528459361424,0.5730220076053618,-1.1583204406946246,0.39585788960441887,-0.36590981643374043,0.2943918481031041,-0.842050335618499,0.37739655645491643,0.2910455097898739,0.45172463921084904,1.872383104735227,-0.4682689335654531,-0.26362038813629524,-0.6807534690099805,-0.8130345351429045,1.2232341943790848,0.12063084656388298,0.8610033211605574,-0.702386584293449,-0.8048583226893944,-0.7117926542564184,-2.2783304272991085,-0.4652053639734806,0.5773348060424776,-1.0135499497195983,1.9982797402337635,-0.1186629250076611,0.030371815697781777,-0.6781332720467028,0.15017132018675958,1.2068889214337046,0.4408274793025085,0.11219556136336645,0.6230764320627282,1.7441593952356778,-2.2217300584273327,-0.8819565419325243,-0.9093884894066859,1.7247374566114855,1.418695246963394,0.40546121484256814,2.31898637441357,0.6889007873369389,0.8804340710027743,-0.19406884711717626
2025-07-11 04:27:18,-0.5706281269005813,-0.15582962694069952,0.8021687867212276,0.24531519949668643,-1.6542478436480923,0.9399426707178102,-0.035965075045941125,1.4680637742690876,-1.0290255669865378,-0.5252031414697031,-1.3568184295370322,0.8472520553977642,-1.400182229727737,-1.762092813680792,-1.1390715087808931,1.2380137465999452,1.165572674846901,0.6607550670445645,1.6778849682951396,-2.500582731027243,0.001564972518818016,1.2647548646380344,0.378600881653496,-0.8335907892329173,-0.4544750554829613,0.973825616726062,-1.0465248439393247,-0.752419125517534,-1.1902757127112835,0.08887298994790384,2.071951084927003,0.4133620296205184,-0.9637273182751747,0.6653057066148549,-1.1610098967967417,-0.41754865866562296,1.220493595935355,0.3881391891542447,1.4569484472297487,1.4058534511345298,1.2050224932202704,-0.04106338441009986,-1.0491122584391412,-0.35715705575373713,-0.08476482265913927
2025-07-11 05:27:18,-1.5236135146970906,-0.4888534797352577,-0.09269990924206545,0.5165583214562123,-1.0070160593060022,-0.14608624312952379,-1.7901469976839848,2.545863210991688,0.717143371938322,1.082112094106807,0.30859142581196686,0.9013564505821556,-1.6152609418018287,0.9009813625069346,0.0046718160129484675,-1.4968949512404455,1.0454893257000266,-1.0733332933397894,0.33251373191165495,-1.0061076640610143,0.6168934431172217,0.07263479472244502,0.5295401244709954,0.41801910889271643,0.840639768440517,0.7766943397501024,-0.20553299489710994,-0.973554235505811,-0.7108866733514264,0.49450843819944096,-0.013782825945587916,-0.26127583780941543,-0.30690118868443317,-0.12263069266325025,0.28188772829082737,1.5877107423395642,1.5133804832414737,0.11935504132350866,1.709276215958068,0.07031959938774529,0.3560919553732518,0.1972776663554651,0.6682886743612921,-0.0835742584612182,0.9705616961332425
2025-07-11 06:27:18,1.2163802705210878,-0.3904138683890741,0.5822816847446834,0.39533060474898063,0.2501937122115914,0.2661763585946914,0.4081699881438976,-0.2768815806519286,0.10012871262143662,-0.7811156274579466,-1.2764138208390994,0.3047312758669852,0.9340982778918722,-0.19639186437630177,1.5258791825608795,-0.813616567418517,-0.46414003755079425,-0.3762586471461042,-0.15492735352598372,-0.8855458207324971,-0.6181775455051844,0.30426499699203274,-1.2447374792719879,-0.7592363989680428,-1.1602307690817246,-1.0193389185143227,1.289957942581159,0.48345234505348617,-2.2550507558473174,1.0406250892112037,-0.6124788482213027,-0.8314007729495664,0.8966653709826874,-0.8461619449365899,0.038668332604032934,-0.2844685862439641,-1.8298023087007245,1.2547517058303475,1.2637454332090525,-0.0696256531540875,-0.05095413125713877,1.0588482476095438,-0.24477150340540285,1.5075212901798871,-1.412337038586672
2025-07-11 07:27:18,-0.007205050608581484,0.9410371491843491,0.29015871771180707,-0.31795293142984593,0.5103070819720692,-0.743038985344261,1.329771912054998,-0.006381770846943148,0.2683375638233037,0.964511090951364,0.4111553723685639,0.6061316125209499,-0.4738914971942239,0.23150858190104767,0.31564090377690673,-1.8624070999462148,-1.7341667183939513,0.49853660422580026,-0.3646968673137875,0.09583778099866418,-0.30280472129871566,-1.049889369184309,2.5016556406878463,-1.286865767073586,-0.0994609173985254,0.42402305948553304,-2.0685666262819082,-1.3110283719425684,-1.864519891367908,0.2817343698342537,-0.5506492283043107,-0.2120247755676481,0.9352423855243097,0.6043061913651588,-2.1593336162254904,-0.3703282392549059,0.2964144096426796,-0.3802063576516236,-0.07106127482332839,-2.610454487913869,-0.821973050929373,-0.5998311228566211,-0.04749838094055789,1.8698729182796956,-0.345518840939382
2025-07-11 08:27:18,0.6267384685704842,-0.6737622241339537,-0.5057429718382057,0.5386356295920073,-1.479905928709327,0.6363692168413597,-0.5684932514803169,-1.9930992846554954,-1.5099946112118592,0.39833309161379865,-0.7260736462392026,0.605810653186197,-0.29820691697651114,-1.330372027996258,-0.03339380570690477,0.5469304915572192,-0.9074129203347913,1.7219814199478554,-2.1061477314634156,-0.817292966568871,-0.549196439813354,1.0048608012841618,0.5148090789405015,1.2969661734216409,-0.2665089444620612,-1.0124599978399103,-0.7543990534175732,0.09175625990573745,0.23462723261184665,0.01630510450826956,-2.0994585091428886,-0.2133105441681223,0.06501957824973294,2.133309976418164,-0.45425975982559896,-1.2512724403120852,1.9174670591653329,-0.6052717256952164,1.25984648136221,2.1809773097237555,0.48126988453857983,0.28809046421370316,0.9618580060795702,0.6422512921763966,-0.2012498299305433
2025-07-11 09:27:18,0.6207517170563892,-0.05639184756879586,0.7390576000605377,-1.8277980923693382,0.8355489622412974,-1.8388026426970403,0.10823257293554796,-1.0156486087483858,-0.17576062157011718,-2.023381577116708,0.07957603674001393,0.7745708172496062,-0.508246345143585,-0.3546739506764563,0.3174627495854466,-0.7768464062493283,-2.516649631137938,0.022930708469898038,0.4930963680516033,0.026110687175038554,0.42386791285636016,0.6260050458982797,-1.511762133630722,-0.009528088534063894,1.5263644612339484,-2.4571189742459207,-0.20478425414251225,-0.5413301108179612,-1.3791718811763156,0.22226472357301294,0.18561172818945848,1.1524012403829231,0.29568265667674065,0.247707457109019,-0.3210831542225775,-0.22301210237013125,-0.9648114305122496,2.1565106327656243,0.9520389444238727,-0.19766831731140277,-1.4446503791544867,1.7954221092446307,0.3486859948384668,-1.0405022483614523,0.23274420293485062
2025-07-11 10:27:18,0.7195457281622554,0.3685089696153421,0.9593680630617158,0.7199026827031709,0.7166346414119179,1.3152007247084228,0.8797510995270352,-0.6408122924433104,0.5578284349753667,-0.19585681319430442,-2.313380784362877,-0.727171353574978,-1.3537094229654463,0.7910016280541106,-0.001377202815582932,0.49247289451502757,-0.8248916023860781,-0.8332079475708861,0.036078211130935206,-0.22559851421344548,1.3658324379011155,-0.6293258764232678,-1.3635927399705636,0.47649205867602173,0.47501098581642354,0.9160364690534537,0.4397968925954541,-2.1041942886497966,1.3141817509517937,-0.10890741587171268,-1.2406285094737572,0.6588082251661017,-1.236321567568717,1.0466902130163636,-0.32830192084350857,1.168145073128499,0.7000718890112717,0.02465322675558398,-0.5295966954210247,-0.6965875062083148,0.46817230373825347,0.1608187106252008,0.730727228840946,-1.0987238269942987,-0.47597753601031695
2025-07-11 11:27:18,0.09510740539899032,-0.6287621833428406,-0.2694158117053536,-0.1480330999096989,1.419702694825189,-1.042754131765717,-1.0415759860197347,-0.03649164350419204,-0.8552774482463572,0.2639816971099421,0.27010166342961645,-0.8244690338714248,0.6961524177853908,-0.8582432614674211,0.7277808956671301,-0.7666328708262309,1.4812535689276323,1.156873606564706,-1.231409327151503,-0.30592753698642006,0.9787513989533909,0.16367561146869802,0.8820048600426053,1.6335500762096093,0.773534072042945,1.6208466312314715,0.8653004945223687,0.2631071214443856,0.41797851640841593,-1.4864863280441825,-0.8251171989347261,3.17010150598603,-0.3275103912291086,0.19674102258635348,-1.0075765863019577,-0.6116844183515693,-2.059666833628096,0.48810931723140333,0.38009366002696476,-1.8236496148963188,0.7724013013637927,1.2578810787620611,0.06935577600688338,-0.42362692334517066,-0.145001668327576
2025-07-11 12:27:18,0.37776800879626177,1.6734013258419094,1.0994240144780467,-1.340781223789873,0.6407953174904294,0.8186328144619325,0.8396448128498648,1.08201277459836,1.120874693045112,-0.882801173829531,-1.2028705542238964,1.0098904710131027,-0.25008968300466927,-1.5681017507343917,1.4132749732380565,-0.3747293872365987,0.588759647827429,-2.3508188816072937,0.7370531834839801,-2.7445581706209934,0.8303769065251515,0.8387147922861302,0.1569641325499109,-0.4961279247701267,0.24583049691470338,-1.1269422551733763,-0.5856880458333961,-1.3264319032189325,-1.393191382972057,1.3020472586794323,-0.07953837250733775,-0.2834953646762747,0.8370015813266296,0.08422902714302587,0.916258197149663,1.6641451260774507,2.0428211769161124,-0.03437046657307463,0.12186302432854484,0.17298563955696566,-0.7204097565662052,-1.6013623427318189,0.8377596505433418,-1.1452513167254597,0.5622802409486749
2025-07-11 13:27:18,-0.06771970009939805,-0.6773624318615133,0.13640878063027773,1.2153181860746425,1.7732159434949477,0.5690595547402083,-0.8278431089227336,0.346585355328414,-0.0970958604900781,0.2282357692509372,-0.011301558510960893,-1.4371392657236255,1.1668302147485865,0.14965583592651333,0.23111218239261436,0.9344521698273114,-0.03864289365379939,2.375246259744234,2.4421488601957586,0.6136602362929666,1.593489652751715,0.8008996189224818,1.1265517986112399,0.5122085107086808,0.604351371460579,0.04087594177682695,-0.5154790492681348,-0.7202900603729069,-1.1667905787676116,-1.8301138559577381,-1.224110918147259,-0.2650106388050842,1.0255757014777132,0.6166710142211578,1.4077030270370403,-0.3702917823978178,1.4467988104628122,-0.252276887229084,-1.1404832893742471,0.8369412391908464,-0.2668413196366873,-0.24912182395994664,-0.4990917467735603,-0.5736923111534573,1.2547008034864007
2025-07-11 14:27:18,2.117352828183754,-0.6956604365463158,1.5166549648754126,0.8413442026532479,-1.1294036339537825,1.54731645618874,0.43353863455133046,-0.13453224554137722,2.1250070913402066,0.8357946753352494,1.7662800708550614,1.0145371117048472,-0.030281298916553363,0.8000284073120553,-3.1288308488861083,1.0918003913692618,0.1322010802832363,-0.8012258963604961,-0.818201840599077,-0.3868954414908836,-0.566049909247476,0.017448505333908015,-1.8065366915717058,-1.5016146339593206,-0.17196292026591847,-1.3564623013520427,-0.47215653215306025,1.2083651834652616,0.9218041093386304,1.6768969578896733,0.6708486861219948,-0.21927358529792887,0.033569103918370764,-0.6259789318885505,0.15857968891542754,0.031957426835342,-1.0149588273858339,-0.22049812434083582,-0.215510366554555,1.2080973186603485,-1.2442642014115377,0.11378405296751817,0.1704170443259761,-1.555447673546147,0.6040584129255772
2025-07-11 15:27:18,0.35416417382832427,-1.210267957556323,0.42636560472977836,0.7708949564817545,1.6468531708259282,-0.6850687916696674,0.8253851053648213,-0.1591129103016001,1.4198911765595474,0.11727934013689494,-0.014588144255737094,0.9749758624855507,0.6095741406240344,0.1979459321831612,-1.4801478439016948,0.6949763559191682,0.7518741247555413,-1.0251688978497033,-0.8992593732129328,-1.0775785848140562,0.29973569159933094,-1.0591103528697567,0.19303421721753664,-0.3073054809829957,1.2117032547980227,-0.7810500351170709,-0.12666940089675713,1.5535543815724082,0.003762708571121433,-0.6161076213835044,0.7069979716580891,0.8319414039592948,-0.15461432382729132,-0.6502019062414403,0.38928775729076465,-0.5381148097335945,-0.18654042704323184,1.507917158552643,0.7483766409165776,1.2986954925531713,0.019631173094216924,0.45258097248118295,-0.1452984975891455,0.5358373839892657,-1.3984713544594098
2025-07-11 16:27:18,2.1114902236662423,-0.07649345843557677,1.548094245229716,0.37368948394190055,-1.5240959819432343,-0.7962383754283245,-0.03483255482497982,1.0461585773049382,-0.4479009208084408,-1.081556927752446,-0.6197004621247701,0.357544144298923,0.4348392104223282,0.8181805363609129,-0.31369958592958763,-0.7555385915035197,1.0066146592237648,-0.1835796147514033,-1.366438872509966,0.2730391713762895,0.569739283890202,0.5220929078261932,-0.5889699100708717,-1.0629366193886602,0.5880360525637714,-0.4260998805915335,-1.5630720340477393,-1.0989004625659229,1.123185595971276,-1.533655768375324,-1.4672943811703298,-1.040972685985686,-0.7706140338532702,1.0565967004402785,0.7970926608143756,-0.19382436658383903,-1.1414999820949627,-0.251826213483136,0.09406248606434334,-0.6842870117886587,0.15667695693005784,1.4287350557826375,-0.27778230000922516,-2.521087656569185,0.16110397365427986
2025-07-11 17:27:18,0.561471608355994,0.23580001563970931,0.053102281266656795,-0.03406064411412015,0.8595790867769887,0.10687843689455254,0.6601325803306641,-0.31640832531594126,-0.13425304394811188,0.6839433153828656,-0.39386601984395553,-0.28520690656757536,1.2835577149013244,1.835314748436422,1.0289337658253115,0.07412473229702773,0.12245236078575245,-1.8471233313028295,0.2997921205998862,0.24623251088919396,1.0181278083438894,-0.042323456714516004,-0.17032255869751808,0.7436772561252748,-0.6898428465247096,-0.6185717346874627,0.6038216886737968,0.6294336463834457,0.8864760737057829,-1.3863662280289353,0.0435343561242216,-0.15990924707560294,-1.0790592196999018,-2.133077492290331,0.43758176342099797,-1.0643904218724463,-0.1317338166299018,-0.5308363040808954,-0.8922508396346523,-0.29533876177410096,0.3179235940051089,-0.6823150363771151,1.6221102006951276,0.3948584560908817,-0.4461807027587729
2025-07-11 18:27:18,1.447680401927941,-0.1883456466206881,-0.43682890105598615,-0.8409725638035197,-0.3262452921996278,1.4490440170018746,0.6107550009751372,-1.4118759724353782,-1.4767386080740552,-1.1941885810173418,0.5207271728835005,-1.8281554297387341,1.1429847389834724,0.2939588605662584,0.4890087509308362,0.35668372509015733,0.7151953885762616,-1.2329824279656028,1.865118588084624,0.9212479528114151,-0.28664512040594353,0.049098792547473145,-0.3736188693029986,-0.1695155437662656,-1.510028693164223,0.48900007889631963,-0.13412294809729708,0.3118312785123769,0.5973990858457102,0.3825948199120669,0.9939705342692035,1.4287790699578173,0.9881760138164185,1.3552084477136999,-1.1445047790033642,-1.2532409202720745,1.4258263769953743,0.16360574145066967,0.042981459368890876,1.985999442687724,-1.874123741712647,-1.133827749564802,-0.880173371653718,0.5299880085795993,-0.520736879107119
2025-07-11 19:27:18,-2.1690288132216544,0.188420504575573,-0.6976254113026752,0.4359835454029116,0.8331414375523246,1.5266742557263155,-1.088094745655415,1.0034376532896931,1.1197003994432502,0.6514982270612595,0.8554985645577021,1.07040846010126,-0.1650904779753692,0.6941045773339425,0.2255462421238363,-0.7952988258018374,-0.40212587573465575,3.1169017765149607,-2.9390377569958206,0.13556337870176446,0.09000235365259472,0.6746126464219364,-0.3398946886378294,0.7216721635926042,0.11712318367116296,0.5264080663480956,-0.8662638490585249,2.0900818517013633,1.3703609152570582,1.3047931151867571,0.5989587844885096,0.41482467705920106,-0.19583514539823754,2.4086752986579114,1.3690776303861976,-1.37431664127742,1.5861752835467657,0.036524659462400764,0.5247179638907148,0.8698619470993224,-1.6839234931101994,2.176543001641944,1.3918998309806503,0.18197101007731,-0.24874092384825466
2025-07-11 20:27:18,-1.1922168665498913,0.8398207563730541,0.09657193107210195,-0.6321417260717873,0.23960004208645347,0.4972404239325252,-0.07082259221015547,-1.3176031818757272,-0.7199117339109509,-1.0907725264424029,0.7443727507468303,0.8991855875751783,-0.5114380308183332,-0.4955727561579399,-1.1711483436142751,0.7342862792168198,0.33238696307456644,0.6371079430774853,-0.45747722355747716,-0.42617840003368906,0.8760282602793266,-1.1619344371461766,-0.9533358643444878,-1.0653472384845366,0.6609160016284378,-0.9300210730047972,-0.743393669441164,-1.4893873557338595,-0.01166498671997908,0.8959034463349655,-0.19212412424148745,0.5833727493145136,-0.2962789228290203,-1.603957753097729,-0.7823001088604403,0.5711740512770975,0.5924345356962277,-1.6091510942430274,1.8027002455802097,-1.1915879367287052,-2.1121422077869987,0.5655330594895155,-0.4200985305982294,-0.8776235584756832,-0.35027228452239034
2025-07-11 21:27:18,1.3404093502082737,0.7441286525254291,0.4226501417433574,0.33802017825604225,-0.3295138598700113,-0.12159590863692368,-0.7455009342098728,0.9204135973487625,0.6410391682869125,-0.23501255873964744,-0.14705505601219113,0.6789780822021149,2.0473483408857027,0.3609407065143511,-1.6130122679410162,-1.532598532001666,0.9365372043628047,-0.6520143186348208,-1.2030802217484213,-0.2706512013369544,0.9988994898713953,-1.2975970130434904,0.8500861891078818,0.9946119973957817,-0.2454086313653909,0.17558243417990765,-0.38027960849553577,0.5459593646120122,0.07026436332418565,-1.330631700052073,0.5722530694606969,-1.5915567693829538,-1.8068338343896628,-0.26006428124623565,0.847189394941959,-0.5541981380916486,0.19636975890827807,0.5431098720385809,0.41344217593423144,0.5533121256559441,-0.28126115919440203,0.3771776689339388,-0.8105008210286773,-0.4964355060526984,0.24919852620807292
2025-07-11 22:27:18,-2.003591182787998,-0.483650806147854,2.804599707173362,-0.15294283435708,-0.6036230442152907,1.5773683680974206,-1.0435102474264464,1.5561486445912602,-0.24043649611492773,0.9737501320836323,1.1031501841730935,-0.8245570728403997,-1.16690308287839,0.9485223118222046,-1.7992023143819718,0.21981283226094592,-1.3606038386281338,0.6836613071286841,-1.144717310132496,0.8295252925762089,-0.31994200589324684,-0.11208576176564272,1.139445806064371,-0.1139579447872277,-0.37629336801583635,-1.4890790389552344,-0.49886707671894504,0.8001558574939522,-0.843925187829316,-0.23143764256146412,1.0346315996535496,0.9351316366596146,-0.10149157204031856,-1.113628859817768,0.7898477628461494,0.8059947540454656,1.0063501038625418,-1.1090632860185081,-0.4731454608925755,-1.525192894687924,-1.8251370352965308,-0.5321253017810158,-0.22308721824955383,0.9765646684287305,1.2923579164933545
2025-07-11 23:27:18,1.193714468538312,0.26855132955320504,1.168861054465843,1.0792802413867362,1.7888403080896778,-0.06857177396696215,-0.696852983517711,0.6379008723285585,-0.7855795704956516,0.038620133205194015,1.1163212890145655,1.6690519985800374,0.08490304994246908,-0.402102452710566,0.45591432645881147,-1.5746888118114362,1.1741272333058204,-0.06676929279080576,0.19010514921441798,-1.0204048869077265,0.08382137628245749,-0.2580683319871594,0.8464931628798075,1.8242600084459384,0.4996567211340416,0.5205210744627856,1.256421564874664,0.4253886253865619,-0.20954507873394163,-0.03171238353500161,-0.48215592120581136,-0.8103246473112181,-0.9101422359208533,-2.2253006393617043,-0.4781652111111423,0.26044689758426376,0.06829521333970648,-0.5830767027782374,1.2397156671458325,1.1046041793965458,1.3101730408646013,1.174149439608605,-1.9273006434590922,-0.01037483811316439,-0.085963068053782
2025-07-14 00:27:18,-0.9676297101757112,-0.6142067718546816,0.618141145953159,1.0192891327482587,1.2992501737501856,-0.15204391748884624,-0.4169773322999532,0.2606135711810338,2.923597993594418,1.5487354841617855,-0.2467393560416619,0.016964278895789983,0.5571008457798408,0.36271100698952136,-1.159858323485234,0.33896351161390625,0.7571261366461589,-0.2478318368688507,-0.8446107406008959,0.5516573958841896,0.8517771537768724,-0.8325586834562899,-0.8910029400754209,-0.27160488648331843,0.7048048651003216,-2.077703966870637,0.17462392905554253,0.36549120112780625,1.1920104822469038,-1.6648248665723815,0.3736161065690489,0.7599611224550745,2.574625740436531,-0.38520874509638015,-0.5396848787955042,-0.5126857762040853,0.682430952745146,0.0684307176611561,-1.3498322519915373,0.4195674084310103,0.7274301697402485,-0.180268001215536,-0.6198148077518069,-1.5302718604498573,0.2454729836858073
2025-07-14 01:27:18,-0.11897785569517483,1.0977503325473401,2.2041194668211945,1.524054867294249,-1.4388519419491592,-0.1205224777262915,-0.7553246702248917,1.4135386397027732,0.8958638301334861,0.5566642166562659,1.284316703665031,0.17783237954444148,0.9256264601351896,1.0781940269149133,-1.3000388895588435,0.6569992276943967,1.3316585488409818,-1.3657703668068601,-0.25851808672252535,1.293699748646049,-0.4851849999807338,0.10905515956287373,0.603052602009247,0.2099994243709679,-0.1463227531084413,-0.8616939072503049,-0.13040812169332802,-0.9622765665918495,-0.4552870942010012,-0.9705474005386879,0.1612255541395721,0.3921919261655359,-0.8097239137312175,0.15916578730026623,-1.7863777362900033,0.5602501369995603,0.2475776169122243,0.8312265610222571,-1.9477138599927772,0.17775361174668727,0.6452704357271153,0.5306659096075728,-0.13372899639354355,1.5539665231971038,2.1416991534018592
2025-07-14 02:27:18,-0.24073724162159646,0.30778034092432194,1.0944984576729837,-1.2617695562933944,0.7092404983021563,0.7225815806743384,1.6143568165558513,1.062382488509412,0.01613916857668696,-1.7090810956676123,0.45066048210390075,1.2214680776446727,1.0622263764001396,-0.3795875373686709,-0.23867510640326203,0.20793312487482313,-0.5347613992142453,-0.009016303318458254,-0.2847609939874014,0.05022815576858981,-0.3635876658678654,-0.3538747600534207,0.30353792383119893,-1.5914025476523688,0.7511371214896608,-0.7445730131901284,-0.17786570116932995,0.14463147214576155,1.8719053440029783,0.8106376976200397,-0.5121086206229256,0.1093365764127544,-0.336162598234962,-1.132829845203645,-1.4058623253404565,-0.09932996303830342,-1.6096768452891514,0.14828300139129888,1.067442586703881,-0.6049745331334443,-1.0673974143463378,-0.037595145239342834,0.13495631149424592,-1.1893529256639188,-1.00798441105395
2025-07-14 03:27:18,-1.1959933595755423,-0.6286128860339669,0.5795353434234812,1.4359344051366647,1.2739138252662021,-0.8295946898467397,1.5379142050104757,1.143769314106845,-0.23877276000113604,-0.2934357865043205,-0.975733374157963,0.6482815941066826,-0.9730073198949302,0.9224786857232042,-0.9730802907537506,0.13630877133336225,-0.6420886731741499,-0.6544711927522329,0.45954278432431817,-0.40137647967847767,2.1336467225836833,-0.4094234846427912,1.8862112365674255,-1.0812612549077123,-0.10122076019973084,-0.5850970089010399,-1.223896728222992,-0.031280356407288566,0.7829154276331237,-0.9016659884741938,-1.7237838228347935,0.0714360732326407,-0.20678419902949394,-0.4532573921343481,2.1068766055200823,-0.3985754464797162,-0.4634596401545337,0.3846913830355322,-0.9445408008117527,-0.9228981861498756,1.8685788717523346,-1.752009258871108,-0.42950754087542314,-0.39022038554451194,1.9345641858629608
2025-07-14 04:27:18,-2.290372505233117,0.9337952482227522,-0.21855806635411262,0.2609929700973148,0.9262074900446934,-0.6556596779299552,0.1906812063190405,-0.8463990619279643,-0.6187387937265219,0.7848216102352054,-0.8924075283463413,0.25496628010938516,0.1421206025898412,1.0987794566533107,0.151040183091206,-1.2254102486269822,0.8240134016027355,-1.3611112295497383,-2.269344988163144,-0.5202387401388816,-0.010680394187179759,0.38490501361833124,-0.7480973252260789,0.4132387701909515,-0.01793884724665821,0.7296613812611064,-1.4066290987147112,0.667241141535712,0.13671514491554998,1.7350354717606151,-0.7166711931713172,0.03542645874146896,1.8484948830890207,-1.0001692030940768,-0.22735791149452897,1.0898635381557178,0.3965302069201599,-0.2049908946319095,0.4218748526411284,-0.49290432483521285,0.23142791024757345,0.5435964348403938,-0.05167049913010915,-0.8390123945553959,-0.7897365076887767
2025-07-14 05:27:18,-0.29493703723573594,0.4736283958272454,0.6144400617342244,1.4409757138509336,-1.0739269341387625,1.5552377148464172,1.3754374130854916,-1.2311173211511377,1.4695820783784859,-1.0548101553438043,-0.5566923481627716,0.3587139925093994,-0.8309762049416735,-0.003471033488385789,0.9830296529625665,0.504021647291971,-0.47432944248366987,1.6553502280032741,-0.6920001212236394,-1.6573847908021853,-0.22043002586903995,-0.5799919825201856,0.6140244823003084,0.6070683169425541,0.6917794575900501,-0.8181986969525923,-0.6662883740282713,-0.6768632059049898,-2.3947080090964783,2.237208868758408,-0.4661307361926198,0.11539405181664943,0.3547246902865224,0.877139832850669,1.403612294489394,0.8229667090420705,-1.1832722664345645,0.03916480107093887,-0.09386087155925282,0.8021119613528801,0.5672935159703981,-1.9296338587022774,-1.2307969905325549,-2.8944632068333758,-0.6644225830420576
2025-07-14 06:27:18,0.09407262125089136,-0.2714007688683063,-0.12531437162462628,-0.9239964781094488,-0.24304425971702745,-0.6025591023121508,-0.46873924809462747,0.16529880740127986,1.0893914506396645,-1.571501649688647,1.170423688609101,-1.266768977462829,0.39071974352722416,-1.1536452641459292,0.4168159256484044,0.7615824997687122,0.28591928522664223,-1.0361408736715454,1.0770923750857972,-1.2054136458050748,-0.925443703649183,-0.2737374822407462,0.15904277382490722,0.20880238492486694,0.2749638434433775,1.1948859192583712,-0.0948411028180747,0.358306234963869,1.1930792150047629,0.5674291592764407,-2.001449246604478,0.22148195991126668,0.11421732985420859,1.4641940255221257,1.7990658713464132,-2.036073059251644,1.459042629018912,0.3056411643271454,0.9817486706073935,-1.2735203526586583,1.4398073986357727,0.0043451882928494745,2.1657558084948385,-0.13964051486120999,0.7225715435044185
2025-07-14 07:27:18,-0.10569691409326265,-0.3912805421992969,-1.3993093986273344,-0.25989490157247025,0.05605850435975343,1.4202835782946317,-0.35910877562347715,-0.7195197620923744,-0.7801756678398821,0.01562348192780308,-0.829009840491388,0.12565905812720632,1.247620899853362,-0.2087075876144114,-0.9119518163683762,-0.6372546661330453,1.154974832971964,-0.8657518218078988,-0.33464675605720245,-0.11520730982374189,-0.3114757312122631,-2.8157285106023857,0.5274612637262751,-0.9749357671493659,-0.1528475875300527,0.5272603687614302,-0.5300624832494188,-0.5432344642805623,1.4156735493258887,-1.3873484454941736,1.6020206855003074,-1.2775446362945262,2.54391247436641,-1.459190588744856,-1.3797723853029202,0.398842011114504,1.5830571561963995,0.0762232577598028,-1.090492496882072,0.5412255238080921,0.12684961706304487,0.35066509021902337,1.0811063287070186,-0.7956301514807826,-0.17633943575341088
2025-07-14 08:27:18,0.3576368543482119,-0.6415308540044641,0.12441579558538719,0.20487258076291584,0.06499368743848065,1.5760260368735797,0.3086477657496685,-0.33487573679376254,-0.014393975238061671,-0.06963590995089716,0.7021616836849955,-0.023516597524083627,1.3398345597468009,-0.4960969872973279,0.6890240300480726,-1.0025777389616768,-0.2528921077343074,1.6467272121635292,1.2538118365820423,-0.48004349273514024,-1.1968908190999343,-1.3146295154172964,-0.09099427299596309,-0.06720740269514341,0.30722223342203525,1.848790511697831,-0.5793079797931941,0.8599095599222449,0.8739567669384571,0.4927981531651896,0.20745274863041913,0.7207885968320517,0.8167590848099519,0.5849539953181198,-0.7663100380370887,0.7997726656479891,1.1023395344910758,0.14304418269567415,-0.8795734151220749,-2.05664493944042,1.7028539929619237,0.5898151333104343,-0.43994579938279205,-1.0479681895186297,0.5703315867038684
2025-07-14 09:27:18,0.4939790490166331,-0.3823102459072065,-0.0808138676824807,0.08290754237980265,-0.04959194464282195,-0.8239805195324804,-0.27901680642505533,0.3539333922525341,0.46309817185810165,-0.38902570971423006,-0.474671592465692,-1.5711189410505582,0.5530016476097321,0.4347408070185053,-0.19281971726030595,0.14915269666065142,-1.6105075772230033,-0.21696396426720974,-2.432199201881735,-0.5078578103859555,-1.3478678078492978,0.7781549143499482,1.7212783992270821,-0.5968300820957122,0.3645263308291542,1.1026579872344704,0.04105952192843186,-1.0852554679543887,-0.8313734363480492,-0.21651400421396563,-0.43865042040969593,0.21048410336981593,-0.3401288875750997,-0.24305424371803863,0.11952122824666173,-0.7488295355058272,-0.32711933180377867,-2.6690739561220727,-0.19960851723969886,-0.26581289770368793,-0.3966248069127478,1.1116739165853164,0.33823094298464845,-0.2369921753074767,0.6988197930409223
2025-07-14 10:27:18,-0.5354357912534923,-0.7389614378203205,0.31756362404666616,-0.7628043998182854,0.043841972130984244,-0.3518160004690562,-0.2672274267679464,-0.9679226237997015,-1.059652248307174,0.6933467194606604,-0.7548427104146958,0.6302338959944281,-0.848238570495395,-0.08234022857084518,0.2406587356911497,-0.28984744208921803,-1.2721969439225786,-0.5626552915863801,-0.4470515845610536,0.4399899926679279,0.9116487318666726,-0.46104936337005764,0.761113119334295,0.3562093550203503,-1.4898103587642983,-0.4037386025026934,0.4591642431740799,0.6203529688214582,0.820787199389275,-0.811269700756539,1.4363489404451681,-1.3876283381105312,-0.9044570860618976,-0.10858323413723224,0.4433641876797237,0.6142873434531977,0.5975514863573456,-0.07590617877329027,0.6073953004964102,-0.7129783684606805,0.5673157558040554,-0.7058360962990077,-0.28670312620461996,0.0455879643677594,-1.1634383035923934
2025-07-14 11:27:18,-0.5756485107316,-2.7943172924673356,-2.0819763593955125,1.8038126157154057,1.2911722258196119,0.8727382480197015,-0.30059761959672765,0.17403573737306,-0.4551870771251659,-0.6563786698869323,0.36480990304769245,0.12746329991394287,-1.3569073761440023,0.3229070414442616,1.6724403983410654,-0.19022967294935408,-0.3759715243164586,0.17697881905270144,-0.12279840537150936,-0.7475274697160423,0.2020796642499373,-1.388974146106746,0.12095658469738385,-0.29456320259359625,0.12139992939558898,-0.022246128907229722,-0.18722067941555465,-0.5418114170898463,-0.05221643246034415,0.4104563901738902,-0.33797674887542567,0.59586518391082,-2.3854738118229464,0.5190976200489588,-0.04883330980339319,0.7127843444322254,1.1299342733857438,1.020851585985726,-0.32538285697836977,-1.1845961741238324,-0.09401011553143497,1.2114525263291402,1.2417682826764433,-0.766536996048433,1.413646370278311
2025-07-14 12:27:18,-1.0788216127697805,1.176617894184767,1.231313507774587,-0.3189519208402366,-0.6567621526285982,-0.41467972674124254,0.4137311903719796,1.2901327235391566,1.1433839245570043,0.6472615818061481,-0.43312058159204053,-0.07728120795714963,-0.22797857574945615,0.6799708145857914,0.9903718597890311,-0.11254644354086182,1.8507137961351825,-1.167119050594359,-0.8203356005478764,-0.23706719542767296,1.0789222359043522,2.4349508442527874,0.26279681254304715,-1.7678212528528485,-0.10561952459891034,-0.04038377067559642,1.3682400342409413,-0.7027190824470168,0.0429355279131531,1.0530312682334764,0.1110303155501817,0.053865296930688075,-1.4558868102259437,-0.8642898943911722,1.4473536730940506,-1.129307239956805,0.8010963519950234,-0.28773204768854477,-1.877158981158977,-0.4600950458585498,-0.10098128781623021,0.5164614123941068,-0.5325883449226502,1.6494221289068811,1.644752574661116
2025-07-14 13:27:18,1.615096411864629,-0.10854576333503524,-0.9237214887718854,-0.5595453461125167,1.9256998068691886,-0.8230122315571577,1.621097590622412,1.2326925031440203,-1.5115833187172945,1.198925476707715,0.001318142530434482,-0.639568250266047,0.00797107315438305,-2.2161249957223905,-0.6890686167129889,-1.6365481362149013,1.0967695594658995,-1.2226247569798592,0.7446731294655006,0.2914061528782105,2.0371349730759625,1.7307161245161597,0.16781144719863353,-1.0467407708751066,0.662534852418057,0.9951139186197435,1.5775196722612517,0.815260195782217,0.9071370661614192,-1.292087573142386,-1.0557663422691335,-0.002970695482907014,0.8295975940091599,1.0248867571252378,-2.0024392179842976,0.27540882993004007,-1.7819040070419399,-1.5581442311012292,-0.6898275218636586,0.4516067689567169,-0.8510125925363329,-0.27090217535169275,-3.1895020554547884,0.8402715712072417,-0.9061268524576401
2025-07-14 14:27:18,0.6662006354782487,0.06869676570059295,-0.09800669008536615,0.6157777591743736,-2.129170247996936,0.228585773817061,1.50366999309891,0.42456483969487113,-0.42619447906057667,0.582316152949321,-0.22669695940221893,0.5554804198956013,-0.7717392316540497,-1.1834288773164348,0.3073014245370074,2.254930814504976,-0.5709417427387428,1.7966801546141962,-1.49759657969785,0.8153910692395817,1.1137687589843235,-0.20874918312567178,0.6083936870587184,0.602785220056201,0.777561449161273,-1.0283035305930002,2.3547924895355945,-0.580122613337282,0.36282974011613317,0.30449190699927886,-0.9866309832294747,-0.6091899201990897,0.46495936142877897,-0.3723144518923086,-0.08082893568745217,-0.20071830625113676,0.147160211558562,-0.43183976076362907,-0.8278122499008979,-0.3926919171574418,-0.6057697006753944,-0.39853740535423365,-0.42076290803245286,-0.2989527635429886,0.19856856864827194
2025-07-14 15:27:18,1.7239374971375763,0.11114028326246887,-0.5219540995947395,0.7997697185877523,-0.24646918337668267,-1.5623185671439337,-0.8442995731587367,0.7265357182081074,-0.2808701680081174,-0.17055134677044906,0.5670322032780288,0.8387381165172214,-0.6148666806215988,-0.05681832373715801,0.8239609123348219,-1.0563330193873421,0.18337335458894766,0.3483577070800964,-1.7918511313691914,-1.3283692053727902,-1.0780083746807259,-0.5532549223418938,0.5120524299200425,1.9595213558933775,1.1429265374173423,-0.7471827958253645,-0.47702703622290976,1.4447317215518383,-0.43387520753169173,0.6753960837800076,0.5184458590113455,1.6369894599417782,-0.6250493376012372,-0.10861544183926831,0.23964738603508237,-0.5044216779799232,2.1492702794397296,-0.3946090123572013,0.6446489764364401,-1.1722624942445414,0.3283372716073086,-0.31835956491177886,-1.59829937204065,0.05055773745302982,-0.8070128217916813
2025-07-14 16:27:18,1.1635490063140317,-0.4323551623540935,1.4226692542212915,0.32434162617232826,-0.33504492620511594,0.3637655191278445,0.10018181946946662,0.5191209602004635,-1.2052350494639144,-0.21261223979301258,-1.1851874230447343,0.48522676784356267,1.1906566858953211,-2.609490725268426,2.493041923062393,-2.417127255379346,-1.1184034837173207,1.2237709853430097,0.43271441067516464,-0.07241033482543252,-0.48813913265040026,-2.5211164877740613,0.06753741344034864,0.1747881048663667,1.064004408946898,0.9825975772742375,-0.8098729639294078,0.5140508075477139,-1.0822438808451709,0.21248985428735415,-0.43321011950823135,2.5295421822402173,0.47867242218095457,1.4863806777464985,0.21393827102520005,-0.18828171052330803,-2.098430550713731,0.21171071794158064,0.6310788768507286,0.8993137390601924,-0.14554757489499057,-0.48927149551596505,0.635283996343262,-0.8619010291087806,1.0633684393592446
2025-07-14 17:27:18,-0.14845537575605328,-1.3234471385147464,-0.8873176235063681,1.6542471986494587,-0.042651782725777874,-0.8159659410985294,1.779143363727119,-0.2742000621934715,0.0532423300753033,-1.5121734164370944,0.16571633553167406,0.369808702397792,0.639433715142752,-0.1772101998916947,-0.05327901606514544,1.3079386677112603,-1.1013337998050254,0.8862745304103817,-0.8936275944908526,0.1064569419592198,0.8665837902885569,-0.14019422329557055,-1.0124097911146517,-1.67418769703125,0.032270549582750815,0.977445801626329,1.7545733827466192,-0.7018443099357532,0.9481199536812462,-1.1364638210186926,-0.6520057124461992,-0.4732431816835187,0.6432444585768947,-1.7012250254960537,-0.38265392997563197,0.23725248534573762,0.6297465713184585,0.8812819852350531,-0.7209255861516692,-0.19886225361457696,0.5219992585442844,-0.32546440053710646,0.7407336603924111,0.37754806841546845,0.04900065527598879
2025-07-14 18:27:18,0.07279052157012035,-0.7757042147600589,-1.3104381119387307,-0.3663358259834097,-1.093570653625699,-0.3151217295833292,-0.4622703154831462,-0.9270899686870128,1.6937556812232906,-0.3488882907750282,1.7609988927815918,0.5090683888051701,0.8024657819746095,-0.7082325764935534,-0.5129274386092175,0.8265207447385396,0.41969962514507986,-1.337406724981713,-0.6303491927179405,-0.14379896663198785,2.093920576494949,-0.5462813236612988,-0.38192148415279586,-1.8083646886644709,-2.137420106770416,-0.057683458320051305,-0.5738928187169056,0.47196624256609704,-1.2572300066710846,0.12487234724214338,-0.5036878431460544,0.9011127820547937,0.05226044622636296,1.3256861083319162,-1.0504816265870278,-0.11878188309975578,-0.7114395791892923,0.7882738681369593,-0.12497816839620304,0.8619720645117211,0.37898783966540023,-0.09987037503694622,-1.083848888191204,0.6522947901638584,-0.31724924215684547
2025-07-14 19:27:18,-0.9154236518691328,-1.1133937865252073,-0.17508694492517043,1.2538916664742568,-0.22067558192454007,0.391428440390635,-0.12548287373522135,-0.20418160859069773,-0.7224593056195967,-1.1572712375435286,-0.6014900633252181,0.4022993724366444,-0.6757662116981767,-0.0034087935568629167,1.075581460827262,0.6405352382358667,-0.2766394236801923,-0.9630088432382282,-0.0877902720392746,-1.6374007795888132,0.49455714446185106,0.26313027727837524,0.062184120263087644,-0.1928139571212109,0.1530968800440944,-2.26987509767218,-1.0352086174804969,-0.9609935320670542,0.6479933748692192,0.6751908611454672,-0.26109321253493223,-0.00528339609297227,1.5057726944115442,0.3307461502536305,-0.702140723548829,-0.13239700032622467,0.22883929856249377,0.32611230914124156,-0.8807263152488269,-0.8571481767297476,1.1996336887549366,-0.0680675743616701,-0.2274992230152325,-0.629840575894947,-0.6583864319338852
2025-07-14 20:27:18,0.43637905179424563,-0.7175726201474923,-0.4913782583161179,-0.7497564509398253,-0.48174736289546344,-0.08233974419567618,-1.1709096048787002,-0.6440025589125715,0.003468787945101632,-0.12237636771402416,-0.31553841748483513,-0.3812712932810908,-0.5127614561128951,0.39162482049764796,0.7122770936437393,1.6952296061424306,-0.2988760109341138,-0.383936524502618,-0.2033067317809508,0.33134565328941756,-1.3416714171323318,-1.1075012479549229,0.02256076626535977,0.22344196631810492,-1.5901802418169386,1.0409514141513856,-0.49023998218050424,-0.28214577386014156,-0.1513327786695367,-0.5075810288283679,-0.008103808156496826,-1.1564998184029607,-0.3206376999382679,0.570907304519499,-0.7824006118530847,-0.3688207992902464,-1.5240036133745587,-1.7614246201706718,-0.2170940909462731,0.3683387243643889,0.24076076009581135,-1.2527246040095439,-1.3064912822969428,-1.6758604848925371,-0.3782582363100472
2025-07-14 21:27:18,0.010723295355767925,-2.1693647608039353,-1.1339125217912744,2.286263162562317,-0.7896703894695382,-0.35928795312205,-1.531885054611286,-0.09802022659924726,1.6568158520201648,-0.3053460688612058,0.377151471390072,1.089643793404598,-0.48901631673173895,3.107717844416336,-2.516977764287676,1.1918392145388357,-1.338891304226576,0.16882893475935648,0.24394794133150868,-0.6088892599901294,0.04831767437163553,-0.042791422970867014,-0.09708331175447274,-0.46890866809844484,-0.015042871306966313,0.7526949686027079,0.1507479736941069,-0.75241277495596,0.29033259155182534,-1.011137337350409,-0.12567510419902767,-0.3056828882265047,0.35113236061535485,1.2866344103655607,-0.3624595894626708,-1.4760911165630604,-0.3504375393675722,0.7603200814423576,-0.9286671719548165,-1.4017589293506374,-3.484693728503948,1.0274122062201156,0.23459337618616471,-1.2418914502043903,-0.059879834616349076
2025-07-14 22:27:18,-2.74228300802378,0.6247677255408984,0.8263539109691151,-0.9828116080972898,0.6929871807176652,1.8939664542372383,-1.3018799682208497,0.09385889660646304,-0.7477093010195509,0.8159043298835845,1.932139210318892,0.7489967935362779,-2.275937238084001,1.066747330332812,-0.33132910138539773,-0.2787737303315164,1.2733416765271532,-0.10782640179772658,-1.4589942276638053,-0.46178953612891555,-0.2700730124906644,0.3179338644892392,1.1138685460038062,-0.28630096333906285,0.07936143944667913,-0.1726569412951546,0.17885954923749517,-0.2654948760774038,-0.5908297331995169,-0.8783483980542012,1.5931795597829221,-0.7333459495678176,0.8394987323907275,-1.3985491168655648,-0.3015444627214774,0.941916831221823,0.30166942971732597,0.2620187473142899,-0.8568518664099627,0.012680627273233071,2.1771831956271326,-0.04507770782680083,-0.23990161931190288,2.47112388050461,0.8981443958376694
2025-07-14 23:27:18,0.12492549344903314,1.0020528816281589,-0.7825177888887208,-0.7465918431018778,0.036351918749832506,-0.8132063825146053,-0.22766147167416986,0.4782894750355323,0.48549245448829886,0.22256494946019184,-0.5147540584008105,2.3759768663618908,-0.40845261092910246,0.15841979070049378,0.6620204676881855,-0.965034427036081,1.085413891056504,-0.8164075178890698,0.7467910938959677,-1.6514715330929604,-0.24191803442816212,0.9431186761441378,-0.20112009956653057,0.18676975085644507,0.5972184823168722,0.5572347381799176,-0.20959057372357726,-0.4329558949403155,0.9642611144784428,-0.33851095224233535,-1.0418897116697918,0.5856548891753974,-1.113368708592462,0.5427068623800255,0.2548631785247395,0.10966970949686308,-0.6270383456408053,0.22556086263667954,-0.26485066500533816,2.2207702541055556,2.4872301407381348,2.2397416523360913,-0.18701845578706852,0.7847516149644089,0.2941410056407426
2025-07-15 00:27:18,-0.995476766758515,0.6407546162387312,1.1802350333278364,-0.4723200579024103,0.23996494679344507,-0.04154735930388808,0.7965034108928247,-1.5346510017596093,-0.5567230912638574,-1.5605973917165388,0.7569429040588321,-0.1248594387577623,1.6839863422165364,0.7076902033727924,-0.38502597576659503,-0.5143698446584384,-0.2891745053757646,1.0168420560653455,-0.9488690920135062,1.4155856200017611,-0.20293547074660187,-0.7806461398454791,-0.9130141054622078,-0.20340831665716474,-0.2995949008725112,1.5414834685741161,-0.3053128981633704,0.25600016891481325,0.2662074409603105,0.8479748791071414,1.9834059685546148,1.6148181074100674,-0.8483164041174237,0.6615390815331478,-0.4949438710162038,0.2263575539863371,0.1703098235288164,-0.4918911317932388,-0.6191849480230589,-0.9880313754670322,0.26735738152745736,-1.0001476583920212,-1.0323084679988273,0.890137677943222,-1.4058517836243893
2025-07-15 01:27:18,1.433900886997474,0.000924057336537767,1.140236253824046,0.6699264129047777,0.18707239059762903,0.8248632632450841,0.23022131541466362,-0.9728232145899232,-0.6376194042314121,-0.4526459046060607,0.8282546254004999,0.3116886984503177,-0.9175708300462296,0.48277078089609604,-1.39315384947469,-0.9990721787042037,2.780596084558109,2.3521842731435734,0.08052264397844863,1.2875640802494308,-0.2841673565476609,-0.3403749631761682,0.44343488331652053,0.42446985241070784,-0.5779912562367601,0.24336131269311922,0.6668874118097717,1.2748548047511181,-1.7068683430308906,0.8621812243603528,0.19890123283496008,0.20272713775858253,-0.06354031057348519,-0.6183878658471162,1.0867211171566504,-0.4768225047570263,0.612684762434116,-0.5295979252841951,-0.132971623962377,-0.05521318115570602,1.420554366532415,-0.49197691385011166,0.4464552710131934,-0.2523457853662162,-1.39444387129897
2025-07-15 02:27:18,1.1297473818836943,1.0409067337155964,-1.423811061661892,-0.5160184290507712,3.017074583694403,0.36128405013278087,-1.2560736934827985,0.32304059400529883,0.7440930695961917,-0.8003113460726894,-0.08836385061413779,-0.13758999692278728,0.6426103065150802,-0.7842967254038181,-1.875304522644207,-1.0853534436014112,0.18121122824868754,0.3469712072995109,-1.5443310715484748,1.0067169686529236,0.9482203909126319,0.7847956302338603,0.9044711050805044,0.042417422435019725,0.7251147011592283,0.04171542156645095,0.7394662729210623,-0.05429796708541267,-1.6134969767189888,0.16085526903089462,0.2549074220008216,0.7314574242829265,-0.7038242641646892,-0.5552493677844866,-0.5838145559874547,-0.05442748420260805,-1.3004186549527843,-0.9763916403108176,-0.6351339828012695,-0.500386067633855,1.835387043756072,-0.20305007902540698,1.2477309207768463,0.31209643494793077,0.7212306212470543
2025-07-15 03:27:18,-0.7402139748190045,-1.0807634081827004,-0.22868200596717414,1.6949377943181114,1.4368049333689823,-0.24296771916082543,-0.6471764409174218,-0.11571228911695608,1.1683996504402367,0.9955183969666603,0.08556145982853387,0.19560154583441466,0.8724574184745841,0.030382968426774133,0.18070537370344883,0.7586965236116575,-2.949541247807275,2.336759722948702,0.7241651065667476,0.058336193225512714,0.9828222410545909,-0.03345645735286019,0.8591730955310327,0.34651909784087065,1.1608827142434373,1.8852863003371831,-0.4218624658936531,0.7887712926360501,-1.5750574010638938,-0.0440963026539318,-0.6361508758546852,1.7527713223705044,1.305182047337858,-2.0911901340456858,-0.6983972806635356,0.43636105917773765,0.9969112269721934,0.5098730090999101,-0.855613357300889,-0.18679486328428357,0.8133430660002122,0.29340054847903024,0.392468566130805,0.06990268228939409,0.5501083064363618
2025-07-15 04:27:18,0.9340844126018731,-0.13256237150989622,0.3042755413253636,0.2681009310016638,0.5233045963508768,0.5826027149868819,2.2842576650427158,-1.2005363665311908,-0.11844788739790572,-0.6419876323800007,-1.0676093863146396,0.03704467292364453,-0.8833868663143657,-0.6960332117755408,0.14267772400659137,-0.7712116144110016,0.17120377786085367,-0.8109382185625852,-0.8391468416265462,1.7596378182235082,0.3318034121482128,0.9092123808134961,1.3404857518210618,2.1603977714029514,0.5616650394868288,-0.5231672695580198,0.04903877234618404,-0.8756640831128017,-1.3677975731417096,-0.5700024750103654,-0.22444148292939323,1.2252526529110785,-0.8216837891679514,1.305841370520346,0.3559475248293806,0.22080471305578458,-0.0214492587239879,0.45507784113664745,0.48682059798089494,1.4876723721335496,-2.0749315357048888,1.893365242029835,1.2061717685635116,-2.434027512380513,0.8033396811089842
2025-07-15 05:27:18,2.184521976725575,-0.823138294928026,-0.1454981868171636,0.45985947810554056,-0.4968044634078272,-1.2862153943006043,-0.13133343468209233,2.250069088887294,0.1998341472767271,-1.9184224012978373,0.07314540530448661,0.5287547238777884,0.12029436664797033,-0.19077952607955787,-0.7001918501197627,1.3794569315469087,2.0310514496302012,0.889806194391081,-1.7604651881343774,-0.5570368171452171,-0.724860427762384,-1.0717898687942506,-0.8657840774538255,2.1662774960244016,-1.054267239872929,0.39827794027417424,-0.1904568895332106,1.4986434654251393,-0.5959543361884083,-0.5770531408484418,0.877892618149312,-0.1713274534254754,1.7311379698718816,-0.2580602978629419,-0.5320423579436393,-1.685920806175035,-0.8391256835937305,1.288898925194872,-0.35357863705464904,-0.8868375149180615,0.4773900798867776,2.3784306832317266,0.3591035542883861,-1.6147313796628304,-1.071118293656271
2025-07-15 06:27:18,0.2542140570204817,-0.70560695040609,0.4942436784606958,-2.872295941653536,1.1045212669477327,-1.6398668346550302,0.26460757786537226,-1.7694304581311848,0.060183216104391035,-0.12073426001060042,0.33802570662200737,-2.3692343520478563,-0.05075729354797165,0.8166548095852547,1.1726601307342162,1.724904239061113,0.26068436488646973,-0.6389007086490492,1.4862790317362387,0.4108898590511423,2.1008389643269845,-0.47057242687916156,0.798213074931021,-0.06725796134559917,0.6389703849150771,0.4555334949119034,0.5845706754688957,-0.016411218566690228,-0.9524996042865146,-0.8651097526869864,-1.7937650340992353,2.1883442839187146,-0.699648724487592,0.026634697485911345,-0.22392093662878906,-1.9755451062122933,-1.305615416390061,-0.6037979451723275,0.4020572938209188,-0.47316835743796953,-0.5337352810865857,-1.6072002123210265,-0.5775044133336965,0.25387077586857265,1.936338993931192
2025-07-15 07:27:18,-0.06413525876084417,0.6601452525298194,0.19864748344621927,-0.5538047414735365,0.2089197014940886,-0.6178837814919161,0.8300512972488698,0.3542312016309479,-0.5841692867394436,1.6138980720849538,1.3059904115439989,0.10136965362643227,-0.5885346364274273,1.127299436732944,0.5962643273274909,-1.1942451884162852,-1.385613844889861,-3.0678026323782506,0.4618828573545862,-1.3004712712239281,0.6175692843028705,-0.2507234002451135,-0.6359154125609319,-0.7693440952311544,1.0085028510185738,1.4533384917141356,1.2267274579654435,1.1480508121715773,0.18394566145218436,1.2443577491987736,0.4634339466414721,1.697340149137606,0.42767222109165165,0.12055425224012296,0.5639857442276843,2.12854183799588,0.0539631175152323,0.5975313887028603,-2.0418049442787365,-1.8761923967553764,-1.07331550861869,-0.3579230453093269,-0.4246271111520148,0.22723245722071816,0.07294135071682258
2025-07-15 08:27:18,-0.6998712549318754,0.16927143429937214,-0.6782777450017168,-0.8292480822961195,-0.9416406837098037,0.871017807524073,0.7737216223949325,-1.0471788253946583,-0.5343051414185352,-0.011917188445671651,0.5433477882081194,-1.633709294787083,-1.6023598027918677,0.5036670792190215,-0.059999313605642486,0.9933110839582642,-0.11753240649074992,-0.20842475311455325,-0.5416186803479964,-2.247545794059387,2.5020561882695826,0.8308827187157967,-1.4761800680554444,-1.7647823383996333,0.35417862339264417,0.5423110491194224,0.9821092042442104,0.37266018264653267,0.4673032473017746,0.3230177057042218,0.2574940908421701,-0.6832193562345511,0.9396769930332074,1.7417839174539136,-0.03252721600973167,-0.13812586220865444,0.45232606247842994,0.4477360725267604,-0.0577482744968823,0.19505120931564066,0.1660731331288765,-1.582974824787456,-1.0922885807773226,1.2101659654212842,-1.9346947872961788
2025-07-15 09:27:18,1.2087140773631215,0.6158902673619081,0.3330306196641194,0.5007840625777136,-1.0485615959708785,0.9891635294155554,0.3000780333496427,0.6319728840088447,-2.2731361116146966,1.2624247599520968,0.7606952339050264,-0.9598711799683485,0.5102149298871795,0.22217957294314505,0.2452293453059775,-0.7531178015088772,-0.5166833290844701,-0.9375387472986229,-0.9473772826363872,1.4561397988467968,-0.0510322509396418,-0.6435110221713221,1.1544433706847224,-0.37172270634683974,1.801529227411213,-1.1438083223576854,-0.16558130708781987,0.31434816267024834,0.2883914807163981,0.8737773374206593,0.06060097857889193,0.6669561977142578,-0.9868763608349873,1.8521072733684834,-0.32715610716561977,-0.3044032994543229,-1.8714420232026843,-1.7708347407521199,0.21769872375722915,-0.5372681469200952,0.07283125986971307,0.5238324419352028,-0.7248258503234758,-1.7771228858927413,-0.18520691389073732
2025-07-15 10:27:18,0.7968904571370001,-0.17607008792956283,0.1072614239337477,0.07632675974375437,-0.9302963751155826,0.5490092891938096,-0.006667664668837572,-0.4332565371131327,1.142985549784295,1.0143452228579557,-1.2182752676953,0.43539244194617177,0.8837883285507652,1.3577137611185075,0.30400342106707595,0.8444840588742136,-0.46181381041591213,-0.5617918883133537,0.8558270590522427,-0.18198449935343566,-1.7869692226083749,0.15342032901980487,-0.0791776271738174,0.1100495434436527,0.591991433762627,-1.2098904782850863,-1.0147069960287978,-0.4205085962574429,1.1737730358649168,2.3205770796683884,2.0739613708283655,1.4052121418125818,1.6110171825841424,-0.5856854693992877,-0.4899973361019794,-0.4186127710328,0.5765986789600103,-1.9833429377610308,-0.018535674099713642,0.014218477144873207,1.2763838398767566,0.17058147644654578,1.1943712443629937,-0.14464348555288292,-0.1042601915331388
2025-07-15 11:27:18,-1.6513318353408046,0.40808897725931237,-1.6456800118584554,-0.48214993177510146,-0.30605945596987727,0.7126527438683762,-1.5352116978212467,0.3274136596227203,0.4491343517568765,1.1312866263750048,0.7686648371626678,-0.21110829584569335,0.45648487135562654,-0.8944996400987598,0.7813559051996756,-0.7021959213657887,-0.5632767402960454,1.2647764932180434,0.5490819742324988,-0.6962135262640166,-1.096219507105744,-0.43356106390389404,-1.0754171976768296,-0.7629931880514073,0.8038694396506783,1.2904114656129226,-0.7423966953463558,0.42169701036525803,-0.19495100641233548,0.00867120615055025,0.4778828125721712,-0.3072545509663493,0.2432930229809208,0.15259736919692918,-1.4480932019246924,0.5574316467149038,0.7569210213101828,-1.0838207755723042,0.1905693194451493,-0.06852578834898035,0.4027004151384643,0.8995379621669914,0.9569948958729844,-0.33884345790098896,-0.4100335386317912
2025-07-15 12:27:18,-0.7384869220413647,-0.9349050035553842,1.4302688744632863,-1.8349003420664636,-0.15730557767290088,0.28393467969273606,2.2085556735415772,-0.8258998250171579,0.09757513485426694,0.5242099080051841,-1.1299092193455609,0.20952694441473232,1.0369557435716292,-0.16033281303761238,-1.8164850304795068,-1.5287841654727423,-0.3914996978499586,-0.71853018937111,-1.7300144953184193,-0.6158085657713357,-0.9373077598402936,-1.2771214634402124,0.29619346556692305,-0.3639627680966648,0.6262131906580368,0.424836985192019,-0.18584323319426727,-1.5499721676843323,0.6244049786030115,0.21897338505836517,1.2391065047532503,1.21565616513817,1.8490338844766043,-0.4817702649775464,-0.8589191563390758,1.7011056114708498,1.4885192708968804,0.8707455751033568,0.06236599421733458,0.24942808962132731,-0.837463357440182,-0.686164403999226,-0.9328620632179232,0.41838889709458943,0.13549753245362856
2025-07-15 13:27:18,0.4600860024802873,1.2964373317318274,0.4088092684796495,1.33501287800393,-0.8868027928747696,0.04754126549495116,-0.9773211591248646,-0.2862142424934973,-0.7754378275754608,-1.610064647181908,-0.13183966465108501,1.226773757682244,-0.9410561235968511,-0.6837629247456671,1.2561987040915437,-0.725231671529438,-1.5610295821336508,-0.19387181066670459,-0.35386051417129627,-0.20755120310705794,-0.09004732954414027,0.4193214671497876,-0.8873951966867232,1.1314676261800145,-0.9679608943585245,-0.0836646753307727,-0.4504204176635717,-1.4757405668423458,1.048259608113667,-0.1286099888647538,0.3396513522918779,0.39280951963709115,1.448357100948595,0.2147636039901015,1.4045852833783325,-1.1853577391862342,-0.6759426131373157,-0.7464844819695238,-1.7842471905532538,0.3793929291587513,-0.7249948311809155,0.9815130519443303,-0.22975867222383103,0.7670895244266067,0.7675056379586801
2025-07-15 14:27:18,0.7328348853755239,0.9639631010654902,-1.557294779712045,0.4476252395520627,0.6644468205946108,-1.5510866807403925,-2.189533733934662,1.4757952118818787,-0.5027784230836224,2.0931476692331734,-1.1067240699973049,-0.0642176198173676,0.02166377520946615,-0.05136907094652248,-0.27440134126612686,0.12724569770112076,0.2152862843245932,1.1764182713027518,-0.12112321330521196,-0.48447127799474016,0.1382559314961828,-1.8837571419869605,-2.331332322791337,-0.7561945412572427,0.05798333996340833,-0.932140971553717,-0.1984341868399416,0.07078766830761092,0.9544159794598669,1.7570638906987717,-0.2548608412977857,-1.0040787804431037,-1.287143229412699,0.22974684503378812,-1.8536280977569828,-0.7630387620302951,0.8381205974275617,-0.8958545841311973,-0.5462105331157066,0.6499392083720676,0.6775031177861958,-0.4984346097528846,-0.13456295312655453,1.1535697899112276,-0.260468205207068
2025-07-15 15:27:18,-0.20945963959358985,-0.3520871125128092,-0.27416912788342485,0.2544884858260194,-1.1681838855456075,1.536320504162507,1.5466942128117134,-1.2282422510546838,-0.6262032883295064,-0.4497086056721584,-1.1695010365194967,-0.2284961920410848,1.4327331891156772,1.341313871416162,1.0806909978858983,0.5194265192562586,0.36463048344731785,0.7170106598445681,-1.0817899241065188,-1.4491206096586349,0.41861815318025886,0.19633038040921924,-0.5384857983652338,1.551772953916411,0.24678670712916154,-0.7077838890615505,2.5508291525164943,-0.7481250597085572,-0.35852397988926993,1.398901975005236,0.7321589165256054,-0.9415282924172442,0.05402872390065073,-0.5819686849612462,-0.5938563249986534,-1.1101229676110937,0.5404110222499612,0.6988540595760828,-0.4888612930569714,-0.722699664665517,-0.030113443136198095,-0.7034595080894811,0.534135476511317,-0.6798907898134922,0.08638729459139084
2025-07-15 16:27:18,0.01695116013839411,-1.6869935482336855,0.7684445464539009,0.695229616100489,0.39604128362762353,-0.4106621621818685,-2.039561471471613,1.3355182537094554,0.22012381655209576,0.3634150878172084,1.851474672637045,-1.825829607055624,2.333487111868824,-0.4073457302068952,1.5827392973768264,1.6380723767838492,-1.8397043967514006,0.8666189413906843,-0.8767656432076972,1.2088923174374473,0.3706770128652315,2.219767119337135,0.15059433465661953,-0.033982710402792,0.3476961151302762,-0.48386435520938886,-0.9665316082730233,-1.1839073693082418,2.0495359450504727,0.30556227990458845,-0.13109427093277976,-1.3812546985684286,-0.9764776515106717,-1.5349022014572575,-2.0245617745851074,-0.7604074063570266,-0.520592640094959,-0.007674962575019129,2.0126948705258263,-2.0264908786714098,1.070297799766129,0.6378442273979432,0.07822897553144079,0.8536170431043872,-1.0537681063059228
2025-07-15 17:27:18,-0.5135730438339913,0.11043969995057497,1.7872718891997696,-1.5839159579917026,-0.49491281312314095,-0.16791373308548027,1.1489125094107284,-0.6232370271586474,0.7372130743364858,0.14124888556700843,-0.431459926857849,-2.7116384612151765,1.9453862840652039,-0.054739913021484454,0.27192831463198897,1.6187470432532811,-0.4733545584703566,1.6529739581521727,-0.38341773642225324,0.3005785191174354,1.1788899037078515,1.1355908116404898,0.7441573000327504,0.7758342373058954,-1.730497692899752,0.6720589388327304,-0.5181288710690293,-0.6368102073604194,0.4235896698303719,0.3380550559639623,0.11703392086403538,0.023073832177379863,-0.2798155585944682,-0.7035238491345515,1.2967843748067096,-0.3389637655253039,-0.827846649426484,0.07005116950216701,0.4219105705125935,1.2648499359775065,0.46988449731424503,-0.4988165108683483,-0.09940803012368592,-1.1698375151923015,0.6028233648309905
2025-07-15 18:27:18,0.35569141789125974,0.09669863991496616,0.2809097880980099,-1.0063717835172847,0.5119637336816718,-0.40482561333515316,-0.6591089223630449,1.0010876083194473,-1.575359913899462,0.24224590643927046,0.37605886673292843,-1.1846794480441902,0.49902770691065096,-1.3128236105313216,-0.02265687404378943,0.31442350802439956,-0.8731810710696271,0.4255211780387373,-1.3436866774290337,-0.3993253185924224,1.1905703329346902,-0.4891224045448271,1.0300078805068693,-0.10961338674345411,1.9449156824150624,-0.4983246807468777,0.936461218965881,2.219891222641591,0.253525588148617,0.4603746374346016,-0.2165249335038704,0.4883206250887856,-0.5343005206849221,1.4211381427066463,0.053405771768403665,0.6103725659586174,0.3098718389464108,-0.5612546253932925,0.9578714182896669,-0.3904542562429393,2.595838990130535,-0.4719164105044023,0.0886021770671616,0.27965235483329204,2.115938744534249
2025-07-15 19:27:18,0.5696114477162123,0.06897469037935793,-2.54890539775097,-1.0131066640312179,-0.6675079420407356,-1.6974723880772797,0.2892101523660655,-0.8850028357682911,-0.27557314574957403,-1.766013374374378,-0.41213285611004796,2.3273461541615075,-0.033017749396310206,1.4520676240579287,-0.6569371047855642,0.53461145818382,1.162422383412178,0.9643459112268647,-0.023566439312291555,-1.0397712193671556,0.3408609781380807,1.6183600544873862,-0.8150892149032437,-0.8249346676930793,-0.7717932844555404,0.29597257126708626,-0.5345244045716921,-1.241165267586588,1.0605542978436067,-0.9861856509964319,-0.25396025447561865,0.9738758112209891,0.8066365050273666,-0.9676947760127144,-0.386923903478196,-0.5027119163943681,-0.37372722948685444,0.2789284185461375,0.06237105512492479,-0.5616258501403303,-1.2080076426608917,-1.1921621787858974,1.1699421406614903,0.678812185462072,0.29198108860489475
2025-07-15 20:27:18,-0.09302010396159485,-0.633742885647656,-0.713726519755814,0.027677156155553752,1.0417661545789978,-1.5939671690009405,0.44889882420933436,-0.8571609362430519,-0.007564344427971161,-0.07431928079105694,-1.2508579882768065,0.10448434231158876,0.06324159690858784,0.623718558789736,-0.3836370109883566,0.47533901322208066,-0.021548854835606986,0.5801056224375206,0.5117274185789223,-0.29491386319319074,-1.188749082147381,-0.39796832375618557,0.0032788256872708856,-0.1275437983254825,-0.32900727708695626,0.19977713833285723,-0.8132085777256665,-0.06280228982587424,0.4006631431345036,-0.14218286961311144,3.3476487313650805,-0.9980424973867555,-0.07854381804778833,0.05584236926573919,-0.05386130670075093,-0.2522706491489815,-0.5185941865379485,-0.1922583022539205,0.08520989147943413,-0.8747830422347733,-1.3493565023052374,-1.3185874125911785,-1.5058509453064934,-0.8469849252897875,0.30274215008146693
2025-07-15 21:27:18,0.7039308383826696,-0.31205104424164626,1.3320834981654974,-0.5502685280046591,-0.5863611533831253,-0.9616218007863365,-0.08263292765316542,0.7223404100362393,0.6117997319518996,0.06442809038613466,0.5287106168650303,-1.6376734830561408,0.03140180907295995,1.5045150212647154,0.6232325698935574,1.1926652313583714,0.7936506965233924,0.21530313614591814,-0.3639824460363676,-0.32246550203230046,0.4027159438303231,0.5143978101562647,1.5421223475080186,-0.6731156039392676,1.1140350609144027,0.6194917284463222,-1.0421401210902952,-1.23025963688741,-0.3485930716298082,-1.1572618606125709,-0.3844849996817568,0.30739327380531906,0.044744943301960854,0.8501365742835106,-2.2973957121052457,0.6666351964851495,-0.03706250516015397,-0.4940558347068489,0.24380828757868356,-0.018671308500092715,-1.0919563423763758,-0.5965103526183074,-0.6886516175558681,1.0450653555830214,-1.1319898563671553
2025-07-15 22:27:18,0.4822624625738317,-1.297525538119316,0.46060873697881244,-0.4214598341553016,0.36561401214735945,-1.5055050210592802,0.21958221782763238,-2.6023350440366064,-0.991554247372038,-0.40055678354086266,0.32030173530021205,0.21761565332833344,0.6816933191133344,0.05656666986973635,-0.6980830127821861,2.020670890679187,-0.6102892422692384,0.06348920047449616,-1.1654830623721462,-0.41368799933606915,-0.29563166206880914,2.2271142227928107,0.12714561958234033,0.8720961567371609,-0.08475907311787709,2.1587186691058604,-2.1161201722701284,-0.8036023125603134,0.2909043835603107,-1.3562001020337626,0.3950849942944528,0.9391415017494232,0.46282840122132374,-0.5723295649428362,-0.9641104736886155,0.36768504430198434,0.3065640532787835,0.23825749873840638,0.7655077749455824,-1.693675630430245,-2.632447295859178,-0.31073547166428633,0.19857611502680117,-1.4989932826399852,0.5930195170108447
2025-07-15 23:27:18,-1.8701776292601724,-0.010418121783768173,0.6060401680782928,0.9281066255670091,0.4897130569110887,-1.572181362589132,-1.0093534967777504,-1.6546530614245305,0.377658033556768,-0.7175497209662489,0.8267382828023615,-1.120962424395151,-0.43829872308364537,-1.8737824658381717,-0.6555570362339557,-1.9124593118590667,0.3312245632731387,1.3960487360875047,-0.17162794462115147,1.741217745810378,-0.5818277157983998,0.3382890172873365,-1.2180419306007195,-0.1574540992933028,0.035740614895783014,-1.4077273028891464,1.0306509710667289,-0.18029095700786493,-0.09198391907687832,-1.324815276622129,0.587146480050102,0.7822603463021738,0.7344097535002424,0.032261042017589205,-0.4463993619605525,-0.22451806327834084,-0.113237427859913,-0.7823658376761764,-0.5381536241774322,-0.900626955264886,-0.23834384479886817,-1.3928394744319452,-0.2028267028473953,0.7064939925673073,-0.034920413118797185
2025-07-16 00:27:18,-2.2442225182548974,0.13154740577825264,1.4655548625818795,-0.6867680673727636,1.0023136910093733,0.1489419904837083,-0.6386475879461254,0.2712476875902147,1.3171975542438301,1.7732363167252883,-0.9074583300173269,0.6448399798655893,1.472538558576606,0.43670842534596416,-0.780212400655884,-0.604094874183939,0.09375627314739905,-2.2543311548553087,0.009752477801059261,-0.758216717626224,-0.7423077306336309,-1.2933647213374913,-0.018333866636718526,-1.4385359383477754,-0.6694659393471019,0.43653895895987516,-1.359717283028093,2.111492023974927,2.4238639780998583,0.9257966419234527,-1.3986488441217717,0.9492145319352071,0.3091934804988025,-0.10997053086304179,0.3460658204696482,-0.9401976959661433,1.9494540136894598,0.12941290174239078,-1.3738128490950343,0.023783051569621017,-0.5875375283337809,-1.0600081506546284,-0.6136452032347486,-0.30731198761183776,-0.06719737659098378
2025-07-16 01:27:18,-0.0233283106284784,-0.018775376351718755,-1.060998112045603,1.254835819175278,1.25132629113857,0.7730925092042249,-1.4144962699477321,0.8367028289240306,-1.2594889624359933,1.0596633925796586,1.419098325779768,-1.5656416775199933,1.5806808240006753,0.5157032373351971,-0.34492943645002594,-0.13205297873721147,-0.4293351955879875,2.4937776495655704,-0.10209229295742633,1.2024420546061045,-0.3730861837217923,1.5076723994307886,0.39601808213242184,-0.001035837169998599,1.2463939412424065,-2.0298649213304354,-0.4409901950921706,1.4745713671759269,-1.9714304207804156,-0.22857389571369227,0.83606767133978,0.5896971738485655,-0.05173331781459315,1.0829786015782883,1.6030259451782878,0.7657592450985298,-0.8749509807566551,0.904058962573826,-0.9068086830762632,-1.4560571086718879,-0.19447133138756725,-1.836365585981963,-0.39194654921769395,0.37188691828394355,0.01776373116248551
2025-07-16 02:27:18,-0.5339952727511089,0.4929802411189011,-1.1398533876317885,1.3644899870753913,-0.24130447487020923,-0.9667789674263926,-0.9161917537361078,1.1750269015631967,0.49259902654324117,-0.3829538796529265,-0.11278304743096589,-0.5643540856447153,0.6839228929249702,0.23701237465665348,-0.9149218691180627,0.2750298301717963,-0.915010355250997,-2.0171085155494164,0.06841280907836525,1.5146359899860633,-0.08780072822483667,-0.8840327743326842,1.2367766383208658,-1.038019211007907,-0.8781974271789299,0.19817009627533955,-0.7328271925613484,0.3604135592344159,-0.39761333053484665,-0.04909819234532203,2.1860292578580793,0.07038900821154569,-2.5434150342358826,-1.085172491434207,-0.20399971186417734,1.0589935223249947,0.003621443868429364,-0.8925394817787612,-2.5953016514992333,-0.16830517627782057,-1.3278509554740305,-0.8798098070244104,2.7877329936342856,0.18270099191789205,0.1225251617061929
2025-07-16 03:27:18,0.13034387297396924,-0.2698567435364607,0.9401393233161796,0.12804426470461505,0.38589272224331883,0.6354760265747242,0.13919707491565342,0.7438580612962535,-0.16271220242272838,0.6995450793356548,0.2263770661816254,0.8670563918831297,0.40023501777544973,0.1777022765013489,1.4682925911041615,0.48897484902968824,-1.194561174667475,-0.5171654929733628,0.6637658872345948,0.005508560087012718,-0.03026825860682069,-0.12593384597544474,0.25432986162235915,-0.08587841812536534,0.9430842865144271,0.5283526374759394,0.2564582632245304,2.461769596709977,-1.7217813314753085,1.0294316246372175,-0.09938928155140778,1.5000937879848026,1.1360364078278762,-2.4487344949496066,0.5431536282944506,0.05015586116246375,-0.19471787472191926,-1.721361513777465,0.21390306253988048,-0.1270025316977472,1.780898532805135,0.6766834590345195,-0.5940202776065695,-1.2030282598108113,-1.3584156813624337
2025-07-16 04:27:18,-1.013439784163374,2.7096957000543864,-1.121290773310721,-0.5350103610590986,0.4526432987310564,0.1807085320959084,-0.08189886825308873,1.3503660049218176,-1.0231826072499792,0.7384982180708456,-1.3507953041814396,0.4905876057035479,3.343887199500767,-0.12315704012583314,1.8822503531024553,0.7863342244329804,2.2431141667515697,-1.052768938234039,0.07879758623422661,-1.3347361651674314,-0.5531256136428021,0.27656991367156286,0.033491449190130654,0.6127348034504408,1.6323914237470625,-2.372662338683754,-0.5467464098365203,1.5793858409406527,-0.8139758655568485,-1.3032839297614045,-2.330344087862337,3.3126696880830035,1.528182676961475,-1.5361056924343253,-0.1168148221629718,-0.6584941481895883,1.7514721451536506,-0.2043943243091085,-0.38838727559687325,0.467942125345158,1.0138523471590177,0.6525257876152293,0.3274019992599472,-0.002535979177113244,-0.40631955938992276
2025-07-16 05:27:18,-0.4152768962628396,-0.1471100541027853,0.1960244428951986,-1.2641023836019574,-1.2658572571760622,-1.3483264113413502,-0.8393171935770296,-0.24297793866250839,0.6213879767235158,-1.024167379700182,1.1212326117131304,-1.4171610385815205,0.7798178806928816,2.3752162713484704,0.5178409079955182,-1.0606634604506358,0.3665926335423994,-2.7374490275014383,0.8103554870417664,2.44907502156869,1.0469866497964755,0.23045550715095087,0.3153388742904769,-1.7719135991558488,0.1180040641187808,0.341643337922928,-0.13045143601105616,1.3611702124395135,-1.1384891123722587,-0.1388669037568755,-0.6698266233470914,0.8920518621676724,-0.5704934259160762,-1.6673854093061886,-0.5250401072413884,0.020424014469435512,-0.2263747514475695,0.37260733283419145,1.8869756281509384,-2.4750655026834765,-0.8255769399592724,-0.6312289397277109,1.575407599426672,0.4709669625407668,0.14267934661061835
2025-07-16 06:27:18,-1.3306786497184107,1.181472107257951,0.578571966234408,-1.7803977048899888,-0.7399933523348027,0.9041048825200059,0.22567978857062512,0.9042832009086722,1.3978258064177513,0.6734817076191396,-0.2545085116404333,1.3039619501868116,-0.3279543671303726,-1.3821158583369715,-1.0182787475364654,0.002323974783304871,-0.2555384385705004,0.9364904512977951,0.2546310303944548,-0.5158886172151335,2.3606463600401697,-1.0826436605953473,1.2187540774388508,-1.1993696933529108,0.9057718372460066,0.4692297588245711,-0.7195183533610578,0.6175349047087295,-1.0971221481130524,-1.633510489367078,0.11529694588246109,0.3615160219834599,0.1627809332746311,1.563443918058546,-0.8311256752916268,0.26015025445350676,0.16866493058053675,-1.1289040248044122,-0.9508485416400011,0.1328175099933706,-0.48649291613123674,-1.2049806303553143,0.5959944989336613,-0.14668326955048402,1.3661970582133542
2025-07-16 07:27:18,1.1421448141925519,-1.6447314391953467,-0.7530658640495378,-0.31733820523562767,0.6675494310299118,0.5479034787150074,0.11020528151283848,2.0115697949639997,1.4624864690863795,-0.3135927836593845,-1.2309443534814148,-0.12208154235017359,0.3896728406238158,0.7467437343250192,0.9661133298978934,-0.693303955483182,1.6340490272602706,0.5770964467559152,1.7618005295428683,0.3137441458603352,1.0091960983008663,-0.8663576845066334,-0.8257855635695716,-0.42862936406751423,-2.0498646632175146,-1.599300796403629,-0.1527378431271128,-1.282620646566862,2.2829248093223216,-2.5822707254672923,-0.46881088977349994,-0.5732133110432048,1.5999746064527516,0.01422892549189814,0.021116182282008854,1.4602627296678483,2.1380556403161317,0.22715011232010038,0.9775244803833361,1.5591719365842873,0.6001231667871502,0.936904680990913,-0.6625455061318472,0.34397997023148696,0.581579931740619
2025-07-16 08:27:18,-0.8975480958519749,0.4356550304599003,1.8650101089371842,-0.6232167079306411,0.6569662763042812,-0.29109896109926814,1.4703102164145383,-0.8692162155605838,0.5636352986284967,-0.42629699611324984,0.04249908533937358,-1.0457633120148837,0.9721587486553613,-1.504194023606755,-0.5793879466333417,-0.010128841354912169,1.0352702530038307,-0.7390070664914065,0.5367553295129689,-0.5204708339207944,0.8623163834807904,0.26842172409745024,-0.7190824093964535,0.9143355655679183,-0.21475822928932511,-1.0128981823658234,-1.1727849149861118,-1.3252686010050703,-1.9628212786232506,-1.707310331367985,-0.914962776646074,-1.326277554005036,-1.9891410283232733,-0.15952712542610456,-0.6466312823950388,-0.5662019139885582,-0.2620892701168696,-0.9731966435552221,-0.4142076447563081,-1.2252683712082006,1.1460777876958985,0.2368155926838177,0.7166051541382173,0.29322005396037115,-1.017989366226287
2025-07-16 09:27:18,0.5200715348219216,0.23685124209930733,-0.9083490526503173,0.42481948659242846,-0.1836223660402156,0.150862922957574,1.4360447938521477,0.4120009066659248,-1.5643420003267392,0.5471946133670608,-1.307100750355324,0.19370219452077067,-0.6335347975822263,1.6265554190850908,-0.6788128936948685,0.4499496678555102,-2.5582799178614013,-0.03618241053691714,-1.6562328294659356,-0.9594101539694697,-1.5030112554818102,-1.651375048144121,-0.13843906849804125,-0.4000492507575762,0.3415718880378867,-2.3867196113088864,-1.5209810337121779,0.01962996578741226,-0.5064964177379367,0.23492074223337103,-0.05330143215763955,-0.5781820104878941,-1.2202030624419453,-0.7457948292625752,-0.38386811402136095,-0.3586668540465971,0.23256204872952874,0.5699851632779658,-1.787337866390456,1.8655495896630494,0.32874802876046455,-0.7684702060311114,2.5628887296952447,-0.4281323356841652,-1.2256275017845935
2025-07-16 10:27:18,-0.0211008120079531,0.470169908371541,0.14238017006463696,-1.6276053216374724,0.6444665190183201,1.0721267804585892,0.06761466221244285,-1.8175449296958113,1.1350228344901139,-0.9668575068166286,0.06422524947144895,-1.8239141641499066,-0.7810524585304074,1.826058372964006,0.8654682588294322,0.10454366663824088,-0.33312477182666156,-1.418642331554693,-0.6321142503930706,0.55653444008409,-0.7477253793111356,-1.0089879616367565,2.3565194885029883,0.22582292793900302,1.7115021799599768,-1.220453499605166,-0.005153865291961212,1.373587581886796,-0.28992224039240166,0.5852076624853401,-1.9786695388533575,0.8443298851342814,0.5971133969609899,-0.3468408140541275,-0.35388434217332376,-0.4316459499985416,1.5596718779039536,-2.883023401491236,1.205821470344536,0.002818272204702007,-0.7528282083983369,-0.778173372852564,0.5689416079758003,-1.507925243109022,0.7627732517241993
2025-07-16 11:27:18,0.5267882892626906,0.2681821047782916,1.1230586435686216,-0.9358579444414393,0.16909140842101128,1.2880644849154304,-0.9998959731161624,1.0811037489608073,-1.0482197122939476,-0.5989620511304327,0.8426191994018303,-0.5589140733355696,0.3060270447968372,0.5378020148052668,0.13788813953826842,-1.3631646559534876,0.10945210420241841,1.292771819556936,-1.7683398049538526,0.39664252742011963,-0.5453389811369965,-0.07874224032291217,1.2365051466448247,-1.8341985155469176,1.3300100860273643,-0.7109016376257415,-1.1992109747373942,-0.8778149221035226,0.7396374866965219,-0.9868286216163785,0.19336639483943158,0.6911121868355957,0.532452930143448,0.8884159889979371,0.4215677219814071,-0.5342282373929778,0.02811105334937176,0.24320530143818064,-0.42328918584026365,-0.45776749749217077,-0.20858222031544876,-0.046251468648879884,-0.6748189586587607,-1.7173108172010931,1.8450297256516786
2025-07-16 12:27:18,0.9728657515645823,-0.4047710817537797,-1.2443935126230707,-1.278718036797579,1.04214685070764,1.0329214439407295,1.3111143379009034,1.3189734337146795,-1.5557016019357213,-0.8258164716714443,-1.4885809469525464,-0.979991559997436,-0.8344482468177026,-0.2954256016230681,-0.8839613993159784,-1.4368980417831423,0.5545222553727654,-1.5276930834318108,-1.1858658934347879,0.13282479689075632,2.2299291414857714,0.4291491332592438,-1.0357542380479434,-0.5555210029718913,-1.5000670809453633,-2.865390118228227,-0.40156811139638104,-1.7071859657720199,-1.2508810097708816,-0.36446698603343425,0.2922811950422776,1.435519772925664,-0.8078445189849272,-0.23254792332489982,0.3231073361728625,-1.523399324462569,0.31278547988218647,-0.24855483331031863,1.140924546767085,-0.5031212603486183,0.029515790747914664,-1.3338367212461175,1.2443739813497132,-1.120870277571682,-0.0877398864000178
2025-07-16 13:27:18,-1.2764622261856453,0.866282790848002,-0.9579225032778993,1.1276281526037721,0.829317948301625,-1.0414322715545288,0.3122510528326948,-1.6556992420530035,0.8433788470000814,-0.029142852607574342,-1.5961781954722414,-1.7163149726757514,-0.0013741780315790284,0.008139480678521412,-0.22728761091833508,-0.11448401301761828,-0.021706848604587152,-0.4862245068108649,1.0644846682358668,0.9551947754168335,-0.8892725894457085,0.9907854365333207,0.051758556629489284,1.2358616046302089,-0.9244275326703512,0.33920642363417675,-0.5214034195951844,0.2948344929384023,0.8960450124955589,-0.4241479533745545,-0.987995720390713,0.4705252721547755,-0.4591698258298741,-0.6997619181896807,-0.3526886496414373,-2.773198198544093,-1.0708450885915644,-2.4283848584933825,-0.15175577953745792,-1.6790604367522033,-1.1164885349894174,-1.6411252141056016,2.23157123080173,0.02962210275913469,-0.6417749707228876
2025-07-16 14:27:18,0.16008918544511236,-0.10667119926648272,0.3910539682297532,-0.326290869929472,1.2686239044972472,-0.8447484579311575,-0.9487292456611615,0.2814187125147785,-0.4518606094174248,0.3279103111079362,0.5617771100585636,0.03219796725293607,1.0268651338223553,0.4590491070340804,-0.7161319761994348,1.0890527995874144,0.03362972751318182,-0.8343604017614275,1.0424183749056242,-0.48203097853961224,-0.1605843711875243,0.239897123072046,-0.098540108633959,-1.0686219068559182,0.5376952980874761,1.030190295138654,-1.7015073639741578,-0.857423106023667,-0.3652978476093963,1.9938396896731363,-1.1735231905899755,-1.5724075518907803,0.4310571696804115,0.9957624725339516,-1.181952686443837,-0.6484796436650587,-0.4916856783796307,1.2187882872175317,0.10357653423935297,0.603945276309058,1.5014378113585003,-1.5851563218438587,0.794841002290358,-0.531922758578794,-0.4244032745426604
2025-07-16 15:27:18,0.9188721851220377,1.2827411333051444,-1.7255539210659514,-0.7655718449028622,-0.7109061325135426,0.7337449993875704,0.44392142425681175,0.7253909134081433,1.2791008333841782,-0.05650486376976633,1.3462479046554257,0.37398229598549687,1.3139392752803702,1.7588022194806603,-0.8402121266778634,-0.7747630520603063,-0.31420909132414004,-0.20829278443813656,-0.04212997853284674,1.7575904846276842,-0.14873041305871307,-0.1472913140434489,1.228817020792878,0.7388561979318312,0.03823124097959329,0.48413973558650075,0.03266293993838148,0.4721282480561645,0.26585497165715233,-0.03265936676804467,-0.8272967666345931,-1.315145494684524,-0.9653040374003763,1.1318791352320003,-0.9463525608764384,0.5840731207675632,0.484610807233501,0.47697132223965066,-0.5468504688861718,0.06921314801445042,-0.6064758974533676,0.31247097296142845,-1.4184870753941956,2.0348623595052024,-0.14605758121406673
2025-07-16 16:27:18,0.3495903552349177,1.070770191703328,0.3036346698538481,-0.5479785600628841,-0.1387727073229383,0.6285168244923101,-0.042902182760378806,-0.3595927874839526,-0.27359475473367395,-0.3738105558076501,1.1581248984125112,-0.007568444097043443,0.41384294691103196,2.0288857429470277,2.7684553699869303,0.8331461952098865,1.2313996562330622,0.1521800545957261,-0.9928661015163135,0.4134049404263056,1.716213556654087,0.1234779663383657,1.9420187775571718,-0.10448298295544485,0.0010227453113616574,2.031879447311501,-1.6136348974264567,-0.6409963403573338,-0.8554817248332347,0.03882412511436295,-0.1299487604549789,0.10257419743207011,-0.18086845278272284,0.014882971910074587,0.2094641602026076,1.778248352888865,-0.7521827745661922,-0.5024828929737896,1.0887966561703717,-0.019302746598556304,-1.1313913792221124,-1.3390104993555922,1.0111790372149698,0.3414630972981135,0.623247180714312
2025-07-16 17:27:18,0.4199721044266512,-0.05951257207852349,-0.40867343480576707,-2.0129218554704,-2.175730588623774,-2.5723311723408586,-0.6170740957297819,0.7620388978114646,0.37479507292327635,-0.39624689741337565,1.4311612799452889,-0.7303447689396769,0.021576266668619812,-1.8215571389386649,1.0437134543835649,0.4265921970644647,-1.7264789269221354,0.596335397796446,1.1365483473940448,-1.6318791703309217,-0.7650823326524185,1.811402594956812,1.9663981579320717,0.745286334967089,-0.9470415647043179,-2.500770945362259,-0.655205786458505,0.2955046640257282,-1.0905417180013521,0.3134120409613199,-0.2708130259671117,0.9245744348524457,1.8625477627860507,3.5411289265195007,-0.006797261684728704,-0.11172027539194064,0.5506716387796524,-0.4481059170831201,2.0401630042359584,0.7526380969628987,-0.03414049225913555,1.1221233264817845,0.6172202460140385,-0.22434380625988523,-0.954208966331282
2025-07-16 18:27:18,-1.0903621541563329,-0.08341785062283534,0.8589837168625964,0.0903855147248943,1.9043270189159174,0.36093257614436275,0.3778926856823408,0.2617160041719894,0.6284510082332977,-0.22778031303613197,-0.6441948687103449,0.7346428968628764,-0.660255072578126,-0.3198407397944322,-1.2794301776570938,0.20440041421795474,-0.348633632284143,-1.3072096450182766,-0.20872665620585246,-1.079909093012681,1.2100282109783238,1.069766803754636,-0.1650698414757391,0.42600916084071144,-0.1670944419357795,1.0270111003132483,-0.8643863140376685,0.3734933484511071,-0.6166940368806549,-0.038166941642067215,-2.142171937104873,0.08687160062703506,-1.7226481725810288,0.6042443847108454,-1.4262083428332155,-0.10300882447594273,1.3857388352503224,0.3697211263095385,0.38159428617400115,-0.24112395810319137,0.15514366047949496,0.6492940026760897,-2.0336642641741456,-0.7720065384477662,-1.1735893372000232
2025-07-16 19:27:18,-0.18359353084432556,0.5639665551777859,-1.5412002329215744,1.5179245930263066,1.1320289958423784,0.6765427261444377,2.0655357137697212,0.6912176591249147,0.44505705567487824,-0.6816933892541848,1.3560884199595715,-0.5233409906857979,-1.0820548136044792,-0.9822458025630922,-1.0568242444276805,1.4818325272941633,0.0951165462033101,0.7709586105019093,0.0863977209090424,0.5718726752782418,0.6970406851884808,0.2875968801698603,2.565602535835328,0.6710898581069527,0.9658466547192693,0.30916434881641497,0.8065229628824211,1.6807159218555379,0.848750691430991,-0.3005947017859241,0.2906284582150545,0.8007587888301956,1.3220093336597536,-2.8428857646348895,-0.24250326997136365,-1.5815487770946532,-0.37334747228455256,0.34453724254477786,-0.16224897965307045,0.34482948208773473,0.4418557540377756,1.4307035813869695,0.06165708432825638,-1.5639940337079368,-0.5271765821797828
2025-07-16 20:27:18,-2.4309163482608933,1.646677806454289,-0.6261400617750785,-0.597367493228085,-2.040965853486004,-0.026656016672413477,-1.3443973494169768,0.1444551445776978,-0.5755646438102053,0.6589840810379848,0.8223067765673637,-1.4839194556031627,-1.2793377419351515,0.7479641523173418,-1.3952883835061842,-1.2004984320417702,-0.4991610792368209,-0.8830820585833526,-0.6267417347744206,0.8669701634681012,-0.12480305297944523,1.5503182634585622,0.6589435213843595,-0.5083928196084172,1.1032100292841882,0.5554246481145447,-0.035876483161343446,-1.155699862972219,0.4257038907148112,-1.1709357765112687,1.228933046565273,-0.33137554518667006,-1.382914328907997,-0.23253640154015676,1.0564875959217488,-0.10642451157610816,-1.8233127883130102,-2.3229046813367895,0.6506093523890241,-0.23152421016321206,-0.2933810611665453,-1.0297710696111677,-1.7066193266035787,0.6847000943176086,-2.2663532039587286
2025-07-16 21:27:18,1.0934956337714614,-0.29533139780017914,0.3196991258060912,-0.6561234495910043,-1.142048474303177,-0.22346134985233224,0.09725479971031904,-1.331300498991399,0.20634498414505856,-0.5097148902329689,1.1980090084891672,-1.4662220223569602,-0.9971963396360768,1.2236888020328245,-2.231909470586072,0.1145435187198086,-0.16618644464817198,-0.09370327206262992,-0.4595519624697528,-0.44206079606528337,-0.9873900425254291,-0.17807786330042719,0.47064050495360327,0.39528159053089174,-0.5653454887367146,0.6866169748205001,-0.9311734364357529,-0.49868247704395274,-1.5125590276524912,0.5449158405570445,-1.1728985830043426,0.9722826021657353,0.9225303662734299,1.0541959946433161,0.17490719867043075,0.07479156074783917,-0.5260302576489134,-1.3434294993381566,-0.28768880495973553,-0.14733597473742552,-1.2425561145050714,0.8072451252634059,0.6046670131861773,0.5468702377679445,-0.1641493019227113
2025-07-16 22:27:18,1.3479864878734324,-0.5702880786854325,0.9454605109456325,0.24120047180859522,-0.07659099426695075,-0.8162838061111325,-0.14043375271616343,0.2863323402186871,-0.18533974495671662,-0.32192539781159774,0.10597644722659902,-0.8241144293529907,-1.132343441241446,-0.7027321343387231,-0.5284742043397891,0.5933517253092236,2.6586717290642436,-0.32827168371620963,-1.7017453984156838,-0.4694219654016652,0.1930368422055753,1.8792484817515307,-0.9119601268634254,-1.513915776899441,0.5990656472248819,0.8985715868943783,1.0556693643259583,-1.3437547017892164,-2.040185028483534,0.6902811217098753,0.46219540738491116,0.27146761224327737,0.8403110968381763,-0.6026286994207615,0.7249960053732085,-0.24602205699647367,1.1784930514387282,0.588910141277723,-0.6018281358927434,0.2149524757362912,0.5442715881272864,1.1441076930421767,-0.3487597123770462,1.6358592764651478,0.6242468918019181
2025-07-16 23:27:18,0.7203134351253222,-1.8628068264894901,-0.5093121077157696,1.0806742896000134,-0.027364701080097455,-0.28175765666913216,1.5990773304255073,-1.3728066640032075,-3.1935532855444397,1.3636185860651582,-2.262774652696705,-0.4836318376809701,-0.21421712110074995,-1.341394525864355,0.4914800016461785,0.8762175177847041,-1.1515118587506752,-1.2876990160258834,-0.4105451446602407,-0.04722514526682338,-0.030599728437859772,0.8782782119194904,-0.9677019536420612,1.0432324910200237,-1.2459164880070148,-0.19794301315609467,1.693667095828552,1.2331737974342298,-0.32569812246557384,0.2820088785566287,-0.7422615966335229,-1.0624523723030326,0.8471465623545029,-1.409824382278476,-2.867523721715438,0.29549361006235747,0.03669183299719871,-0.7264171214238953,-1.8315094516224173,-1.2216166551495296,0.5791865905069691,-0.7050565829178131,-0.13038190405867614,-0.685072171208026,1.5369373795653047
2025-07-17 00:27:18,0.975927937231774,-0.69487475584177,-0.9298950818576477,0.37896199387983037,-0.23485249828461546,-1.2599235937617985,0.16117822446503494,-0.36332536790927933,-0.6067777070960882,0.528158050310445,-0.9885682243157661,-0.41347438818350823,-2.7181141766648493,1.4885963534737043,0.8594757860356363,0.7958588823710904,0.3321357220866986,-1.1703469642521105,-1.1457209190436335,-0.8785535502333622,-0.4612709482306625,1.480113251348652,0.44009768954024725,-0.876409440024596,-0.8646779968797685,0.930514490861165,0.027105410271999194,-1.6545397328702365,0.9198615367559984,-0.83479314673893,0.8333256350067516,-0.5580977785530088,-0.37906048566845335,1.673626380074906,1.9817949657320029,0.4770177397873499,0.3132455020451001,-1.2581324360163433,0.26394143288670474,1.4953976556202078,0.11358841725978243,0.19338887768124371,-1.330165790816247,-0.11385015289546212,-0.6567811551478753
2025-07-17 01:27:18,-1.7765300219027609,-1.2226128312496645,0.34699088668617756,-1.477356156606229,-0.6540165434154854,0.39621500804434534,0.6398383492684121,0.8024212257171187,0.12877835340160532,-0.6833827713752744,0.393359743047604,1.4545277634071787,-0.13634534795634978,0.37154826496051924,-1.4139215884668261,0.199642637831612,-1.2902774801497865,-0.16861440586383558,1.002280453615982,-1.3514610136548824,0.4396735423952746,0.2620518861454473,0.23157441021979036,1.3478519617506663,-0.43506751909055674,0.5226130188228355,0.6995045448924122,0.5736142552093665,0.689114293470611,1.2295810750214429,0.19379845020876,-1.2130425684162438,-0.24096665283645718,-0.04240215684346431,0.2538667904243666,0.3791262328118703,-0.7057201482594039,-1.20807658085128,-0.2764737208612608,-1.8487887777083134,0.2865688977449009,-0.40740293289482005,0.03714330015826027,-0.3000381047003816,-0.6631397920929514
2025-07-17 02:27:18,0.2787219994306311,0.476125459986239,0.4267886428535496,-0.21594098557475702,0.9503275401885686,-0.2745320789002113,-1.2018794730971931,0.5381588523845484,0.8097852383212766,0.9235332595941682,-1.5077426289122429,-1.6159413620046321,1.3028417735254554,0.20531520154102076,-1.844258752295961,-0.4040990266846637,-0.05236122149422343,0.89008315065583,-0.7375264926249785,-0.15311244759501502,-0.867797239341544,-1.509252662291905,0.15160023885211044,-0.7842308442169434,0.6883011905700747,1.1649221214846315,1.804984222602315,-0.1635746312286252,-0.28337040268744557,-0.773393330264069,0.8913730423390418,-2.1604902809392583,-0.7876648600027212,0.033829951087569726,-0.04484226258522859,0.13409963037873626,-2.5719778334687176,-0.31589167377393623,0.03195208598655267,2.4801509778703346,0.3750444031977888,0.18121044966630492,-0.10697241784292198,-0.895655254856123,-1.3073632229962147
2025-07-17 03:27:18,0.8079718781084113,1.379291346854886,-0.5526606351278164,1.0373727556804258,-0.6031485791822556,-1.2120663687840836,-1.4019102332392093,0.12954101846988889,-0.09850230278675377,1.2830248053143904,0.15349433719865507,-0.4790568137784899,0.8309040205195476,-1.3202615807358409,0.3436639681096029,-0.24438264812076577,0.8232099531157943,-1.1073337930196578,-0.4944475628575749,-0.32715397874632174,0.9119184662804471,-0.17282741618915476,-0.12399394636471994,0.4136515794014652,0.7626382262188642,-0.392095395590503,-0.8192830980194328,-1.1278792428244278,1.3694898171685284,1.68872527237321,-0.0009243918297611539,0.011072980470359466,-0.05017404347281313,-0.05176418773407956,-0.7195085849048578,0.02477651240949089,1.4502027549671463,-2.4351983711456624,0.9901373770098855,0.7528250801721174,0.41545834007380456,1.4034257931508105,1.528502969965479,-0.8346825051774192,1.0616517763811728
2025-07-17 04:27:18,-1.7781267746916083,-0.6031486264632404,-0.4602421138443957,-0.2981799427199005,1.5312749807277521,-0.9784683194794113,0.7433438115785312,-0.725067272559795,-0.12569455010562125,1.0323824241504935,0.05074114893204783,-1.0918927286212257,-0.6880788322488753,-1.7205002730032477,0.7183870251323454,-0.08741387650450626,0.21592597861531118,1.4007289951757478,0.5347992749759715,-0.1322279641972438,-0.805413367412649,-2.2673472594336372,-0.03536060951757815,0.25815194888777027,-0.5111669455911856,-0.39064274822011796,1.7576385679835196,0.7289644798852039,0.19474970077907616,0.57342278672449,1.1736286518865346,1.095921243827489,-0.5935288048975237,1.233632994236786,-0.8444153610785032,-0.3940761901749072,1.1340120547576047,-1.5522804807151276,-1.5987225753789474,1.1482522971409541,-0.36414286535755536,1.171560770782632,0.22339911367686593,0.6027322706279516,0.08799410153410742
2025-07-17 05:27:18,0.6864716061025127,-1.0298641239783326,-0.28872249606444106,-0.5395784073238503,0.8088642751775681,-0.6531523902377071,0.7076525013304823,-2.448590902560454,-0.24181156282925634,-0.7138996954538055,1.3150738895680163,-0.38856696394536705,-0.9929586672270434,-0.011748914655276808,0.06805929874541657,0.7982750507252045,0.46017754145493617,-0.2441164000575629,-0.3475272341608963,0.009817401851972178,-0.028003836844605997,-0.4794238281013771,0.682185853710022,-1.1243569986238433,1.0436315091419104,-1.8340534989238217,-0.39236450491178665,-1.8824806781941397,-0.7108865446491165,2.436088475004928,0.4751188087814862,2.2221173794650046,-0.23170389703439034,0.9405742250758634,0.836414500054498,0.011607505645054049,1.6238152038865088,-1.164085360773545,-0.6558805175675727,-0.21545227136640616,1.0875979194808658,-1.2285422791728788,-0.4193748843592526,0.1490961553622318,-0.8519756760413405
2025-07-17 06:27:18,-1.3094592462465298,1.662946697557446,0.04324925687017488,0.06882625364678328,-0.019597054330841784,1.7488551175465274,1.7465815362701964,0.8397103468433257,0.17031537287769666,-0.04622923742846182,-0.3996682217039211,-0.26100709940450517,-0.9658372588281132,-0.9374558641386548,0.28790736472658446,0.2332069502681209,-0.2678185875375637,-0.0827321101711866,1.0662656658050877,-0.7546539347769831,1.1793635264727866,0.5382365393582553,1.4852086478116038,-0.42526125082042066,0.9043019479991844,0.4027113542824782,-0.19980873324224954,0.36688445045716866,2.7103592730304595,0.3528742829283329,1.0238326291374662,-0.849776041883349,0.24078457596256347,0.3980886933491189,-0.9441487380637883,0.5431633693418486,-0.5083241280166592,-0.7233139025224036,2.202955507781109,0.0034523518358117572,0.1399955706148515,0.21801677539804762,-0.347807661576797,0.3805019722696602,-0.47302441340028567
2025-07-17 07:27:18,-1.1021639854952754,-0.39119048974408016,-1.0327171161831277,0.8409591910674321,-0.34459109295282503,-0.15324465239952975,0.1686489763771006,-1.0481378613842234,-0.7788379480131334,-1.7436356916498557,-0.26505682405936654,-0.8058680087832804,0.7515723847827885,-0.12343681814543421,-1.7666423690833617,-0.3789714347016656,0.9062693873603334,-1.4761289073322603,1.3745488229735445,1.1981528226289273,-1.8352255001340247,-0.2611571622330877,2.236383896942303,1.2275875155437714,0.9160295148104999,0.3691399629312405,0.37900782531375377,1.9352240462351593,0.5491532144238171,-0.5098338397935246,-0.7446690046130174,0.9666983908472849,0.3305864959450666,1.241571762106742,-0.27872499072129153,-0.4840516817815429,0.9861692726182872,0.9851878898987918,-0.25703402834949757,-0.5835782965424121,-0.1424081891377811,-1.2414661399757678,-0.20942637210159265,-0.08927062533079298,-0.0541043528101672
2025-07-17 08:27:18,0.4076227924488637,0.12668187119685861,-0.8155201825757846,0.5894572651005425,-1.9615636284335995,-1.0980006636471595,1.0374291120698873,0.10076450395200383,-0.7871456911468043,0.6774760897976981,-1.0395338026087961,-0.0851664286054279,-0.1836965771047941,-0.25300735553355896,-0.5671951518766533,1.1657402368800733,1.6573439275178148,0.27403222646124137,-0.056486945410796234,0.5000308370274045,0.7883995295270165,0.5674832932606759,-1.352981022617824,-1.7974780956798382,1.2493118452256062,1.7714838198926972,0.5311858780599293,0.5036414309846159,0.7080831532970716,-1.2683672937224757,-0.9867041545385857,-0.037462753175081874,0.3517353086069323,1.3214284041647868,1.6813619183516082,-1.4033294122034758,1.023773652112431,-1.784786873791131,0.14088424933249097,0.23694618746051158,-0.9472333701113386,0.4072456788406785,-0.4531790615019245,0.3454194569348376,-1.32997693769331
2025-07-17 09:27:18,0.8582803791866279,1.3796383397249252,-1.3001498134099643,1.4651238124444634,-0.9025144294176501,-0.6472505877749178,0.7382879519260798,-0.098047978874875,-1.580504410809188,0.4214031486883382,-0.16690054079197464,-1.8196650943541317,-0.24159834286199772,0.5210119328659357,-1.1581737328491337,0.5856303075263516,-0.3864000397468751,-0.712403322814841,0.6274283927682728,-0.01808182852709357,-0.5196444669634985,2.2116359281068667,-0.9055995397912642,1.6805683830227227,0.5638611226691788,1.342310998530096,-0.5982318589408044,-0.003248250596952476,0.47410759809560266,-0.19620176376414158,-0.82075485798834,-0.5080973362534276,2.542889121030411,1.6640716988390505,0.3153179795638915,1.081246117208581,0.35347863985674,0.7306316808367346,0.7953824759748251,1.7331461139397935,0.478089428862674,0.7256195210377419,0.015354557435929726,-0.4167959870476465,0.9371217257327465
2025-07-17 10:27:18,-0.8021168383966985,-0.6733047322028457,-0.19030252094546696,-0.5528422474645552,-0.4403153430813827,0.15517386932712418,0.4598042507808657,-0.7415137387424307,2.188267629329129,-0.726111142750744,0.32613648601572715,2.3193309373387168,-0.6398511622523309,0.5953499123583724,1.0080197481053084,0.7253382808490341,-0.5450215204680366,0.5948428124306525,-0.3748264813265053,0.0193183851041512,-0.29039310145712877,0.4306935793695442,0.7726041823733522,-0.19173885745678348,-0.1416941575178052,0.2708376979215857,-1.8131595527423605,0.9532223080676892,-1.2719073523402238,-1.5836823737535024,0.8539799837159212,-0.7244329299393479,0.8641642145044328,0.5852984730201193,-0.6595370598577386,0.4646491086760433,0.3254085632869515,1.3198976511283376,-0.45709115062129074,0.342350958155464,-0.8316107663233875,-1.0656160224672278,0.5883576915009915,-2.5170873499379702,1.1622631979880336
2025-07-17 11:27:18,-0.31609309632556143,0.4576595048255831,0.9907402229748463,1.1607594568974224,1.4622512989427499,-0.6731417909759929,2.1281153939080304,-1.5947994359896895,0.913377011356146,0.42420497331383916,0.7407715227772086,-1.72818854629925,-0.4342645643495231,1.1731988639162285,0.6522191264364837,-1.9569901221734847,-0.23399038731435096,-0.7551234363844211,-0.15674523786640962,-0.6373698720690382,0.34367458211826996,1.2519478490265357,1.1463271192634072,0.8295157731594951,0.5307471978605897,0.08942948775878301,0.6797987917186417,0.04600096745609246,0.20837194720649513,-1.1688035804231387,0.7558117347064439,-0.744523988362626,-0.3793634248279054,-1.756528741287472,-0.4894439727908289,0.4324119149506251,0.07750711490061318,0.7992481257163568,1.0286193051511827,-0.7502016290484967,-1.4029261107879276,-0.20460121026227837,0.574516780226496,-0.9838826900407898,-0.4395711492230622
2025-07-17 12:27:18,-0.02980714827986456,0.29332091212933886,-1.7229748702956424,1.652861255068085,1.4667896729216712,0.6006546967731728,0.6307655032261473,0.4980804238657861,-0.8028986743989681,1.5548719793005001,0.589361691336709,-0.8420034412647183,-1.07651296905785,-0.4460807532728545,1.2237680818955847,1.4839743090317463,0.10524744329115132,-1.066208489154261,0.5889632154016085,0.4351329398324488,1.0927531686605931,-0.522010584082938,0.3378401292661872,1.2345096732108922,1.2284556575422765,-0.5740485884934853,0.17344121553032626,0.7671547901317796,-0.6742197387917402,-0.9936130394675228,0.7687416505630441,0.3986802938304906,0.6458886676460693,0.8402148218759184,0.482011661397907,-1.0207926137351377,0.7851353167189691,0.5638278046972035,0.7436867667751234,0.24060317752713187,0.42348079956579726,-0.6758215389127877,-1.4253068068330434,-0.154792919075029,0.05563787104896523
2025-07-17 13:27:18,-1.2219501602767222,-0.5555959565862265,-0.1757328611503982,-0.07830908425176945,1.3099999607240327,-0.9118930437162412,0.5702428491710215,-3.7208600035345225,-0.01848117460458121,-0.6714980505807693,1.470162739621924,0.4902195146087127,2.2465412943309255,0.19281671072418807,-0.41094810282667876,-0.28775850158217103,1.8721494164656736,0.6114148805320745,2.049866515244897,0.46638724003249565,0.39964053960812185,-0.7772766144723853,1.3686462659254002,1.3291790337449683,-0.8302525210237511,-1.1310721549501275,-1.125017844138937,-1.3002154796740661,-0.7803227146305408,-1.0662886692547775,-0.9670072959383684,-0.2162429485105669,-1.1690734318788132,-0.3792132514175561,-0.015592466072869982,-0.3904106363196339,0.9474153382497086,-0.4368080597152836,0.6735712543797022,0.9709134708827017,-0.4542997158488344,-1.3080802149732038,0.549663824515159,0.34636401355038643,-0.9505493258982136
2025-07-17 14:27:18,0.20902457238818967,-0.5323142495209608,0.4671258471640725,-0.06998849195270494,-0.1778108773725175,2.3470710459272555,2.3183800023684378,0.6407365590949513,-1.8135675322410862,-0.8456182974657213,0.38378270649962637,1.4147075184087585,-0.24159352599783696,-1.6806812965983886,0.05300169641776842,-0.09612669298130214,0.6250846830012959,-0.7348040133273716,-0.50612217495547,0.09547150540681068,-0.31747688870287655,1.9010123780076607,-1.339722181562936,-1.0034945121302545,-0.8605222728904035,-0.9210890408783358,0.6111833930152516,-1.0231144283038218,-0.46263853625415613,1.5890579599628807,0.8807763769196997,-0.23627202592478694,-0.8943825185974165,-0.4795965134262362,0.3337436969477142,0.1791351552944292,1.209338819393083,-0.33262919482945974,-1.7779971174483407,1.3157385688768135,0.8119159391130871,0.3757925241560183,0.13547316779756619,1.8919053994504957,0.16016714652885639
2025-07-17 15:27:18,-1.6104013202624792,0.26177660715573925,-0.4564951687012171,0.4310035724431129,0.6516067333999568,-1.1623674908335946,-1.5322873191987965,0.027622128165786904,1.1563476694066979,-1.450012103785441,-0.2753275590435029,0.004359887518807209,-0.10951333292631574,0.07016991999853402,-1.4371857536817312,0.8640173641073663,0.564873796050672,1.3943934726383744,0.5389886892168297,-0.4741839927889527,-0.5782342776103442,-1.2114420151253122,0.3634545558556125,-0.23030732425211084,-1.1471022119540213,0.038686707968098234,-0.3400167218830353,-0.4377963388821689,1.5453903457245521,-0.6565358275069348,-0.4165542250310805,-1.8397983931030726,2.110274744982583,0.6449079269120441,-0.6717715107483709,0.07561102217213886,-0.0035334599327952946,0.17681039610281782,-0.9053285639088793,0.3676762757460165,-0.8233228931569984,1.0406531694650158,2.753598312300288,1.1944783950998568,1.5930244217244458
2025-07-17 16:27:18,0.008697573490922386,-0.5466144831703311,0.9224624407885827,0.6357101048757766,-0.11421320972301643,0.3393864354409309,0.19433469998077185,-2.2284295134112257,0.17828645122981127,-1.1392636323811256,-0.8449792566567106,0.09278474473096364,-0.05018535304172396,-0.4784366030261578,-0.8241267534981052,1.072210763350331,0.9860777756340123,-0.1382235418194154,0.8304673730156317,0.7774494435755842,0.3501446162330712,0.23718596072584117,-0.48368972353338396,-1.765445086889134,1.0678855732690156,-0.9887386007637452,0.1477438697878648,0.3658729754662353,0.6645993014089314,0.11149567610857791,0.08335708794036545,-0.7041101719292472,-1.5707077343626221,0.5095647896487633,0.5517882362227325,-0.3702031148272378,-0.01700334328491798,0.4668894440200872,-0.5462459986619294,-0.9688920723598979,0.6902033864861178,0.0889237395610811,0.2728651073495239,0.6009861085150986,0.38304128414173944
2025-07-17 17:27:18,-0.5024291203200532,-0.4683466929593093,0.3713528631316771,-0.2663681974485613,1.4880238179285667,-0.9925243378103363,-1.3577192265501983,-0.305191878334528,0.5225601284836766,0.5532702404468242,2.151347545113731,0.9391148828239622,-0.4007346612257939,0.8805563018798879,1.3780998630345345,-1.497441466380877,0.6351188087883651,1.297874677491718,-0.29639368744370664,0.9964812583504113,-2.089922254546717,-0.036587535554470675,-1.0732300934733456,-0.6922769468905885,2.2700366289796015,1.1487289762063293,-1.0646605466398542,-0.10782713967798961,0.44535137124248186,-0.6850283011024767,-1.261383859905024,-0.06366067851247471,-0.5539638195835175,-0.37304118867226754,-0.6687277915451746,-0.5583749949669877,1.4222868842914191,-1.0309234578873772,-2.0455752893990407,-0.014754744520959923,0.49290575883226434,-0.024748178796935732,-0.13017528948255944,-0.25629822136581837,0.4836010492492318
2025-07-17 18:27:18,0.2065611660725287,0.5490471189560615,-0.29679977059585905,1.2700222477453644,0.43808450393935855,1.442262609291141,1.311898843027022,0.5943124560408459,1.4616552880556262,-1.7837989585978102,0.054042182262844726,1.1965023538729118,-0.7478186041328926,-1.3535266032004374,0.2962481254844373,0.6178602435062028,-2.7863538763813924,-0.5741560405454503,-2.450358848081326,1.5953030721092494,-0.25819837944404006,-0.28433556938810206,0.7252240275129914,0.8191123981092286,1.3891948374012826,-0.3869518059583341,-0.8804715513078556,0.07431263157817673,-1.3006825899437449,0.1375427385877379,-0.25399423214928607,0.5652795310382096,0.45323492134592086,0.10617484952938701,-0.3891510573442426,-0.6457507956085465,0.700385907428544,-1.9239241337600916,0.09347016699489738,-0.1664987849811885,1.046069361527853,-1.1841917175251846,0.46837686455106714,0.6681952368990405,1.4022879730626037
2025-07-17 19:27:18,0.359782210869955,-1.2965879441426666,-1.1650686168028885,0.12274117387416782,2.1981064621550668,1.1947431469306593,0.5431459756959154,0.13122499120179396,-0.06940650171580941,-0.4634239835990885,-0.558630746358041,-1.3402720421368184,-0.4163250480650538,0.19596683905843154,1.2745452275401459,0.7656699343803937,-1.0669934116417932,-0.5542232183121727,1.4210069287100626,0.7919815585153543,1.046513177273631,0.7011904601318234,-0.30549165833210323,-0.04356224579282499,0.23008762478455977,-0.30109652619089394,-0.23068309830178219,0.5078671806731764,0.681355735747784,1.5973097582381215,-0.2423990147235879,-0.5116878090871774,-0.19802419237051733,-1.499190525019515,-1.1670344098252348,0.4663691874079657,0.18926206974179852,0.394208341155375,0.588133325831523,0.6593528616587728,-0.9483920645502248,-0.7692170923662931,0.0601223301677386,-0.0710094649451396,-2.146846117037111
2025-07-17 20:27:18,-0.04099316408671662,-0.8607399638589922,-1.3737609673912734,-1.0496758751957946,0.009174747838336876,-0.4281017667874636,0.8883313642915874,0.3594753392637709,-0.631105147371338,-2.771568719604787,0.07556408429861243,0.09933485323950039,-1.0696143652676506,1.2007657551894477,-0.4044177767693657,0.8264451537885107,-0.6171063455166215,-0.9035613858272159,1.1963062029188272,0.19712853644541797,-0.3738740159335342,0.30966105873191824,0.16354772488167907,0.3383438126827047,-0.9236881704498777,0.7890498786536834,2.2055013091332505,0.8969686443205139,0.010823208972260266,0.4803730738752295,1.5813497933632485,1.4313596031512612,0.29430380489617525,-0.5733454444252806,0.3738589481790624,0.2171841138609088,1.1499543895474797,-1.4247983115157186,-1.1309889992491668,-1.3055555192326018,-1.3225875693530753,0.1855367967670405,-1.2700976424363275,0.09230115342918159,-2.148288926140841
2025-07-17 21:27:18,0.8349845909410128,2.1771326461936082,-1.0300291757447415,1.2553444009166792,0.08894554126305697,1.0001871230472452,-2.004841526121736,-0.7076560490157813,-0.9970864700164899,2.470296203853908,-0.12284471159777935,-1.2341080402519669,-1.297512188969777,0.2724974001853757,-0.856634539868002,2.9134054571990164,1.9845696089542002,-0.19254282874054637,-0.7491605860339903,0.2928052619794342,-0.5617925784175121,0.6710865858797054,-1.8447247481499873,-0.15457263016502562,-0.8121620707795157,2.1257811099894948,-1.0703146287105114,-0.129613957093454,-0.7276708031009005,1.1740691641001566,-0.24987756377046794,-1.3951907833076989,1.9102867035221132,-1.0430107663427195,0.3286962644411338,0.09666140613693819,-0.17337715853644162,0.034764104709798925,-2.375161252705517,-1.971093629684719,-0.6912460013104222,-0.5690846607775318,-0.09254311677258627,1.0164943959330697,-1.34460131761429
2025-07-17 22:27:18,0.11490522474669236,1.541611018736832,1.456718522508687,-0.9974313866966427,-0.3946231511565814,-0.5334105682053976,-1.5018492799487364,-0.43146464908240867,-1.2698532171822827,-0.10434906787126591,1.7172526419669718,-0.8955188449177091,-0.8858694960492525,0.52825364976513,0.868308650944375,0.3179158584742515,-0.7166615326850921,-2.1984139326035264,0.9531578170728242,-0.67612270102429,0.8761567799515178,1.8154758373809141,0.5457346820614479,-1.7661549096179303,-0.030211996118648374,0.10152376013811196,0.17944974703060032,0.4725647639564026,-2.1561398463364707,1.2502159424512327,-0.1710839909390066,0.5009370099725313,-0.17318156523893177,0.45849956006240666,1.270600664652371,1.7054237748127394,-0.6995596323746014,-1.4071645410462625,-0.16110345072442284,0.5280534771018521,0.6102362380219456,-0.8782682940926371,-0.7173657045478063,-0.06075213323866317,-1.4102799814154903
2025-07-17 23:27:18,0.09393483388100113,-0.008912125488235485,-0.6013726993047909,-0.38606200504879085,-1.161851498084355,0.34235718704644363,-0.21287906182637062,-1.3164459803111312,0.12721611542539,-0.1279274306424754,0.8989685515430054,0.7347543871993995,0.526994197658196,-0.716148725402669,-0.8754762760090659,0.9750944407789555,-0.0691345244074577,-0.7131780648095308,-0.3251665044123159,-1.534627366976215,-0.4359837924370656,0.14948726913680244,-0.595792111810886,-0.2629341555759853,-0.62353765822957,1.8846607807150986,-1.1043280879478825,0.00833016497254378,0.30574300005126553,-1.1699841865798761,1.401658949113098,-0.44818442948782433,-0.5175417960513959,-1.3148585209347439,0.7537727208681781,-1.7742194812847552,0.6275860586301696,-1.1340107656072864,0.6784966935684281,-2.132368519638598,-0.35360263343032217,1.2497321912120247,-0.4771359259145428,0.06276140307952548,1.512342841609221
2025-07-18 00:27:18,0.2608962011251846,0.2529194102014523,-1.2961680976641599,-0.09855677847004828,1.2015562595885163,-1.1809723564361645,1.0755365001570643,-0.48228771602483095,-0.6633516368261676,-2.8687735101597838,1.213169314085687,-0.5507017736747675,0.5830081080733693,1.0998095975980298,-2.127065722826962,-0.2327165274168132,-0.397983225911447,1.2822782178418735,-1.6585531044472623,1.0990760251858032,0.18790432798737222,1.479606647655198,0.2316409339939622,0.354479056952081,-0.46131955201463415,-1.3431966805099942,-0.45491607062417844,1.162004423799762,-0.6001404077220327,0.509024034742335,1.2237550237425359,-0.15546224274585294,-0.4856423205251386,0.20077322804660663,0.0069767372797175965,-1.8664901410514225,-1.44606611533846,0.06592940428440525,-1.1224859042048427,0.26081311145209113,-2.1412556988252094,1.388925212238157,0.28408862492239473,0.8806699085028515,-0.7554076165619624
2025-07-18 01:27:18,0.36609658835167036,-0.45121946666475965,-0.46472895967632477,1.710862892416451,0.4215592161625167,-0.026494494558605385,1.5011674720444028,-1.2140202682652566,-0.18370963617263134,-0.6440954432731351,0.4222365327278676,0.9697302385404774,0.2209214243507404,-0.9314444401722277,-1.5327275263181634,-0.12380087740447843,0.708709114485534,0.3923191443144219,0.2438306860769974,-1.1780041225386715,-0.1685887793143181,0.2528414384239052,-0.02293661411956077,1.4839917270728544,-0.16146322350657874,-0.769743007885802,0.6890446035779211,-1.5379190376666352,-1.7961097143118692,0.44452865596410107,-0.42196463707309395,0.5148298332151037,-0.6833301138704759,-0.3367406497563748,0.15764667330778295,-1.6231462267880903,-0.022726128478196692,-2.1294046370168824,0.11495227405632809,1.2527997147942087,0.5447664359401344,-0.370944246911083,0.6711080360979625,-0.4809478984316653,-0.641168425689716
2025-07-18 02:27:18,-0.5072887727903628,2.0733009438781402,1.1024609910077101,-1.3037881404650238,-1.8319416725652458,0.721080370619115,-1.4718823883750163,0.25429411181953154,0.1373383976234632,-1.222633828813451,0.17954725592093224,-0.24244628220290096,-1.1856832325953464,-0.3646166149338326,-0.13357195740073732,0.15187220662499343,-0.47844171675991765,-0.2622214064326467,-1.675923071204346,-1.124153366319324,0.813193980960539,-0.5030527129854572,-1.9608298991808828,-1.9205273461422712,-1.8705933300227755,0.9001586536808903,0.8114525938434056,-0.7482238947823042,-0.31322798571653543,-0.833068006408187,-1.0074764833095413,-0.03546612686532555,1.5044284762809343,1.1266065439699193,1.1904458178460506,-1.4794500152650942,1.8055820989933593,-1.625353612919194,-0.15000349393052884,-1.3550545062755617,0.9668467922318931,-0.5918861270025982,1.1460870495124234,-0.3435358185958059,-0.1132947634082611
2025-07-18 03:27:18,-1.2285273386098323,-1.1323026814124426,0.3941902382640867,0.7411965109770698,-0.26228501172763796,0.5391512620486358,-1.4759260090917936,-0.08905401241750609,0.4329696793612347,1.192697852313437,1.536691794319472,-0.5787618747581083,1.2375983335708631,-0.8027187126014402,0.3683339080762934,0.21270942088964367,-0.5757163634309904,-1.2252401497630048,1.4777287573816207,1.0190346221703275,0.5059123691213052,0.1267135978888931,0.11870837128465857,1.3513234729579324,-0.4854937492069522,0.4142016720073016,-0.13223034710435427,1.1565054939972295,-0.3051718552853935,0.020346559869361822,-0.8987432751199461,0.7020092187152667,-0.12869861724255674,-0.5675463815702116,-0.21663682403332218,1.319594144924006,0.18239097514946048,-1.0030094704045471,2.2927030395436385,0.9670740988540917,1.7446480115081733,-0.06342368868889793,0.09992398611227356,-0.7850136300295198,-0.2714868692719061
2025-07-18 04:27:18,0.16185465331849488,0.9313185351666128,-0.1319339567165893,0.7407917437146218,0.21069452145116715,0.8254745294893048,-1.3991327781711993,-0.28916920177636535,1.1964171392261098,-1.730015447270197,0.14694919900010317,-0.7602445875878103,0.06437808121463075,-0.2092251606944982,-0.699373415398983,1.4050461197131956,0.8686187882617212,0.044820436940613155,0.7607914022856515,-0.8789425846445837,-1.7340025654510844,0.20636001913949356,1.3687574115208774,-0.6894843030840151,0.7449190004747356,-0.4230076840900306,-0.8936746974928585,-1.385929950440508,0.2398773934389944,0.6112104810988132,0.09470648030817998,-0.22738883512585453,0.34776246576290215,1.830829166683066,1.7075762214883614,0.0008523770583601939,1.4709483948524023,-0.12048954188695532,1.247684895776132,-0.059682591810779964,-0.49175000158056953,-0.6974692503769039,0.011903209062599068,0.19061757210747912,0.7471718058898785
2025-07-18 05:27:18,0.03948780214964392,-1.1230280533726633,-0.485321939761451,-0.6809688406519139,-0.7516732804302685,-1.4418287090093767,-0.6795674975043783,-0.22726878759928712,1.1707951726249746,-0.3889121384758741,-0.6910070703616132,1.325424802609473,0.7834619632103882,-0.42625484196855257,-0.05437990524571648,0.346933401212512,-0.22199669478531436,-0.3413154423326925,0.4450735116582702,0.7264836681099373,1.5308480421509159,1.6466304002944991,-0.06255638759600594,-0.7569954027797097,-0.7364377740344369,-0.6484177716369585,0.3401570687565131,-1.3930224235071393,-0.0012852009831419956,-0.4578673314264214,0.895352496484341,-1.563207938813576,-1.2063019508877986,-0.11809373707938717,-1.0347471614597195,-0.6187670661455688,0.06480377811417402,0.54826197817056,-1.2294010072061548,-0.679013934377869,1.2378005898962117,-0.8569802087189033,0.5740904007617766,-0.7541354333899549,-0.31259434206191533
2025-07-18 06:27:18,0.15116110679012312,-0.7491207985148828,-0.5248369069307457,0.32302170974723204,1.1123004168630268,-0.2566636777368556,1.606216981546245,-0.9103396515353954,0.8640595804912445,-0.3465674336766935,0.6257469567631297,0.25573813151989105,-0.33545686711543166,0.6467478350290378,0.6599182598319417,-0.25156614996342114,0.605688330289107,0.28361184127372085,0.5677381844365397,0.6170667526715526,2.1792480373892853,1.1847863076260194,0.7271055158140748,0.8941277948872671,1.6085748299211355,1.5378791684018034,0.08982345796583195,0.6269523622118212,-0.4174272192154518,-0.04247688424108921,-1.5750520826333618,-0.6265217979244138,0.5121216641052899,-0.11754409068782386,-0.9014656920481803,0.5056952724293724,-1.2320113028585447,0.41597141814998484,-0.9398375396059667,-0.15402009135446715,1.8779134189121054,0.8876287717399021,-1.6085642730950258,-0.7101217340259033,0.5508497110122381
2025-07-18 07:27:18,0.6992669384116212,0.8500107691158023,0.4474638105903242,-0.634672366966996,-0.3576366404963942,0.47156909697512994,0.3373502333096983,0.12855529665951038,0.5583896499988834,-0.8106844874544576,-0.40343008833982613,0.020106832354398325,-1.3611405149813083,0.56133850854405,-0.6621488995925481,-0.7521156806061093,-0.28201603906246503,-1.5975318244050583,0.5765624680952279,0.1546639949336638,0.5829140902254789,-1.0222859326070204,0.8254526235460345,0.8658687427655706,-1.4287903123343424,-0.47473673993116433,-1.8377839684853357,-1.014254909541569,1.1212822582185236,-0.905052704232668,-0.5946796788431215,-0.7834850787926995,0.3202148839740249,0.8405067405339012,2.7821834803433085,0.7625678041409031,-0.8763870604216566,-0.5112949946225325,-0.5291833127141229,1.0139560813649442,-0.0113849512208707,-0.7287812941348997,1.4550464727566643,-1.4107825409574275,-1.4230800586645114
2025-07-18 08:27:18,0.507242965863771,1.4311362648036074,0.6427422203103339,0.44095946501815125,-2.7081513840602436,-0.5035203666275256,-0.6982887802444416,0.32207622379279643,-0.22924410685596147,0.22374731782230367,0.4380761980056012,-0.6930220401852148,-0.7173614761069859,0.5359829917622762,0.8642703421843928,-0.8462341024829961,-0.7207771499173261,-0.8558931909441013,0.09628255312411109,-0.7208354717590247,0.6127347938967127,-1.977562928895387,-0.09605581126611877,-0.20817164754278178,-0.4829431387417949,-0.7972695483029442,2.9053561335536298,0.35919725151675086,0.8302516919258621,1.0564771369794417,0.0779373511840466,1.5023091480852346,0.5773121024717863,1.4983847727537927,0.44357325442272577,-0.5939979928649619,0.5778780416473204,-0.6198440438682727,-0.29327482496405277,1.354086368510766,0.20881499410178106,0.16672799184082146,-0.8640495808530577,-1.2543168001003469,0.30279406989250407
2025-07-18 09:27:18,0.5305913570980608,0.09375302079783711,-0.2516383688721656,1.2348141138692692,-0.2655747206978665,-0.6644744920357903,-0.7385689850059483,-1.4189374504164043,1.993449951645314,-0.0917046391711025,-1.0290852571464824,-0.20231277158679628,1.3302203952991443,-0.12359122676739152,-0.9239744023699947,-2.859655226606101,1.200737822256263,-0.6329213528276847,-0.8707278427806889,0.05576535809989753,1.238879442880571,0.788720046212656,0.010001826855717415,1.3954172549596293,-0.5649715178758201,0.5805283957187021,-0.10093685753606901,0.01318250264725708,-1.0471820180208533,-0.6305422168963881,0.2621337971836472,-1.1686273740530708,-0.621070879110403,-0.42622507413771865,0.6694498295744511,-0.03316575085979668,-0.3970555227413725,-0.4732006088469122,-2.430683657781574,-0.5066131507300041,-0.5806179850520493,1.1220206910208452,-1.1745332450051398,-1.2524185161734152,-0.5376648857434033
2025-07-18 10:27:18,-0.27019947497908536,-0.4330562950607488,-0.4386323735560633,-0.5223559849628273,-1.6875194162785143,-0.9785239611709932,-1.0179397726479145,-0.847271500164388,0.3945869934262786,-0.8289755789983618,1.3413560226901535,-0.38357362010962986,0.09078133426091482,0.5866063154757608,-0.5469157223925104,1.0585426273914051,0.7380951437995438,-0.7345808851996638,-0.446833712475096,-0.2936614240774158,0.44207322881082584,-1.1345205784387786,-0.30805504102308073,-0.7357205671269791,-1.0874078232725155,-1.224765753455138,0.45468464292164057,0.4999648590589552,1.5528125686531316,-1.0491709450536644,-0.3247733341710093,-0.8917958553567416,-0.0008654376756733599,-0.08809625079249064,1.0149453720614914,1.9977166961001775,-0.14438301625309286,1.044147510517075,0.8602266336515587,0.32650322115437413,-0.6427330862572236,1.7739144454774476,-0.07129800657695493,-0.629101030853278,0.0682602510331494
2025-07-18 11:27:18,-1.9389863953189832,-1.7937515889816862,-0.01383761599707471,-0.617130983534319,-0.6117949482008445,-0.23493514539995666,-0.014426834482212852,0.7751571271621956,-1.0963733880821838,0.48133208018482493,0.7448832754925456,-0.7263478667549813,0.9257368356271075,-1.3135822053682191,-1.4713500745321526,0.28663913454873485,0.47256756450922144,0.6508074500170031,-1.6108887894299198,0.6016466284791008,2.7007734461320703,-0.7320974041723051,1.2481598098289477,0.8162441589335803,-0.18464211757172913,0.09210575167257638,1.005533870339499,1.6961676180340883,0.5786589099423971,-2.1087227062890017,0.9751155252136913,1.755545821620346,-1.0759098164976786,-0.544395172394488,0.27473084765830197,-0.2703661579528813,-0.347818418981171,-0.8592454104686114,-0.7274191161509151,-0.6927240042602317,1.5762151595419347,-0.5933132330765775,0.42713338728422423,-0.5505173537870793,0.6945112363324901
2025-07-18 12:27:18,-0.28280662338303136,0.1412837204572729,0.5417454079529553,0.05534928032551032,0.6788242073928451,0.23484182845624138,0.672496819708478,-0.6189431044828994,-0.6803706224906735,-1.076849142065568,0.895658489858752,-2.3524398587399906,-1.7742287525825495,-0.6913764895292083,0.45007699723492284,-0.9867704412292069,0.36364271044982943,1.3670296593236273,1.6161344612811972,-0.3043877956805356,-0.9573254146384982,-0.06717657840817519,0.5792606393013056,0.3096840772294997,-0.7802274403522559,-0.12854128852895227,-1.428084823197008,-1.967086321710337,0.998002995475704,0.7693558125937294,0.1666904746906772,1.058154018997142,0.42296128127918425,0.13291013893339776,0.013700048511800443,0.34051520621450554,0.4974989447182642,0.6029728188506561,-0.20661457252132032,-1.5177626853124417,-0.30404829830440505,1.3153582832988502,-1.438759380535641,1.7592388574409947,-0.8828990016459235
2025-07-18 13:27:18,-0.11256044839514252,-2.0972820632904154,-0.03948807732476782,-0.3511923593757178,-0.017123180579240838,-1.1513805057529685,-0.926007501001273,-0.8539305283643733,-0.4343424283022611,0.3348664645625029,-0.9952260190146187,-0.09796841986196883,0.1262480977269872,0.2769354205467234,1.9100752688483684,-0.2055070422191822,0.49323955946597214,0.613521079081219,-1.4690373522916802,1.0376212481801086,-1.4032694081150212,0.5996720606925651,-0.06802006573356055,0.3861874496087843,-0.17689266604101953,-0.233433967126473,-0.31853645947680626,-0.0059862054769261215,-0.2008265600289172,0.2175289210979274,-0.3938990124050804,0.03131129121690966,0.2519949731906494,-0.33392993511276353,-1.1888033160147131,-0.25906077838484837,1.0836666237632309,0.665196662408076,0.022654119143523777,0.9729000756527829,0.16084053342859295,-1.5335891031643138,-1.082587009100645,1.0284898831152,-0.10597236623960733
2025-07-18 14:27:18,2.272593980629935,0.2386376418945977,0.4835889272671974,-0.6785637226607686,-0.45091462364398177,0.9519404766292616,-0.9691250587830352,0.33048504498984804,-0.2551487571669966,-0.7536065826022831,1.091296647151266,1.274596311548359,0.2626009255645209,-0.5791306084022093,1.1900305566833111,0.2386749155793103,0.9908642044008539,1.0662556577385374,-0.9598239317119549,-0.4656230335324659,0.17970607790915039,0.046608085510550755,1.5820424619248494,1.8216072656962836,0.006940248894768457,-0.43356842433969983,1.2152343744602707,0.12766184614353773,1.7223569994478076,0.6818208783085742,-0.6060774966793938,-0.3228434418303042,1.9843712577648578,-1.52694336846484,-0.2921874689659716,-0.7633030582428583,-1.9610112571436418,3.6540624131614337,0.6632545270013803,-0.996020481232661,-0.8957028286585136,0.9607251385890149,1.6904380273971593,-1.0331686395118025,1.3533017926345328
2025-07-18 15:27:18,-0.518567900183303,-1.058548174407854,-0.31467055417830264,-0.28217026581625054,1.0614965477226446,-0.3189517941934119,0.34247561680693295,-0.2010084143615361,-0.29254861867595555,-1.0997731176618748,-0.1795197573017369,-1.2771998854400561,-0.28262133081471913,1.0712516745003753,0.4667270597983279,-0.18999627279320178,-0.41110037259353616,2.0576800954327252,-1.3282840659467419,-0.982594366098803,0.07899771513997655,-1.523916615629042,1.7182588268478352,-1.271008250374197,0.5175819641612143,-0.1571711035299425,0.6972684313147194,1.0203571824766229,-1.0114924297661996,0.9688274603321517,0.016929621142032062,0.10965786916238561,0.0761058942585332,-1.0389315178498362,0.8553304244163339,-0.28069820966469283,1.2347119396482888,-0.6892830245696201,-1.6616508812129425,0.38064527802704434,-0.2788743399333608,0.5917620017292423,0.22323065140847073,0.17371159032318215,1.5362789329585362
2025-07-18 16:27:18,-0.8106567398978686,1.1722729659046816,1.510336619447281,-0.334861153469407,-0.21916776521527956,-0.5764893509022752,-0.6653068558889008,-0.5768470830666257,0.3529684586583894,-2.3648586312665683,-1.7471454728057465,-0.06073403908049702,0.8344900965177177,-1.1314939122075949,-0.7821878868644789,-0.3654894053311504,1.087923130680047,0.695776276495041,-0.6586204513045878,1.098743842519886,0.230578476524335,-1.0932728002762973,1.1489329482402604,-0.24464543311933412,0.2696451120221309,-1.6702307660094418,0.15855721770912973,0.7749051653493154,0.0501909990558255,-0.33338465411114004,0.10555143682701058,0.24765431950498862,-1.4742100459655518,1.4446927169303723,-0.1998609301094082,-0.5793215956527089,0.63990278890695,1.2168430922441786,-0.5503871749347516,2.978152690965651,-1.4830981241405623,1.0223548626428427,-0.24399165161794495,1.7034742506542322,-0.8347016633740624
2025-07-18 17:27:18,0.2688515140422687,0.7254771305149967,0.7162968181172396,-0.2693444822393057,-0.24122693082878965,-1.2983991755253588,-2.051901621877111,-0.8195101094255378,-1.58950366754719,-0.5364545412485932,-1.1326193661519428,-0.14783088870080546,-0.08391644097654428,1.6766985954252676,-0.006171775411363344,-1.0893907462983743,1.399139710783462,-1.2081513182918087,1.545544717223649,0.07558805021369039,-1.3860594575916627,-2.428957897389229,0.01874217590293402,-1.4065562406906775,-0.6053253607474435,-0.515632957684472,-0.2506850071317724,-0.8120998567707717,-0.27693085315182003,0.366972704385925,1.69003174050652,-1.3622720028341007,0.46289767898011724,0.5445553839780546,-0.492786729458182,0.2556728370732989,0.3711864298373605,0.035498964496466626,-1.7786491296411044,0.3198918024104007,-1.1866862715178874,1.2828037508869037,0.014989867728664839,-0.2589329929791499,1.1484113631537947
2025-07-18 18:27:18,-0.2378126114470346,0.4513812494950746,-0.7809003406425148,-0.7471839487837102,-0.6300706664092688,0.4558167310977719,-1.0278540833814893,1.045236945712946,1.0972315327842548,-0.8932989053677071,0.07907904214361444,0.3346574883880843,0.32991013711299066,0.8779767087988055,0.39324400933955606,-0.0106514057383506,-0.4039306664847885,0.16787212795309955,0.20976742227183579,1.478945866145131,1.1505655885322572,0.4891581350556517,-0.5290333904784184,0.42226784647955173,0.16850207761724947,-1.1428633402398236,1.643857434422241,-0.22312766955075367,-0.17936998432268045,-2.3705366946805415,-0.5662530232949163,-1.7187406026530576,-1.8429788216582745,0.13029469402773136,-0.6086211148602537,1.6654862858564266,2.6791196017108168,-1.333211012749655,-0.024692354860875343,-0.3985234992010017,1.1544692669847891,-1.5368891264965912,0.01446889289723647,0.7361647131793121,-0.5731166627666568
2025-07-18 19:27:18,2.3685621256766956,-0.9569299790681144,-1.199071061018917,0.9001091950627547,0.4144328757867293,-1.1783600480483165,0.28363678255625,-1.0310038209723729,1.0344331723869367,0.6221322712289722,-0.5042970802876142,0.12068320188220522,-0.5245576873237101,0.8601671485961982,-1.1860765264871151,0.4572468916697973,1.4608816652343106,0.7806166840350763,0.06717747811327575,0.46304205656000164,0.4833081401347119,0.5492915203112348,-1.080009521082788,0.02233161712447705,0.08080273044940091,-2.6712578036776455,0.9556645545996031,0.9049564829916468,-0.7363348563281524,-0.8436109409729847,-0.008553191575474602,0.0757009609575342,-0.9431605893002163,1.6882637396744222,-0.6221943751349428,-0.8254977263769104,-1.8628630591592206,0.7365146318721447,-0.5613714405662998,0.34439053028300937,0.9577439425988538,0.6826027145241856,0.35534632210350064,-2.2521950989116712,1.8461827923884544
2025-07-18 20:27:18,-0.46597265166318974,0.3308746835914158,-1.4766306465655001,2.2929808565918592,0.2182468871054054,-1.5185705717553688,-0.25184490088622236,-0.08917039586723823,0.7421994466379003,-1.8346612829213833,-2.3235608207820198,-0.379141477497622,0.6676003392623372,1.0889966331101815,0.2020362571945574,0.5330468486254314,0.6996326619342067,-1.0705058207320726,0.20716876381446284,0.11379459331823596,1.1244339226291897,1.401798855118521,1.4299959200643513,2.337954874068361,-1.4067095056849654,1.309595865910291,-1.2269253793921306,0.5058824242728316,-0.7665681839378524,-0.6206109163960706,-2.1544984713815976,0.36942522617525925,0.6071082497966829,-0.8572233081713752,-0.4017402123573274,0.09687513863011328,0.4226450525892625,0.47874296935764915,0.9293058737618377,0.6538136798056965,2.09969978322544,0.3351485680446142,0.332879753608279,1.3055477900125956,0.3746960272108211
2025-07-18 21:27:18,-0.7451227432888898,0.10877765447637762,-1.9836918918095645,0.3321700112822451,0.385288183655118,-0.6179247613199673,0.5511930693090876,2.299251825857795,-0.3782366604583531,1.1086701555848237,0.3675165457366716,-0.16921385247721288,-0.2925162266063532,-1.8136874158008434,0.08774695749711592,1.1772335608542055,-0.44358928978393974,-0.14739496791037687,-2.141614490811896,-1.116911681988149,-2.6056128560224447,-1.62309734265799,-0.13127251827650238,-0.29427955331076217,0.25442327971541473,0.1166363273263659,-0.43854891705673954,0.3528635639087025,-1.1162373382369615,-0.5976882916719195,-1.681273465876536,0.028367696217491207,-0.5941469480126246,-0.011906583025542936,-1.258544990473334,-0.6701032395831348,-1.0953229911103626,0.24578834133310046,0.7210899847037012,1.1005818411151558,-0.9415857146881608,1.3297440561703189,0.5449885559200475,2.2961773507504124,-0.09844072820200186
2025-07-18 22:27:18,0.44319470550749424,0.45798522501746325,0.6251866721691359,1.4899574906767372,-0.22369961519151577,-1.4307989112432735,0.07005798288703084,-1.3266121517534233,0.44701552289837426,-0.056933349908899686,1.48295440799273,-0.32911434228328496,-0.6329683280576781,1.0052495554925542,1.9048270388337918,0.3136614833072352,0.055656561656011336,-1.2508264431936043,-0.8726299168887657,-0.39430204560105764,1.4988090498229378,1.1379543263857304,-1.8521140242424048,-0.5500091724657434,-0.34899782740529506,0.033193743766454044,-1.400783642171066,0.2975857021687751,0.26886216238086275,0.8244676182216835,-1.2468448625632065,-0.08416876821557857,-0.49205794265385905,0.11464471431631389,0.23156655691342032,0.8861886733354585,1.7827704241544338,1.6677397063226669,-0.652791013832941,0.17221206860613625,1.2651982891674884,0.04890416433327621,-0.10671396625054927,-2.400488426907402,-0.794210730771817
2025-07-18 23:27:18,1.6904000314050298,0.373944124059674,0.8486605313169152,0.3535768996802154,-0.5349028877007845,-1.021314414976352,0.36831447706507897,0.7240616194813552,-1.5772489188465166,-2.1370219202215646,1.0685152139342733,-1.6254380828035593,-1.249731702277637,0.8542341556415005,0.19153127678011364,0.5074963745401528,0.06893428027205699,-1.0922541445840135,1.1300506788549494,-1.2105861722859523,-0.2568946177921717,-1.953987149359674,-0.2001216912036493,0.2563284324668752,-1.226587298337215,0.08827432585497616,1.3724267482602435,0.5186351308918059,0.23960257964956616,-1.0557064314672118,-0.1346369145360199,0.4843399018646954,-2.312728626075727,-0.8972470742927745,-0.06890525646750938,0.06456962218309514,-1.292604902482515,-0.31625340504345134,0.3733054986538737,2.6181836211436735,-1.209109110944129,2.113221574246165,0.16978104952778952,0.40491343534637475,-0.9881459848123859
2025-07-21 00:27:18,0.29855725893785817,1.5048370153109794,-1.7613572319275852,1.7622566147713767,-1.2294638758854701,1.5961474872542174,-1.49664704853708,-0.1487392527010585,-0.745666862507669,-0.5894319196856298,1.634731657325336,-1.296035914455253,-1.7710512689260212,-1.6209146985396077,-0.9740329125615718,-0.4860015020894277,0.18063488589577859,-0.10727022644747407,-0.28963458768817807,-0.30995148916786425,-2.1954294642312804,0.9399934548951255,0.7153389525130075,0.6679933214505956,0.16028479053842898,-1.364249332101328,-0.7124650185542205,0.8419741530949694,0.48920154360130624,-0.06183024502381135,-0.4362478216250806,-0.07178881229860799,-0.5974287805134948,2.2671353460130854,2.219396310870209,0.2051651064506268,0.9237244861769032,-1.23579957715395,-0.16509234334216016,-0.39752194966598553,-0.24317294331264602,-0.5982067943050738,0.19784423141334323,1.7383736133577572,-2.4356110527282815
2025-07-21 01:27:18,-0.23346153751129756,0.18225218869579676,0.08228402663528121,-1.0281381573172856,0.392242592500289,0.9438248477254698,0.22229888308534484,-1.7710692388136722,-0.975422276069554,-0.17782304925573153,0.6857464756466827,-0.5732790990790366,0.5113782491536681,-0.5702058806547506,0.6571762207361277,1.3153332886469573,-1.4945710116697413,-0.31221503021128566,1.6857962346160456,-0.7932043421829869,0.14400955326835008,-0.04564679898425223,-0.5068069585123929,-0.9400178854616809,-1.377470871636183,1.6382119892628602,0.6191109555754261,-0.326026149723644,0.3686473387443844,1.2798039479793617,1.236202849991238,0.764900593579922,0.8829520230684363,1.3640860277813223,-0.5531210033623131,0.5114443894254853,-0.8696029562843266,-1.137878585211939,0.8545104918391869,-0.6128455277787364,1.4611125841481558,-1.2307252652636895,0.46331696924077065,-0.3342701050912043,0.6928452168794738
2025-07-21 02:27:18,-1.3485542045556278,2.458791847058476,-0.9061256318013964,-1.385398699045828,-2.6153201663252745,1.0633025839228405,1.5849871010368717,1.162472496554005,-0.8041831485276631,0.6414849217435654,1.0640914847307126,-0.6365787657966575,0.3905977766206529,-0.5006816371523262,0.471605477261917,0.298073746889109,0.8242243974378035,0.0772034650036192,-0.7564604386593194,-0.7419470059657144,-1.9294195674301835,1.0158636118018054,-0.24578081854253417,0.037289593884405794,1.422804986879568,-0.5044978184036017,0.18976487272823725,0.43323303930551765,-1.144983963604055,-1.3596592331961768,-0.2233525490372827,0.924016110521517,1.6272173532742704,-0.27811771208376335,0.04742093020366841,-1.1070213841302325,-1.1565078828589817,-3.1673887812875945,-0.398309931370507,1.0030272216653162,-0.07202605905870521,0.06956523108403481,-0.29260570353651966,0.23211435681625145,0.39288456083753853
2025-07-21 03:27:18,-0.4720452882994287,-1.3316756293419547,-1.3454097554896554,-0.8926297155482352,1.1796618446742455,-0.8568293224950493,0.48040207745943814,-0.978696445669767,0.3269742350604761,0.6261265369596669,0.29021128055399914,0.07839847559358573,-0.7182749416501227,-1.1666310288748911,-0.8007184537645856,0.16299872418632247,1.014352070613544,-0.6146399715514533,1.7999508123521903,-0.6660158500873474,1.4387770992384907,-1.421357781310563,1.2261873939995813,-0.4651584080781734,1.0571870425388936,1.4953592813379628,-1.5665712810621595,-0.3526661327551906,0.6050967534659601,0.0975794020412436,-1.1467983952389715,0.08206069831521152,1.3258886129404117,-0.5429390644844257,0.35845808279921765,-0.4780382209325063,0.3465915125698205,1.1270957526354708,-0.18686076525501807,1.7540756501633779,-0.8479839966183349,-0.2135967355870114,1.0631226498910185,0.6919499857705002,-1.136226561532698
2025-07-21 04:27:18,-0.8940582116749032,-2.040220884719409,-2.069640191868076,0.5338348161715594,0.49906361261228643,-1.4958318608351726,-0.7506363083526936,0.9002797656871503,0.21078458325413338,-0.20178754121486084,0.23799551539215547,2.1162765569855946,-0.10540155559500773,-1.5821704833199546,-0.5064328644579457,-1.2129790665141087,-0.1731512176678054,-0.40793998664541586,0.3749976239557127,0.898227617899536,-0.7737526576235246,-0.6964476587361541,1.8916524618959145,-0.026555003383549155,1.186171236315148,0.6107200883016953,0.11103049303581208,0.38432930643693713,0.12615660330804224,0.5879737086102622,-1.109653175364673,0.4441368156029179,2.1558728639891678,-0.993504517770667,-0.3735186210003825,-1.079105099810458,-1.216923888687574,-1.0160254705892289,-0.4403849010065651,-2.1059889081192154,-0.15746004509517245,-1.1575411690272317,-0.9794289285484093,0.6717170133133574,-0.2602080459722886
2025-07-21 05:27:18,0.5171546948495508,-1.7079194169976286,-0.0410311520074984,0.19976740600150258,1.182702407506716,0.6876766952881392,0.34202161729354,-1.3692614770663658,-0.17884349537494634,-2.1639852792634406,-0.45243953635640677,-2.0125066334388504,0.16400119686474277,2.052513105170319,1.5891377291210476,-0.37434473612982816,2.0222801968958892,0.7645883524034375,1.3461812172354883,-1.1503160177081428,-1.3208287280315123,-0.40360435518481913,0.3325152629712473,-0.1514204303091034,0.2144029435817544,0.2680447494970565,1.327862275611569,0.94176646041062,1.224232490104871,-0.8226093445599872,-1.3547108506957701,0.2089045266627913,-1.1088540095583241,2.768964016922288,0.3950992394152709,0.05641295707640775,0.09129877855072867,-0.3036662159561652,0.6818552767725504,-1.660406826306859,-0.3748203019837258,1.6314308973813727,1.2389937973429046,-0.3339244727603835,1.9737673803710145
2025-07-21 06:27:18,0.9039967952541756,-0.16056667491708052,-0.013339118795428869,1.1972913813802424,1.00411076769054,-0.5719943153956866,-0.39889246180888366,-0.1989489149097479,-2.3378556401362682,-0.6926570974693991,-1.0489620398410595,0.4608389786365913,-2.198355435940672,0.45160889264033227,0.292529888590307,-1.2667898770041084,-1.3676130507951438,0.9722733929883886,0.6842606460079779,-0.5130375810862906,0.9650152629920542,0.5759824862300943,1.4674220843418808,-0.2838013403066948,0.17364894266676237,0.7192464538861553,-0.680240638237881,-0.4056844188100414,1.2412032908666828,0.31320284641484675,-0.8346103084941423,0.48268786082836734,-0.3525913039372713,-2.003897899374048,-0.503597056367241,-0.8808376627411185,-0.21716466679265997,0.05618939094854502,1.04739177465579,1.6132285911843454,-0.6192066033784992,-1.8387596140093472,1.197184824296762,-0.007404050550319625,0.8068232718700421
2025-07-21 07:27:18,-0.32088950349901235,0.30714504217870253,0.4231939680335021,-0.9672036229076002,0.7411866490770864,-0.9182166898441162,1.6529764782952416,1.0165021732320976,0.1798838683889423,1.7281943562818376,0.7157871179388303,-2.013493303238714,-0.2082520055819714,-0.10415822419245377,0.7109192143315326,0.20360806783834026,0.8899722121749073,-1.193019263118832,-1.122354305458031,0.347661743581646,-0.8500152817636099,-1.3557029078058842,0.5735128330486969,-0.7845104641638777,0.7140021231128106,1.1981723153874098,-0.6395370606229946,0.2120720774744146,0.5612810265670082,-1.976274539093802,0.772119482875494,-1.9416312402897462,1.4349253148292749,-0.3209623981752108,0.5114928848950974,2.8529424184432,-0.7976171661427588,-0.4178500873838216,-1.6364764584617302,-1.0299888538833182,-0.6845356484724616,-0.5128444432442014,-0.2541581287680662,0.27685796079972436,0.3781398905660771
2025-07-21 08:27:18,0.5316100690980254,-1.0504695003076363,0.16777360307709382,0.15422174858422452,0.24449230856242768,0.08452856511706551,-1.2120465194570096,-2.0487555381180926,-0.10544526665495273,0.179939737129182,-0.05852060284409516,-0.006872648514973116,-0.2918601991228401,0.5606276278387057,-0.3050309247347395,1.6604443184744373,1.284332299276407,-0.5012650217452602,-0.9598505144351428,0.16390192512180282,-0.15250749105051425,-1.1893354107908158,-0.8411357439591508,0.38732722860305663,-1.5454132904728215,-0.639908180073281,-0.23032864591518082,-0.3162223761412803,1.7797191315015772,-1.1160614516209182,-0.8660628186173629,1.8823241390356689,1.1468194648458865,0.091383017176296,-0.3915043741452338,1.0291663877966848,-1.44421834038541,-0.3352849233270237,0.33086740020075683,0.60192800661752,1.2401103631650137,0.3060237981972504,-3.2077997513317906,0.26052836674977575,-0.03418596522236378
2025-07-21 09:27:18,-0.9297349262847124,-2.8625813836389007,2.471275853691003,-0.15119553958196577,0.20891291437444767,0.34814950606666156,-0.5266582820184739,-0.923292745717291,0.310255975595679,0.8764314750107537,1.1484013532361028,-0.4028815582739905,-0.611050758852303,-0.4729346050209261,-1.2755656890291998,-2.392773697696692,0.34009892867820457,1.5199399298256149,-0.9603402898402562,0.9730632762511858,1.0179745104887947,1.5807628282114892,0.986317267181234,0.5005366693887273,-0.8952090907354058,0.9649095810583374,-1.834353912662798,2.0247387315094407,-0.20873693794291226,-0.4696993144064726,-0.799360139015577,0.41898223505175813,-0.20579132483386176,-0.16402549190968496,0.9066922943258322,-0.2763169409139532,1.0255021418364738,-0.888918516441548,-2.360202725696987,-1.0834070451278088,0.055919050620988744,-0.6955966795381124,0.7428222391843786,-0.4681279676029334,-0.5186692933593505
2025-07-21 10:27:18,0.5454442141590098,-0.1269410135010663,-0.9724098725619827,0.8168590066881707,1.8315127587524869,0.2549892054270028,-0.5249750057177262,-0.13782744455832494,0.49675975231454916,0.9070269014254002,-0.7829719843178323,0.4584281283825226,0.7380049792661605,-0.5776706237237992,-0.5428248880933546,0.5767940617448697,0.7044450647971735,0.24005940906417167,3.410051977008564,0.2731855307957856,1.0523809123544148,1.089615246014669,-1.2817574521439028,-0.8545173806244671,-0.4198258506797308,-0.07079293312908644,0.1824674988879445,0.4812151382131914,-0.023075485887571273,-2.273499055801949,1.1175433982862621,1.558591693656864,0.23533264740674187,1.5750269952935145,0.6040522701906809,2.2910444134263264,0.47139484237089224,0.21978980957994307,1.1430627925832333,-1.3397850357805126,-0.25974948335990816,0.11440601896437198,0.32303296438707013,0.6828003700668265,0.36915234849227374
2025-07-21 11:27:18,-1.0209464453942099,-0.565247996197906,0.7075393896672509,-0.9782896640534077,-0.8360475667115078,-1.4041661262481004,0.9916424710019501,-0.24256310902297157,0.18989043997501998,-0.8865980455685527,-0.684028655445337,-1.3258410013843225,-1.6867711434341905,2.023714567471431,0.32042475641729157,1.3262409768525854,0.4294830827461324,-1.7212893641644469,1.4153732601286708,1.366124199939331,-0.7401921667623838,0.35851314758522423,0.6572972740065175,0.6435203624135932,-1.0155361448702631,-1.4181320928864836,0.9467969965938312,0.2103763650516758,1.8488840237844126,-1.6274046592757117,1.185850628713489,1.6224784870353668,1.8807172853798062,0.3515569606978239,-1.183385592350019,0.2297610416673275,-0.7302336642601192,-1.4148189950152752,-0.8629017963965074,-0.8084891618656093,0.8532724158857131,0.754062551734321,-0.29945760211975564,-1.0286448140400997,-1.3216624633604155
2025-07-21 12:27:18,1.211755001001508,0.8855233039775896,2.285170254151957,1.784213030427176,-0.64364924452513,0.1842972008032503,-0.2832259433069789,-2.2948221427353603,1.800784928011308,0.7846443447037436,0.3892990851474709,-2.0003532999173177,-0.14578190371721242,0.6703936624301274,0.43129310955427663,-3.3605284678685834,-0.6249352940915965,1.242022846725848,0.44650238756728405,-0.6249718311629944,-1.143960496699157,0.6437038344347831,-1.6307790682293088,1.636121071112277,0.5873730563952604,0.23872298522642454,0.19875054756070434,0.40593937932794044,2.2793776183152166,0.23496955573168762,-0.12621110499642127,-0.9127702146015065,1.0879205515635957,-0.5852129104088832,1.1361296308944857,-0.181320363667676,-1.5905162780189244,1.2890114679802736,-0.016110127416193547,0.58134210203671,0.6750455432973809,0.05296215427515462,-0.9003112899373036,-0.3597747645541046,1.4918588839043225
2025-07-21 13:27:18,-0.3133465229655933,0.5401942560346694,1.472017929840607,0.057935578543016744,-1.0907102641367354,-0.561055679396811,-0.2135670445955487,0.8426763735467814,-0.3379477347142752,1.5158542449147836,-0.17441078353524184,-0.9106232286022035,0.8439222477066934,-1.3711112666551697,0.8301932216528445,-1.1767516043454413,0.2871189639067956,0.057081919023683536,-1.3028878213088477,2.4300910461497325,1.030057103807894,1.590137181594885,0.9995969098794396,-0.5252655327880132,-1.0360505735849719,1.1652525550922754,-0.6960051301250196,-0.006178857799561869,0.8049085354178752,0.3443927019458004,0.5930244982974846,0.010565024874950707,0.06246486417543358,-0.17067342169538155,1.0175175077085894,-0.5929835715655523,0.018823035560097724,0.2059648792132585,-1.0552680486192798,0.1582483145452034,-1.5900412981794647,-0.491624163924343,-0.44492628131488504,-0.9546181109222545,0.13794285657788158
2025-07-21 14:27:18,-0.6611060305909879,0.15111341264634928,0.2461055815996311,0.10636902798692864,-0.6290062291502272,0.21218797219084948,0.5295704755942051,-0.268635313826431,-1.549490827084908,-0.8770677749197847,0.7114838956956193,0.243044320315374,1.0607280039657632,0.029832197696719475,0.021065098914027826,0.007405397071441034,0.25141960664663154,-1.6753205623687544,1.3049502723958069,-0.4465854720419649,-0.8987060609291314,0.03857621276018021,0.48111841065832456,1.3784632926821778,1.2620409559056123,-1.4277164235449973,1.1683196406906693,1.4494346593643346,-1.1018646859135997,-0.7812733166742043,-1.4993911278636356,-0.10436041218082553,0.2129849584924031,-1.2494219668626112,2.065084504417686,-1.7403581429752204,-0.385229895472564,-0.018181085493351803,-2.1500661213229924,-1.308346068883638,3.3880997448518966,-0.27609282627740017,1.1531878593806286,-0.6179992742103513,1.1859710961150607
2025-07-21 15:27:18,-1.1337492492419599,0.791665706039721,0.09972631725625664,-0.48803830924682323,0.8804577091592967,-0.119480443942981,1.546072331747798,-0.09654165499051294,0.2670528813762704,0.9608489386825299,-1.1001392966493182,-0.5529320398768147,-0.5867147163784932,0.8737164921285491,-0.6160408330139971,-1.1921019636671193,-0.5438102776811553,0.7065114782773889,0.2775008446009289,1.4876750200048583,0.5769307587233259,0.7681116460839257,-1.8179485655830003,0.7319537717857371,0.0746532563089651,-0.4697716189482095,0.38124287053454203,-1.9445786655330304,2.5972308394946455,-0.9944104478470532,1.2157114499750468,-0.44158216167652337,-0.49541101954239214,0.3899333362139543,0.060620465770034965,0.4174485692039845,-1.6444848862068342,-1.7222479256059653,0.10877628553198976,0.8244324290366954,0.13450206118816996,-1.0574671330921734,-0.20264642780376468,-0.9689204702947815,0.5057547794167199
2025-07-21 16:27:18,-1.4541873667623486,-1.0846384306732662,-0.8294315359303255,0.3000490266472839,1.4573310236802948,-1.714263923703324,-0.7337733578501662,1.691643143150506,1.6395671418652338,1.9853750404867736,-1.2685295566535706,1.3037793938267723,1.4139251714742445,0.2182207414777895,-1.667127065286441,0.5906766539027412,-0.5967583484502895,0.8442666260726327,1.5688444131873176,0.29685508098825714,-0.6860051508976096,-0.029004977469628133,-0.24410998347015372,-0.07433822753590459,-0.014100235923194832,0.6651278254522492,-0.973654656671914,1.2039407761540204,-0.29524792846525716,-0.9259693593807579,-0.5430193684331555,0.16822388632700871,-0.7170835952685224,-0.06452719496241606,-0.8377090647049019,0.9205732341457835,-1.3743156916253767,-0.8420328348066608,0.6515554451316551,-1.6396609998670613,-0.6017713914857471,-0.45844111419378536,0.9659180232380339,-1.3500583568220197,-1.3656719421058594
2025-07-21 17:27:18,-0.25026572321922164,1.006025858781218,0.9897933916166187,2.0801452236468108,0.17632876095431943,1.8676717709865303,-0.26564633350735695,-0.3960701508070169,0.2317166905010904,0.29634008078409085,1.2317971872539737,-0.6128731559521354,-0.18587095268374473,-1.0177546815818237,0.15442228234328143,0.6483894702811647,1.8730663138423194,-0.7082925870514898,-1.4531600269969478,-0.5867593774128589,-0.1376161251273058,-2.3214619414853845,-0.868981947264636,1.227829595003536,1.0528930722420438,2.365342034835733,0.2531617215657312,0.2975667112513248,-1.3871315676996987,-0.7987041923493019,-0.9379873533212477,0.33703932334066616,-0.22082300375409905,0.18469727081393203,-0.27994343963820023,2.276347299104696,-1.5212264552798411,-2.2480344932132064,1.6885194401777213,0.03858561073241792,1.0651539063021582,0.7349021464798937,0.8314350210972092,1.4941194409887426,0.34437127751363983
2025-07-21 18:27:18,-0.7797823751243711,-0.21794875868195102,0.9274161049333368,1.3420244047510164,-0.43456664637545317,-0.9427756128883896,0.3047921418705986,1.0765009294800065,0.3264285702610172,0.05471169552210929,0.5855017472635904,0.06917776810148421,-0.8394009829515006,-1.4231691486515587,-0.2832934276048721,-0.6152328691475646,-1.032260013109937,-0.05088502324532522,0.2026297089625997,1.121343718319286,-0.4055495610279435,-0.27263989915743225,0.5579684481422972,-0.5702605132042418,0.09643364949480465,0.8291460583971568,1.4522083408843032,1.4689862236016449,-0.890340430652968,0.3044771582071423,0.945262564198981,-0.3606471118503434,-0.34145500717837335,0.6929264428879004,0.888514063570995,-1.7562289698442575,-1.0114904822020738,-0.581697971295784,1.5937752805462588,1.6058724993823366,0.29173583328082997,-0.39138872612392206,-0.2989766932194053,0.7465247261115713,1.1096223789656408
2025-07-21 19:27:18,-0.09028153187120624,0.5720786200770301,1.0078831389276144,-0.07900334967815323,0.39858095755231837,-1.1074140908371581,0.5289287037258197,-0.3057256469620336,-1.3907615489312206,-0.09984953536346255,-0.9992521726383699,0.9360837465673898,-0.5378824169187713,0.6454531688688695,0.7595041494298445,-0.11248325589056307,1.24915308835311,-1.7025441149453668,-0.9403572467315452,2.4840749787277967,-2.15001974929367,2.1772050427591108,-0.6306713922975749,0.9551853417672868,-0.14220713337566018,-0.12416930089592494,-1.8199235978122137,1.4832092710672,1.556290077906331,-1.6798443132706327,2.036532156418131,-0.2172698627823974,-1.1946662974038278,-0.40087109934619586,1.8601787504835943,-0.7884399892970788,1.396702385391883,1.1489875775138672,-0.19450210481551863,-0.44939046946481126,0.638029369104174,0.22440406913748379,-0.7675180375984124,-0.5322902842941543,-1.2904337798689829
2025-07-21 20:27:18,0.13220141697791643,0.7723637160210611,-1.3490493556639838,-0.7255516735327461,1.0091530742437023,-2.330107183050227,-0.8535778857717429,-1.042813875471948,1.396185498002607,1.3130390828659315,-0.9609475371896821,-0.44614600506223256,0.4692596803941451,0.44109050906522157,0.5295908414337085,-0.2784093393848821,0.22482439728815792,1.6139525272091202,-0.03926055728514368,-0.5013465386769722,2.3956883797902186,2.488064137688663,-0.874381239325782,-0.15077658099750182,-0.8940498822211682,-2.1361459366908147,1.2092472402800607,0.3412508411283028,0.7664311520219583,0.47648019350477716,-0.29172621520046693,2.1778895929480186,0.38113596787298193,0.1269622235310184,0.10785578562164855,1.0221656461392266,1.9125313454294988,0.013506600153822799,0.57403213385599,1.8218889322932026,-1.258393171400342,-1.9315116535657137,0.17208016777230675,0.6105060973618169,0.2982966539064542
2025-07-21 21:27:18,0.8744419727805398,0.7929646555656135,-1.0539303300010012,-0.0037323080802735536,-0.500627567503118,1.8923474951191648,-1.7700607444083036,-1.2426165371826559,2.1180451579443984,0.823553148214816,-0.8942484414026903,0.8030449723391804,-0.8564057394194643,-1.3730337302115059,-0.13715846772568588,-0.3549199196565486,0.9404683059279136,-0.7188690356135677,0.1913780777615664,0.08708703006170947,-1.054319175252312,1.8886110868130954,-0.4889038233191886,-0.6497958477361808,-0.615204539932876,1.1052099904118726,0.5828915559253679,0.44956162584635434,-0.1702895512365685,0.40996071553658175,-0.24715621104646715,-1.4043048364788655,-0.09349529782218798,0.42064461769353667,-0.4706074417523864,-0.5793636508888109,-0.6548521986692645,1.6560716149995593,-1.2416102483677396,-0.6068013298557074,1.3370419444409705,0.7970718218012357,-0.06021488623085334,0.8486247140934552,0.873818693628722
2025-07-21 22:27:18,-0.1923690440186343,-0.1521487131588767,1.8412055545356965,-0.9132174572430627,0.3553531577496931,-0.8941236130038686,0.4433867601373944,-0.34633372088213943,-1.0724018337659857,-0.23232891454173668,0.06083637847096117,0.5986216525698023,0.20388450349664247,0.6772717740862257,1.5620785332167602,0.24685317364357667,-0.7730211572798743,-0.9743684463692825,-1.6485574816293895,1.0100216611791393,0.5454526162928915,-0.4280425375964266,0.7217717394341044,-1.2499655921953299,-0.076735976715814,1.1527889741340682,-1.2859050979603692,-0.19841776876225592,0.8747946747531813,-2.3836072540522992,0.11856322969860568,-0.34551635846287887,0.2014127159074978,-0.291325439991526,-0.5608807383200031,-0.3669360361484425,-0.10034080985697531,-0.5697329353244553,-1.3367342968277471,-0.7690544345651971,-1.3388456842759988,0.47337920000225564,-1.4223053236942362,-1.608635906916375,0.9179674888147442
2025-07-21 23:27:18,0.09750231467924886,1.3010304284709915,-1.1411732937192074,-0.47902420978437343,-0.9037721304163228,-1.1575496051562812,-1.0917476511071151,0.2256070144340534,0.4893147297694622,0.49811326954096996,3.3848408435634845,-0.27285875359875206,0.3290156439660478,0.8073840179366392,-0.8070325719014741,-0.8247966627062013,-1.0973695083521178,1.7255157285501261,-1.919963049340631,-1.6362878279954838,0.36888085009491645,-0.9259573365301508,0.7175804606603944,0.5773427745046191,-2.1342971376948503,1.341702708029503,-0.34388628123231557,-0.317710621459031,0.3536228986031191,0.7752939091253845,0.7427358707655701,-0.7892280605257745,0.6561968048819753,-0.09472416207195669,1.0290256048163344,0.6739027781515025,2.024583300193951,-1.9966752504171121,-1.2239245537877588,0.017679044886186258,2.129104839831249,-0.43761686399866584,-1.6168269827330695,-0.14480124155936672,0.26094852691439024
2025-07-22 00:27:18,-1.2875344039386707,0.4144516322750693,0.6533187412324106,0.042515849785612875,1.3047607400060446,1.4162774594848382,0.9182581802951275,-0.5487878470693903,0.4017934625344783,0.52120229497534,0.4389137160334778,0.07903894099788562,1.765518096875732,1.413924846454912,-1.2646729957530998,-0.09534846972208708,0.16415471452958083,-1.26700863010134,-0.3592733636084367,-0.1762524461859759,-2.202358682222362,1.4798199033344641,0.9110592831536463,-0.23919109680577053,-1.1540636635691808,0.44912334208100524,0.377533976938912,0.4715143926392325,1.0545283585507184,-0.42439990877717065,-1.03577524216154,-1.0176515020906616,-1.6315702938389678,-0.31069242032445943,1.0115781682861933,0.3872179504845289,-1.3870382835048767,-0.9279592138971321,0.6843363874500998,-0.6978996922292704,-1.2831309266692061,-1.734701495627551,1.086281587465593,0.031216623504710835,1.6890812531058288
2025-07-22 01:27:18,0.7860681413085624,1.7158270950179833,-0.7885684501104749,-0.47811102541630435,-0.5238391068174709,0.8175079563710105,0.20089520769613356,1.3996067922352948,-1.019016180258001,0.8972463372111997,1.5891716191263974,0.6227840876019938,-0.06371050885567521,1.6281703039965518,1.336186780603906,-0.18389166611533853,0.12622493569229826,0.09942875249140443,1.0201251435662195,0.8063990374583652,-0.8731516986331905,0.21153619674603277,0.12019678322945798,-1.3572601518639,0.8879795669388694,-0.4915298540867759,-0.026143276350780828,-0.7983798178251562,-0.1283440473798394,-0.23772894780753473,-0.48897959310076605,0.5673074620558929,0.46071931248630693,1.1476944543813383,0.18506080201117928,-1.482027305071033,0.46426747120420236,0.7629427597876566,-1.1903522014041195,-2.6346992141822563,0.6110097375524256,0.702091563966562,0.512081915706211,0.08181003473751766,-0.565053962510065
2025-07-22 02:27:18,-0.3119225560040328,-0.2795829575260628,-0.5405371017277623,0.3876263915749303,0.09856905397738372,0.9041262316525878,-0.6854266318587451,-2.028796509385311,0.5911730418194464,-0.0901163813616141,0.24906825562435098,-0.2757895677246872,-0.3477797902940423,-1.1664718870704627,-1.9419928540018307,-0.39817769810219117,0.4203429936342926,-0.8885057240366344,0.6081536018391606,-0.517689502260859,-1.9345099319779666,-0.444788229913271,0.38685804399024143,-1.6360681933047745,0.5509026696376058,-0.9428800736692677,-0.3108136157912709,1.2511824803484317,0.9645457180805946,2.799645702036973,1.4996860766068745,-0.45366882107048806,0.013597533393217833,-0.20542440402930545,-0.046018915430599265,-0.26575932525376816,0.8563738410365689,0.03553412638471268,-0.32301912035304337,-2.24039751115582,-1.4805892414132098,-0.286308633185311,-0.16234031171546845,-1.3018590091064004,-0.30872413925735875
2025-07-22 03:27:18,-0.86730548220058,-0.6945127595104378,1.182700391369872,-1.3060506071929003,-0.19237227888881003,-0.013520326818906836,-0.6680976232859912,-0.3381794572444656,1.5793792520439447,-0.31202199080788556,-0.5640507249376426,1.3894853852039437,0.06050439141497968,-0.6770627133227548,0.9772722589422282,0.5964297448062614,1.1077788915090359,-1.8309263337267316,0.12069426390359327,0.1872413785461562,0.9080010153681427,0.9291129222488367,-0.6540277902349145,0.4342027694921034,0.16140589222341056,1.2414323100821771,-0.5413429061855668,-0.1225091271094484,0.43680287329262685,-0.3556170960900039,0.053051959020696246,-1.263175112792707,-0.36277884753044526,0.15890651264769545,0.36766744867601153,-0.5070140301411784,1.8871643846640325,0.4275462303344115,0.23350745347335095,1.7878927111755123,-0.5386370165329692,-0.9662141176967622,-0.7591017412957969,-0.660938020720014,-1.0061505522038379
2025-07-22 04:27:18,0.40409501043668866,-0.7349295912972716,1.938891246332752,1.3296791087392994,-0.3289410376267754,-0.36781851666828264,-1.9896747145351739,0.2546625501237321,0.9678855289117066,0.6918948713588928,0.10274607152785874,0.8804662419544952,-0.39297984920585355,-0.2819941742784069,1.0489558489236483,-1.1198381610208943,1.6254661804386863,1.8244020282471984,0.3065731776234718,0.5866648143255659,0.9166361123895225,0.8239899655321455,-1.470731902808115,0.11173581710910502,-0.2908122710207911,0.33229840371059644,-0.5127542838827222,0.6286172285289138,-0.5237130151495807,0.44444535757227166,0.6446680353178853,-1.9587530960188606,-1.266781945616243,1.7398303394454218,-0.6455350076008189,1.0067799445923709,-1.9310225913140617,-0.6548783150929279,-0.41018400161402596,0.21989612992511604,0.07344537005649077,0.5077074339672073,0.5622550692374957,0.43601313654170987,-1.225655555058523
2025-07-22 05:27:18,-0.5531513705095321,-0.9153505205333052,-1.6700619905258005,-0.8978728873562126,0.2794883908553714,-0.4378203067022386,0.9059314534979276,0.5762698098262183,-0.6331389576452976,-0.48674728549714,1.456698903758558,1.7673827057354539,-0.7502841571033732,1.0605550111762458,2.6002914288955314,0.3196738796633087,-1.6314464214647941,-0.25128601175316656,-1.7933529129063737,1.8550339710718033,0.6369042761650536,0.3020895518711449,0.6540486305313126,0.4022010762255016,1.2438153940931393,1.9007881717961441,-0.04003958674021868,-0.902021627639012,-0.6876881484327659,0.37193896253659964,0.42766499669160785,-0.6534897480353529,-1.0805027902563085,-1.336998327950351,1.0550338832850794,1.2357538906285275,-0.26537678239640033,-0.012448885065518788,-1.1604266269737036,-1.2213139266123372,0.38626610488286134,1.1339620179356227,-1.1214987618983898,-1.1280152065715456,-2.1429202381099
2025-07-22 06:27:18,-0.17148855186779385,0.15949120888646734,0.6423920995394072,-2.8295565806525045,-0.47617424228777133,-0.4205240934374897,-1.3703026680372827,-0.3375537720878357,-0.3181001082747316,-0.4990867006952711,-0.7570712401702977,0.4053787182104105,1.6663306971393348,0.6778024459128895,-0.8047078932982489,-0.9666458136201524,0.5559257712638866,-0.3828770017532796,0.2534402129593561,-0.7013827565940638,0.7663445553004895,0.33683298663904726,1.7224667921830135,-0.4365080653673346,-0.6528799966208461,-0.5925307133274014,-0.8598595384755109,-1.3483005799823384,0.5605568849136087,2.7991465893223118,-1.8689424196479316,-1.1911740829545485,-0.6091845029429546,0.05502237725068131,-0.08939407147694693,0.3146774487906769,-0.8998349112516437,-0.3124450641986208,0.7596554907136027,1.1924038707725972,-0.5435253783247311,-1.4393418100991051,0.8530502561039209,-0.3290056776863458,0.7147961515425079
2025-07-22 07:27:18,0.2567961416474089,0.6313115486156614,-0.1822494623860927,0.16732975233018352,2.1956604780978664,0.4128883768178779,-0.46752482796054234,-0.6408964949361589,-1.9026112532133372,-0.15681208697813823,1.0071160070026175,0.5909873931776697,2.894384204181028,-0.8910777906798651,0.4516402562257154,-0.4031488254831988,-0.44053880340488577,0.8868968321634048,-0.04857068969769992,-0.6002244852081391,-0.5674431075883409,1.5212570806434886,-1.090430122102566,-2.0840585814135273,1.5074131904763326,-1.598935288379006,0.587835515968249,0.015348822096681418,-1.0675937251396044,-0.95954096633848,0.25502208186577247,2.127112023286212,1.925837095548118,-0.51084556765595,0.9305139077165784,0.5326701597554026,-0.4171850295729261,2.6638403253480627,-0.09456723705344491,1.5893546201658875,1.2379397999600488,-1.1405667896759308,-0.400105527506953,-0.549740495391796,1.408775532456141
2025-07-22 08:27:18,-0.08215841610640381,0.22786138244305867,-0.3247661614799732,-0.5866320278602343,-1.125265536166641,1.1722292978562199,0.3862485153671174,1.914585472481773,0.953883872141892,-0.6308343918344628,1.7977046658869387,0.6925678258657881,0.21602025656724386,-3.2927154082293035,0.15380425378498724,-0.6981933303789946,0.06496429658489006,-0.8063639926275996,0.2750967721467214,0.040808453303124964,-0.4159425619116611,-0.29127721244774957,-0.8072002215582128,2.6167915940148267,-0.45550484202089436,1.541647728416788,0.9575214807796437,-0.8306017390590235,0.7012049537558321,0.028547263545785833,-0.12143083405175303,-0.5867339066066434,-0.34032320040496383,0.5190588673339098,-0.6248672224854428,-0.25370480600204326,0.1591485444086685,1.7575315752004996,-0.6208543083179118,0.0387795526525864,0.48743085615126075,-1.0612271821929515,-0.5530268207680604,0.2206845061758746,-0.005334337805243532
2025-07-22 09:27:18,1.7227399734884639,0.3350320903674925,-3.3804902650961526,-0.6563308330902339,0.22685146147750795,-0.3793502320114049,-1.017285911936205,0.3681027539120349,1.3035881327179974,0.37308528608820474,-1.6305642988823865,-0.23392007399329032,-0.3755819350936536,-0.5704351103838335,0.4355277331881219,0.013646422745573364,1.1752664583974046,0.25680536717799546,-0.44055611547269335,-0.2106812155236424,0.7623106013654589,0.2136371224719924,-1.1717972136374706,0.6542609593041203,0.6949340413399683,-1.1085792205306695,0.33737525393216566,0.041328339420573706,-1.1514730063993284,0.5405810932371595,0.03539016288230704,-0.9814385147753456,1.358245647902461,-1.05207638438768,-1.0479898008024302,-0.5900491445020131,0.42287949228864047,-1.430788416737916,0.6970871854760109,1.0438271423763692,0.30204710834853615,-0.4506026617756395,-0.30137614090984594,0.2267303379505985,-0.6719418073192222
2025-07-22 10:27:18,-0.623746949595273,0.16701862465761896,1.4456546515381632,-0.6742568516312477,1.1016557333137822,2.0795860993682296,0.28590473077216505,0.8265107076577465,-1.0990972244999317,-0.8525388138148207,-0.581351088010286,-0.4512750590152817,0.3796575727451662,-2.149010454363213,-0.5090060013277363,0.09841942536437301,0.054262935946486186,0.06093887774150382,-0.37942813865436525,-0.5657240656326035,-0.35959787660526477,1.18180188227316,-0.823528785151362,0.24709289189617714,0.04041104059106782,1.1790450954399987,-1.7172000166469488,2.496584364453357,-0.9238999862674665,0.2890275619522751,0.021474752152598704,1.6197087792501303,1.1024383311679125,0.06791175378928037,0.4853591230490153,-0.9398431160972824,-2.0525419797124895,0.602718938356221,-1.8800906267883788,-1.014190826708137,-0.22556856538605113,-1.542275129558589,-0.6222646956124078,0.4175229057558501,-1.397514138807053
2025-07-22 11:27:18,-0.7960528472862652,0.5933140016837088,1.626141210104562,-2.6260740520599986,0.09634126208739238,0.6761339502351673,0.7355294640378325,-0.42362864432981406,-0.8827731781913467,-0.6523887112845739,1.757355633440132,-0.8146413407771337,-0.010635171857121857,-1.5304031219603003,-0.6886610918340956,-1.8339538840662724,0.6582834123748214,1.5615009987027821,-0.06225777870641961,0.5672869518524823,0.1638835404518644,-0.048646099925260824,-1.5192356607733544,-1.2153410380691299,-0.7663279246513303,-0.494280778655216,1.3017013745476418,-0.42006040036559494,0.5865464783809999,-2.4171336021892853,-2.019974760791677,-1.0705889735725624,-1.2848656805214063,0.6828317464502038,-0.3869591154013771,0.8067339229316792,0.613065773174762,-1.7228805147882695,-0.8013024047726696,1.5277025045202535,0.11997424480346622,-1.2645558493259812,-1.1920685860346574,0.046088761935968066,0.5611539582415128
2025-07-22 12:27:18,-0.18939533990109317,0.380427704473335,0.9360334920841887,0.17231706924614623,-1.3548187735361747,-1.3399920775738652,-2.8383016511448957,0.26731611535447064,0.02153324187319862,-0.7102924489018867,0.29136652135365576,1.3271251593823206,0.4613802567686944,-0.622011094761451,-0.8219438888787176,1.3259497485423815,-0.9570461697072713,0.6563925180811974,-1.0491881630189743,-1.6342773942998168,0.7889520760010575,0.3520773700868866,0.26534824317754935,-1.1741816772793188,-1.2744277103618589,-0.9844922829866035,2.6127991070487537,0.688047011333249,1.5197730905418196,0.7786279611419266,-0.6075084444456811,1.3641826221368727,-0.31242688677107855,0.5262749420236983,-2.0346806301475278,-1.2685006448052025,-0.2191639164233119,0.8131460528392063,0.4852833169427196,0.36830279838056323,1.0478803892138187,0.3128758728550287,0.4872622623569759,0.20949797850917326,-1.7855878281249065
2025-07-22 13:27:18,0.5413391408532954,0.39816606149754386,-0.390157815516261,-0.904657176069208,-0.12062259174139939,1.079061271075869,1.075175142256783,-0.26824711588879496,0.03705217563137625,-0.5797870587620831,-0.8881092926198749,-0.0057900704776394545,0.05665310014827688,0.5618791208334972,1.7162156306908851,0.6792083373596726,1.2789176624651204,0.6829204153201454,-0.15007360864389144,-0.08697373686161601,1.4256516852777794,-0.6383117936583356,1.0456854003913671,-0.317972402226429,0.4087581828154566,-0.6707177346841474,0.4771955637177106,-0.016440131449268938,0.36853883622097383,-1.4492598638307979,0.6221666405823425,-0.30157488679236666,0.3804854433533018,1.2902350765388988,-0.5350722025965311,1.1262689368887762,-0.5140753108475505,1.692229264927227,0.7850148254042799,0.25783970790007704,-1.5030303217062717,0.9967316070325846,-1.354605100343592,1.0217073482628194,-0.5939997836076975
2025-07-22 14:27:18,-1.0037674469453466,0.044116480576459484,-0.5439930422328699,-0.026153958683404904,-0.18228949152249105,-0.2804717093820748,2.1218363600211245,-1.081233298511891,-0.3144850950924301,0.9535131313916011,0.42197717850498456,-0.7063785919958446,-0.39295836523737554,-1.0662247464340588,1.2944806560041004,0.747330321521638,0.8121008181988852,0.8461385584846718,-0.2944712427111855,0.5569521943852399,0.8638698933818627,-0.5002811373372494,-1.3653217439482361,-1.1925962279807012,-1.264576213592199,-0.219201196357627,-1.894604153426548,0.4003738033119166,0.43770115122657177,0.11465504961655715,1.1207839656740954,1.542792293950596,-0.3456369003278268,-0.9192364490062219,0.005074958108661253,-0.08616256462325449,-0.5789508431827799,0.3517704059276798,0.4277081840279926,-1.806975117615521,-1.7302060723871036,1.2752293817246625,-0.25599528095187346,0.7714288670300418,-0.20468503189518553
2025-07-22 15:27:18,-2.9462002558085914,1.2735413588205966,0.3904768140971073,-0.5021670201362107,-0.761733663274102,-0.293186735811578,-1.5348372106757615,-0.19766286777130326,-2.602878738908272,-0.7053351116445616,-1.8945753434197514,0.8806887737453623,0.8210896134168129,-0.25537945163236625,0.48738479912879545,-0.7249291897465822,1.0352920894585438,-0.0760229667986047,2.6065833060501795,0.8599460312712949,-1.0846136046339494,0.6486494082276377,-0.5048072913445755,0.7197224948394659,1.2396555339556845,-0.19630118557941267,1.9849679221296006,0.43767848623732375,-0.45794692942680204,0.33729865224738037,-0.6586054962376401,1.1003177823488162,0.18815987400228376,-2.2952007670177563,-0.5213586073523943,1.488172212716315,1.1332925674786063,-0.2366089958184333,0.38910570973182834,-0.3213593721956348,0.6915171574161496,-0.7418065190851485,1.3803919615664715,-1.0260361730330467,1.7836984310167532
2025-07-22 16:27:18,0.788212477243451,0.39887758653748046,0.5516963600384631,0.08962867436771185,0.34806927464337917,-0.372785367211364,2.551196871781618,0.41515464089888715,0.8157665112615694,0.07727283994438516,2.9541109245726096,-0.24796768904075583,1.4001178317195793,2.104766782459441,-0.8817008194525353,-0.49721294717701714,-0.8581583782024108,0.2221110639717191,-1.000439471434076,-1.4366725598821737,0.49245320196870035,-0.8726146292439342,0.7628924869038533,-1.2635673102551783,0.5882769540418918,-0.2494313292661505,0.4457968294251071,0.14891735505993187,0.5304634824288,1.7458014060986211,-1.5606788236697082,-0.7895851689449939,-0.700198629446071,0.20885709756290427,-0.6244549974289105,0.20423416643616252,-0.041193069686815235,-0.9142839981078679,0.9282705879072747,-0.9519452032721704,-0.23547398438338507,0.9878094476016458,-0.5129009590338532,-1.1901654730324116,1.5029406101331417
2025-07-22 17:27:18,0.3387570626399023,0.9378716708197455,0.6889732552140627,0.4703188420281501,1.4757503299317833,0.1806584933804398,1.7050179219506505,-1.2140880398472904,0.20356515957341814,-0.04207001535594856,1.2454112160938808,-1.4656104680180706,0.5965118643504287,0.07315550278126319,2.337669103762879,1.5971777143896781,-0.6829693885620878,-0.4753142008557804,-0.18754689392298757,0.0020783256461437,0.10591380052467972,-0.46647323086873677,0.4283001760283115,0.35180956701898336,-1.1642243010745599,-1.2543484441993886,-0.5084966261462478,-0.02253135409087488,-0.2924216406553987,0.8201012412957472,-0.12567370319445093,1.2857104720016037,0.28750317824823923,1.3845721329474605,0.7538457986086773,0.47636952720359,0.7458347695456112,-0.28002950370778046,1.0073884956517,-0.5125194377328341,-0.7682556157228294,0.5063377171313432,-0.6467192098901758,0.5872986803348119,-0.49067351790043884
2025-07-22 18:27:18,1.0565392060053995,0.19773218691999292,0.1034537033081046,0.7462854184205665,0.01342441251716967,0.08934313245660419,1.0724103746904365,-1.5740510317579064,-1.128122361433972,-0.33460579030306536,1.7489703464087427,1.3578748164885956,-1.639770100931344,0.4061633965494346,-0.2947492236090497,-0.8086478884473566,-0.26761809541678727,-0.8051046276891906,0.11488394991705896,0.19342904792081192,0.6495836161400562,-0.7408263742661165,0.7824837470868844,-0.06968377508472151,-1.6238064529060747,-0.6487460061352159,-0.31506072449917105,0.010465624144474342,0.24755769796024585,0.09924195251574719,0.08028476379370685,-0.16749223109189476,1.910922780114125,0.500011601541061,1.316407322822346,0.023839544457845623,-1.6207484300784072,1.5198724316160064,-0.5942846607868337,-1.0840810355595392,1.1798711735353316,-0.8419119891361965,-0.8692148985626659,-1.4730154364200334,-2.664948696460436
2025-07-22 19:27:18,-0.806488058635142,-1.5784504071484478,0.2731322977335295,0.449027015127839,-0.8072066242506939,1.4741736668574998,-0.8946492562650911,-0.8641964842800518,0.5923539497841771,0.05427927633624988,-0.8176570945441339,0.4591495910200257,0.7463897666770933,-0.6942653558736533,-1.5915669579027674,1.2646069478210982,0.7115673640834942,1.580848679889045,-0.6071206441348433,1.5045487428270676,-0.2082152944331457,1.2599964074117693,-0.15451207103669096,0.6619488616834288,0.08145749040843922,-1.6942614309906852,0.6633148610631383,0.4588297831166824,-0.3573531153374489,-0.585800488058675,0.8703949575823846,1.4125544801419092,-0.06031428554853127,1.6908716570052147,0.2791263465530345,-1.0987001876716407,-1.2398872839347337,-0.08060642695938869,0.26239583834078045,-0.9618908765281827,1.0007502637379804,-0.2617441334717495,0.8673591685535618,1.3586755556643646,-0.07513253016980521
2025-07-22 20:27:18,0.4866084494521316,0.22316571438089255,1.1800087478817152,0.8614950198116949,-0.5403758202175112,1.0386106276246292,-0.9959478457351435,-1.128116969119178,2.2421372949611458,0.8982484879537461,1.49496572961193,0.013983185011532668,-0.16204895124746987,1.0806055044513065,1.969299684504848,-1.4138666144414516,0.4380667355744084,2.0775724925085983,0.5241350424764328,-0.43459173016560243,-0.5316865535822513,-0.35664637438992086,0.5811984063940843,-1.9063312628340763,0.6313797320482185,0.6243096151121948,2.1316816215961443,1.5042206341076705,-1.1654564365792994,-0.3955986839019542,-1.2497504261624885,1.298856632784465,-0.8714509248938261,0.04650268502201008,0.09922622476985271,1.9651589217290497,0.06421747465838822,0.22489776638864023,-0.6724999271309932,-1.3715903737154256,-1.8234376290420231,-2.631335237563045,-0.9076577725983574,0.9601438645631071,-1.0670349493525277
2025-07-22 21:27:18,0.014524398107052952,0.16311086314545845,0.08785457009413077,1.489554806141752,-0.09362233973482291,-0.05386509624618553,-1.9285564105465158,0.12897546999265108,-2.4443338149129423,-0.5714671889235303,0.43218771655085597,1.3049358552339936,-0.38984556999830056,0.7712467494831137,0.5624543391497727,-0.02909877537728455,-0.4800936735894043,-0.8775008730591966,-1.1952536683048527,1.8261957392392718,0.355388607575007,0.12365022318100077,1.1321855198565836,0.8184201922613813,-0.11831863268856434,1.4321710317473506,-0.5682000800681566,-0.3819963463641562,2.2935022683289628,-0.19416328040499006,0.6374827962435228,0.1586309651702022,1.3453730294503976,-0.3269448205397592,0.10489824884495688,0.3374801750201811,-0.05372010668468028,0.4803179785030509,0.46076384200925863,1.587713677604658,1.3920631569284845,-0.8088280646822741,1.3136837792832476,0.12522506799600702,0.2512832078551781
2025-07-22 22:27:18,0.07582998333491994,0.3216741021392411,-2.365443849124359,0.28026562555769474,1.1209786999299725,-1.7603167538408606,0.028371416491767065,-0.23113965032543973,0.09041567526617972,0.18436551270168836,1.1012089663890055,0.09236730228907108,-0.4126356974832534,0.57392846367869,-0.29003318583285903,0.09561112434952881,-0.08885385901398017,-0.1427709889702262,1.5268698687030984,1.7984972802047436,-0.2270828567611037,0.02265325996738822,-0.05343918010490068,-0.7165865556800823,-0.258777110888059,0.22287058177313038,-0.3448944107707535,1.0190831639651907,1.2563550891294852,0.8897854685300233,-0.6021637300520555,-0.16311156270699706,-1.9245538743362698,-0.17225572429306515,1.1576918891943406,0.4725678868449262,-1.2775575378094153,-0.9290603650755438,-0.17821894184715045,0.16313965328121544,-0.11510800822190473,-0.65686859732033,-1.2509492810419134,-1.5602980650008846,-0.6231135099725345
2025-07-22 23:27:18,1.1261181901966715,0.3336666667218541,-0.2734676201783122,-1.0599960042879157,1.5259935095532637,0.1765148092815596,-0.47132766047070834,-1.1520805237250968,-0.8709789796256088,-0.01435245964629975,0.7181523185598283,-0.558797632094972,0.29927737513991887,-0.6614751182053612,0.5131733131654436,0.2616511998101012,1.4447659659732726,-0.1971371669877138,0.8124358899043151,-0.732968649384666,0.6957530456538927,0.801475399237592,-0.6932925674274022,-0.5052188530112998,-0.5346241851839196,-0.33117612956830444,-0.6115198612159969,-0.2747862795330269,1.2538307787182774,0.4181338319272169,-0.2897747618414248,0.8479918735416484,1.2498712111601646,-1.0190804674832765,-1.2161276134070762,-0.7858959138702613,-0.7255428216044456,-0.1391226698534788,0.5021477095623902,-0.24843769411550978,0.9031493463269896,1.6598214930010455,-1.275835676080235,-0.1549810084726873,-1.488853062586888
2025-07-23 00:27:18,1.4580280991574512,2.0816282445058194,-0.1534735250369379,1.0302115320744385,-0.23873835764513432,0.6274999426239266,0.25424503402029147,0.31914647089270276,1.1120034232310803,-2.3207893402828814,0.46311370000213586,1.7025046229690506,-0.7494634660985441,-2.530371628286694,-0.16295916240535882,0.19113590654297985,-0.05019088441973186,1.0483607857032289,-1.1521669409058515,0.25138159194895543,-0.20068828610384085,0.00578235111438506,-0.2688008095743152,-1.2431376670702832,1.37713465611963,-1.4024648496768999,-0.36170132291667223,1.1629467453706475,1.8080730257029505,1.7389431001205418,-0.5380192561110123,-0.9788269960055573,1.165803038629922,-0.006284719699089266,-0.005780046532050647,-0.8863175427580644,-1.1747030665591627,-0.8174608916649614,1.1095107496039274,0.43973210803733387,-1.2024853087350462,0.7666300042525217,-1.2050804983377388,-1.7535596221742504,1.8186939647970102
2025-07-23 01:27:18,0.4546024280308272,0.17820835632943888,0.4995908501647862,0.8449125303999789,-1.2087580990109215,0.42326033394656637,0.5623349561908575,0.011508883100625169,0.506768345188316,-0.18721967862411845,0.5634375367701221,0.6080021570317985,-0.8541556607654772,1.7169049670733307,-0.36254953342911067,-0.786783733693439,0.43887285741782533,-0.45484860621968065,-0.26017995680167716,-0.4533167160287327,0.8551154268138967,1.644673058786563,-0.5640998228756955,-0.1387766608589586,1.9019242044721125,1.157079892676815,0.25060138591589404,-0.2986359923522838,0.6611530054894624,1.0511181873382927,-0.712798496761356,0.21999865524404394,0.9169619322478628,0.2988120563429283,0.9008959336047165,-2.0723462698577655,1.2913585084965087,0.9699285238541717,0.6545069095153878,2.808933074167718,1.0492817687657385,0.1300467688723615,-0.9949793098854495,0.2106573751686456,-1.1683871131723786
2025-07-23 02:27:18,-1.2614512607221315,-0.8896715668109436,0.6021576297451381,0.8133077530674847,-1.600807645208395,0.26376176387895356,-0.8970435590660896,-1.7632369859326933,-0.8070267490055226,-0.5304936422690544,1.8647735647937078,-1.6126263563487706,0.7852935155907391,-0.5009216229276326,-0.914742934176814,-2.5194651025715946,-1.226752376015075,-0.880454741176492,0.35038804796573053,0.706644346601789,-1.5289014132057648,-1.290067277925699,2.856315335493987,-0.22080781257662027,-0.1510703683663405,-0.5348054531579904,-0.2875506825452351,-0.4343841686079782,-0.3264949665616851,-1.5876715460454243,2.1046810901780426,-0.03474647359848806,0.2136513262529885,0.49473105184215754,1.5216188746821684,-0.019938278985259333,0.6268400970931276,1.21438031198728,1.881651528106501,1.7666875045275494,0.6120957205110967,0.17260505781619298,0.08865180503213281,-0.5281229841960198,-0.7460872938360094
2025-07-23 03:27:18,0.8970208556698379,1.121597997136233,-0.9762739544816674,-1.0540262656822732,-2.0994419763298273,1.2240153645636094,0.016891632887494346,1.4084096036014908,1.2616274781332963,1.2442295087177233,0.22445600527900697,1.1156973789020495,-0.9048681164399589,-1.234355377927339,-0.4675047336574675,2.00604702732694,-1.0484405112311792,-0.7010512437409483,0.20892474167031336,-1.8163962843498964,1.216903256721612,-0.018771207501281674,0.02380849119586231,-0.512854521550227,0.4804195106682983,-0.2522120231642413,0.13232351576438028,0.4578631460907092,-1.1810187115870747,1.2792457244184738,0.738340961707195,0.08810964496080183,0.45611583423364543,0.779011026464427,1.9423095713958047,0.9934332104086703,1.1561359335868413,1.163453977062311,0.9621472829820683,-1.5947131994058867,1.0687255521683943,-1.4220874887176058,0.5007445911560304,-2.2458818348088587,-1.0620721059124008
2025-07-23 04:27:18,0.248620725866336,1.355742737042793,-0.30859544163801234,1.294699012104576,0.7881748154066367,-0.8704294963829928,2.720313634301921,-0.7787321447149324,0.441481267793769,-1.1472276407677224,-0.9402697902791975,-0.10702781849030431,-0.0853922785115817,-0.2021486307712143,-0.17956552162918019,0.781853584350663,0.4666980030825244,-0.14261110651827855,1.9240380917040163,1.000908104025575,-0.5092248544221839,1.6218630029281045,-0.12757197068009463,-1.8348517583523345,0.851062381045484,0.3262785095698817,-0.10343091140789218,-2.0829680655778753,0.20020357934652025,-0.18145336497981887,-0.3349364316091168,-1.3072253632239197,-0.4063557031902708,-0.8638139285992218,0.5126129222427503,0.11423565247271984,-1.1410705029109256,1.4264471445806726,0.2624296721054324,0.23813144270156233,0.7904002565857284,-0.19966650407401654,-1.2013120469517626,-0.2691586211010254,-2.1782617801786146
2025-07-23 05:27:18,0.9077469985319816,-1.0576338688272975,0.7185846151180754,0.3748578561708353,-2.1319941435431375,-1.9865396509754585,1.0782831142711613,-0.35632058428191404,0.48551833716147974,1.0271969189821615,-0.6530630429181775,0.038213723311670555,-1.3106546799327712,-0.41709307946661184,-1.5565521903879422,-0.42212277402945586,1.2669727624360492,0.7473153451583809,0.3664458630584095,-0.33696396177843535,0.03577546271763806,0.9559421881238149,3.0303579035816277,0.150705894827522,1.0042102845142535,0.4260470454391745,1.016495801873828,1.9580265079109558,1.4169241266645216,-0.5128440222062459,-0.2298419792466645,0.5112731432650705,0.07116180412718756,-0.15135930908267153,-0.48024800469422,0.2330867763238594,-0.630790667083577,0.44954350738097465,-0.6144607565063391,-0.07817877453314752,1.965095054719401,-0.31966673512100047,-0.599974618324795,-1.1354798299573394,-0.12791308244727045
2025-07-23 06:27:18,0.1665067362821366,-1.7736217745267415,-1.154239458669955,0.23022137838664922,0.49243873753079137,0.6283161425194245,-1.3951781351199177,0.28602487530098947,0.34643101111599006,-0.18381922246281765,-2.089958341854066,0.5929015161074267,1.823786973206426,0.098450199969402,0.22548344330111558,-0.01156305237838671,-0.22748541343758644,-0.755561849252701,1.2354082026379893,0.3099331167454188,-0.6719176294069769,0.5940583173220334,0.029540323106313656,0.11882966329048279,-1.480484799046961,-0.5840009704274849,-1.3186765033149506,0.34901817902202814,-0.6282499089696938,1.6132974858206923,0.3859439185737376,-1.3124734208191409,1.9719081948805197,3.0359250656966736,1.251823939562508,0.17964494937224268,-0.4233696153984236,-1.2860271569615742,0.9302542119981977,0.6630263755181672,0.9415934688396567,-0.2454183513909236,0.03880835857884429,-1.1776494476211843,0.7131956460580929
2025-07-23 07:27:18,0.5797961557386242,-0.8913935594952718,0.5632137206524931,0.6809634088050847,-1.0848039128207019,0.7734058934608498,1.5591660300766859,-1.0708766054822878,-0.3283431537605194,1.6255126844320145,0.1463552733430883,0.8562540304728301,0.2982661511396056,-0.8593906609076666,1.1216891251239665,-0.9626054592499245,-0.8992289907277502,0.6068632400189381,-0.563106353334371,0.35225397803299885,0.032865685948730274,-1.7190959161822976,0.790080411306791,-0.2558259790684925,1.9505882305755375,-0.5182814148367139,-1.2907585134617288,-0.5269153644324449,1.375349427910519,0.5358869058127428,-0.2829625865344964,0.856083868189961,0.496742485305303,-0.258901108938003,-0.8590411575599842,-0.40988708142019864,1.1191361318350628,0.7433069204174897,-0.8742444563235283,-0.5946965100090369,1.529092455191346,0.006957994116032132,-0.8226837791485243,-0.3427346764672361,0.06377671995663543
2025-07-23 08:27:18,-1.4785836500928922,0.07864604259928852,0.30576817736124023,0.26656631995891283,2.7982180778323884,-1.4194037630550145,1.1290472656150397,-0.3403452731608642,0.6702199175971759,-0.12782924427169534,0.14499503106117168,1.1010988906159256,-1.1463569358153742,-0.11861208274324155,2.3693085618520695,-0.16607037942285807,0.2663878605978613,-0.3874128249893721,1.7278913348096507,-1.21555220500429,1.0390309818436458,0.18960140228535036,0.10854200890648348,-0.7508643021332918,0.13755196201949524,-0.1703126122528434,-0.35764438446971286,1.2282397936398783,0.1787234361266717,0.014255070612981495,-0.43336845879336855,-0.31869146192453013,0.8201267835290917,-2.79101110544545,0.7062051928652225,-0.2138751161301866,-0.46620934508859124,-0.765323284722344,0.8603736063002954,2.3447358470386677,0.910616109978089,-0.34130442334034533,0.7014276495973223,0.03273085148156592,-0.11983954742155314
2025-07-23 09:27:18,-0.13418496783102526,1.0676846471749126,0.05037745596430738,-2.6268105913404227,0.9485139919283844,-1.9726274276883098,-0.35759803884430014,-0.6506166299509775,-1.3041839249642857,-2.4217984736907012,-1.1136666164505429,-1.7284268177224078,-0.6407357122591244,-0.30106607491704424,1.357334122627035,-0.7411380383312137,0.5272689576574361,-0.950962566066287,0.2987486714665923,1.104150050328113,0.28047006362866006,2.346408133658026,1.3293961062468131,0.4504043353418791,0.19388307683079473,-1.9533267119877413,-0.02196132211920961,-0.611957541946296,0.05995121115219894,-1.032115648982956,0.3246105255005804,0.9031824822015682,0.5888156166181986,-1.9597706982649667,-0.09010610341245608,-0.7005532210056844,1.4918683535566557,-0.3038872348735406,0.22894791162638706,-0.7105117448178879,-0.32789751691794367,0.4956643850527288,-0.9754393753742592,-1.404994493147287,-0.6278673962496711
2025-07-23 10:27:18,-0.42311883488638885,2.223704991044083,1.7427159809252635,0.5617323771024019,-2.2312977883076313,0.4816218782126623,-0.8931020156798496,0.2604538450678324,-0.48035635228259044,1.4225794853525786,0.23262567974195333,1.2114673677701482,-1.3423028680730873,-0.18885495223151644,0.09780560603033203,-0.6993001753081479,-0.4614071026593577,0.07552762540933863,1.5798737451083267,0.11349646868942338,-0.6798882338251327,0.803457664444342,-0.6422354833002678,0.12089510654555043,0.8722302223191919,-1.0570628746982422,-0.12277625501095377,-1.7493031803574686,-0.6154183120574589,-0.384966182581343,-0.2901168638877077,-1.8310483163947349,0.3278173302948864,1.187602588142487,0.6696718012600703,-0.11545065703758757,-0.6063739256351407,1.0141076199390915,-0.6152338541169452,0.46502942513492296,-1.0342692209927393,0.22335732573679587,-1.0208561193012162,0.40556298345886677,-2.1111305304099184
2025-07-23 11:27:18,-0.16528478129407576,1.3176803991520214,-0.1008092962867122,-0.5922104229762215,0.10845245984892098,0.1587969904738048,0.1806821745388346,1.5613414343254945,0.2616353213089501,-0.6573043748674899,0.20331991272993635,0.009840924555802539,-0.8070049364452365,-0.5815597585624154,-0.002243525806815871,-1.1168486637536188,-2.361769917811696,-2.058654241096239,-2.3745129425722387,-1.188693725866048,1.2218910002358703,-0.4052342472653818,-2.1443362938636192,-0.8083611517767876,-0.11862794812690619,0.3689661105391813,0.023136892772666267,-0.9952420048815466,-0.8033877361506775,-0.7304588747615075,-0.2611227038810576,-1.9166302043078411,-1.062171401920578,-0.7771782591744659,0.23226086457965628,0.08952644031773684,0.766477628170822,-0.5570378715157066,1.3138994055294075,-0.20392185581081632,-0.24160267240121175,0.25359183284982245,0.5099860751707475,0.35667484025051294,0.4772098683988979
2025-07-23 12:27:18,-1.932419985746998,1.3635029606651836,0.6664271839163259,-1.2879950426305633,-0.8233063652889288,-1.7070908648419705,0.8120556290249411,0.40266899148551116,-0.4950571663774842,0.2226334990258888,-1.1958378201081292,-1.185433674807824,-1.4057177645164425,1.3760787280943645,-0.09952552753543438,1.208436244033163,0.3387722576130217,0.28077095703030697,0.7940514783748996,0.06915793861348266,-0.08819576658477044,-1.4939823020679883,1.4174465391337943,0.4251644758172529,0.5536172496064644,-0.7105901268377188,1.886375238244378,-1.4157772890763214,1.1245394207556054,1.2106867365271845,-1.0656515510215023,1.922838282965739,-0.5929910906023778,-1.482774090388597,0.18268115165410517,1.7118722512131304,-0.2677105814754741,0.07931844829232229,-1.9788670297285251,1.095220239333903,0.40195331370052423,0.6233036438083505,-1.058498783467934,0.22132674550898523,0.22157524294390424
2025-07-23 13:27:18,-1.396606695249528,0.48688007734812755,0.920051479173561,-0.43478126721534477,-0.4237449404901788,1.3268758023394331,1.4337277547686782,-1.2163571313459451,-0.23236294465062513,0.8393760696200409,-0.8696906047321368,-0.2209765574779941,0.13629075199923701,-2.133912678296492,1.117073310210118,0.39887349777475206,-0.6736066970576892,-0.026977374231771975,-1.1380106786381121,-1.3876520275147017,-0.9557066514158671,1.093639941684482,-0.38906319135010164,-0.7625374692493472,-0.5928358765675509,0.13386777335909342,0.34018518796309605,-0.8356130105501755,-0.6659563181667688,-1.1978292854512254,0.38998672758669406,-0.7369510021345179,-0.36423215186294233,-0.5618569977016342,-0.20387659720609447,1.2191629155863293,-1.5174452886366583,-0.024534258286763762,0.043292368903351315,1.439702490951148,-2.127836832502278,0.0524433615808874,-1.3139404521745655,1.040193990918072,-0.9038729293373942
2025-07-23 14:27:18,2.162056164743217,-0.4433052735616737,-1.001650781223658,-0.0680855305728986,-0.5846575375161859,-0.699749517274767,-1.5065762468170867,-1.9890842527994081,-2.109494091029768,-0.5007990566248621,-0.5159430105124974,0.1292047015545209,-0.3069656259739986,-2.145737946521454,-1.1918051032451071,-0.19082335678342985,0.8305038567647792,-0.6370127194390784,0.8464044340372303,-0.9932163848688185,-1.085596952677342,-1.5067117143279292,-0.7105314807480787,-0.12552686066593902,-1.1917934815463154,0.03982365490483919,0.02491456792335414,1.4584307026447731,0.47406542286577136,-0.35832631401991377,0.36025562365490504,1.0033534606106804,0.6901515769529833,0.9528497645235278,0.42455141073664493,-0.775213115344854,-0.05032087498698101,0.4109267117658464,-0.6205326028833468,0.062264768246029153,0.07101980943744232,-1.3719411897938316,0.750260008336044,-0.43679896241693494,0.3359561253699917
2025-07-23 15:27:18,-1.0623989357562893,1.2433786130187665,-1.463224379571662,0.8117035065968745,-0.2774243056341501,-0.11882146225336125,0.3505673346695077,-1.2589647665092414,-1.7241760620615196,-0.10742545503195103,-0.8830930619462545,0.30014298911703924,0.26624853181518876,-0.10046749204122406,0.18785044387038483,1.2618226180143168,-0.5361524795963735,-0.1214456183363102,0.16974673266953155,-1.8446967050144758,-0.226033072755774,-0.054267035831264125,-0.06747104418593995,-0.0063887596019305826,-0.14804210189968556,0.5764084447096682,1.0931548775541844,2.9622786671743118,0.7110058389256685,-0.00761847585877701,-2.461537912572951,-0.7545586045638015,-0.30164919407399027,-0.13595124249237267,-3.1402075677846986,0.022621415054347647,0.72880484847974,-0.8384969855065328,-2.104433763706596,-2.239544715322142,2.0715284537915455,-1.28415875617908,-0.7156311464439195,1.3823143033619028,-0.1027294242728325
2025-07-23 16:27:18,0.8089133620468626,1.1146702767207368,1.7461018321817707,0.5975985597583271,-0.5550251064365478,-0.4783309298866378,-0.5146586781535891,0.5031310943581134,0.7225250479775923,1.3802965307005726,0.03764837869632975,0.6041314212959816,-1.3393988390057316,-1.6267262660445865,0.8268986779809734,-1.2833220675407082,0.7304789227133597,-1.1781261759444672,0.7832617638524887,0.3079287321467444,-0.30779783085330037,1.3851245217060177,1.0121770395349088,-0.6653404039046003,1.140894434235215,1.6477199955952195,-0.12448470100836893,1.8645541917144561,0.5948891805475528,1.367152375828389,-0.8169154000080764,0.41797023009559725,-1.288304768476621,0.04296998885504782,0.33157498729640456,-0.19351619009854257,-1.9196697076270626,0.8771520712467986,-1.9643234155491383,-0.48105261328282356,-0.7780636900001862,-0.2529272882776657,-0.6712680485673148,-0.15634251709442998,0.26984544644412495
2025-07-23 17:27:18,0.8737609133856004,0.5578928411925155,0.6376482629328409,-0.40139526378314194,-1.2055258030161269,-2.462361611982873,0.6700861572229937,-0.07646705843557693,-1.9540785715337317,2.083356802701907,-0.10341370730427257,0.35498218267608683,0.7244716314725819,-0.07207708083645432,-0.1999607369434687,-0.844956976686818,0.45693069224635663,-0.11372395170683243,-1.229644388291454,0.7870172508681927,0.8158854004014626,-1.1583381704489422,-0.810010682965425,-0.8209594328504474,0.3320356358190999,1.13840975566069,-0.4776970534808762,0.7116050675373438,1.2725486692101002,-0.4617128111348394,-0.3355359629937876,-1.1386499179538236,-0.5226842791668052,-1.2125043583060315,-0.6824573505041935,0.5176609747764322,-0.1295541975624417,-2.1409741945782774,-0.15671729473874446,0.02662249391752988,-1.0379551660800073,-1.3639438717960473,0.3102820967483748,0.2008879797557562,0.20487419397656223
2025-07-23 18:27:18,-1.2401467606802123,-2.3779116406168237,-0.4314975332169744,0.8995222891735666,1.2692168216172017,-1.5782345563111768,0.9862237697942889,0.9568548066649593,-1.7041304245411133,0.8307265138124383,0.608568846892638,0.34803494289160114,-0.8885308675565238,0.8287553766419656,0.8708066107195558,0.8108933947961274,1.1473914090875592,-0.5372951175154763,-1.0577784936723365,1.789612380595843,0.32753932395941554,0.07887818029073912,-0.017308023845740986,0.2542433600294857,-0.6535503943859231,0.08398363996026606,0.6528865207591569,-1.2284462909596223,-0.012836279173992968,-0.39655407402597587,-0.9469236286544728,1.0199926880800683,-0.6773642498449282,0.6056939909664332,-0.32452392418900555,-0.5817623886979436,1.293005637628938,0.5418405979604677,0.855583387980189,-0.03663720663216344,1.4764353544268591,-0.8389871596822148,0.7613165565937118,1.2228858195588994,0.7884250156814769
2025-07-23 19:27:18,0.13241958337359627,-0.4948997653737943,-0.5682859942231819,1.4127073021341434,0.421246152639725,0.38707404160139086,-1.529517612974777,0.4173704217019017,-0.2773138985852124,0.3189773764463186,1.0783826555903633,-0.10375163203301915,-1.3609671659023697,0.43489683507405874,0.9332156189688663,-0.06127692584650009,-1.387240197333735,-2.3542891309495992,-0.059397327135229175,2.1099326850840017,-0.2846536531453924,-0.136559904957696,0.22450066616913025,-0.26867613837362014,-0.19588111169877062,1.0348088088013876,-0.8615198839205842,-1.7453139042667611,-0.4873651061230967,1.356504908246008,0.6536668030772061,0.7802415295716766,-0.4177914116370784,0.00910531170343106,-0.2162384190678165,0.9677135369141108,-0.8730214461694007,0.40272212214255626,0.012339453866807215,1.1668195023800159,-0.24077991570786886,0.06931935533813931,-0.6862816282690142,0.9363055513135791,-1.8764034821948328
2025-07-23 20:27:18,-0.31966652844638205,-0.1307785486334723,1.6315909979469385,-1.399878229033849,0.3175166833436595,-0.8658105858649998,1.5648955934706381,-0.022251912048045202,-0.35402560223742396,-2.102228691464955,0.7798494523254955,0.8687191568335835,-0.5850275220053157,-0.9944879125953763,-0.23840698570501068,0.775593363746302,-0.951210901027432,2.425789775658375,-0.010180337431745734,1.3109287565640593,0.25267462984145667,0.3998968481114767,0.4532263352400014,-1.405941036138618,1.2355220960143416,-0.7845640803390901,-0.8246618639860955,0.6836983461465113,0.25395522065716164,1.6890574300630492,1.3606596348150477,-1.1203267306218192,1.0601494125353126,2.482002050785369,0.050847268791685885,-0.44330354609689393,0.593308162500963,-1.2194061374256395,-1.1027420031653306,-0.7071644781773907,-0.4313642995026039,2.202147802940678,-0.3375356903977753,1.0344111456799838,-0.09290464792289321
2025-07-23 21:27:18,1.68522007379592,-0.07214035738449179,0.42443195989389054,-0.9897057510523508,-0.5061124186612377,0.8454209480536471,-1.4286043866774105,0.9256190781214159,1.5712826379323934,0.35781385685331446,-1.386822847654415,-0.9102277971414658,1.385273198164092,-0.3757902330161742,-0.3958414190085821,1.37940305482973,0.4969060547119258,-0.8055240019557613,-0.19352185926961707,-0.788985530298854,0.1927605530599585,0.47219629012890546,1.6910681091214865,0.76958811314193,1.7676678305820366,-0.3424233102095514,-0.16414851089978155,-0.6765087799029977,0.9650543339444585,0.4962674953673727,-1.6789627375869907,0.40484008364088175,0.128799776647301,-0.03334806695381034,-0.16180499345193577,1.2217595455625776,-0.27245578421625055,0.7658670822118706,-0.39944299089618224,0.07640393309492427,-0.049023675115265015,1.9898741331815704,-0.7674026058652788,-0.8936179129175928,-0.7817386196016792
2025-07-23 22:27:18,0.44300323671933095,0.6168989112361166,0.6089472886594973,-0.9154740807430817,1.1357079286658842,-1.2079813777344797,0.7991691074821485,0.8864257116448873,1.1814815047021763,0.7192606394832348,0.03625810048433182,-1.3605097606145609,-1.1013928390160477,0.1008112871023337,-0.5380920278036552,0.788835809956585,-0.03011923012625059,1.6103463832639262,-0.039105645453008916,1.4663130640191329,0.3466725501051297,0.3796115262009117,-1.662240102884746,0.8699394095286863,-0.16871455616268985,-0.6593602008294276,0.82080455936913,0.03374317024454127,-0.4024299489992205,0.1029805941623235,1.2666438031430625,-0.4503033708497323,1.1578916936898709,-1.0754685636507642,-1.2292736240860962,-1.5761670922030395,-2.7447990581582222,0.08235370717612102,0.28455353388855154,-0.18783273596972308,0.7853560280723278,-0.07427414603683528,1.1344198643640075,-1.9281732475901852,1.425287519333657
2025-07-23 23:27:18,-0.7135426137353914,-0.0196507797425121,-0.9015210060021839,-0.8576948461789534,0.8236759637763309,0.6584026005060739,-1.981071743737653,1.5398048826064665,0.2989921542974994,-1.5171309808096982,-0.5076735036558977,0.37220956608425004,0.011004560117615641,0.2900974930072615,0.8650779169544557,-2.3277331761366735,-1.584376607187698,-2.258453088277256,-0.2302337277648228,-0.30221874495796325,0.35903248027321544,0.6062889206101556,0.8288028437997185,-0.21619927632097533,-0.21846795528230345,-0.5309679383547214,-0.547881595440024,0.41262895928565163,-0.8376402688841058,-0.858225069842113,-1.1002072279856479,1.0604732874554705,-0.5521009621966243,-1.4180032016124577,0.138370781745706,0.6080568051928223,-0.08166178346159761,-0.7006804330549609,0.66919651675631,0.27579290764701553,0.8065838292588811,-0.00413706095577607,0.5457478272486576,1.0711385801621183,-0.014280838886167518
2025-07-24 00:27:18,-0.29624775076730553,-0.20257293531267587,-1.5079233063983863,1.3860048471699449,0.16926659911590705,-1.2506979578743191,1.1375726544453677,-0.7803693598923198,0.27053544536368074,2.044637487071456,0.8836854347861323,1.151339174003499,0.2692144848680071,-1.7009415576366194,0.16959254359568463,1.404321739458985,0.3836471974594919,-0.7938032888827307,0.0886251227194011,0.4642872753847798,-0.022025875357320812,0.33076189457223293,0.5839543430598606,-0.6875111855191104,0.5765140302702496,0.991235615465422,0.13654265367439197,-2.399311508727535,-1.4903453520792005,0.41356963187972784,-0.715479521177186,-0.6158680152829523,-1.7817673493361184,-0.5501199124007178,-0.8371365325514999,-1.1634736934274417,2.1672477264235583,0.6937730365753761,-1.8149500965501484,-0.1573241756210063,-0.6901248913824802,1.1312449823771258,-2.678034475952159,-0.5820399151326708,0.5251402593268293
2025-07-24 01:27:18,-0.0186666763864966,-0.3009518668705469,1.03005709402154,0.8962985903935136,0.01263674491751921,1.5916414659340576,-2.5526067065360456,0.8685334552796523,-2.1405565315061024,0.7838298476100368,-0.12592677854037324,-0.8104122955718439,2.454705280187996,0.4257924451044501,0.7631381248838897,1.351276158746974,2.0309556919847402,1.6574172779411893,-0.6339415147139043,1.2356814759470662,-1.5567161583528368,0.6750901662868314,-1.0097261376559532,0.8745101416362226,0.08010015657305576,-0.5932254542753873,-0.6992579977057765,0.440636650066581,-0.011980703545476831,1.0898441133697219,-0.35472687768309635,-0.9795415153073855,-2.7853700128937233,-0.21665354465336434,1.7223461808064178,-0.5489801578863996,-2.7492338203443305,0.42876766768157143,0.4182037180564543,1.3689079905392245,-0.7160410392087643,0.6016750971156581,-0.23757522024789873,1.0103026738280783,1.7003018447518685
2025-07-24 02:27:18,0.8121054184838907,-1.899100302293536,-1.889115632958864,1.7746253289629639,1.5391473031824594,0.3005447959987331,0.11126713662928371,-0.6433997550757166,-0.02384055908574818,-0.8708824410490185,1.792084679356844,-1.0805295058778865,-0.9984706452254317,-1.0815114326287307,1.6592356047471237,0.9775786243268713,-0.26657419998507753,-0.5597356695326405,-0.03197192481011772,0.19572542159720036,-0.1259144623471323,1.654676996935036,-2.039002017780605,0.04373731155191128,-0.17707034588686046,0.03028679428685019,-0.03682232677079841,-0.3144071319254124,-1.1177539861243695,0.6574457421426236,-1.6820441395681556,0.026078358740852615,-0.2848376018669273,-1.1344874749144864,-0.051156776170884606,1.1174265351150232,-1.8073398965014298,0.5052161630018009,-1.8761334773543918,0.0529315524598847,-1.3080620668366993,0.3946241606880763,2.6210643628771066,-0.43420269859849586,-0.31639424516111997
2025-07-24 03:27:18,-0.39071892671694,-1.4173303326647138,1.551843872432917,0.4826633514408716,1.1561041284009435,0.8805593098613085,-0.9290529118773887,0.5596973199924731,-0.8141253418950667,-0.8617144791172932,-1.7358118847344965,0.4406111537541371,0.8126981774998516,-0.2746608145707596,0.25505304768935244,-1.165421719523381,-0.5762172767051307,-0.44458047724304284,-1.054599102614088,0.0020814702437495043,0.8582637965377414,-0.9930150776172371,0.5189128807300191,0.1782032930253994,-0.2849196600611653,-0.6573911709031476,1.5769448285100702,-0.6243912565472542,-2.226540715726211,-0.14983950345647787,-0.7636332700525252,-0.27710230171502204,-1.026093390374943,0.5152174550327798,0.5626703416199927,-0.7983070035066706,-1.9455303793367427,0.18763768307524448,-0.693379984082187,-0.8042686425875746,0.47992667249676474,0.3051796604135402,0.32085272151584115,0.18459129190531268,-0.9648195487116759
2025-07-24 04:27:18,0.05004829356538005,1.2591069230776906,0.783931304276584,1.1553154109041133,0.4651644854897469,2.540831865208317,-0.3923005067442095,-0.092752222590086,1.5703684594520049,0.7546951177015081,0.9663463052264694,-0.666322213811796,-0.02059835635895601,2.025693906424854,1.1849948704365896,1.449131982034242,-0.5487205954451049,1.175657277142101,-1.9356508922479991,-0.7061466557881029,-1.7911238193647019,1.7241652867846582,1.0227919710254982,1.8811396111123995,0.09000757177203603,-0.3798329716002907,0.08564887748361437,-0.08669397743201675,-1.531702270422824,0.16539937219559664,1.41367332529263,0.8253699214019292,1.3709568798144813,1.6725684023032454,0.11067911261742493,-0.0851047739308949,-0.5628035426488603,0.6486137809754576,-0.3018250764362222,-1.1882571656865173,1.6291196930373122,-0.08770173245759032,-1.1042017398397785,0.8016968312443555,1.0087030642124792
2025-07-24 05:27:18,0.1205421786138296,-0.8649671431343288,1.7402889127162318,-0.08912192703433652,0.1992603611029679,-0.05386643186046282,-1.0676191564077684,-1.565338922224192,-0.7138301779496684,0.8493164461796466,0.8226262057298025,-0.4222035471974936,-0.7683207941927582,-1.0755916300541064,-0.24468007991169322,-1.1061746039978868,1.3246175490431649,0.3841980380578366,-0.9582398702374497,1.3942358029258957,-1.5129778283886883,-0.0766536001040927,-0.8233692870000597,1.929398728816573,0.5170664365046709,-2.637758786742498,1.3897725691965963,0.46770510745749777,0.5695091422721259,0.5733945692871895,1.912525030772065,0.7893211405839966,-0.4194840599154645,-2.2103354703673115,2.898613854454808,-0.5619923368289018,0.7567528938244997,0.5070004582075327,0.7702423856311822,0.2992545804309909,0.0485399835995631,-0.5363793278693262,0.1158232766979853,-1.1138405225895396,0.1454737099305961
2025-07-24 06:27:18,1.1458828547149378,-1.8025423816373216,0.8789524792268536,-0.6208908260891258,0.8244219810272267,0.22967817375604976,-0.7648635079147305,-2.3402449147614606,-0.24831856262519517,-0.36276941275411284,-0.5436804985514533,1.2180633897770565,0.19614883907203415,-1.0442152382162142,-0.4807239276906064,-0.5231629396204857,0.5826169525563872,0.14717624208211436,-1.7700018945326192,-1.0048776004459743,-0.6696499131125744,0.04209959333812315,0.8279050785049504,0.4342574174670635,-0.24141713180046007,-0.510520324995508,-1.1139965451195892,-0.6421906110631309,-1.0696655840137623,-1.5676435876918944,0.672555206115729,0.44094216296374744,0.9177002253467019,-0.9664472133235913,0.47878670489369685,-1.2978285722184049,-0.7191208959559061,1.0559661810274419,0.041596392291245426,0.24055966287070835,0.5155323157428453,-0.33251952498320403,-1.6336403770772232,-1.5634820208151634,0.675568724747247
2025-07-24 07:27:18,1.0077525508023004,-1.0919574251151194,1.0013181713948325,-0.5128392108695148,-0.35953931925159427,0.7468272252094972,-0.24820718342018258,0.3310723230824577,0.3666276485364019,-0.09099992871090161,1.1416459605284723,-1.8345727252260524,-0.36975344694897516,0.04991567716161006,-2.2549917241704196,-0.6255297857645405,-0.6331250270736083,-1.0064620126245079,0.27963988477637775,0.11606648915383343,0.5257612696729637,-0.13285052736841804,0.5367204151398755,-0.8062046594356209,0.23067117031616718,-1.914654157666544,0.7276691670712883,-0.2643496406262209,0.4680255759732753,-0.4571816312173678,-2.1865929231195835,-1.259882081463382,0.902986462809198,-0.12503565300153827,-1.0807190997675056,0.20601428019585158,0.041381040022785094,0.7377161610023164,1.6361089682829513,-0.930100306727932,1.6191180095148234,1.0641810031040586,0.3423874084665062,1.0293806690753224,0.7605275742125541
2025-07-24 08:27:18,-0.5222956793494332,-1.8976568848771453,0.07019427765601728,-0.5865504425345611,0.09767324494749184,0.2523164370234808,1.1095277752049273,0.4796561243767815,2.0663436718033066,0.5046397587525755,-0.10958753025115973,1.5063923614619372,-1.4592235931532456,0.7156194677754186,1.5177531539422595,-0.8095157427102693,-0.2722042189843052,1.1986427275667042,0.015216743620566653,0.8193392939185542,-0.7243475144168228,-2.115118979381029,0.6102823880043851,-0.6350970412733681,0.26377205735015574,0.19635650288521664,-1.551408018224477,0.32605509371357333,-0.3365042205716508,2.1626568499085552,-0.9429847944891263,1.0749170032825353,-1.0951676318964385,0.09863621301465181,0.8466738627262227,-0.03507182509295431,0.6725822316065843,0.7685521846080261,-0.34739491061846445,1.4177708122316866,1.6126578596269838,1.3803065173853686,1.7730840749201042,-0.8455955367768943,-0.14926689766268594
2025-07-24 09:27:18,-0.37780520839094256,-1.3734491573379282,0.7817299694759764,0.23648032699711538,-0.2337280233374643,-1.580061848565369,-0.016873551088028585,0.39045821061017755,-1.8211632748536584,-0.47188835892155034,0.6415286976969541,0.6841679855637756,-0.5142715586516791,-0.3663156180287276,-0.6711577452851406,1.2057147924118672,0.4031767622547768,1.0833394520202548,1.1142119778136517,0.07617373134805694,1.190821421175542,-2.0133260390049195,0.05025948463240324,-2.42613950545701,-0.5901681010855727,0.1725513114165734,0.16205594619063937,2.0002965323781123,-1.086025325750141,-0.25882429735522827,1.7518179517553913,-0.2750400217925806,1.1443942777332952,0.12068343583574483,-0.1980189654375329,0.18409004853171831,-0.3741367506585123,-0.425644977878204,0.42181316387466244,-0.5793278896236735,1.0001629742503348,0.558628286372174,0.2784456846560918,1.4441296397848038,0.5002713617118907
2025-07-24 10:27:18,-0.7735723236754757,-0.12578347878627444,0.07369050896120256,1.1593801700671753,0.6488224142916089,1.3984933004883628,-0.18369447518205564,-1.7783947752057714,0.8629878532219621,-1.7767963281493062,0.24459501680340673,0.3651341128327295,-0.914891067127459,-0.0027208571674571247,-1.9526507690249584,-0.09652620344139368,-0.09623704868606388,-1.1829921172554838,-0.3068766116273357,0.8933518628826576,-0.18633256505429635,0.1517524411972782,-0.47116194401817985,1.8625872768208613,-1.457779207439449,0.9476165444643907,-0.0354020385136274,0.5969618891337061,-1.4394943652035634,-1.5511333315356248,-0.24140862030367768,0.8391498706881826,0.4748113946993191,-0.8114553900889029,-1.2822268814176168,0.20720396396732843,0.5897026633354379,-0.05245225317866384,-0.08601318997603481,-0.006859980890438256,-0.20409066688987895,-0.002881962076647621,0.563130069777374,0.3902619664772456,-0.2925997027258416
2025-07-24 11:27:18,0.24052711774145852,-1.1505030753957735,1.5398566314297029,-0.3613820020633949,0.5599646702409314,0.39237064276077693,1.0780270603715705,1.5126901659627217,-0.2207518273953177,-1.7495697447221732,-1.6718423087261132,0.8366977029140583,0.6585166289408406,0.5178663930388102,-1.667895699873182,-0.3855917071451702,0.4775711012088815,0.861281374512493,-1.076012462024791,-0.2256416797030229,0.7504889544331009,1.0553542415330568,0.31172342894651195,-1.235552752962842,-0.1638991567151839,0.795391731133333,0.47522550507806105,-0.29365392589251266,-2.401981179177096,0.9180309407718293,-0.29917046099757855,-0.3515754256949315,1.4952048564911442,-1.2163012253850145,0.24985596831661527,0.512373205675987,-0.32875923899346216,-1.2702474277300257,-1.273769148526847,-1.5106161416612496,-0.6486418946203398,0.226756068697325,0.611207823232213,0.1839463763477063,1.2756417767263823
2025-07-24 12:27:18,-0.48699394100191856,-1.1188587775906995,-0.37210706730341514,0.990110047246508,-1.038801130784064,0.9249777684421381,-0.08273227573828995,-0.006387151268209438,-0.4947170676594856,1.7777041786908323,-1.2820882546264465,1.5225127590692158,-0.07589348092976853,1.1687078483290314,-0.05107591798904944,0.4438864296600699,-1.0930630547600115,-2.804263867837513,-1.0261638814209495,-0.8690301855965306,0.6440077608843953,-0.18070563459962666,0.4152000052844629,1.0776902249355715,-0.18436920079987662,-0.40962722876223095,0.36030177348520354,-0.22326449806214863,0.8085938729273183,-1.361057760329753,-0.09458217717824863,-0.13906467924208826,-1.0860698334062162,-1.7529048818823754,-0.7296913103277396,0.15855334808768295,-1.6551122199941444,1.2069411075276577,-0.0908299323349184,1.5445923391386391,-2.5807506085823753,2.2171085741120877,0.8781671888914814,-0.002155539027331634,0.3199690700724212
2025-07-24 13:27:18,1.5359079560571582,-0.5389409143535101,-0.666351773679406,-0.5144222240590469,0.9020270634604756,0.11346867766558157,0.7402133689915826,-1.1114586540121618,-0.7818422634582362,-0.22317020272379035,0.016781653470058642,0.48283821366953694,-0.5669255665469862,1.1082405376798237,0.019524779520269393,-0.9903098749395165,1.015093313855656,0.06810381044203989,-1.114014689501301,-1.682207574188896,0.13932364544733403,1.6738481949132735,-1.3745753909896008,-1.6178067657874304,0.4603042796315019,-1.7999380724096108,1.517628625570117,-0.9172705346690815,-0.3607077211819323,-1.1364092511884254,0.3372694307548809,-0.20434103080992153,-0.13180922318311383,-0.4310797763641313,0.10607705645046739,1.077141747878794,1.0038499544100363,-1.0933234968303618,0.7823603050348494,-0.3160990845075655,-0.4491431442065138,1.2475653268054356,-0.9823728788453301,-0.6414271677746891,-0.08021695922721636
2025-07-24 14:27:18,-0.8933827373851512,-1.5858540201059357,-1.0014291988279562,-0.9227836824907029,0.06498444837448829,-0.8336879927490627,-0.6240742840821553,1.157598124231431,1.3419697417474443,0.13969338848740673,-1.399232403339135,-0.8934384747392866,-1.2582166581311234,0.6114636414117075,-0.05495714764712347,1.7967928527001409,-0.00937594359231467,0.07970914392010056,-0.4060081984870013,-0.8845074054561125,-0.05776113176803349,-2.0732956032209,-0.8820526955697306,-0.43554470904716147,-1.2030431192922768,-0.7088881933265333,1.0722407975453128,-0.24213086690588864,-1.0562004548988462,0.8592765981709308,-0.7225320751020827,-0.5926804467178719,0.6783244437855017,0.8783011570899234,-0.5040424152352267,-0.5505124692693621,-0.7834937488177554,-1.1915288312351524,1.3244531961270836,0.23129738927563373,-0.09745419244408297,-0.8675321025648156,0.8920456113915518,-2.462273724109322,0.9465317943932092
2025-07-24 15:27:18,0.11547512615436409,0.7709752563066992,0.37323226776725016,2.3184485436817575,1.9905020787134071,-1.2244653741907257,-1.2061199234141873,-0.9356849008131433,-0.021767046154979548,-0.9179496789525343,-0.6041339651917409,0.6713526655464556,1.9134940446423534,-0.8043083998677049,1.3026762460411287,-1.0099217862326735,-0.7944752950622882,-1.1203896712556922,1.2677270490528267,1.6955150381440158,-0.3692670266364957,-0.6706040245075835,-0.7290095554938248,0.2453301867976768,1.0588724231611115,0.3098175934545744,-1.5439028150830445,-1.292691849940886,-0.6947838734129678,-0.6973690658321158,-0.6352870949575026,0.5518375539884114,0.8295445990142017,1.4876498226634702,-0.5990294696823029,-1.1456634624937883,-0.487846333928128,-1.6018970841591327,0.8034814365556856,1.4244985756382629,-0.4965728029618216,0.7819675754457458,-1.7267387299129373,-0.44346150246992555,0.1726135694922935
2025-07-24 16:27:18,0.8947309703015546,-1.3349371628232314,-1.1583595755583345,0.7528330986602686,0.48247178347886577,-0.5425752585397862,0.4878041792290377,-0.3799037327738696,-1.081480930406083,1.1839083761378384,-0.1054616889626969,-0.012967558649935415,0.7652212382220002,1.5469477278071235,0.1325737363911533,-0.2500873324591278,-0.40626150952050966,0.1911084987351509,2.2628878667539882,-0.048492073657964,-0.6508735660685029,0.6242082152607413,-0.20037175915198255,1.1471168206409472,0.5335476936197008,0.26721329750478245,-0.7020876164248196,-1.2158427309976305,0.8112369379597433,0.9607599463620695,-0.7066551650269208,1.0385409167693853,-0.32858912752142266,-0.3930432309674091,-0.7364279755582376,1.927614000600505,-0.6559459763183465,-0.8345862692128507,0.24900044855296918,0.738795465016122,-1.1704808336509573,0.2437275199364129,-0.8112580670834131,-0.15516383052638769,-0.2819200976029487
2025-07-24 17:27:18,1.8356889934139782,0.369928558641748,0.1827718202637405,-0.17510955750162946,-0.29561539079150095,0.24494443693427012,-0.20972496944984773,-2.187934268127816,0.2535068803886292,-1.963548750927874,1.057880750198479,-0.6319426492313136,1.2955332941898516,-0.9946032680634452,-0.3731573157804888,-0.7685261766389339,-1.9657024781446208,0.0009636842583732808,1.3790245963691445,0.016883652954974154,0.7854405034822073,1.1402198395328473,0.5054589964391415,-0.12589762564811874,1.4326881860181684,0.6675261725942527,-0.08030436897855864,-1.068798920301007,-0.9830734252671638,-0.9962128687058958,-1.0744969502602368,1.1635135235312235,0.2921999004305798,1.9307703141965924,0.7726053171162355,-0.012303127424677459,1.0312155534185634,-0.8440701752458789,-1.1139717834460552,-0.18825417579970513,0.8894511009711001,-0.6315023690969773,-1.1723991123322868,-0.326903002078289,0.17133570801769468
2025-07-24 18:27:18,-0.3018094605458357,0.2967261642800213,-0.7227590785753332,-0.4007907134291305,0.18040249724099386,0.12080249627468363,2.005260465440649,-1.7941048267281525,0.5896674920823589,0.7177769290525402,-0.6121822555330314,-0.12740760844701185,0.0557940924274795,0.47908962157780227,1.0660578215511156,1.2181107826342745,-1.5852284226306683,-0.9330406442010436,-0.941644620294218,0.584881361380575,-0.8518985224869725,0.39808819865911665,-0.9064635692253168,0.4246582064972389,-1.1953253469511214,0.965438088360024,0.5472808139798964,0.9419845142446757,0.5098812148986827,0.5463122787893666,-1.0849536524212406,-0.38911136113592004,-0.6699658918143008,0.20167186844295443,-0.9941948847549225,-0.6091996193410754,-1.6998317722601828,-0.3223881364163502,0.8615425566355431,-0.3121260568664591,-1.1527045237524483,0.9802698710886155,0.7090186525076616,0.839434153343466,0.3376211718539064
2025-07-24 19:27:18,-1.5804759207045656,-0.46151835784164996,0.41802293029531246,0.9978013724953811,0.5109026102188414,0.09696662663328383,0.7450337288538225,1.6625764596571206,-0.6023308414907221,0.24245386898682458,2.191819514642868,-1.508222442562139,0.4569904059642358,-0.04214102820923142,1.0404011191414084,1.31848003992019,0.2563786304414109,-0.4139307701870601,-1.1353688961006694,-0.5192074877311961,2.733036440848256,1.3065000594201157,0.2658525160698261,-1.477388420538834,0.5843689372707983,0.5914346745804645,2.6134710272369555,0.5584228894804829,-0.5258765713017185,-0.12187651905910095,0.3225707953853421,1.3912767816118807,-0.85536927568803,2.641260414127535,-0.513000362443105,0.1379927026105651,-1.4702324613855313,-0.3390896676613213,1.2888946401680075,-0.6109288020850391,-0.8575449087377518,-0.7637050351194979,-0.3539450856487955,-2.0307915520590147,-0.0367498752062
2025-07-24 20:27:18,0.699568811533984,-1.9029215751666062,-0.6986704283338525,-1.7814397406578188,-0.43332868732330715,0.675744156411025,-1.1362072389919677,-0.1470753070093915,0.4309636062499738,-0.06563002807772583,-0.476105521172357,0.8945883667012224,0.056757471131711805,0.6794123516761018,2.223178838333158,-1.2294497569316742,1.2188634223841401,-0.3104208615395311,1.2474570983279272,-0.4080813815227318,-1.153373982248171,-0.18365850072218434,0.39344339316212285,-0.1366658138432709,0.7301596842292506,-0.6680036270019093,0.44952083725620634,-1.7713734556196004,-0.9296650704623247,1.3173809417657856,0.6329301136011778,-0.24184139529408225,1.4836292001207392,0.31763042145988357,-2.0920428354486287,-0.34596270610467383,1.8962318850126398,0.7719852959724335,-0.25176065265472264,0.6613806182039804,0.6337519259599056,-1.4990297752182835,1.7337968773909491,0.8074132812978002,-1.309452635343677
2025-07-24 21:27:18,-0.44898740530876824,-0.47138258885747675,-0.7124811062975466,-0.8607667150789757,-0.4101784197395274,2.5458732689722745,-1.5946382834146235,-0.19304532976413974,-0.970676580013724,-0.21513420525037394,2.1072508612645473,0.583165426823979,-0.8626561367213693,1.549333696771371,-0.10964131739202569,-0.26890518598799257,-1.138302639861244,0.1019755310432557,-1.3461540278959887,0.917462821402278,-1.1700921916404317,0.7514874958384193,-0.45833116682678554,1.301851817983549,0.7673436903035765,-0.9206192772130338,-0.7493748403634197,0.9115873444038207,0.5485495114250895,-0.09758408670785225,0.11021788518711448,0.10357151118514442,0.9319623303775251,1.0477180925494531,-0.8270142849673433,0.7579076647435761,-0.17443206185588545,0.4409627875142116,1.6047774686974077,-1.8507336407914652,1.5940658439187154,-1.1311930662694145,0.7312599579502582,-0.25131681072152945,-0.539703281244429
2025-07-24 22:27:18,-0.4734175524626867,-1.0568768285028363,-1.6281210132956279,1.380511292733788,1.4283093077526183,-0.8619856422654611,1.8590542702092145,1.0983677500901494,-1.2805731007504904,-0.5374649576156809,-0.5087569571657912,-0.7808338741200962,-2.442381798318538,0.9309433485759154,0.8821064660001113,-0.3073443329946196,-0.8179220049394252,-0.8542494753993178,0.3569995691282191,-1.1040318607282482,-0.5473889476174303,-1.0570226291898277,-0.667088415945872,-0.9012276616898985,1.5261492336759783,1.5417228701098742,-0.46343176638941747,0.2322793901224851,-0.7458908572259495,0.847816236213852,1.2593904921963812,0.7246357576086053,-0.14563324774853317,-0.29054177900910094,0.09378902558492469,-0.7171892902663166,1.1385300248335064,0.2679874888330351,-2.0505460117914747,-0.32286907202399023,-0.46714284012964513,0.19422956583554454,0.8269635684154718,-1.6089702466699196,0.4897624031032533
2025-07-24 23:27:18,0.37122787921980926,0.5763827556755763,-0.29340440825727315,-0.9150888979667401,-0.5001816527891438,-0.049438590802628975,-0.3540252908540539,1.988842160970533,0.42061436904785127,1.4953442573776914,-0.9594453296358086,-0.2344351306154347,-0.7166165896389551,-0.5473749220964436,-0.32358759797259906,-1.1981087693341332,0.8382939938897569,-0.3036624252642104,-1.0977547776408263,0.47888830938412935,1.703376931705237,-1.0387779254844935,-0.5402515891510665,1.4557068382057237,0.41564109924826204,-0.6338741415997627,0.1255081157836535,0.6804545137659235,-0.0778389802348769,1.8823220512770942,-0.23274596799638583,1.5228603084666406,-1.3356019113781004,-1.4288565746004616,-1.115428917032876,0.25330472751256694,0.9942213571749827,1.0887519846724765,2.4040891938332867,-0.011308165324086395,-0.652866862980051,0.8826525472881174,-0.21909445245281292,-0.3229581309815953,0.20351836207174595
2025-07-25 00:27:18,-1.33760265743842,-1.6898489982142244,-0.2848466079980717,-1.9127980245013836,-0.999475088387331,0.7669714206573863,-1.0974393164793181,-0.3481528867338076,-0.8320867626002175,-0.30527109061689817,1.417177032014265,-1.58642115881948,2.052843061498518,-1.47678357835223,-1.0516208170619796,1.8751593364558832,1.155265967319779,0.6137975237630171,0.6070149337162878,1.3099294615152586,-0.8053187803461277,-2.8783419312581797,-0.09469636820500035,0.10598620652959229,0.7416972330004958,-1.282385194720137,0.7222592076046322,-0.8627494124107925,-0.5948188594965276,0.8594508513734694,-1.074042049912594,1.0624237380842199,1.097595329542786,1.4411942251639964,0.22277571197911722,-0.7771337045606413,-0.7819598988658554,0.2888001952270027,0.49391077250926924,-0.588465561790059,1.36203378945441,0.3380574246405745,0.5400929463245757,-0.61555208633362,0.05911411309171017
2025-07-25 01:27:18,-1.4627728810437983,-0.8580738169516761,-0.7888509547636425,1.123172839824512,-0.4407532971176245,-0.36291879482286127,0.24307001216551194,-1.77351105188042,1.4900366871697097,-0.5708787717325365,-0.5075111943125772,-0.47972192566506483,2.5604851774744675,0.6560781960352808,-0.9892187651583813,-2.3679093791447707,0.6928915536384378,0.5413276916710096,0.70984109522439,0.46862827138690977,-0.9021216458917122,0.7282461143178262,0.12691543696975519,-0.6414000531350873,-0.10720068425967544,0.40194773829724756,0.1355051075315843,1.0162641158573444,1.9644673356235605,-0.7067945989184907,-0.6211652218776196,0.9356369786938187,1.2350960850423696,1.3328016245866041,1.049584588549194,-0.31765056574485534,1.3037216276579688,0.5788349027951672,0.511184066272048,-0.38234673852129736,-0.3076346591950755,1.2763328910362304,-0.09823016630903199,-1.6084678470059812,0.5170667366486694
2025-07-25 02:27:18,1.5168305684237458,-1.997444379557276,-0.3599255263925109,0.23920172127954845,0.06425618618140297,-0.05402039506192773,1.1940134021562587,-0.21917773091719248,0.47212585551510367,0.12446939329808247,0.44638159860928794,0.5707466735325658,0.3782530375481586,0.16007570536447197,-0.8420720574958741,0.08297801634316876,-0.6571549707329988,0.3065456614265648,0.07021680341971284,-2.7434453941118817,0.11752447347228426,0.5597955446073728,-1.007647336069529,-0.2955489378597332,0.5961311602463607,-0.11027431962958896,-0.8022646423162368,-1.5949356659943468,1.106565043925998,0.1985476837100964,-0.5478708600101478,-1.265958134079959,-1.4633629200858866,-0.4575643311469434,-0.014289017993920426,-0.5496960087082406,1.2450730541425903,0.6726974482422066,2.2477386255297893,-1.1893564536107537,0.532963956002756,1.848134401712936,-0.6140574021194228,-0.06537365893674486,-0.33236328020126715
2025-07-25 03:27:18,1.394146843378233,-1.3161037191985323,1.59215081519024,-0.48767146618687335,0.45708929939707127,0.5791157641218885,-0.43080167514801737,-0.9086598505995158,0.07159518798645007,-0.5498317590295642,-1.0749315775862796,1.01881826647091,0.7239338232379158,1.3715100857403213,0.044044794447550634,-1.1407257797024772,1.4904157477823696,0.5238686391225663,-0.1818674132997917,1.496637230975484,1.8831807305841144,-0.13775565807359652,0.6951560488353732,0.6595551551514065,0.3638915421328401,0.26186643724823444,0.011407105027840446,-0.030705942388442032,1.222865265217911,0.32529140780067517,0.23698149490770917,-1.1177036104474314,-1.233963650681515,1.0971666734033105,-0.9062835377173907,0.6327008680514192,0.7721934775399031,1.130176669559553,1.0675525417396243,-0.5674457141878303,-0.2274730360174777,-1.0327038866032197,2.0801855077393383,-0.5867707105667935,-0.7377292078566511
2025-07-25 04:27:18,1.4047037536480167,1.3265601818646306,0.6991436334693704,-0.8731318943982209,-0.8904511493067723,-1.749594897343774,0.3668359431432359,-2.258416648880844,-1.0143223627795188,0.1865655715765584,-1.2534122615856234,-1.0629977845953469,-1.018949889626608,-1.1638328800662905,1.1827728011296952,1.2478408992947385,-0.2718246074100931,0.33890414354487014,-0.5274876434272646,0.10233131784310161,0.7107705530398666,-0.46955033428779946,1.7603675962553502,-1.4753914921958147,-1.0910953022751504,1.3127936440002956,-0.26670858737609304,-0.08936658583192772,-0.22461695188413006,-0.756559970869352,0.9206157513462808,-0.4569768939789853,-0.6231225733536037,0.12217397055515222,0.6357753132924354,1.6616434419367623,2.2721644623622756,-0.8706122225464022,-1.2001939366824135,0.9489508428833148,-0.7147611486769582,-1.142089035917333,0.32114096313903495,1.8727034300491732,-2.249439545321493
2025-07-25 05:27:18,0.1922228551875302,-1.6421879325018431,0.8945793246509689,-0.96056900269105,-0.3884329461706847,-0.7799308050336734,-2.205891383053258,0.5574417000607101,1.1445513701130854,-0.47395497660136915,0.6327100933260297,1.851103911888051,-0.8717322484350369,-1.0231393643791484,0.14827910770187358,1.2312566579000706,1.4292551866696916,1.2882052531223311,-0.12999801489802898,-0.051660415151143786,-1.3129180747530609,-1.0234902128542984,0.5574817836733367,1.0274126225589255,0.09047720896575934,1.5921412391573257,-0.26920285578697495,0.6405412728165046,-0.5631424315426058,0.41706943948313996,1.0833698541651722,-0.27858149166889495,0.08043207750932037,0.718075746081462,0.29051515573261033,-1.4021327597074305,-1.9876167803475688,-0.8251907742960533,-0.23019311006202633,0.6392048901457962,-1.200694266956493,0.5477229379953537,0.2722612673651337,-0.4197007869355995,-0.0029150563574271947
2025-07-25 06:27:18,2.216079694168393,-0.07553203531475118,-0.35918650350940845,0.8851011656444179,0.47535057504052003,-1.3767813663045578,1.273339206626458,-1.261230196537243,0.22809694868937402,-0.9780260250029078,-0.4316982790940712,-0.12732798439783946,-0.9867464419690201,-0.6251703681818112,0.4366655234552546,0.281728434674887,0.8416403058575632,-2.4899316294047837,-0.23624404039650548,0.6117455400053885,-0.01108992760724301,1.382582482896154,2.103703864053176,-1.2686678394325908,-0.25337283973925295,-0.03703845937045399,-1.5499530896765012,-0.22416314524685826,0.45144796907788803,1.0227090420545064,-1.997706997581569,-1.3387102817551209,0.4390175539849902,-1.409121735223648,-1.5970070541281416,-0.8560216448433405,0.9983222428981123,-1.9157716817120505,0.9328258123969251,2.6040144411486583,0.2757143141352221,-0.37590806164741475,-0.19191172175608892,-0.9873176109606568,1.2012372272162015
2025-07-25 07:27:18,0.3374802433417596,-1.3949871559371234,0.3245378849193974,0.3112192071403262,0.8974494825227448,1.2984642198519216,-0.8747824339663175,-1.7229954154576037,0.6152478067942154,0.23740311650154516,1.001520437601225,-0.023739431162128396,0.5375247913795338,1.670099002883263,0.5829297478475958,0.8403899572910801,0.7905121984325505,-1.040072895968423,0.5510072841543525,1.1708908139326846,-0.7237025535870428,0.8261364996787067,1.0543207499030383,-0.0020429841634454753,-0.07915912626531284,-1.2771949391156767,0.5011718835868088,0.701460212635674,0.4711761016896706,0.8591083840471687,-0.6925913373357666,-1.8739752121559747,0.30993218633634906,1.188069471661246,-1.9256997149696031,-0.26624271664533733,-0.6654710672031192,0.5241176675515661,0.9366280053953646,0.9692503912394119,0.31353861567131686,0.32033426098078205,-1.34655903347297,1.3676985742455667,-1.3323931417776032
2025-07-25 08:27:18,-0.41275452114227656,0.4517588970367762,-0.7745891787360529,-1.0830175784283596,0.01810724024265569,0.014604066519569204,-0.6941006626789853,-2.1238544425642756,1.685216860970168,0.057754300146082946,-0.2600182288299126,0.7728138094280013,1.0119564498735634,-1.4089234184192556,0.857779860915491,-0.9369007130215449,-1.0859935077766152,-0.3949569614689276,0.4584331007789224,1.1612656875444276,1.7412939727508208,0.29843441731422155,-1.2557423768351637,0.38745412938682366,1.6854200809060347,-1.0528000119830816,-0.3579517586089374,0.10402119805144315,-1.4446944146340026,2.360247513723594,-0.9924380484529691,-0.5467959411705882,-0.964788929177242,-0.6963626673125339,-1.8345290247847952,0.8708710279341972,0.0890513769583582,-0.11120546204439159,0.6491137427997911,-1.0881394489820821,-1.270433161412614,-0.06508401676024832,0.1548881629136494,-0.2619533869723614,0.827166250237467
2025-07-25 09:27:18,-0.43734674232490006,-0.6555810488180868,-1.026192198681039,0.9236896952795172,-0.6071759675171623,0.9407579158665711,-0.2206540057818586,2.0040242934236994,0.4227071343895503,-0.5236710528618012,0.5887080260958744,-1.6543266549146132,0.7256917732923602,0.2873283301598688,-0.018288818925987993,-1.1491262770101733,0.31837443866689263,-2.401954085682643,1.9287954572099497,-0.9724310995116067,1.6523525631780185,-1.067395836332068,0.00735484708093145,-0.9295160183796468,0.199677559955232,1.6248434227871096,-0.7237304074740835,1.01718206237978,-1.3258827510817683,-0.45943830683713816,-0.6709665506017454,0.3627672897213851,-0.5808939728546268,-0.15956179397437645,-0.4063442753657183,-0.029753181182225797,-0.670297778946713,1.494947063826756,-1.1845658490061253,-0.19760238462725627,-0.5670996037518156,-1.1572584004964868,-0.7182134807656084,1.4682107194249467,-2.1539205045334837
2025-07-25 10:27:18,-0.5554324878410503,-1.9990178967192853,0.034342183410853946,0.7704861879842471,0.17628281058255083,-0.03768563908433601,0.42400351359171656,1.0775443489961372,-0.507582585111138,-0.8083448993994138,-0.22811204665983134,-1.4617937540190162,1.4979699696987951,-1.3965530827206583,0.7022384464576131,-0.06889683584718259,-1.8699669837236939,0.40863183682877313,0.8706316492422725,-1.7076377407483414,-1.8010491907646375,-0.0982201812635615,-0.13857083362519965,-0.0501647924799137,1.1908921400282373,2.8184118607464343,0.04283509047999073,-0.42954292395507787,0.2081783972122551,-0.4649145832121709,-1.015489459906032,-2.8706381366731213,-0.4788435514491532,-0.5872538549491924,-1.5984520017695334,1.646396332349854,0.647999478212632,0.28026803637639325,0.4498880322472938,0.612843619924805,0.32468295579812917,-1.2706831764196709,-0.13513890214356472,0.3884722569699753,-1.261248836215289
2025-07-25 11:27:18,1.089576296394521,-0.9245941992663361,0.7422548092541517,1.5347836643358381,0.6137320488074537,1.5996002366247686,-0.6631219326948938,0.4904669774876907,0.36598672582792036,0.37886504567943685,-0.808862672418287,0.6418982515459116,0.1972914121527133,0.907837425500682,-0.5333514466926822,-1.1190282536367766,-0.048145518598362635,1.1468616146977324,2.525807988703969,0.5270606376450679,-0.2508803847041238,1.6325060118586863,-0.6788595277355588,-1.9147179832473586,-0.5133623704119773,0.07106407546076737,-0.1230565864595949,0.31005820698602804,-0.5629262596962177,-1.1695507782959083,-0.5768579584756897,0.9161531944802114,1.6639775373478347,-0.36380839631489365,0.2952575982042474,0.144520179004174,0.3492868776551731,-1.9863357488541276,1.138088766148007,0.34736072253586336,1.1433631259511545,0.11920265343746583,-0.5296689891239027,-0.4214754571231533,-1.6056679161634593
2025-07-25 12:27:18,0.30733579816299456,-0.7784388772382373,0.903904636099277,-1.3034894228866394,0.09464388978201255,0.08595929022645252,-0.2153840074507656,-0.2770951948415784,-0.920361405596685,0.7813843611341434,0.4073496537696117,-0.24279277923674714,0.38684600256249635,-0.38986235354333826,-0.0013811319072669257,-2.701830688006757,1.3475838821397559,-1.0840168014215366,-0.8256869253353629,-0.5346867596474575,0.5075834509885148,0.7080081543991773,-0.5163892309792327,-0.6871237739758744,1.3111256501540192,-0.40590087730884594,-0.47212611050505976,-0.5950976365622358,-0.536157992795063,0.7825562755192051,1.0118275759089572,0.9831556628820066,-1.4086538002721278,0.9967163133660267,-1.4285581376194267,0.2387898683912439,1.6937755802835575,0.2558749763332077,0.600548367929528,-0.48770065752192426,-1.8735139399943588,0.3222791868687602,-1.0183761286740767,0.6754266575987197,0.021012608479995542
2025-07-25 13:27:18,0.1526168359379563,1.7927565519321391,0.1532019533259268,0.7921679207151858,0.3845901796410011,-1.5687109717059464,-0.5337477326278752,0.030103402913114405,0.19373354325427186,-0.5899149884878133,0.9617270832868855,0.8645343547279987,-0.0039903412603977,-0.6129778217275321,0.25925137359995415,1.1558674406375964,-0.19550389801150608,-0.2545555594585475,-1.2345885541490753,-0.9804037988595554,0.008544289407534112,0.25629541877642775,-2.2138722321324287,-1.1555163137107474,0.8187208723207327,-0.5284146029554836,0.06428903017374425,1.4876390146997631,-0.6236311605476352,0.9151260323192926,-0.9919991596803731,0.7911693867174079,0.526052991706025,1.6273739735094368,0.37529680977792845,0.9962694495767904,-1.3261824339848942,-1.6342192852917936,0.8844891337685485,0.20700993206893542,0.9544576353705402,0.46564067587191676,1.0365424469696916,-0.17747888325385697,0.6690290130820388
2025-07-25 14:27:18,0.1802002423518637,-0.13059592447927748,-0.4799074345941489,-0.8907458225359107,-1.2088484471225616,0.2798460841921927,-0.33091110258906026,-0.7277205375780813,0.8356588110083375,-0.8677197144594394,-0.7667111488663051,0.55760984727437,-0.7008945632257889,-0.9641153710228573,1.5421887217976964,0.22712636641786,-0.965562297362214,0.30683967170240517,-0.8414269647113716,0.5389854014172069,-0.12776138608848983,-0.6750634743958356,0.6789675925680653,0.2881821780143262,0.523299523368621,-0.9588156624859084,0.10260232989993119,1.5943113023378426,-0.363391593969528,0.792221275496759,-1.1868933046956314,-0.45560663538853746,0.213264873732984,0.16112903123685576,-0.026094472740059174,-0.8467646283400193,0.8418436412023502,0.006494934704273204,-0.3875980204972296,0.9797136832648862,0.8235367227853113,-0.6178499174067358,0.5789605150426504,-1.0892255535731041,-0.024287352297133972
2025-07-25 15:27:18,-0.6859550039412048,0.37856852329422847,1.3467942951402194,-0.6111317547531016,-0.20645771039127764,0.014779835556709125,-1.2669282490252558,0.9847447915969643,0.9214033631110057,-0.8036816505042637,-1.570327325293138,-1.207434413617258,-1.2396160173015578,0.7383410457170444,0.8028881763945721,0.4370698128687249,-1.0412698882744214,0.6485035704381877,-1.6438908263738663,-1.1916380257729737,-0.5260438171412437,-0.7389082403286762,-0.3430550824076897,-0.8160799791570521,-0.4171681176637688,-0.06318238218560546,-0.565935854781174,-1.430484427882142,0.9370385306266631,0.3258147600838021,1.4236618725634844,-1.2287659135288251,-0.008770575580927512,1.2733814384226556,0.9247084046193088,-0.2206152410723809,-2.0009083711451705,-0.3892657456896849,-0.2883834619511504,1.930568055120311,-0.38892893751971225,-0.10962875341349873,1.9470386979152052,1.1947100313738137,-0.33084931948334423
2025-07-25 16:27:18,0.3393685211668216,-0.2174327585074722,0.0522387185434516,0.9898859010541364,0.2999915269528799,0.08454848877019687,0.8694023362167701,-0.2664065230527012,0.530501878159198,-0.787387480400657,0.19894418339215583,-0.7802952063780049,-0.9637753601467993,-0.7943863050345156,-0.6860176811572314,-1.3056390218155856,-0.1606440900660341,-2.6612777789468924,0.27587667923797193,0.407331023493599,-0.19379971718598613,1.1160437286683536,-0.35360852879482474,1.7502250471318892,-1.077258267467838,0.1894037965568282,-0.1125707586688062,-1.7524171545693583,-0.13163735110300523,-1.4133384990847677,0.16798537075358436,0.565763204982465,-0.6768919528714458,-0.5156026315861747,-0.025760090312674056,2.4019924258012804,0.46830609233635295,0.2436034890659672,-1.6307371534990094,-0.3330526136719477,-0.8449783722458132,1.9287139396149604,-0.4699324128607452,1.085232719136688,1.2571986449192514
2025-07-25 17:27:18,-0.4417102205668442,0.22338399050310898,-1.0578014468157457,-0.22980762632376706,-1.2820602098891374,1.1227780626328527,0.8132870222639148,-0.1067779747699556,-1.7495727672512946,0.4671019567672341,0.9440427643744229,-0.06786142254181146,-1.09831362318259,-0.8448239182345879,-0.4169475505987957,-0.4393781328584341,0.14957594852906844,-0.7976411848887426,-0.8622043452329285,-1.7121451924767046,0.8699781880949611,1.0965448658433945,0.0019126697795736852,-0.6344945275074585,-0.7236727560207054,-1.069569541350969,0.8840635938443088,0.5412749798136682,-1.1656457146917742,0.9391766321267891,-0.39347174979663285,2.43058284657936,0.6973513004440742,-0.29537219967947764,0.6491123775932934,0.5890280234446104,0.541985627668632,0.8892959198408921,0.0951076731592968,0.05328417429358181,-1.6299353659024693,0.07121605567925039,1.000107211299433,0.5433175324525434,0.581736866065011
2025-07-25 18:27:18,-0.3084587596550693,-2.131216576899143,-0.8111692353763803,-0.32726405327311003,-0.5290361828815148,-0.5281589900002154,0.31905078566029105,0.2792147817455078,-1.8121622289406256,0.9708884528436584,1.3521870120629575,-0.9409652612169114,-1.5072402789223547,1.445770344881874,-0.2895143734925398,1.1995830930712117,0.25865277211567367,-1.5507962093403866,0.8004509783958567,-2.1620897737488116,-1.636973762176152,-0.6478886107698862,0.6241460467892351,-0.531951769762802,0.3985311874118917,0.1337905422217566,-1.20413350879136,0.7401344255712151,-0.7337522032763754,-2.092281199362194,-0.5281360611012736,-1.58657685343618,-0.9274759665360134,-0.7083349963939684,1.5338403949152777,2.054083968257983,0.16954875329613472,-0.631493079677366,-0.4389712463118708,-1.0688506808360825,-0.21715033542068904,-0.0778171277279028,-0.21263155900684189,-1.2537196738274496,0.37001371242722836
2025-07-25 19:27:18,1.380368311836692,1.172639571531215,-1.1946150195932106,0.3790929583492725,-0.9332991741969375,-2.7518769755903483,-1.0505400224646888,-0.33292218848267147,0.25963874562672745,-0.5694537773137126,1.3010503766220043,0.707519447740404,-1.151563824821342,-0.7101746805034921,-0.9907868483801836,-0.0012425165645536282,-2.3135704313723267,0.7744723967191935,2.125313744999465,0.1469080232283982,-0.7053494128710798,0.9073246025278385,0.3847635938728153,0.3136343305905367,-0.8630630233511352,0.3714691049879859,-1.0954142168749612,0.4430457404822444,0.7388610404083844,0.18289388335322215,0.18079600786666974,-0.3991892101190355,0.3655463103211452,1.0399014393789126,-0.2040276300384466,0.7500732517546321,-1.298421389777426,-0.35526531369070985,-0.2235997604312242,-0.43300583799115794,-0.6268041374944218,0.32182301929883816,-0.018513302479952306,-0.8534270453450766,-1.1230394786932694
2025-07-25 20:27:18,0.023631542564255842,-2.6908742351236294,1.380846830032394,-0.3225650191772307,-0.38173086007576573,0.3500725876465229,1.5963885511588027,-0.25531440240514536,-2.3239346121407687,-1.770025394629222,-0.07805836513453192,-1.0873461404378504,0.4644049712700494,-0.09783268766286796,0.2321223034286806,0.5703384845113111,0.3997468222807854,-0.5505810547732272,0.7081605948503271,-0.012723335832774364,0.7595320765581018,-0.43484846158632046,0.05915900169215142,-1.1554811433685963,-0.6317265631378189,-1.257599393076086,0.13252441532873427,-1.2880087216529499,2.89634241192135,-0.6047054281809582,1.3457381732316192,0.3210534761397309,-0.025672538719610734,-0.7347809135149972,0.2713138780670038,-1.207423649265294,-0.4042577834002386,0.06191264255754148,-1.0973522564568667,-0.028887436676616418,1.4236162654376465,0.07919976866414458,0.16257966912749122,0.8939406491244606,0.4718697744628038
2025-07-25 21:27:18,0.5711542255044665,-0.17261367929964164,0.19578363129484838,1.650089478697295,-1.2913007415724118,-0.8276702634294425,-0.8178116973034012,-1.0649469157281093,1.3763751282558039,0.09054066731237641,-1.2617517436294046,-0.08449073075906506,1.160974876114493,2.3474561671225844,-1.5214810608684757,-1.0709440071914504,-0.03084864567447242,0.16428162381821373,-0.6788150695767454,-0.5037454212002495,-0.7706667244616822,-0.5847087097103943,-1.7222770371076757,1.0256299364876216,-1.8998221402432012,0.3444727063261594,-0.4309810004046521,0.898129603964632,1.0909355690414793,0.21612438417253163,-1.4261014310140245,-0.15627360212889407,-0.5333998717626397,-0.008351354484141807,1.1597575280126742,0.2596481965213579,0.6259585866748039,-0.3785658585346589,0.217327138578797,-1.3367939184274897,1.2991516939692307,0.06459337360232513,-1.2988232464107763,1.554504445135679,-0.8728300257501822
2025-07-25 22:27:18,-0.2700000756829563,-0.24466102175708382,-0.9889831337384215,-0.7753681328577023,0.5515416787134435,-0.09523375345102739,2.2781266485647156,-0.2370454067290062,-1.5035654472673312,0.4475863806389325,1.0306232062693248,1.7177625574276114,1.422043388986831,-0.16670486275728247,1.049796548615565,-1.2980331391833269,-1.196388693778835,-0.5115254682114609,-0.12130251685703207,-1.677217430543009,1.59728525213211,1.875354999555926,-0.7261458520069414,0.5216843159129074,0.8551382167385972,0.8612014005640628,-0.5142777729193323,-0.30876156124267207,-0.3775743887562616,0.09511234742645257,0.4665419849513393,-1.1641038091028209,0.10716559650514126,-0.06430687134301957,-0.3998045212608818,1.4029227773834951,-0.07346932072502248,-2.4272245248475657,-1.1200395017816671,0.3953606293378982,-0.4542063125464959,-1.1672918030191042,-0.04026438298908753,0.9684980299491919,0.753898377099923
2025-07-25 23:27:18,-0.06465613624394437,0.11343809233735783,-1.4831879639828058,0.16445403082469984,-0.5791082322312174,-0.8894844652775327,0.2939805823851529,0.6707378676539264,0.16008357785232338,-0.09645750053412681,0.8333751343879904,0.705912574243383,1.1470475682177714,0.7768560968336553,-1.9170354133058145,-0.212789298252029,-1.5295277822917244,-0.8445138140107006,1.9829395460114343,-1.2732040193821874,-0.0887633260781439,-0.2760692471854987,-0.2881044591657355,-0.6725576254437013,-0.18808488394526493,1.0637175118305815,-1.1978846018582732,-0.074146797112664,0.00498869305771708,0.5346542437038613,-0.5323243939060921,0.4550721512089204,0.3665400801836645,-1.8414451916308565,1.8568173253873264,-1.0026564002785343,-0.5509798545559069,-0.7491379689152774,0.4543690638599195,1.0820598590780688,1.6465368718643982,-0.9420368005854395,-0.5148050663166178,1.4344074960160826,-0.044738703064579215
2025-07-28 00:27:18,-0.45591416499357823,-0.6858140660280814,1.4903492426334914,-2.8182469723551056,-1.0696635899413844,-1.2701518979894404,-0.9908950905616881,-0.3055873124177324,-0.33018797849184717,-0.40080588791249827,0.8990261719612869,0.40153058735915276,0.7111166024291022,-0.030506002261794733,0.3084121224156254,0.1537956601510142,0.695105307683914,-0.4567492076455872,0.29050674016630623,-1.2949207985211937,1.5717761913588582,-0.7457289487272434,-1.2304005687815405,-0.5890882713189016,-0.3322676001325316,-0.6797696446993201,0.5095924736922578,0.39161759930917256,-0.5152731592576295,-0.04684625643803672,-1.1829139679695317,-0.47445959200045634,0.5533320902497452,0.29913456895063345,-0.4051975762372129,0.6814881461759387,0.5830345072172544,-1.9346418057201338,0.2975370007977115,1.2804151305726807,0.4392935384006749,-0.3632267479104746,-0.008010804485733424,-0.44030633860875756,0.6404839580259943
2025-07-28 01:27:18,0.635019663006358,-0.3096315310230038,0.41482975639125463,-2.0956074190119205,-0.48855639813924295,-0.5332876568303472,0.6788455298109588,-0.8290145531604287,-1.7580215521725362,1.3811888807707935,-0.4975868843383815,-1.0189208620992085,-0.4710301453955646,-0.12556266958169418,0.653243975305913,0.5283234873195689,0.9823955218212537,0.16076139031714676,-0.4447092831806481,0.5874918677996999,0.7209273439873135,-2.1860759203050737,-0.9715409705421632,-0.6399174952224219,1.4126402224430796,0.25013555177197355,0.1349948516549263,-0.9505074675240234,-1.3980192589007456,0.6125687438643801,-1.3015265985580688,0.0757339294758579,0.3411861894400537,0.8671173749104103,0.20004005668027242,0.9287463159129067,-0.8121351903580902,1.2929863042719696,-1.3781817827402425,0.05567228181717297,1.9240924590745083,0.5372669357800124,-1.7786329007073989,0.1438453003437727,1.1999725753257953
2025-07-28 02:27:18,-0.0737947585588293,0.3403963818019349,0.20083272846711897,-2.1208489449152097,-0.04288068086849438,2.01670783883483,-0.8633815965511088,1.265126605912203,0.1020514652140679,2.2647777240868407,-0.43253105776494666,-1.1437590936008757,-0.11465063862086981,-0.5398049691674914,0.001878947149948901,0.13999603942964822,-1.0273603875588941,1.0171119362138117,-1.1712007192249438,0.04997436299350975,-0.26538108813879147,-0.39303099721950324,-0.5096885626296429,2.4795651661168425,-0.45136540141864856,-0.9164312758210419,-1.1569423355940427,0.11865658755539607,1.7724863006620584,0.893744705174731,0.9570165589704491,-0.5173026876262861,0.004441563253559119,0.8570239774591181,-1.5982643581185156,0.307334078526497,-1.1090920631334749,-0.7657469133703638,1.9146277384074641,1.8930232195220735,-0.13922249049254548,-0.15956713977142054,0.9375190292113413,1.7026253049767617,0.4253885650859615
2025-07-28 03:27:18,-0.37000455255689396,1.4352476591137804,-0.14871862302770922,0.5482466680263712,1.2854946621189915,0.4554043871124961,0.6947111361788044,0.036542688947893066,-0.4581816256638655,-1.16870492472258,-0.13304732399470068,0.10315656410215669,1.1501802019450433,0.04910653549356523,0.9709182338962492,0.7828517607973162,0.9712765283364813,-1.1999240554270658,1.765463326295349,0.5368205881178538,0.37874876350832065,0.7919707001980414,0.4103041419495231,0.5743879453223034,0.10984891271998755,0.8445717802162422,0.3922568830636112,0.5152315825631808,-1.0416632759831235,-1.5892036282916684,0.3883604976954929,1.1537697411603283,-1.1452103850639697,1.4001299519107453,-2.324367375247925,0.6163347048665246,-0.7855228210379397,-0.8381812803193114,1.2418105428979243,-1.0826073587236602,-0.48411491365863835,1.183513910605071,-0.34622476552537845,0.1034373241723992,-1.6366319887531264
2025-07-28 04:27:18,0.8656544261722465,0.5536697343981376,-0.08355125643802559,0.43036482672351245,-1.0708769486350387,-2.3365509146946035,1.5577864462941244,-0.4027079843389539,-1.074685057744338,0.27612388490841566,-0.5796665388591524,0.0877881704106419,-0.755108227495704,-0.42538886509098117,0.1551303499600284,1.2174376076749043,0.1578956513580328,-0.49273594116804476,-0.643862950342217,-0.5097973808722525,2.4084722199330573,2.1503114197814717,-0.23755255041935175,0.29711709901624855,0.5640664614905186,1.1401851364079116,-1.4401806202266019,1.064566959556389,0.01264603042845712,1.1766811268638633,-0.8244610911209874,-0.6516687969639586,-0.728919938625099,-0.13591180342156675,-1.084515089231017,1.4997248804716496,0.22492814321815868,-0.2168430800414895,-2.115353270355427,-0.42717423377443586,0.5474561813275243,2.190509520328558,2.341969529438554,-1.2087980314853293,0.7850928401693639
2025-07-28 05:27:18,0.1728947108484643,-1.7937316473556455,-0.38065691677156815,-2.202779224102323,-0.8690927944392233,0.39123833503628896,-0.10460149558334962,-0.12736064163384536,-1.8253542191257635,0.996528224102051,0.8364929899389297,-1.1427900306639582,1.638562791370582,-0.9294791860887374,0.33203485125987275,-0.8795549091103626,-1.0254356285224486,0.7582672771251125,0.9250406437470953,1.1598862640995835,-0.2581722901201943,0.535106617434299,0.9094149817310389,-1.7782832940218212,-0.14141560558690994,-0.6072693954711752,-0.369709967108614,0.697897858015623,0.9016792480693329,-1.280218067202356,-0.0017759893853963294,1.6963437629055882,1.5415496818669285,-1.0554431943096685,-0.46210768510856703,1.1192647370501254,0.6958933880037652,2.019552459566245,-1.710828817467066,1.608093956518997,1.0465161896553554,-0.3874795742739946,-0.4300541946925038,-0.7394686297361062,-1.8461310415828662
2025-07-28 06:27:18,-0.05477166799858931,1.2426951000128226,-0.220262607623049,1.2122618274730559,0.7099971851881227,-0.6966995514642998,0.6870083732812975,-0.1682859686186209,0.6188538617831213,-0.4936110598535951,-0.19004280474245294,-0.6700833887456054,-1.0112008018864918,-0.4959942461939523,1.020435318164636,-0.9700640629503532,-0.6184656613779475,-0.5371843787531417,2.2213251643016747,1.2365905790946943,0.15534497332751257,-0.06459017361220962,0.11140716842743062,1.1193396167707106,0.8589751527001688,2.780153935297057,0.7132428150679883,-0.08524040684145931,-0.42491277505019837,-1.0104597744625554,-0.2935158266102451,-0.4268674826698157,0.29863356214736836,-0.9918365459611813,1.7183918409929304,1.4394159057513878,-1.4263729654239607,0.9102501713392811,-0.9063959532964014,-1.294980179202276,0.18201493932899093,-0.702365056672049,0.5049711333321396,1.7861402698305247,-0.08482685876046961
2025-07-28 07:27:18,0.4604862119496955,0.04002221024806358,-0.629693191844966,-0.6620701057745626,0.009470722467353771,0.5230756476345114,0.40557542455406287,0.6980476423569955,1.2268756601402155,0.1184702140155097,0.30692604961839,-1.1310519636540421,1.4119672086627992,-1.1238082158452913,-0.3978091641843754,-1.526367581036383,-0.1296535360349781,-0.5622351880969839,-0.747763497431763,1.0665223904480217,-0.2885707085973799,-0.06452647563456142,2.8889759246069495,0.523717926555425,-0.4142531615609645,-0.12711536362703738,-0.00015697382546684711,-0.7921019623480829,-0.15422487807379243,1.3818851318039622,1.6870201618435274,2.379341765112175,0.7928939587012087,-0.18665171340920989,-2.6185489390162093,-0.7431101846200447,-0.14165374359851454,0.14841720438880446,-0.8621908967632179,1.4031967445785865,1.9471274546147825,0.5534561328643732,1.8476515032707086,0.7071346170698617,0.8396346102587514
2025-07-28 08:27:18,-0.6596474441427621,2.36546578452009,0.3536888572158784,-0.7938394128012405,0.6695143549486711,1.0125990460782033,-0.20874743412374752,1.1361282601065323,-1.7893682167972509,0.3345336931920069,0.763722368876683,0.7003502528408609,-0.7542049074867985,-0.17262799189644407,-0.7177047956700526,-0.9158645256123706,0.7930884170061857,-1.285538313324392,-0.8907658444711278,-0.3327660793387891,-0.36053273936045804,-0.283158161251939,-0.6939226857659837,0.10148194452239521,-0.004190166051068817,0.6216164732677545,1.0625654230757253,2.396289485605133,-1.504789118684343,-1.4772923210857254,0.9660854083621265,-0.6434021037571843,-0.12516820711401852,0.9475108337382231,-0.1179706012786891,-0.342917643577345,-0.7342035338468359,-1.1105398734044103,-0.6464504709656815,-0.9749344861719503,0.00029051137486429637,-0.4473549711845989,0.11320932723223702,1.4539951064201826,-0.9551530577519028
2025-07-28 09:27:18,-0.3056010717248015,0.1671555234613107,0.3078802831968915,0.6417667480945537,1.0335791722870211,0.049155846011802624,0.1623147597868893,0.11922691817616482,0.1892791884564625,-0.6500361704043455,-1.0832602917968304,0.4385182077751555,-1.0014160018634646,1.4852327051392809,0.6001036123209277,-0.9149400622016248,-0.29659618693066,0.5475219994953459,0.285814030894622,-0.07900628870135189,2.1275494615610335,-0.9520385254948563,0.04507014693387812,-1.4786213306056633,-1.0124553310143647,1.1382230243335525,-1.4731983870357812,1.0272561723234575,-0.296563260739212,-0.48917991033001856,0.8033996895033124,0.27761253642427114,-0.0049240521141328516,0.18546718879961982,0.049423140870203996,2.271578892289066,2.022290161974594,0.8046459811040019,-0.3584276474555781,0.6350838259735547,0.22676801324368065,-1.0747598234049518,0.551316025694118,0.882416968249591,-0.2805195933595716
2025-07-28 10:27:18,-0.24405793904634346,0.7108381145623978,-0.44656944897843304,1.0842020914666621,-0.47929695630331903,-0.6697322815698062,-0.8764968875267893,-1.5075053700687606,0.44423127941381313,-0.7607700085532082,1.254423892605676,0.7222959414644852,-1.801201378527769,0.128160072671605,-1.0273133208802665,-0.01152831573920149,0.030777812732239947,-2.019674509357228,-0.8124046724073437,3.147419053564351,-0.4024904438280422,-0.8201196769344622,0.4992332977889167,-1.199996511831507,0.902017796914469,-0.5068444984418079,-0.1530765447940359,0.4647709422730701,-0.036785418920072734,1.0296206120500087,1.0996707693895922,-0.7247877422933929,0.2612806466808943,-0.18241753890605855,0.8053815927151025,0.25021694943913414,0.7475880732979892,-0.9878311660478455,-0.9515405284131838,-0.39114584450467355,1.4384337720453202,-0.2946243101685822,0.43341056096586417,-1.0964778626191984,1.7844255412127774
2025-07-28 11:27:18,-1.7197163245666562,1.444139582399806,-0.8848730258264864,1.1368146336093818,0.22033614499574722,0.792985413416548,0.5033180649822505,-0.3756404062706189,-0.6410827344340164,0.18834341188025155,-0.3192893132249447,-0.612640746978135,0.07278662068915447,-0.22358173155913857,0.7986752106551083,0.2670631818913396,-1.3580129872985263,0.6418281949561885,-0.7565812224507931,2.027989040092597,-1.0779978750312615,0.08645804760651787,-1.2839010235403034,1.0605506987487787,0.23937985747539126,-1.344339242692681,-0.4120901129902186,-0.06307838953928252,-0.7763958093054911,0.6280378398951432,0.2797378806323713,1.4465965052819236,-1.1769013268434614,-1.1201182538123653,-0.5502267084806893,0.8870545864137583,-1.0690101455944616,0.7281185300378472,0.09359352901071277,0.5486113824205348,-0.43533064270226274,0.42760344383579146,-0.3686874121245716,0.29635515247949895,-1.181273390676445
2025-07-28 12:27:18,0.23801761165514543,-1.9280341579466147,0.9092447899187001,0.8374666763090458,-0.7523868857245865,0.5875730737286982,1.4637680124286383,0.7883718814893313,1.013842881475606,-0.36380503141039955,0.41577570185489454,0.15352297645914165,-0.847631177766661,0.6230654083015236,-0.8818278273331431,0.38959775599564106,-0.7782750658698286,-0.3954905835185502,-0.967050786463597,-0.5157691316199243,-0.9232570780540362,-0.25149884342142037,0.0671064038305086,-2.139755790552017,0.6241723529238621,-2.4893399531186713,0.353648754228299,-0.5645719580889322,-1.026605639947555,-1.2517771533610682,-0.3404185017786927,-0.37567476002738626,0.5816579281626179,0.4260907116250904,2.7777084690748306,0.8671765210848947,-0.10013798582735821,-1.836565013047456,-0.4340738140736394,0.6863289998265809,-0.06313320437385991,-0.3861895507481143,-0.10974554867784472,-1.617610643698724,-1.0424354429805878
2025-07-28 13:27:18,0.2690826813693163,-0.6097759410218556,1.248462598343101,-1.0696839012615806,0.16339686089200398,-1.7811423483768825,0.14068297738979849,-0.2995604261469699,-0.726598744331968,-0.7037472541550788,-0.8962793968481578,-0.2971368777739122,0.3459006946447871,0.4123311737106783,-0.2876268263246054,0.08109904651278715,0.34123707521771246,-0.40811767096293133,-1.8339807669649142,0.12088922502167897,0.9000428492198198,1.810266761401394,-0.38626215364482647,-0.563906033479099,0.3812021172283504,0.21647574915484652,0.4061771162468431,-1.2568788272515943,1.2882961750409399,1.7798744288776742,-0.5916022805417595,-0.6062230995622987,0.3669127639447842,-0.5137107468440336,-0.19978188666420263,-0.01330760058291626,-0.9004696118542311,-1.3098223682222851,-0.22708426040751664,-0.09011965065748355,-0.09940599793491704,0.2842039826360253,0.9720608443917602,-0.2925419815001993,-0.4402475874100553
2025-07-28 14:27:18,-0.5566271750540688,-1.3077311620938394,-1.3992114912469042,-0.8177564052640617,-0.2610965446716489,3.6868254988097253,-0.4244592915370559,0.010873627011799556,-0.06025354018786793,0.6304664276372557,0.1758071054653987,-1.5329627745471426,0.33233126247952033,-0.27216671558746897,-0.4850302929852384,0.5771346590616133,0.4617888755349328,-1.3412014426825936,0.6350741378810165,0.5407163803755872,0.7112127272957732,-2.5490991347343765,0.5018980005287156,0.9358327996499155,-1.2125935573778557,-1.9492578776386404,0.6244569153421141,1.5789621579867008,0.7243262683976306,-0.9392535038524693,0.9297943138398532,1.638334762379744,1.4976779644302,0.3334274097442393,-0.6942021470512177,-0.9092205453620514,0.0034023449134295645,-0.04002634486159024,0.7704780180343317,0.5463662209928871,1.061399866674822,-0.8026081779123068,-0.7569858722599102,-0.5686104312402718,1.1271132942506352
2025-07-28 15:27:18,0.09556362957573107,-1.197427624043722,1.167907130775655,0.10210435400690628,-2.4152295420668994,-0.15289187205186508,1.0747433448498644,-0.5567946932518945,0.3536479412000405,1.1698373185701414,0.09271869469804879,0.16599061225813944,0.45719598489195734,-0.9213628120528635,-1.1300728294990505,-0.3686045719399674,-1.6456398028853823,-0.4358296038271974,0.18843799373736456,-0.8650978588607933,0.8089404176787821,2.0491698426499285,-0.5435722238542605,0.25482029751127516,-1.2331409671366576,0.1968968506859696,-0.2787889142391669,1.2401496734671886,-0.6364761564326943,-1.8961098768855156,-0.020671959877152098,-0.5697585631088063,0.17339033045806884,0.4898786193232669,-0.6708123269659677,0.5761584472513204,0.6383092979575564,0.7420633984884015,0.7151163911778458,0.05259644154281619,-0.6510391021159374,-1.0912734353212763,0.7295543636130785,-0.916324410847928,1.8763630142251897
2025-07-28 16:27:18,-1.3420229638772128,-1.0687842215033048,1.6468216752140972,1.1766158647009537,-0.22294184842721496,-1.0676519473738735,-1.485336985487038,1.5376336766596803,-0.4214782753626987,1.4854594313166984,-0.5756319210392248,0.5753566062997236,0.21574061680326437,-0.2840864192882937,0.270632760308544,0.8380025792552648,1.2862112631140208,0.7695131437148356,0.88245379865976,-0.35089708820579363,0.4084361406994682,-0.26629083931433806,0.2537376708332035,-0.7702835214011142,0.026581075004691385,1.6204315646430323,-0.063935578448194,-0.8466919500214886,0.04584890921496823,-0.5729588683167658,-0.8227312507084726,-1.617992514582862,3.163712039274547,0.5260588754890612,0.8208318947628556,-1.9513643778980454,-0.6675879119861255,0.06278690579540047,-0.5817845137478829,-1.520372806993988,0.06899935194396527,0.3096679093037456,0.9712441013890242,-0.24475207256365056,-0.6831445230684189
2025-07-28 17:27:18,0.20371871444779194,0.7176626036664293,0.6492490903569984,0.6240110597080721,0.5686378498895127,0.5842661136043215,1.9533103190928294,0.7448591202433004,-0.49115027408320105,0.5007709060187412,-1.247823755898027,0.037641129952188476,-1.2470247970133665,-0.5553839266711146,-0.3836522765119409,0.300320729734067,0.18375210420884786,1.7886359576199597,-0.33490477650965594,0.1265299837708399,-0.20547121938587498,-1.2836887110936681,-0.8867418406233654,0.9713613771241084,-0.20141132619989183,-1.7185334322121621,1.5813561956252251,-0.4755151896924267,-0.6449700475807219,0.8368594580466823,-0.03958602018741531,1.450438027405425,-1.2617730365410786,1.4183070304774488,-0.003251094711166222,1.2675693302491051,0.7317680060513808,-0.17720428449357345,-0.6434190566021499,-0.03936699361323238,0.17055097852038728,1.4476800615054168,-0.019145284096994557,-1.3820959032914406,1.2627406799685814
2025-07-28 18:27:18,-2.067343196890262,0.337234685455184,-0.4034476506998096,0.992198108549613,-0.11778458681537213,-1.0521739568027046,1.508055002001518,0.6984238798415194,-0.27395981448063916,0.36897767762008365,-2.1313654596901315,-0.1036148152408105,-2.1769168029738166,0.8106789811537671,-0.26428407912116375,-1.3675061091206966,0.919605515779798,-0.5601957856364416,0.5906625896817799,-0.6238248543796611,1.1364654711122835,0.39997900197950453,0.5326285835922359,-0.20131079629740053,-0.9553399744955539,0.24611681139883834,0.31826314694791746,0.12533346783024504,-0.8911096124406918,-0.4976443094873634,-1.221572864946424,-1.1246475652745713,-0.6443526282142913,-0.10022904924158711,1.0704592519391753,1.2047786107663188,-0.8271108185051472,-0.0805888451898176,0.38615529532325094,-0.9686197123234865,-0.7433477921606249,-2.031359635041362,-0.6616337995012165,-0.3698900760736974,0.10900717749983972
2025-07-28 19:27:18,2.0846287048968204,0.06578596453187376,0.13620204209452488,-0.660856567354806,-0.37975831074545774,-0.19365924992960667,2.5321705158753973,0.5680373313252102,-1.7397953469222267,1.7086328153259804,-0.13453849304262785,-0.48375409530748065,-1.4864861887429373,-0.324800113900266,0.6440573091340679,0.3963633392999753,-0.5848304561265196,0.16265116328542403,0.9030229552035058,-0.07215881185540088,0.7861238890329665,1.7471486883115943,0.571795058328084,-1.786103891398309,0.669353602205322,-1.4753931209718536,-1.1342754583702475,-0.1457952464205132,-0.22621910470633952,-1.4285109193812457,-0.1541517513471209,1.5110975983016766,-0.9389513132727813,0.6048422372649904,1.0968631695871074,-1.913328951580444,-0.17644901042426936,-0.4024199595306409,0.4473273281636642,-0.8810534727335756,-1.6216371721067782,-0.2390757769442236,-0.6882974539325469,1.2017224836965095,1.1804423971745228
2025-07-28 20:27:18,0.9044617832156197,2.513442433445728,1.1345163697261376,-0.7237779292137634,-0.006733332163597084,1.342494641772714,0.04858586276639274,0.0449984853909105,-0.07679121105682388,-0.7108637009701791,0.8015693185085265,1.1819392073900106,-0.4299368713849897,-0.9716881630585034,0.3177221285445161,-0.9132180327624853,1.7224215640130953,-0.10396605261233446,1.0006763379788872,0.23030714284023907,1.881488663291521,0.8612309600341497,-0.10604071569097995,-1.226666151978226,-1.7995132225247983,0.2234021645131329,-2.7197663341060507,1.4893755288480104,-0.9495502365378866,0.8857029372801648,-1.8422567355919006,-1.8613706237087406,-2.590621760032642,0.09344351164873961,-0.07856102961460344,1.1602287726932705,0.14874233131348044,-0.42512309459827907,-0.4733012614550594,-0.389464397197816,-0.5860924502092995,1.1661644638639028,0.02192271900104101,-1.146477410662909,0.7839201685198658
2025-07-28 21:27:18,1.0847591580923541,-0.35985103676524866,-1.0000574985215442,1.6207877811676294,-0.20594543241401345,1.011008151542388,-1.6910521195913522,-0.18309481260591656,0.2157777500396822,0.25299980597050137,1.4036270500216042,0.96051900489462,0.8799730220857162,-0.9217803555717153,-0.07612587285019128,-0.49671847787347684,1.9523898573934377,-1.410721321208567,-0.5168893630609195,-0.9603510106693668,-0.7762226234095377,0.17890729378076867,1.8646140121375796,-0.08355281067203815,0.8801992645817438,-1.0948597748329405,-1.1971404081621204,0.20881366798512394,-1.8408587710896216,-0.07977386469702873,1.1275477805013985,0.05906673686401971,0.27084719608301466,-1.8608024981329232,-0.08477611244842671,0.05963545478622767,0.6337376719410301,-0.8662782241287824,-0.7699648849364488,-0.36049816762147757,0.8638569543072607,1.077485751904156,-0.4830721368801622,0.8479043136655849,-0.298426554093827
2025-07-28 22:27:18,-0.8607515978200284,1.0125930645452803,-0.8660837384219786,0.4998051326024484,-0.7817216885777792,0.3613799370980158,-0.6233709986468527,-0.7479948362783874,-0.9038544177146882,-1.4078845695100812,-0.039652910466590335,0.6283063004405015,-0.7475032973306792,0.07763197455070038,-0.5352423577631401,1.576971143033985,0.42830653691072923,-0.18054911383481523,1.5361481384160915,-0.41471746359347283,-0.7584337026612831,-0.8181933666547235,-0.6064605670872355,-0.9790210233526496,-0.20404906012337956,-1.4281296763273905,-2.744404669059326,0.4602659181083295,-0.7155661537016572,1.2272685899719191,1.1512563482078386,-0.2835721582241534,-0.15843231863531806,-0.027226442351082118,-1.76751266909274,1.4030999267823427,0.12236980357686547,2.0643439192259567,0.557812665319847,-0.48367818008917585,0.15129138019761212,0.009975315492102179,0.5455425925839915,-0.9707327082159568,0.621213977384048
2025-07-28 23:27:18,-0.4733153914606383,-0.34719701782177886,-1.628204846545081,3.1183793188257187,-0.9224943969739025,0.621537852127794,-0.08582773175497319,-1.1671236917569667,0.2866715946291061,0.951282235739524,-0.2735554672245832,-0.15114127909722525,-0.3085198870384192,1.0830519609752947,0.4993555897702631,-0.11590680132911194,1.6190665632327577,0.4213038772638514,-1.7187316991558306,-0.7835813829697665,-0.4130357679795111,0.5403073114482355,0.5736714341292143,0.6025231464690539,-0.6796245066336958,-0.9310003227002555,-1.7582424198512312,-0.3934037720134127,-1.6718322471458997,-1.3132297926488132,0.9493068647951426,1.4112252323233945,0.9673657335790375,-0.58558191889456,-0.3704137908995967,1.805017702032071,0.8022787606222592,-0.9639631731491606,-0.33913621749519274,-0.0683853595295569,0.040935055951311874,-0.5531302545674538,-0.04254967323512039,0.08061716800244498,0.20692255504043708
2025-07-29 00:27:18,0.41269713307080225,-0.015590956273413656,-0.011497520890396776,0.570883254222372,0.7465618842126158,-0.31189067299911266,-0.015553907896236804,-1.1284405550107313,0.038118247101738,0.6661329887016025,0.5321895182905564,0.20157369385757487,-1.61160314009696,0.1888521131791654,-1.8363615022952164,-0.03684461112988198,0.21443064585056296,-0.9703109395573662,0.1707805952627635,-0.6019611205850475,0.7735192010308747,-0.3150370841644087,-0.79126489982902,-0.04204420167045704,0.11905107760477177,0.24320196699783492,0.3771257554175304,-0.3470214524389684,-1.8192579552604489,0.30662186538930974,-0.5512905487432532,-0.7935010764911309,-1.1137896171779367,-0.7300702749355792,-0.16740968231995385,-1.7629002649477996,0.8300357413772633,0.7457433584284561,1.7762773721383305,0.5701226032646657,0.49537678061746476,-1.1325457765691587,-0.9118726516176253,0.08761356241069797,-0.3004967330194967
2025-07-29 01:27:18,-1.15042817456689,1.5318284950833803,-0.9456904701156372,0.26806807866993587,0.8049293357304848,-1.0460998127356365,-1.425990761510668,-1.05048275530167,-0.7711149454377368,-0.8295649540204442,0.07438862862579637,0.8618387953750897,-2.0449212805004207,-1.3841927005769186,0.26023166108313883,0.8623932043219785,-0.6634528004406061,-1.3251423274635763,-0.5513985005734231,-0.04111879756526162,-0.17652487371366304,0.39341014192559376,-0.45007174680818957,0.1032585020091534,-1.16952563602682,-0.08677742791307737,2.6916353589451303,-0.6768689196709251,0.9820825089141648,1.107725194876957,0.6326460622392123,-0.4359409375349538,0.19211809092914472,1.6902244806017097,-0.24433074904664095,1.0917960252008378,-1.369903762723808,1.3251507703607297,0.3717439713659318,-1.1604438804983852,-0.12443972675067975,-0.3631367866708603,-0.5014175519531195,1.9927529525633212,0.9695750005249292
2025-07-29 02:27:18,-0.8449932973144401,0.6828385075751064,0.32812278595590016,-0.21981559793356484,0.25597911229962866,1.484413591117886,-1.309028413416126,0.27315007370799144,0.7574501729354728,-0.2899108000023722,-0.5912713526648443,0.7360287528155811,0.7585714566518024,0.09938908896838071,-0.4600614541163964,0.017077596167733272,-0.9825119857315924,-1.1234106231226357,-0.496183239996383,-0.881166534192844,-1.767941140092296,2.3833295640114036,-0.3587061066363594,-0.17582603211869346,1.3576909835053674,0.20265938119754767,0.6143359505530795,0.09136475503542162,-1.1794810512888758,-0.328911170969695,-0.5379767858159413,0.23918781160085065,-0.751715492475429,0.821108857892033,-0.004587669458307927,-0.41579788801149015,-0.17891658265815724,2.4437337732434643,-0.18836215373099183,0.24388275906328125,1.1524971383174034,0.5575332353913403,-0.23933028123672537,-0.5540152051342069,-0.13587792195073356
2025-07-29 03:27:18,-1.3024141010034627,0.5419554319139199,1.4165842040768042,0.4494301095904564,-0.8283767731599708,1.6018734292628671,-0.6167948632872465,-1.1429780492304122,-0.09649994251033929,1.1708933341381327,2.17913146594946,2.230055689493274,-0.7810618433825062,-0.37571990661266635,-1.1385009532538541,2.430533803103287,1.7978783385990948,-0.29818583862935916,1.581899953864017,0.1665590647642629,-0.8132417344366276,-1.3327548630128823,-1.3545038772968043,-1.8037295985397361,-0.15050829748456693,-1.6712706380989988,0.5613261083761845,-0.9086689231078696,-0.17910212799624828,1.1255912581004328,-0.29997585574152147,-1.3989121421047388,1.263402104902295,2.231401102286018,1.0790852170138987,0.09510854511114696,0.6360558086376805,1.2820940125465847,0.7302112425648175,-0.5025796879091866,-0.43681556667156674,0.4067178000855579,-0.7910742519348157,0.16916178927586145,-1.6929405748851643
2025-07-29 04:27:18,-0.039572826472806466,-0.34339186211841977,-0.23292462139540127,-0.3637811813911178,0.6573348216694965,0.6734790500407913,0.46909371977941916,-0.0889847822629542,1.8238967061371663,-1.0612265531205862,0.1290154004908446,0.08514251785384233,-0.9861282680477044,-0.2936712186110555,-0.18456490987977825,-0.2547467503401264,1.2542759609791168,0.5916755349097426,-0.2954788948115049,0.7672939961950972,0.848748301029184,-0.011003592581570886,-0.0062679435478912035,1.648856985683857,2.0426795297035922,0.0341549556748813,-0.07127360955768791,0.2881669685943387,-1.2550677188452644,0.0740147194235592,0.06950434283105046,0.11057599114477254,1.5542963152781144,-0.29346978546071034,0.3421141126183445,0.2691731094237641,-2.8182826768860063,-0.012987906130842587,-0.21376247791715963,-0.41591087357010165,-0.13152249590735143,-0.9960208356572915,0.45319097593725755,-0.24338454385359715,-0.10305443198167202
2025-07-29 05:27:18,1.2742978295256886,0.965267366063164,-0.07593310798151688,-0.5887788726563727,0.1353221416715253,1.3903072488694739,0.42437398296427714,-0.5239305574688817,0.9989338984654853,-0.5584631417813735,-0.6009401039034432,-1.8978567149358008,-2.2246962006258326,-1.1912558081227043,0.5562271588462938,1.857580631302333,-0.04829891313011108,1.6744374583113513,1.2752354554614223,-1.9627815621632283,1.8180253391984111,-1.3802754667161479,0.6533105705215853,-0.6580311003122514,-1.4404429298275316,1.2595716965942965,1.4634395354021275,-0.01091757246529771,0.2146449762123839,0.9399485538863667,1.472006444734091,-1.3599775380143833,0.7939103194064079,0.7974690809060418,0.5741624680703954,-0.006833640499748568,-0.6567955915638735,-0.6825335648323522,-0.08787182595397504,0.10256460799770842,1.8571480380747933,-1.4520339767104666,-0.6259989902403539,0.2862270493679456,-0.0029868066800191675
2025-07-29 06:27:18,-1.4052599695589263,0.6235272573305105,1.396396662121004,0.21433410876458467,2.0343520386239207,1.037983380127359,1.94357459439496,1.3595337918608001,-0.07982531347454865,-0.49729918221751906,-1.0169916767623257,0.028795983508713378,-0.0483911693656313,-1.5199065308471982,-0.11220312926783932,0.5083991214730786,-0.2709440098017177,0.9661305767303672,1.47618776585311,0.681117559267127,-0.2568340285708104,-0.23921519966163315,-0.2583112769611707,-0.9769974075319781,0.6152868686101505,0.0346052496697404,-0.801888237254729,-0.9541018187997501,-2.2208152418073523,-1.236648978441525,1.772898421533513,-1.2727632536258426,0.9737430791856763,-1.1832817241076685,2.797213392573459,-0.2715131036651739,-1.2580001945236217,-0.19191002817873729,0.830569619520788,-2.0693562264688405,0.15136377169300655,-0.23262886665668184,1.3853736565066737,-0.6278693130922264,2.149511947967185
2025-07-29 07:27:18,-0.5742810285371139,-1.4538478785107356,-0.9760361921298915,-0.8361793060962932,-0.08312508208679072,1.7245077244629552,1.0094737331487749,-0.514961654823769,-0.7446721005333108,0.4694005585133971,-0.6294020360820843,0.6007511908301238,-0.7897406692349868,1.9625210529507942,-0.05166070233592267,0.9416587763856035,-1.3970941804399788,-0.8619553697543462,-1.8728090322105857,-0.10380059755738182,-1.6633746345617468,1.4073527318024284,1.035815351630494,-1.0975393911691282,0.7944639359953858,-1.1216487378500415,2.214012865727284,-0.5163701623866426,2.3965255359216044,-0.24793791583978272,0.23711171435493308,0.265699130254159,-1.3842659421670436,1.2400746945697787,0.639870533321995,-1.0432615455771206,-0.16808310028848028,-1.149294482720312,-0.19077561444824676,0.7039834385996798,1.3106700194293097,0.5270145244224672,0.389202589705948,-1.6270980653346234,-0.009925916114651438
2025-07-29 08:27:18,0.815144471905122,0.6590403572593353,0.41535600796483313,-0.09635026806476382,0.026589374657094583,1.3621476349642425,-0.0018225556884163873,-0.9858321843791843,-0.668925314434283,-0.3434775588373353,0.06750288492629596,0.9067923086199758,0.5235181585891464,-0.9540642942782719,-1.133263589774753,-0.35869299001370153,-1.9772808158345667,0.179144672653909,-0.08888766150748927,0.4001805173343539,1.5938438238869124,1.004729459335509,0.16105019580826546,0.8782247495163114,-0.3443240655372847,0.13570886941124335,-0.8843685535717225,-0.9351156574593644,-0.37497809998216663,-1.6376264432202903,0.7761464230390349,-0.9073918207191646,1.7758754331952944,0.384280192375266,0.13757945665515042,0.6295346629635431,0.9244151095537452,-0.11321184069239623,-0.4776267154083557,-0.7964264527105153,0.9946375342071115,-0.2927890683024702,1.2220417028990473,0.7000444762871498,1.6190252824554519
2025-07-29 09:27:18,1.0160082189752455,-0.13904769587841995,-1.2369586278601978,0.2456212987305096,-0.9793162387730261,0.9570606116214928,1.1462394613144955,-1.3613885925762852,0.7943130100257615,-0.1676096354675182,1.1554296868608214,2.818254444786324,0.6231106238625659,0.9609053072256002,0.06761056350726981,-1.0478726451896527,-1.7805144942104818,-2.585433482992148,-0.49392599713370255,1.7259958944814866,-0.605653859644577,0.13906115546729197,-0.16593633893555543,0.4222911672401311,-0.706495270052286,1.413659292075988,2.4657298800233263,-1.1232701608086326,0.06826661281483785,2.2326559345895514,0.897263449985303,0.25038074958958184,-1.0286298162369207,0.38704860723819423,1.130559134064883,2.237991740299429,-0.004093467949816761,-0.117995518243696,-0.20701190610196635,-1.0027996144391482,2.6221865112321816,0.09443924288485459,-0.32528528220282515,-0.17221625985491051,0.47543505256576496
2025-07-29 10:27:18,2.5044991383142143,0.6822998907448792,0.3238288403549098,0.904971701501471,0.16892291361163012,-0.03751900096741774,0.5682982973972165,-0.49684505054006256,-0.9834129725201212,-0.5076906887247273,0.10896996101886663,-0.2843203556985159,0.6036863877001969,-1.0465183820811812,-0.13855379798869938,1.0870715022112618,-1.1925575737233491,0.2572714588707128,0.24231641151869476,-1.202026948789233,-0.18278905738856666,-0.2692883262148774,1.6072693399280935,1.6903421841142454,2.074417336752024,0.1002561977591286,-0.4272183251361212,-0.4065546528097931,-0.5250013033342349,0.21898299888010445,-1.661279361614322,0.7926411732294508,-0.9755833648549289,-0.2145318317015589,-0.22891172601657395,-0.8453286510141169,0.9346730017108666,0.7048395463834098,-0.7266608116342991,1.576536660532241,-0.01133687668640291,0.19461342458230566,-0.2643918776240514,-1.6621652002241791,1.5932355971230123
2025-07-29 11:27:18,-1.0125367106619338,-0.9403951103406719,-0.6559510031613205,-1.2197720973022361,-0.5104541604559899,0.5255773297016642,2.064651114820447,0.07701149948274887,0.7133815795862999,0.03495062249882522,0.4664816305656382,-0.639979364868289,0.3408607998740415,-0.018450934154183744,0.8988793220474236,-1.3195216132188765,-1.0620982159892396,0.22012690433130694,0.754735478080338,1.473044706904979,0.5740453803499996,0.5035939493328947,-0.3127943110097692,0.10667917534498225,-1.2159862078956605,1.935429688062035,-0.27123091398485133,1.814097831162641,-1.5648329609682168,-0.7637880375947446,1.6719101755403722,-1.3234723598317153,-0.5458745773721843,0.01562387358008423,0.7436295477271467,0.989238528352,-0.13649814110612543,-0.13583200873147383,-0.2935034574833673,0.71143344329082,-0.2517722458542422,0.8370483188081855,0.20114286833408782,0.397827735964692,-0.7108336689790544
2025-07-29 12:27:18,-0.38900611413910796,-0.047278657246324705,-0.42012384563477273,-0.33580550223870614,0.7554409789381386,0.8080119464029061,1.0880837684505524,-1.0836781714477743,0.4993933752746643,-0.381064998581429,-0.6537477984652934,-0.5816926066419034,-0.6647733828777942,-0.7326952325342466,0.5616680657505583,0.16064110502052056,-0.7053468531072605,-0.40744660543795025,-0.1715102998695823,0.25233966809739844,0.09768756372859219,-0.8417801042609125,-0.1301455384537217,0.3259800709593676,0.8044004786723618,0.7917199360631426,0.36569000795954243,0.9596580566228504,1.23968900069019,-0.022394553032059977,-0.010414369983790273,-0.5160923429334435,-1.1706543226690853,-0.37774731174069653,1.015126376958279,0.424003282515417,-0.5788873015989813,1.195215059173063,-0.08240666147629502,1.4482623877639305,0.05996702244442039,-1.1916791091891143,0.17345411731633845,-0.3206988048807075,-1.7137936909477156
2025-07-29 13:27:18,-1.7750239286419627,0.23626497778288733,1.5705235438202534,0.1914155606304703,-1.751123851513469,0.07269454755315564,-1.4022020015995156,0.008473321133446541,-0.16386055061806581,0.4550133969476407,-0.14018478229663248,0.771301886154425,0.2721451167940463,-0.5402857009739489,-0.7670462312422097,-0.07287586817102926,0.8310498197810304,-0.5289517067669379,0.1874880575076078,-0.6392894142180742,0.5833506207387041,1.1424901041376931,-0.5011323793238466,-1.6868090467583077,0.3024494794065151,-0.22909753378368275,-0.40064434173658475,-0.2931195565809707,0.21827972995542277,-0.8398567109388937,0.05913482461019617,0.49468551489403867,-0.47080519573538815,-2.1515677319388384,0.040701513361192175,-1.2308015974133761,-0.3156117934800383,-1.9113265262593677,-0.43324237046625047,0.5791345106450935,-0.49928184958307587,0.6333149484095754,1.4723802734770217,0.09224748753721566,-0.4346216140088599
2025-07-29 14:27:18,-0.30676920415373965,-2.1598105054495376,-1.099676802167607,0.9890571259589249,-1.4368141607003388,-1.7490735873762357,0.3965299756971024,1.9200343754347051,0.44559099029288435,-0.3701407202390156,1.595964789646224,-1.6055657693484595,0.22434780281475045,-0.3429426937871148,-0.114817820728069,1.6358633811667163,1.2210253765870132,0.5257955160544818,-0.4134517478687184,-0.014901637639243806,0.8725722740360371,-1.1891132623217804,-1.4300900486013,-0.07344641904506746,-0.37426806324344447,1.387207324051398,-0.3446010429709059,-0.9056215631618487,1.196977401386686,-1.0476946482583027,0.4423872398115006,0.9020930656177332,0.05399583011374963,-1.6439619727684518,-1.1906692991398884,-0.47483066986045547,1.372605415177146,-0.8021652470378937,-0.896749495790147,-0.8144729262101764,0.3863211290571147,-1.0125141414375116,0.21939177378283117,0.4939000693489826,-2.1621200112309467
2025-07-29 15:27:18,0.4407501088998951,-1.1218060445174358,-0.35080755188522633,0.679022236883455,0.5891774866464872,0.11884568104758865,-0.7589875341077921,1.3578781224269914,2.361444436165727,1.3910736280666431,-0.398061437855926,0.2757212452089192,2.077878435443129,0.10837861531139731,-1.0396310410297986,-0.17856484861357363,0.5245532311174461,-3.3099294589821326,2.1156260186077986,-0.4856719832815584,0.7028577414339438,-0.23213084580077473,-0.5748917993995046,0.5834336535281642,-2.0042594317140514,-0.33425406809985075,-0.01937330392374001,0.3300313378071466,-0.9983601898665314,1.125795140737027,-1.3163154724642288,-1.1610310203318588,1.7469065935756105,-0.040338870571205596,-1.7462386062049629,0.010955480416545628,-0.8464258413419576,0.1884177057971311,0.19817620973261424,-2.5231972913915723,0.8518109130309872,1.6458632541143217,1.1030483613520705,0.3648771877300615,0.04680857386507942
2025-07-29 16:27:18,-0.26436290235497184,0.890435256811614,0.8455418117825814,0.8583359222479817,-1.6041960876331451,0.6804323932276722,0.267268341675251,-0.25108797959445545,-0.997615023069293,-0.1027807222726482,1.2827570703503968,-0.381282600889789,-0.533722070939208,-0.6124934238748774,2.4556790018312395,-0.6032228548218035,0.13257521553660406,-0.19224648062941468,-0.6631603722797539,0.36485973181614634,0.49090875818894986,-0.21087339402053903,-1.681463060407813,-0.1805053126897758,-1.7025329846559827,1.6344188642801347,1.2543929043995556,0.11819034225092297,-1.1664259285579663,0.6665812473875813,0.856442463907374,-0.39369736208564293,-0.09637692223207937,-0.2931430018306185,0.02030927026944234,-0.5835066545500879,0.02221807903715256,0.5636344111392956,2.498755692683205,-0.4388168098294063,0.21261644618052652,-1.232773796149329,-0.25783705679844615,0.0828384671088469,-1.7088525365801484
2025-07-29 17:27:18,0.8809693167518545,-1.0815465680065293,-0.1218507399654936,-0.6361399160208756,1.0115490926358606,-0.6615279786585299,-0.860781391220527,0.21737458780504873,-1.7452093945271854,-0.3628652218456121,0.6547024724736387,0.48029753471388953,0.3619417650518532,0.55530264716918,3.035902270648186,0.7807154145682471,0.6683491975058642,0.31565223907328643,0.0325700422130461,0.0044057080291847,1.7585535529152796,-0.19003292039411046,-0.9167888598453517,-0.7568928364201047,0.5828022074496663,0.5006353326296027,-0.8428680597248923,-0.4859529876226212,0.7081435530623622,-0.4554836105737875,-0.36515410368457485,-0.38670491242673255,-0.3710927404340923,0.040154315628407294,-0.02961002176722239,2.435636595308996,0.637574374952357,-0.9599593241773934,-0.7821920282055888,0.12302612367167978,0.6055202534018075,-3.085519432061704,1.182254130541385,0.9321723349462698,0.434860642619849
2025-07-29 18:27:18,0.9033013671541872,-0.9919126623266511,0.22142528005831236,0.7980934171007135,0.6982884647829245,1.2067584034587662,-0.6420165940061403,-0.13469630741350205,1.241706005045762,0.21721469073613095,-0.2945651717683265,-0.7827530584796499,0.33342210799947425,0.16579679469007205,-2.213144081087662,0.9193962468643269,-0.5160060096322231,0.5580363106587851,-0.2865968854375949,-0.08091999451074008,0.8476337477348452,-1.6474416148844064,-0.17544776487853087,-1.0549671101986053,0.9954875133993015,-1.358849873580814,-0.2743755852805611,0.4807648552618168,0.1134314722063218,-0.01676437251466478,-0.6859922462712011,-1.1624339564910007,0.9135780701823921,-0.7459798111623163,1.0655207758008423,0.8363963412008263,0.19925366697360658,-0.15650907768050287,0.8191741815946978,0.6787301833683724,0.23726218395138987,-0.4936047481478206,0.11299534586813978,-0.43982732405368313,-1.9748151685743032
2025-07-29 19:27:18,1.1184686250123108,-1.9312463200803,-0.020802849899322975,0.6120953906386116,-2.940567774285974,-1.570814089031905,0.9116379580694289,1.3801452514591772,-2.134027445342061,0.8963012005826393,-1.791567455162651,0.5952804631555849,-0.9122061576869928,0.4023793898510874,1.3383360078491209,0.2807453190497616,-0.5175219716739816,-0.733545853515545,0.06924023990064786,-1.1006904052369693,0.5581989610197285,-0.6269687468197055,-0.518413943240562,0.9209625080039301,-0.9402761684652939,-1.5297673158131866,1.0839761278393891,-0.5495935834741759,0.5799370247115511,0.598256246871519,-0.5397447121708783,-1.2702605094021244,-0.04923851292843033,0.5365492197749384,1.5649515036091326,-0.5084823471428777,1.2189514392676266,0.8106144291225328,0.21472407974085173,-1.3861848523292333,-1.308833734298776,0.005249741886651335,-1.3701594641819346,0.41648735835089173,1.6432329527249692
2025-07-29 20:27:18,-3.638552463916233,-0.41432449252670117,0.3656525964906756,1.1622689830536985,1.4501220231464944,-0.13785166072556038,0.48547897524975747,-0.7253783744463008,-0.3485855118995177,0.041725255038704646,2.3820800508275006,0.1329303099772446,0.8352310937619848,1.4363659192522291,0.07424280199841726,-0.4107840665985881,-0.06217643679398417,1.9242859133423496,0.036664544775369554,0.7714531156430827,0.19599179066587735,-1.171039409178337,1.1727680427571558,-2.722997881982277,1.3724997429431756,0.691275066028578,0.3130033825016372,-1.6604336380432878,-0.683376409937745,0.21388678370465966,-0.4085925513900786,1.810831061149918,0.8095909804260212,2.3795232200868806,0.4485493944084074,-0.5849597623019,-0.33171583427645174,-1.4937832372191873,-1.3936841268602116,0.5705444988946925,-0.32050468468263393,0.5628462031752665,-0.10226733103392979,-0.20878360057056822,0.438239239247687
2025-07-29 21:27:18,1.1744717025301814,0.09291782502799435,0.1787151629751857,-0.4931876915019003,-2.2649082237682356,-0.018399958926138327,-0.26175887183769875,-0.5837678965481493,1.4963588637428469,0.6315828531534776,1.0888753862146436,0.8531796910815291,0.724021688852941,-0.9500046129332563,-0.09877705837044885,2.329891831024029,-0.13054110456370235,-1.4200440989575172,-1.0580072434715775,-1.3687069659991349,-1.6972371344984658,-1.1828153645654222,-0.25304787261654127,-0.7265053701225314,0.5348328244613642,-1.18684784123881,1.8837670819463672,1.425111543128615,0.8941413820471732,-0.29083732681369884,-0.03630128508190431,0.5815684891898999,-0.0062862575073407015,0.8431089623100149,-2.048749842504132,0.704890277213054,-0.22612967211317683,-0.39615585790584956,-0.9021269091259384,2.1670474462971274,0.6208260887207409,0.16193326527271418,1.1134989839840077,-1.688532033295876,-1.306020438269393
2025-07-29 22:27:18,0.07985230909955002,-2.061256661840519,-0.2878516993778337,1.187123466955079,0.7177146982973676,-0.4519339826859719,0.14467816713383613,0.5155055398325399,-0.5407052002002286,-1.287082144844957,-1.8432194001302389,-0.08386563740630684,-0.14203232674978875,-0.621554063241361,-0.6740840650130259,0.37623357040641114,-0.31607014487302165,0.09607644269924855,-1.5665724352788895,0.16595319882534812,-0.07538323954339046,-0.18826804616714105,1.0487305512232878,0.31167567426401427,-1.186692290190694,0.41876572780217575,-0.8908929059970317,-2.1403579755546573,-0.8877600615480038,-0.24095559567075286,0.3709242813267884,1.1733162902487027,1.125080426772207,0.18469817121796508,0.6910393350251353,0.33793749569102177,-1.2016198844658097,-1.0689593646838413,0.07849821495918662,-0.2521091738329209,0.3399618096470144,0.1724703967526995,0.05551203647943615,-1.996107360718285,-1.3556652372463585
2025-07-29 23:27:18,-0.6907351195230689,2.709682496670778,1.2920597355240584,-0.9438857525825933,0.29169027845169754,-0.66109674033692,0.5305578631915119,0.33210359686725666,1.8074720833689175,0.4953317345451007,1.2705513498262921,2.55559125728409,0.2980723612842056,-0.7152609289975564,0.7522539641560553,0.07547983364212155,0.035977156058279953,-0.7991876605406769,2.700720279862752,-1.0236753090681474,1.4120149101304653,0.41295090133649476,0.5721155658562698,-1.8041243244120924,-1.070038791602879,1.1485511605571637,0.66915163183765,-1.0358911627143703,0.9091637217874536,0.3226369095790259,-0.607754889233712,0.7758421028389698,-1.0366157681185504,0.62546226010848,1.364851333372449,0.3851609527446121,-1.0850313723362954,-0.23516397431298017,-0.5517627148837199,-0.7911286350632638,1.152696257074752,0.6014530375079948,-2.425273853681196,-0.09491338981165749,0.031174145340524137
2025-07-30 00:27:18,0.2814856339828855,0.061595767659293775,1.4151867551697586,-2.7049571953382694,-1.074293978024851,-0.5871663664595651,-0.7142804824172613,-0.19858405287691389,0.2539907793809401,0.8386538611676893,-0.0619345416837274,0.6035120977326979,0.5488473660308878,0.42802678329137467,-0.8280146454329375,-0.9826108973455363,0.08402112675418516,-2.350257602935327,-1.3225882104730378,-1.631311434012098,-0.7082283175819425,1.5283421367774548,-0.07233975462278237,-0.7337005924409673,-0.2787942753618729,-1.6260309911177013,0.9682320450381485,-0.12193767628471057,1.0273008976394329,0.607207787489242,-0.7345914465504831,-0.16228124026846516,1.480213207881416,-0.12744158593009294,-1.024050054635547,-0.404014527119973,-0.3253555710781053,1.1202999958664737,-1.0110198476552696,0.17856354206327024,-0.7005966332970388,0.29616770586546,0.6262576021991353,0.39152037434504483,-0.6661751256602834
2025-07-30 01:27:18,-0.9958039325080659,0.8316702115273501,-1.5297780989773786,-1.2726025828394194,0.49740792382326915,0.8784228863829101,-0.21216911692360674,0.1234323417827888,-1.1109207800177456,0.8015761939204818,0.5525710321459393,3.1793334109312794,0.258579659112107,-0.6566577026188702,-1.0073657974339592,-0.5621094867081484,0.46704662541646125,0.20818061253675685,-2.391404695034896,-0.19999717650309567,0.6497458448404058,1.0147283360172275,-1.5982936314432137,0.7621641036025829,-1.3211260476902573,1.2230600130391753,-0.5136768398288374,1.0254844248712118,0.45066436309327634,-1.2886502874912147,0.9936569205063339,0.363516136393848,-0.36827038492014197,-1.7861406437745229,0.32089206690265787,1.77932710581389,0.5903606362966702,-0.0833780491609505,-0.5616462939428852,-0.6027813861077388,1.5966690108679513,0.08853126878273121,-1.067155439771012,0.5865921970018654,0.545983436050861
2025-07-30 02:27:18,-0.13955792831128352,-0.2824942972817954,-1.8078436216525826,-0.43495918361962443,0.37862787591955616,-1.8538228293311314,0.7005403879385519,-0.6787990329397988,0.8223060376113142,-0.3528219201788489,0.0053649934061635604,1.6889793819035133,1.460090387372084,-0.34142992749612405,-0.943004085498478,-1.3441069665343859,2.4848857281769936,-1.0727841605801558,-0.6558236134566772,2.6671038668999603,0.696617321559021,0.4053107364127849,0.027027541847116223,-1.71086847315981,-0.8422177678103719,-0.6050800649305484,1.2750366172410992,0.3406253628190184,0.5797343540528589,1.0374356081118974,1.0778266129240461,-0.0550578013465785,-0.2619643123985955,0.5979553774196459,-2.78740591135829,-1.336952957784102,-0.4274008851933161,1.3763467185925817,-1.0852020513474863,-0.4380509278907966,-1.199593699316343,0.3970924304270004,1.133659998574989,-0.27381329611507677,-0.8668305684224331
2025-07-30 03:27:18,-0.9496958778119016,-0.6037009359801111,0.10803799200703097,-0.3030647977121018,-0.2778608087612173,1.0636933780126783,0.8093110604791269,-1.9956954500118422,0.4153214739371503,0.4586043953694444,0.4186452631215892,-0.8863342519277424,1.5142631903389763,-0.7544559758098793,1.3598848358144129,0.20420377439378096,2.1209525882587634,0.2759039125274103,-0.37419158667494523,1.929825195291128,0.6229199781743564,0.8802891777287164,0.2751473251677573,0.013437751769325138,2.2909739118012986,-1.0970322921178224,-0.8774527486704714,-0.4236448271490355,-1.4277141203319668,1.6187863862431395,1.1991094370894397,-0.25371392837254797,1.2610293591175556,-0.7358112165074759,-1.8983411999465467,0.25596076538532975,-1.5312755455184717,-1.8642495946369984,0.9531134969088175,0.3708442805250372,1.0216359903029055,-2.2320211054910475,-0.4509574734224467,1.7004257624779535,1.09326958855642
2025-07-30 04:27:18,1.4570631123247182,0.7059027039417135,-2.4458787186061715,0.20622351744923687,1.8878478743613232,0.5891353676453556,0.9887734937726045,1.3313240230453902,-0.4460671186032714,-0.35080473589343525,1.0444378618042098,-0.7971118061887238,0.6985624790826558,0.6645935215142464,1.126151559602913,0.3187135029361925,0.09522331994591035,-0.4993236962240183,0.7008410694277252,-1.1688571178585632,0.8677632389966409,-1.1752700135246303,-0.9170255109786984,0.940780617064524,1.5482015606058608,0.671684257789466,-0.5351098646294522,0.8721278034796868,1.3028952350279974,-0.6040301739420884,0.2728485314484352,-0.6356523957147243,-0.3224518178335351,2.0681598694777166,-0.49058289497561003,-0.3191125351926975,-1.5549700199379541,-0.35085291528225254,-0.5391897581798848,-1.5033975543490745,-0.05286804520692968,-0.15414258436440773,-0.45579845723496376,-0.14086861762783454,0.20273986918011452
2025-07-30 05:27:18,-0.6489590570141148,0.20231200645477082,-1.108654187282917,1.2082392405091256,1.7264135037713102,-0.9532772947297218,0.2768271560869262,1.0088362123231411,1.5655514659044314,-0.08921017498895834,0.9638659343636325,0.6672704196013429,0.2274310782636363,0.3384088567834661,1.0416841488116229,0.034576470999039835,0.05279281571105808,-0.01852288471729388,0.49362285995115607,0.2747212847867369,1.338663930773142,0.9012384476423978,-0.09612354613232284,-0.5631832430619341,-0.34470155793757506,-0.7065499384122339,0.9112448137989282,-1.768892861570211,0.2384777905544692,0.45519891229989995,0.8134281754610969,-0.7447674872067138,0.0241086523615121,0.4599683208802031,0.18850235596767928,0.10977783159588243,2.032678432660852,-0.14489786897391654,0.4102601389933838,1.044837325513417,0.7265286517741912,-0.862490533761634,-0.5336958314616733,-1.0166533437126462,0.6521028274278917
2025-07-30 06:27:18,-0.21867563535543477,0.7234171880533546,1.3687370648537966,0.605635033061331,-0.5948440890607712,0.6426502392775447,0.9187149858223339,0.21427060288760616,2.342051471970392,0.9778721862352052,-1.8588826813089834,1.4556434010219583,1.6467796292473833,-1.3556783321106103,-1.7372332833038329,-0.23465912053177593,1.1403900134391014,-0.2192740406279942,-1.7776361220830634,1.9841104838324817,-1.8847520050129098,-0.04573349916016173,1.2045744238835148,0.5879561499029816,1.026484170920779,-0.6409801772033004,1.7661137948415508,-1.66833932229222,-0.02707803645963389,-0.385508861046423,-1.77026783052231,-0.5661660893790488,0.3749930543075021,0.3019359381223548,0.7125167482489048,0.18533281889737524,-2.6014686592983445,1.8062253170498728,-0.9169032083508254,0.9213672421371616,0.2969320569836597,0.17846402630627556,0.14807986914750615,-0.09736053268861289,1.7033922649504047
2025-07-30 07:27:18,-0.8791540377491249,-1.2402659606724669,-0.19976091650816444,0.3353130998015693,-0.27603082053374023,-0.7635393746427638,-0.7222548711245337,0.5047519390442439,-0.5602263650041965,-1.386963473235482,1.0987689597403245,-0.3566788177855335,-0.2587901082137547,-0.2802910057282143,0.49552031501466814,-1.9338933711271034,-0.4801957402883708,-1.373910505982792,-1.2776492552846415,-0.46731757151843023,-1.8840020618343698,-0.21308814233425868,0.36600342903340566,-0.584540526648657,1.6882859827877439,-0.36742531167365444,1.452266449695149,-2.0676645577442816,-0.9858902584419974,0.06646589211986995,-1.096229416594304,0.2491694665515759,-0.32893866547140566,-0.926759495352626,-1.092646662926482,0.8034845422149717,0.5399493283958421,0.06523504907169654,-1.95338551337791,0.7974218218577405,0.6314224396394982,-0.7915648353058135,-0.7161742189939495,-1.0170799547879448,0.5133599316534695
2025-07-30 08:27:18,-0.10373468788525997,0.1976072936373397,0.4406693891067115,0.32173444204332935,-1.6971868488698654,1.5122484803486926,-0.026795063964630755,-0.9055343033254042,0.11746989343660517,0.8714483961711904,1.7083617872643186,1.0716676775973855,0.6473795786440695,0.35507956889098696,1.2296630383746616,-1.0154681459588013,-0.5643408020265664,-0.06897097805099595,0.5861559482799611,0.9319380717486427,-0.89158769498352,0.33564818317907086,0.6128681179407802,-0.519764216737003,-0.8571122800649444,-0.8075406460963328,0.5555402906100029,0.14962178148343244,-0.40594147022016513,0.4498294786389164,0.9079064791043173,0.3861444447155151,0.8062659513292856,0.9849537155440697,-0.339607585334962,-0.16667560955149957,1.5135928740957534,-0.12120775695344274,-1.6387370166402135,1.1174404733364773,0.422548382065677,0.3487118233574735,-0.14181675977889355,0.4517815642036967,-0.4409257824769927
2025-07-30 09:27:18,-1.0889035492040753,1.3371751817364823,0.5479152806852394,1.5425654623350633,1.971446155388728,0.21900440295196316,-0.6431502670202751,-0.16064990706107704,-0.06167952659154076,-0.4166928445778851,-0.24701166588866336,0.8305498198267739,-0.7769956486132006,0.6884347591692536,-1.1359120931928135,1.5736803777943051,0.2659466163698155,0.22506395744199145,0.2950184061957031,-0.5166667110154785,2.252616851425747,-0.9511118227710158,0.19972838268225288,0.1839567770572779,0.7302467499011334,1.3137707691351457,-0.24050288956651933,-1.9320505374337025,1.760504702042898,-0.08713489523303244,-0.19903936668714442,-1.3343173376194846,-0.4687637921440342,0.5431330686291638,1.5584360916070839,-1.3176222603505097,1.3899487949277802,-0.4178686942947306,-1.0006424859520113,-1.0141545468142008,0.9510985098844343,-1.4015608334348155,1.6979630303982332,1.4296201029379618,1.3666998787386175
2025-07-30 10:27:18,-1.078426662476135,-0.1712654683941925,1.5677894512332429,0.1453027666487532,1.09806512348086,-0.10558855305976683,0.9268135143239153,0.0693398252525367,1.4051739271590895,-0.0633454540685628,0.11319724540411334,-0.6271498563250616,-1.0138643969274477,-1.6960158136972048,0.4615570633499748,-0.5809608824420666,-0.5626530152530074,-0.12511835143451294,1.2004939549916251,-1.148172928009652,-1.2619739541402613,0.4423430456794353,0.7563250691186791,0.03014325932676305,0.793915751805044,0.8099094938247933,0.8525548036790578,-1.3915162757505364,-0.8705261756555127,-1.0148465449435653,-0.6139541761496553,0.5214671970585157,0.1992054771269188,1.6047710929881855,-1.1093353674039206,-0.2915901855211179,-0.4468990435938348,-0.039958681705657854,-0.8004482111974112,0.44591571324680096,-0.09130324833122305,-1.614871230827782,1.8591011035265141,-0.40388643816722297,1.3080121746783668
2025-07-30 11:27:18,0.028016776735774587,0.6030940973780905,-0.5932877794432396,0.018155708819487717,-0.401813421832912,-0.636510338790233,0.386391056907617,-0.6576315829091349,-0.6274221188170336,-0.27264462059007644,-0.47993684912063905,-2.563050953547452,0.32349109170868956,-2.2165430575873315,0.27102381018745475,0.9731003124321062,-0.2187804205330033,0.035090270653804996,0.010192398743401483,1.0044792375913447,0.4429861339173631,0.09451547852064937,0.7504948116435477,-0.13334975379499628,0.7950412064791005,-0.6157302050665673,-2.0961907992342756,0.49257894959972864,-2.1611658055187277,1.1311511379486547,-0.7214332013256531,0.5487783380909853,0.7176326880478054,0.6648278644562415,0.058582095933548205,-0.9681360814116007,0.8866475493251568,-1.5595133894078859,0.6121443256232251,1.2160652437523964,-2.358744540538398,-1.2173930239360111,0.9871972969607273,-0.8637281085650715,-0.8711327729499996
2025-07-30 12:27:18,-0.6288331484701252,-0.3103465865906612,0.5163320933577973,-0.024337968384907236,-0.08631945396996016,0.05305527342344386,0.1879551241661096,0.3056470888415019,-0.6222199568281045,0.8489324992434805,-0.1277552320783371,1.930845111563336,0.20189890572034938,0.42991983331850053,-0.6774397552997418,-1.1743972473229087,1.7306479198694196,0.01173427624038141,0.0899145489783738,0.23149835304348057,2.1367887042790077,-0.1852566653707241,2.6096156242174064,1.7770126534416433,-1.070784899008907,1.4497456733970635,1.006166918918206,0.3228986033702393,1.6432131078900698,0.3153935250442674,-0.7371309402514183,-0.3719821358645307,0.5952251464167565,-0.47124015796957336,0.7059918236198092,0.6292512100450401,-0.3934194139975242,-1.139261777150846,0.5503678323864468,1.179258028206149,-1.3782996950682982,0.03173737888420203,0.20938342460056503,-1.3657495525758374,1.9060614572302848
2025-07-30 13:27:18,1.3707701794543987,0.2818781547620883,-0.0963071786319644,-1.335142208999187,0.1017649542379477,1.677599713349274,-1.0590382822923625,-1.738261867257192,1.4327739654898222,0.7901036567352104,0.18009629295525456,1.4635014883574635,0.011551075364064816,-0.034386348481796114,0.33027442985167776,1.4441651051222595,-0.8954376501290056,-0.17680524196362998,0.40826025140045963,0.8135547987636079,1.591575269953593,-0.5210879728743067,0.4303577690112647,-0.03939792888497137,-1.0244169149329274,-0.3269930672944509,0.288644365010444,-0.3705641806085714,0.5700481599855848,-0.27372517930868795,1.0380025674584046,1.647060226033511,1.0991802049578474,-0.7302044787165399,0.5403148765400382,0.6649498341653566,-0.11271818579241377,-0.5955410257894287,0.5629319612188047,1.30527729245234,-0.2938942561100795,0.8890027825132867,2.164653597199006,-2.6264689334150146,1.7349603265193616
2025-07-30 14:27:18,0.0976304559650992,-0.43702553882881573,1.0074592552918173,-0.6938848605300629,1.8647693422795022,-0.6124617974757717,-0.3627917584989326,0.2455325138580079,1.143009902498602,-0.47158038186824924,0.34452803017518047,0.86738177307856,0.15004542632002166,0.07594686593396663,-1.4436720018134896,-0.44018677382045585,1.2838137482081016,-0.5858366078851089,-0.23002763412679267,-1.1624606643411002,-0.4258036161456467,0.6456631788844861,-0.26898303963106784,-0.5016784982159086,-0.3856565885277967,-0.5826558466463552,0.5735899802911327,0.6202058071611461,-0.4851911969145371,1.4566304201253284,-0.6940369293136587,0.38021432092089036,0.7846832516100731,1.9362657560066214,-1.6108295606370173,-0.05312555325285706,-0.44373851156439226,0.5581812171439976,1.4923340170944823,-0.9858408583250717,-0.4203896998036774,0.6066125649718577,0.2844530775368094,-1.3372484369089115,-1.3940972436838084
2025-07-30 15:27:18,1.2573575238223864,0.07731873867450345,0.986377839390235,0.8517600473330614,-0.9997793687621426,-1.1217441124936862,1.1339838311136687,-0.869700348104407,-1.7131664470914933,-1.06182259089587,-0.12684180312843957,0.013740691292499004,0.6677693438960287,-0.34809698979207393,-0.48885749907268056,1.4027683649760754,0.5681758140891906,-0.8962633339710679,0.15885935657392108,0.8754473688751006,-1.2046108172229162,0.5834091645951833,-0.8585217663061099,0.8654575830235637,0.012503250505243393,0.29407852249152355,-2.1257087426499384,-0.8892959200188513,-0.7707960294410442,0.6200319473460192,-0.8821478655840052,0.026068893406281154,0.048286423516224156,1.6325973368975562,0.34289726902620155,-1.0529764548137615,0.27799794989772114,-0.8306731381204051,-0.12882555766903445,0.6177958458751921,0.17313534879897116,0.538877724898273,1.3891067684911715,2.043062234393112,-0.06850527282103562
2025-07-30 16:27:18,-0.3390260334921628,-0.12758804960841194,-0.6746828454460417,1.6256471838224817,1.5633209374101904,-0.7768037112892833,-0.9513272485037741,-0.1068054883027214,-0.39901492394025084,-1.7054591506187855,1.3439528487467531,0.6011174474003966,0.4565245617192849,1.3731759027471586,-1.4808213826085554,-2.6654219533664723,-0.25080625448031685,0.21552328064236206,0.6384913244515403,0.7769319144504997,0.04877429919264486,0.6598568936161835,-0.7971833579065039,1.0923770282968241,0.874146522359712,-0.21611008921046895,0.7717162034012511,0.17955622798485824,-0.2771934698252083,-0.7735524550371934,0.21770091122332944,0.19421778122203837,-0.7139728652185476,0.9464247106916093,-0.48712811411116647,-1.2176966544768386,-2.0281767632452765,-0.2284939862392146,-1.3426271484362255,-0.2598158168659614,-2.2503357530702144,2.1586339029963613,1.3063970117753751,0.6868408861580919,-1.5360932172090203
2025-07-30 17:27:18,-1.3885305425278207,-0.609438657415231,-0.41770899684444446,-0.9859377044326809,-0.03285092488595585,-0.6307301637947309,-0.36173678446641333,0.9102707763218422,0.9621861439706949,-1.949719324463053,-0.9369222959492083,-1.2154116672208035,-0.0006997038546593385,-0.9607842124413205,-0.7231727694215625,-0.3413093564123703,-0.15837193960501708,-0.39568313249812803,0.17499059464253383,1.817670670408048,1.2363292663164165,-0.8480661879050617,-1.4268477689684194,-0.4805128245573293,-1.0883008955506692,1.0343220901666321,-1.9070992749711568,-2.6605588607217534,1.3188498166217044,2.0186298557211604,-0.752885805559343,1.2103869121370563,0.7515998016314605,-0.027302323263137813,-1.4321208555379843,1.4542341274402377,-2.2424144019459153,-0.4069505615973672,0.05305740433945053,-0.8579665429824356,-0.2033618779519424,0.7704607457713349,1.5292898913220478,-0.2873516016924899,2.3509101868152174
2025-07-30 18:27:18,-1.547629160621376,0.7430230199076276,-2.9743764544793803,-0.05048049968587353,-0.3364154461441708,-0.35503691513195085,-2.22759939709524,-0.3944602007771593,-1.525932962429624,-0.7017420960080569,-0.0936995247116509,1.2359097865090782,-1.2520883967362637,0.47141775233554756,-0.7313894535455326,1.5694082212759024,-0.6829977163599982,1.0940368931883326,-0.4419911828757534,-0.7307747869077929,-0.40941056326769254,0.48284095633165897,-1.3852294091339565,-1.1408418694685467,-2.2614172017759744,0.10246366228451712,-0.4496570125206028,-4.06940044970944,0.8483534302126344,-0.6332719158853357,0.36979859915959334,0.5566623891590096,0.9131878183442409,-0.42276714640411533,0.9535784438090585,-0.2504486452400734,-0.39751849619285723,-0.422869271943599,-0.6150733313850228,0.7116006447882028,0.024085603047806478,-0.7794563813344892,1.3947218511058392,0.675041393261894,0.7577061282561428
2025-07-30 19:27:18,0.6534523521523233,1.0732144126800456,1.1337668488233448,-0.5846101173754376,0.6215729214123106,-1.799880239284012,-0.6372703145270445,-0.9895457274720476,1.2132136878080888,-0.17615992566481795,-0.9151994291306585,-1.4411506990570742,-1.8715448423834453,-0.0743104447358211,0.20622954824149198,0.7661528294729342,1.040226040596343,-1.0720156222854964,-1.1761523029628969,-0.707977913643084,-1.2963983253070028,0.488870228608907,0.7831663409946906,-0.4386524527422817,0.27242469305960304,0.4789714964159602,-2.247989143437721,0.49927687729944437,1.2390135439599173,0.8500563611447582,-0.0634265764991307,-0.5625071648245028,0.30872089677852727,0.49727291429246245,-0.09009187547233843,-0.24711141583886356,-1.6341743849755852,-0.32036248129286293,0.635988653738251,0.8837900569317935,-0.9385314251309845,0.12059622299825033,0.5342217978164892,-0.6984549425296471,1.6784395514981165
2025-07-30 20:27:18,-0.10446393462069394,-1.4188630315159767,-0.3283811680025528,1.3773707694168793,2.2195333601838962,-2.1670019946447767,0.9293449175931546,1.416177299830554,0.4482172503247039,0.7453158760241755,-1.5428345857928072,1.5441204734171208,-0.21210762669078684,1.3613005716737323,0.148971518578611,-0.2266397468711535,-1.771266107827801,0.4961554690480544,1.710515931916121,-1.0046551736137599,0.44971125212655666,0.23089890261895482,-0.23214233689276476,0.23583298127873822,-1.2611789320643016,0.7329365387596183,-1.1475400603349895,-0.24142671908660415,0.12446472482558721,-0.8833644589659061,-1.9247715291375926,-0.1388175572701835,1.2413272578955798,-0.018892861957281317,-0.7731872236971156,-2.1718585099860976,0.8158680932066257,0.053920954142627174,1.3048681531615587,0.068783995914701,0.21228321083706125,1.4588713321228441,0.5681393748926172,-0.6134771708628821,-0.5559159176785725
2025-07-30 21:27:18,-0.43363175595995984,-0.07885670471585271,0.40351627482600966,0.3860328214398564,-1.389179479774049,0.0314125892605511,-0.9875571801280734,-0.17150035454788537,-0.5341311311110972,0.8614305800140145,1.1183663706909874,-1.778950194838054,0.5811657000191779,0.4685030363453764,-0.5358770968581907,0.5905689215550632,1.803284271405399,-1.072328589929285,1.7778020404873345,0.22966440648900469,0.12740864993696593,-0.3271902797459648,0.6389877251918304,0.49286988631359263,-0.7706051941059251,-1.887576289158788,-0.7712880491003105,-0.4843931821142647,0.44303676556968524,0.6186217072045227,0.9525518138347578,1.144233973832751,1.4058532973921953,-2.024328846799952,-0.1536531609529754,-1.3416747663614286,-0.953765942567459,1.2543570265871968,1.0010570919309971,0.5608307183882214,0.006077009741294634,0.5198400118031176,-1.5928744450269021,-1.187864012893325,-1.446452929166508
2025-07-30 22:27:18,0.438135493054544,0.4301211508372915,2.474254281161162,-0.8874672574506856,0.0697032301842206,-1.398945239251501,-0.7053049813627793,-0.19563794602351556,0.9008312635059634,-0.43485451272726966,0.6201466852104722,-0.7367482880380198,-0.6254067219831991,1.8461165643797826,-1.3753640039024138,1.260993840818565,-0.77268866883901,-0.15827831712217288,1.9923661004659003,-0.647495169118401,0.8243607973167105,0.6912636292423178,0.20705319261260147,0.28588956410985433,0.7152010205633199,-1.3379184337360683,-0.054035648525044166,-0.5404708772048264,-0.7219900547210982,0.9786885157346549,-1.9344212818705715,1.998719102822813,-1.336806735154786,0.6400191464513869,-1.0918112075830935,-0.4707205733418968,-0.862415471528751,0.19103018636061414,-1.0987157193849957,0.6292489992191568,-0.16778867375121703,-1.1971983350173852,0.6375045176550487,1.3112479353380295,0.4427470725393894
2025-07-30 23:27:18,-0.9011553703310307,-1.5718828057450125,-0.25658536379949326,0.6320857646277372,-0.42166316826115147,1.1698919666245295,-0.5099781729538614,-0.8197310693068869,0.9610261017535683,-0.9279601286398058,-0.7156219095902631,0.6900986119615816,-0.21415722054947742,0.21288302463989286,0.6187592330071069,-2.1059869305733216,1.0626209933351904,0.6910572970450509,-0.522905836767224,1.5387629127057936,-0.5160184624413178,-0.40255737415637066,0.018464581631819348,-0.7220843490632849,0.483331341826184,0.09813247403131188,0.04679514584928285,-0.9796371231537705,-0.8413245995380335,-0.19117406674703252,0.7071068919610407,-0.7155748489788395,-1.1660136779121155,0.8542058739143831,1.4307842301775744,-1.0590232915175641,-0.18594035717831014,1.3329524578903136,-0.7661558212247809,-0.2630095043766227,-1.605074495418516,-0.09400760094195276,2.2620660044425946,0.07734337928787242,0.19226190292922987
2025-07-31 00:27:18,-1.2074859451524542,0.29432566209020966,-1.2385058644162055,-0.1893653296454476,-0.8634607241829563,1.0586544166082827,-0.12834790259244439,0.5333474504532667,-2.0059851792706005,-0.07646792225123705,0.3387441694671996,-0.804545754774319,0.5949507230975146,0.15115418789975654,-0.7780935303639809,-0.5114854973379267,-0.5724463622339232,-0.8931483448832657,-0.49552519832692704,-0.20519798087877764,0.4312848816781972,1.3443588034111904,-1.1463130097247003,0.7130785062855178,-1.3029889955700806,0.7251647774879956,-1.4866117340784715,-1.4585166538778471,0.015816248233924447,-0.5120255478374791,0.18085723066937817,-0.5142668209991187,0.2127868855676738,-0.8826668682093802,0.07928210174742002,1.4887852928660028,-1.2242081609389948,1.4330426711477215,-1.6826152035179864,-0.48202481830115224,1.893642622440225,-1.4514773367951985,0.01609087374298944,0.21733535702332868,-0.4529002632619437
2025-07-31 01:27:18,0.7453492872124073,-0.5460951188283104,0.5041873536184898,1.2602910625920416,-0.4737306971800088,0.6439439220450165,0.07367383211160822,0.3089570987916513,-0.6529785425561144,0.4431549119588225,-0.6611408240107988,-0.9993073569843052,1.2225355403563387,0.20741314004785313,-0.15548898347055176,-0.27208723307198257,0.3300113001948102,0.6260658833178838,2.1167498396291395,-0.9195339271568798,-2.867426124584353,0.00579551178296697,0.6330539230867525,-1.8066173148546034,1.894020144526127,0.9899896267454285,1.1678079562061066,0.8585073569512889,0.6291738391971559,0.8899845637038503,0.8156084830388888,0.6020353945241738,-1.9085757898284217,0.1044987609902925,-1.2115629524398845,0.641439384582709,-0.7478000006646324,-1.3538266720726573,0.3283199308098961,1.1045955652639061,0.7545227094851217,0.2593638985370923,1.7812762660231258,1.2699781714174403,-2.5129213076448487
2025-07-31 02:27:18,0.10718887621820476,0.14107077196655282,0.7274397970364084,1.6904381163951645,-0.7191833468936276,-0.363089179685764,-0.8120163979951506,-0.3600483096392891,1.0800122412715174,1.1046499148400997,0.46993326461816676,0.01309639218869443,1.780374251322566,0.12799618122585163,0.4539093755392086,-0.3717696439645986,1.149880995961621,0.5623049088732023,2.022115212815286,0.21595667386587283,-0.39335556107274416,0.6417027412940242,-0.8992852920536397,-0.9148424674167246,0.2299219716533176,0.10973057880034631,-1.1539662492271876,-0.4651003490483708,-0.318564176732798,0.4648184628816985,-0.9968080039305685,0.2366671479472549,-0.5050551855995208,1.3103747155557899,0.6634095772971419,1.5261940058386299,0.16004229408101128,0.17511762682275286,0.4265468652174096,1.8756047541421261,2.1799829514982254,-1.9045688075837317,-0.09611155492382303,-0.5673407121989489,0.22521106543287361
2025-07-31 03:27:18,-0.1949107679498186,-2.185157745759931,-0.1622297216763287,1.283311300104646,2.615457840160497,-0.4074524366695787,-2.0635884915501785,0.28476692629502454,-0.1131208628369415,1.7327890423732255,1.7027344487451512,-0.9111932402937029,0.9973185230045882,-0.05762075332942236,-0.08132915317842512,1.1573002115436144,-0.1726189373463882,0.6446028412387963,0.7486637018795879,0.383933138659798,-0.44522665787602705,-0.1438250615354467,0.12028047220025646,0.044659559454395634,0.8527628928338699,0.7482466509865681,-0.1524883903046875,1.5475174895286912,0.6049464352686793,-0.7507409065860674,2.4193232841740464,-1.1716282549115278,0.3684840068287786,-1.0414882797726117,-0.6565167640982418,0.12188712252299246,1.9620623110993183,-0.3907778146023938,-2.4764748247735944,1.0319062823524512,-1.2407467163852082,-0.5879159018406245,0.8244453859085521,0.26593067693905276,-0.015561899606301461
2025-07-31 04:27:18,-0.16497811315586303,-0.1305646104409668,1.0924708872393725,0.7840142038289579,-0.2571457668238752,-0.27229138257706953,-0.06617621694325883,2.0991541261394344,0.4835701333799738,-0.8106928891159461,1.933675982893831,-1.0557070532209223,-0.8628348109640027,-2.3593215552115714,0.512934885915191,0.6492023329025074,1.5366622567821175,0.028962753384130423,-0.15170002144867564,-1.3064176578355884,-0.13022741440682392,0.23635247645943736,-0.8102930403859185,0.23742698964293285,1.0456201976050092,-0.6280652539617063,1.1725619046042886,-1.6503734863511272,-1.064369050265732,-0.3155835479534124,1.462198552559103,0.28713082254334016,-0.6491581650165025,1.6457034027346433,2.1468466545347664,3.0843958343109983,2.220571363853746,-0.5193361830556436,-1.4502161667423838,-0.1996398058068694,1.3514951409610318,-0.7259991050029367,-1.3691520356112243,0.1780733931327817,-0.22953010020931108
2025-07-31 05:27:18,0.37112601730030936,-0.5109894729968383,-0.920968364313251,0.022458452686262845,0.460779182276207,0.7013889789791491,1.875263316099589,0.2649343731190468,-0.12509023355137486,-0.11039297287503883,0.5730193183577281,0.8873498287049524,0.7171104491470423,-0.848055403433855,1.0214049070260105,-0.7215940846349284,0.21537042491984665,0.7092712014938493,0.650262044725077,-0.9779558926653205,0.9805229790939686,0.24476155102669564,-0.09986069520101826,0.6726232880922256,1.3302464739463802,-0.13563414360915813,-0.8376404720263398,0.2958484312556645,-0.14915108568322377,0.18491497033198087,1.119238364807177,-1.2977374543645357,-0.15363862473209022,1.1785463272356076,1.622134230608867,2.365538638013537,-1.5328423632456176,-0.47673511980989697,0.7309706304601069,-0.2106808102744957,1.6282229567155413,-0.19524611813356338,-0.4426395198933916,0.2696159934831378,-0.2818304916943541
2025-07-31 06:27:18,0.3233259926650394,1.982844551237464,0.8577409184184401,-0.43356344983075035,-1.358125472661721,-0.5879101493902086,1.9080975288575703,-0.9940931436197676,0.3271905867725797,-1.0102286770662015,-0.036540406895735233,0.09786314828402796,0.06441060774353209,0.16456024951129095,0.5573023916993128,0.14673334062590027,-0.2507872151935456,1.2590339156813695,-0.5553916457725333,0.17360092802508997,0.497811028522022,-1.114826128305834,-0.8859083449281908,1.286114723851669,0.09991855731430495,1.1294008283724717,0.9254509500737614,0.03454082872598585,0.7949724085391584,-0.9053969078585974,0.05987677561101013,1.2278596216148454,-0.6941063113602173,1.1534272690466416,0.3994763410370162,-0.7992621531590409,-1.2780433048714133,0.5849187381718655,-0.939868824157101,-0.5868690975010112,-0.558553083196774,-1.4313346441005637,0.8784866937059405,1.20731329580182,-0.013293947827598575
2025-07-31 07:27:18,-0.02580450875679539,-0.401282898193842,-0.8912262768279965,-1.2506020392711834,0.5422106296801226,0.14566858345739747,0.23187751850846794,0.9316581289085967,0.2915763501027077,-0.07407741129236686,0.11569275489047229,-0.5513392338955823,0.05050512831017105,-1.3366420988030134,0.38896723140513906,-0.9082525221322465,-0.276634863148442,0.44484790626222354,0.6766109153201462,-1.051295659124226,0.9326276918093048,0.02687441367400172,-0.0054621043156351835,-0.4189260039129498,-2.3835384499824266,0.9977013488287816,1.3482176934929455,0.4201698003701402,0.6920647202588611,0.3388931874115658,0.16836811711003258,-1.9754051437457,-0.5385810645519331,-0.6836687726073186,-0.7538974675235205,-0.07869345054870615,0.21554671677873516,0.44257661010077015,-0.6150193694187209,1.7588351484454172,-2.4347115957575585,-0.8034083361148906,1.2328884706791716,0.9579051322467608,-0.9443105949046112
2025-07-31 08:27:18,-0.6710595813810454,0.41834956694547476,1.6200316042931242,0.6765428001187958,-0.7976122351535777,0.5372715376085939,0.27697702773058475,-1.0377686754833066,0.1537952536279178,-0.04548210601594972,0.9360767661784769,0.007383385143573697,-0.4615587516066942,0.43379387612627307,-0.4284997762671519,1.4487441568575357,-1.075711032417554,0.4913579941757089,0.14713192324339774,1.473733782282812,-1.8059224138604135,-0.5451193321254739,0.06981643927249638,1.0502285123921855,-0.5562774256042695,0.8664947085271142,-1.021178090029676,0.07517740524177985,-0.15113854486437683,-1.7235908039151533,-1.941214642559608,1.5763557401229524,1.72473935537843,-0.1273050869765166,-0.6843609821888821,0.16080288932549439,-0.19346927449410764,-1.0288143816528799,0.47495223512529383,-0.831110864425812,-0.4627562324347003,0.8146376906055963,-0.20480478299509783,-0.05060968707996086,0.9732248450580904
2025-07-31 09:27:18,0.38419894267845806,-0.8746601042496674,-0.2846967101209274,-0.5898336333436359,-0.09699998467223966,-0.28024592554698624,-1.0670147949840096,-1.5790989253330456,0.4141723257193861,0.30210084174070845,0.6307930468821953,-0.8073446732053615,-0.8759243099410371,-0.008383983660338937,1.2956301166406763,1.4548081331795089,-0.8683527369825439,-0.6786048137900726,-1.1618209836547293,0.6157921641106002,1.8998594718387363,-0.49646670960012534,0.634794471938745,0.987066458879373,-0.035109297678906824,0.012262000258445607,1.4675269800024082,1.9431040797452563,0.6925672842337868,-1.2371904459602667,-1.019464866139282,-1.4715117845588623,-0.8257469925798793,-0.4897579921301837,0.08168126039746584,-0.3109168754415392,0.5472023239466153,-1.3374188650976422,-0.18025115186470544,0.3816523164712163,0.4317842683789187,0.27129181970752225,0.7771919155042663,1.5679542279576897,0.8534917440687849
2025-07-31 10:27:18,0.6811035949105737,0.9219066959832775,2.4111524888636757,-0.08916863435109575,0.0866155507525508,0.9610816017171131,0.21317949199564853,1.0091443520923087,1.0843413526452939,1.2596292423258495,0.7375351617578295,1.7402034978013876,-0.11761083470145775,0.21419064575710015,-0.00377146986433545,0.9378661188205292,0.836605514115846,-0.904529393597065,-0.358528271865613,-0.5933125800565059,1.0465153781203071,0.09879185092860551,-1.3876406135658417,2.001714082194961,-0.6485330982524307,-1.3451954943905422,0.8491508565364962,-0.1529974878062254,-0.9059715771823161,0.581026681488367,1.6984097674481717,-0.5222146624064902,1.348717035440557,-0.32236292987816306,0.3393475451781255,-0.30286761126291506,0.02008510763151311,0.9871605014001673,-0.38665273547923684,-0.07933982888727924,-0.41507736137994944,0.4506326705264933,0.07773829958899973,-0.11000094647319716,-0.16348886445494631
2025-07-31 11:27:18,0.25245253268612755,1.8530471200994578,0.366197993492407,-0.7998499748670769,0.5404110648337452,0.7262440916624542,-0.7081450367684168,0.6505181620239833,1.4738711311546495,-2.0611809537293873,-1.3019370745484833,2.2164260419073134,-1.153806943416126,-0.7376943874913165,0.7875225304564009,2.032366330371969,0.2872430283659041,-0.8479998182117974,-0.6836041569936608,-1.316937107500801,0.15769653517016455,-0.6156263949172142,-1.3352569328881172,-0.6152809425032988,1.2539364458014866,-0.43764285055972435,0.7107466745148776,0.1894357311771153,-0.022202165929699615,0.7326849221059126,0.12024391192853175,-1.3528031248978576,-0.3239378195244407,-0.7546869845943613,-0.31139473875527224,-0.006556429520197084,-0.4162857926437428,-2.374873105494461,1.1633736423561902,0.07637317184245561,-0.3796252850450953,-0.4888046137776468,-0.1174042169891095,-0.37297308753816,1.15822350581681
2025-07-31 12:27:18,-1.4072615513929339,0.8064972384917931,-2.17035138855871,1.0858254256337256,-0.03229656818563045,-1.3871514908637803,0.43358122784789344,-0.7149721118675145,-0.2443807052087676,-0.504571580461167,-1.0982526322003696,-0.19449341853643212,0.8531823217983509,0.8224709780898039,1.4604795995569242,-0.4143175315598369,1.4237529458205174,-2.1500249987472952,1.723838702295712,-0.29159875318416356,0.32170567718929827,0.5210664216986012,1.2378400595668049,-0.3556074268404846,0.23732299202370116,-0.11276036415931932,0.23072217172826157,-0.47182190971254184,1.3404998537355348,0.17275103714221146,0.9338564942388417,-0.47627824884022063,0.6430990720513873,0.31227313595693534,1.1315269602886266,-0.4795999180663224,0.08115907122594013,-0.6414517126988646,0.36159939526741924,-1.778493668213074,-0.7644366839816904,0.3939150578873208,-1.2486443854224016,-0.4569119337613041,1.694124051987431
2025-07-31 13:27:18,0.03468991446253078,0.40544192524333444,-2.200740823950958,-1.4255202998802827,1.227559468604854,-1.874754924412635,-1.9543140028543013,0.3266259756555588,0.825333882651623,1.2073310524381813,-0.4278816334344459,-0.007920717905603213,1.6189259170519052,0.4444423175022956,0.3963478805216561,-0.6682213431833668,-0.34306563937145446,0.8166354882714739,0.9878282136976039,-1.032748786180335,-2.531148481514884,-0.9740297392749246,-0.14999901664397372,-0.5400998678559289,2.246415518762689,-1.6799691235289487,-2.0574873011288783,-1.5817428088154564,-1.1954992670203552,0.14561257919154172,0.4568577685217424,-0.14576198770716128,0.6278974020366398,1.7372259387597622,-1.346696763930611,0.5358312563971597,0.04274757911972898,-1.3613635772062567,1.6330048483862423,0.7061996050006258,-0.8885279029899305,-0.17202639345276122,-0.4915428865538665,1.7668711947115583,-1.0605208974498204
2025-07-31 14:27:18,0.5789928300781505,0.7946248608174373,-0.6834445333432927,0.9126986055228445,-0.5313232738797855,0.9506467751311217,1.38520281897562,0.35958591745167395,-0.3167303498640039,-1.3164762716070615,0.38516975221759703,0.9456223248032196,-1.0854427536075608,0.9634789160560393,0.27741150616194754,-0.4639343077791158,-0.7576017668019452,0.9549121409448686,1.152050591887912,-0.5287852633268746,-1.3803115580678351,0.7483906382478601,0.4981565049426655,1.273144940820734,0.8215221648084162,2.561270067015155,-0.637906370365741,-0.7755860882035277,0.35528784451169815,-0.005123242775828342,-0.7585038233352794,-0.5709479049365547,0.3468482414250832,-1.7694072294877254,-1.255820935495616,0.8841274975399699,0.026102122698201117,-3.1519105502745064,-0.12369643949416158,0.8453898086929001,-0.3291281442167442,2.212362844765201,-0.7475216142859865,1.2716068600640704,2.2475786981005235
2025-07-31 15:27:18,-0.915117665602159,0.6257883947456615,-0.20433197324148145,0.45437982661115106,2.021872635305349,1.1303333678016845,-0.44473147050120854,0.09454905853098325,0.47691946525378376,0.9625302556085564,-0.2841476171677994,-0.6936300439423664,-0.9147228963275476,-0.3990830376472975,1.1529164720443954,-2.171118269234905,-0.5710047049240462,-0.2120544722684492,0.7091523321134181,0.5566229251256256,1.3858464284932976,1.3316278567918631,-0.4679156251828886,2.689962021547613,-0.2714995532120804,0.6079216366423836,-0.1017440475566445,1.2037835206338945,0.7791073483039309,-0.030880112430487182,0.2141565062045828,0.8903362863371974,0.9642663908572989,0.4611301662676104,-1.5374690036472303,0.36383127274310384,1.2856984888105596,-0.40575934436484973,-0.9208400804571181,0.2984986113725436,-0.19172761843591535,-1.2066866337332647,-0.011531005313777015,0.015732341813049677,0.582561108065623
2025-07-31 16:27:18,0.5554155695043296,-0.6040634285065349,0.16379737112588125,-1.2590859359857778,-0.7464813284112413,0.6325600642842547,1.5168761793321357,0.6741953107038525,1.1681166152592313,-0.5421402291107065,-1.381805862710055,0.676777240202079,-0.7164371062714432,0.37275963824128366,-1.4994485853550954,0.8717356166555363,-1.975522635447138,-0.2575655379758719,-0.2970540462634707,-0.1285039469857413,0.07571974481228166,0.10562918833539281,0.9157501759426199,-0.6554626952156896,0.6985380055903341,2.1851757709486113,0.15214247255664065,-0.2465173089518033,0.19153537763485687,-0.09299998772987876,0.38215255233371404,-0.32405808223713173,0.04380424015696486,-0.3144662592582513,-0.2712202822431846,-0.8969470237234787,-0.5524876324824104,0.2386862277225572,-0.2227686412027015,0.44886323283489954,-0.5526251642705544,0.08446875477950432,-0.025060475962680406,-0.8203263406493843,-0.22956571136436388
2025-07-31 17:27:18,1.3624163443496253,-0.7641897032994842,0.4427532009230408,0.48252529796023885,1.1976984069799714,-1.6003219893658491,-0.5363618315613234,-0.13581077580235773,-1.8692362915255931,1.1338238548680615,-0.4953674030499709,0.3658271269756711,-1.8687946374702609,-0.242805729603154,0.3417287224240481,-2.582685320183627,0.7191536812039996,1.102712329768055,0.04948907155424375,0.6885005328968912,0.7373347620051568,-0.16195330299147684,0.027307804515364593,1.143770670862383,0.051468084455000854,0.7551899167989914,0.21405228313349872,0.6271237132029479,-0.8671702907689939,-0.03844587453731781,-0.8185689914577581,0.8127639633016339,-0.03145356360431995,-0.506556660689837,-0.14727992341593266,-1.3582131587441486,1.1029123573584794,-0.305674259712235,0.49044043850428365,1.1111470508114185,0.1465903185482416,-0.6607828738534725,-2.32304100597049,-0.7542813702084274,-0.4980233830445621
2025-07-31 18:27:18,1.6412887937108795,0.12229684885885941,1.5766011138641238,0.6952768971932065,0.9290892509498618,-0.5898667803897244,0.2819154923783195,0.058319855529050425,-1.4103952636596666,2.129541360630268,1.0860391089976693,-1.5465892794740408,0.04330006789757676,1.8331485925097752,-1.2958608643226097,0.7204208636375271,0.962517931171985,3.1069421832617676,1.5269614579401496,0.2198335809519253,0.5598105724542639,-1.2019242966007928,0.10431492672319058,0.42551904311865896,-0.590957460380525,1.0509736928602265,-0.9487628328699834,-1.9498623500030339,-0.08759311141211083,-0.6103963939497931,0.7360149761350829,1.1675663185181389,-1.3407119584195955,-0.22752763523797032,-0.657955963177521,-1.333733011255274,1.1262194527163103,-0.85825946880173,0.7386869089931457,-1.085310962976144,1.1868029550707526,-1.2237044343790908,0.1407007334626115,-1.1449554025072948,1.9269507636419043
2025-07-31 19:27:18,-0.7129012807788427,-0.24728302469237073,-0.753613201689208,0.6467734743884453,-0.288878898298154,-0.2919812849918973,0.573331815195913,-0.6050699728232325,0.5236506301079537,-0.5587015844079312,-0.5565262460717975,0.7717926756181225,0.46434072472907956,1.198198059658258,-1.0624664184491661,0.6040339175041567,0.5615508956263131,0.03100755717507405,1.7244823574121686,2.25682155614418,-0.9475942614742345,-0.014517676196384268,1.1540147917336878,-0.2149705752807609,0.2343374476923239,-0.45060429630668153,-2.370967517899649,-1.5519356846463432,0.5032164631183969,0.25907690739761274,-0.5399287572248919,-0.2556331378702711,-0.8094695515979007,0.3822098570213163,-1.604424358047623,-0.014468042703541463,0.847093861564009,-0.9236156422725538,0.09976030705085076,1.208341703493262,-1.560106738042078,-1.548333206767227,-0.7889951701402913,1.3869017209078571,0.6011881374078212
2025-07-31 20:27:18,0.9003445808807055,-1.1113753670691755,0.6727766841290477,-0.8977870874478949,-0.0747252874026237,0.23733937081951798,2.7196746877187206,0.10577083956653183,0.17752845288475774,2.034671246714292,0.9180505446870475,-1.6116813046984013,0.5373219205885827,-0.4308290424785416,0.948011521343125,-0.9276291311413666,-1.4431514320549492,1.7446393673703595,0.236856170793724,0.6474937510693777,0.952907502226269,1.4648694867722007,-0.1322591478997741,-1.325619976028825,-0.25277908145192024,0.11757800125248531,-0.09450707401317457,-1.425904792819681,1.5056499904492482,-0.9365237073620223,-0.71364836655237,-0.7162328271726944,-0.6895445405175397,-0.25390216391713816,0.05695101632341099,-0.615269392481966,-0.8900491597577699,-0.5479369292040487,0.6904080572672306,-1.2348010029146104,1.5838922462357072,1.6733673040800987,1.0426116916862678,0.12016800321459953,1.4166594891513962
2025-07-31 21:27:18,1.3627587554859615,-0.039719139862910785,1.9828189659355626,0.8764594595228465,2.249483754651609,-1.3415298080425577,-0.4672457473043789,-0.8294481568478868,-2.022440387610072,-0.4488590815334112,1.1026861815130855,0.20243697797301693,-0.530661720981782,2.6019785451481807,-0.6283823438535855,-0.19363066522781572,-0.902702705671105,0.41002211738683664,-0.44141202243822913,-1.4864891371501108,1.0643176938382346,0.807704163874907,-0.5355190453181025,0.6519781948500035,1.3252014259168858,-0.13657161893221084,-0.7029836505437244,0.7330135005867757,0.7264507881772753,1.2565580330110693,0.5734437061479379,0.21841703375376909,0.8947632792546756,-0.6351198325684719,-0.3249441744251273,-1.0586190609705006,-0.00657731021732184,-0.19275555708581915,-0.14633320417395815,0.7883838921320508,-0.7871852144583156,-0.4421079123996519,-0.1687282649771786,0.07414819638307744,0.9505771939709775
2025-07-31 22:27:18,-0.7913048998508888,-0.2579321706935146,0.9717124509618922,-0.7838706669714396,-0.40144962755395697,0.7915564465248962,-1.1420981831172896,-1.1709453620845387,1.0007295788444055,0.8432996531713746,1.2461812939014294,0.703327419526638,-2.670323121692405,0.31726067005868785,-1.1240099751193742,1.0562415648786363,0.22292740717028472,-1.2126264518130945,1.43522145245885,-1.6936381565680905,0.13014158948763113,-0.020798531101971957,-0.18931125266030532,-1.7909470135617445,-1.437722144834514,-1.5441458093282046,-1.0015951287606888,0.2885649317973225,1.788473019733627,0.33669075944772164,-0.786852464683944,-0.8904400326403378,1.5543970581369992,-1.4577189903867185,0.1357110685611835,-0.11919247498621165,0.5207881181352556,-0.053677212845149966,-1.0589625693863363,1.1222328912070343,1.3177442861657622,-0.125137676838358,1.0554641344189823,-1.5599499566369808,0.762030548446226
2025-07-31 23:27:18,-0.8368458774356419,1.1721290969881084,0.28359830332805586,0.9352052652848142,0.9309122904787187,-2.6894671815858917,-0.6372374474834013,-0.09966886119693551,1.6425894513625618,-0.5663743626898229,-0.6916888188866374,0.19061514059721216,-0.6592330068138975,-1.0418144325622591,0.6044161205625211,1.0654030398453513,0.40140696046940916,0.8705476358178349,-0.2955724230691861,1.7034691707525673,-0.6909188707058422,1.6041830628292344,1.8463623296448617,-0.738808263086186,-0.05636806720904691,0.2605299128135885,1.4896087202286572,-0.49910292779224574,0.4635733684124721,0.07415204273785611,-0.7311176953382234,1.408336935568334,-0.8587786695270646,-0.23526723822572204,-0.49408484440938777,-0.13956574742124062,1.5713838460894685,-0.8227676366079848,-0.5717492062686308,1.1910371782677234,0.32955190338830403,-0.6865022680156112,-0.6669263444159654,-0.3877824919426004,1.3191434183176098
2025-08-01 00:27:18,0.4928290886292244,-0.5729155895003593,-1.0430259754312659,-0.5524486128920975,0.6009141262320955,-0.9586637876629842,1.1942602299069645,0.5624651263216218,-0.39200900465934074,0.56993352206232,-0.40950874777348517,1.001416107363035,0.8458906958693124,-0.1005180285410011,-1.6156819043007062,-0.6697276093910485,0.0739268973633386,-1.174991489490789,0.3110445131262065,-0.7796305468648136,-0.7127108415166886,-0.44816708497242946,0.196855982340345,-0.6289601863013891,-0.670176073196382,-0.5805856615416538,-0.17434406448444334,0.8757090669383749,0.8293481939606983,-2.5411861612179054,1.3179941625959823,0.38872729017886704,0.08182867472155657,-0.18548717568232376,1.0248418460356488,-0.696457301370284,0.36634409549704905,-0.020147839998320826,-0.8383140118092558,-1.36888653918593,0.6985336542973581,-0.46428877813857494,-1.8170253835948997,0.016702001190502035,0.4733617817388942
2025-08-01 01:27:18,1.5019875969372205,0.34587080955236965,-0.12463894766045205,0.6569367851476721,0.3164848286043749,-1.5625586125450999,0.5098528060963016,1.4466794128132685,-0.3754838775180316,0.49977841752152835,-0.4802884830558582,-1.771646285196039,-1.5768223414401459,-0.48418654529166083,-0.8355970545280235,0.2170724031971309,0.2238225819853439,-1.2315583997247421,-0.25889780022101444,0.904088908902996,1.3052854485780392,0.5020208283995423,-1.8051488215767757,1.2871314211557352,-0.21918494528836363,-0.4197594886023854,-0.17753591003838642,1.4996947650839003,-0.25118179424952836,0.3672626433439467,0.05088585900741477,-0.48901430402177987,-0.8521381823336601,0.14284644261148524,-0.1836977476406416,-1.267190863049668,0.7045628502487707,2.226904264029457,0.28273255778361983,-1.1089598709413924,-0.03753294805135085,-0.9662649030781603,0.5889649645649178,-0.43284568835071385,-0.48637041647367907
2025-08-01 02:27:18,0.29545619033218823,0.9660503443737675,0.28602389402991174,0.4839408126385767,-0.7133189706519966,0.357111446880544,0.6505538850135256,1.1458115833871343,-0.18826169810318855,-0.5511073437802343,-1.4360739977240609,-2.399067124844212,-0.3427196289773146,0.9667133018833681,-0.08971909281029387,-1.115716272688434,0.3701261345251533,-1.392112097521196,-0.20968698239684352,-0.12342962988274524,1.7341790763833485,-0.6902052738911498,0.3971241015798076,-0.8293516660959938,-0.2828768989529881,0.30222343246013306,-0.9261930780675761,-1.6512927575838774,1.5490604280039784,1.5805610838510233,-0.37848251142180683,0.6800781389197745,0.20783480301061588,-0.6917917041762293,-0.5288525677834727,-0.03960513113533537,-0.2878897857286808,0.5367356698458893,-0.8153909771525307,0.2051256022622203,-0.2425706216941283,1.351681854559755,0.046427670907424334,0.12006049167012646,-0.9267432170264561
2025-08-01 03:27:18,0.9938970323058971,-0.39898273563979314,-0.7330840249675115,0.5048932043512806,-0.014795489830530655,-0.6440392212196381,-0.1760074321479767,-1.1443197472012312,0.593554361249201,0.23517647783803938,-1.002576621352774,-0.8313819667900301,-0.3401014900097681,-1.6997214156227924,0.7543358252489769,1.487643090361099,1.5188525119712128,-2.3608188173796454,-1.6113762281448738,0.28199680306854674,-0.8217544026621159,-1.7077401812932962,0.4609025373430964,0.5291755623355838,0.6313312813247369,-0.295292846588875,2.2826756034005418,-0.4805319251375844,-1.5294976286804014,-0.06606627592270893,-0.4831571880783095,0.43057907911550936,0.819083661827672,1.0301942063989888,-0.7435340825706527,-1.2205433512298798,-0.3482238814497462,0.6502427503268163,0.31978310752044387,0.08751992280203529,0.049520175745956234,1.3883364309641,-0.6406647232106966,2.3180958739361084,0.8673934237892965
2025-08-01 04:27:18,0.21031674902538247,-0.6814683716417773,1.1325406756102478,2.0629601161276176,-0.648233025515664,1.3632647331625316,-0.7356361000450166,-1.7973790880494944,-0.05689892536745878,-0.035219774388310955,-1.4989440114532175,-0.06796674446300935,0.23602546682760517,0.6183449801809068,-0.09258063397963415,-1.1058720598222278,0.027934130319074917,1.0015206034674922,-0.20887910065669774,0.6903928752472115,1.0669909361392094,-1.794390879143737,0.3982891480550835,0.22648279202255078,-0.5546470621932144,-1.1159676792224955,0.28007859226492604,0.08283040991957466,0.6786196083492714,1.4000261762365636,-0.8804737195727864,-0.8130747355597969,-0.4933795109539851,-0.2877168360573182,1.7152961064899517,0.08888421041562285,0.5679290562347918,-0.08188437930107251,-0.8456835967432761,-0.07186767087236719,-1.074644840863127,0.23857941158360488,-1.1131030752375195,-0.9467283317694876,-0.7134232429266514
2025-08-01 05:27:18,-1.0744600319368989,0.6355421813464961,2.397472784051657,0.1760317940908243,-1.1173601112521307,-0.48109745478577204,-1.040880957420893,0.8616637738272929,0.13334747395073365,2.6999910475735893,1.4817809354366023,0.7432558140503434,-0.859944017314261,-2.0344821194130573,0.4880624430563021,-1.5477833636275349,1.4141988317602363,0.5977888536670849,-0.37861019042919253,0.5554582198961633,1.2177696412737216,0.23626363525425081,0.21829209668431285,0.09871425717056997,1.9764441855347152,-1.5150583676104814,-0.8755410314148945,-2.3254648513876495,-0.09900044692699672,1.2962055842478137,-0.6413449085326158,-0.5009786936742945,-1.1149301149409276,1.0853911526526805,-0.5701572021507957,-0.09260000628942883,1.3659341755627332,-0.9162344136556235,0.4500549214580422,0.4085820827922833,0.009401922498015828,-0.9900008374725799,0.904965073710339,0.6009380377861357,-0.8948264743350558
2025-08-01 06:27:18,2.176163997258192,2.0585167941182174,-1.6410240453485296,-1.1763469844466303,-2.521621312858745,1.3298601767820621,0.4308962600838677,-1.4039735292274018,1.7004481400165208,-1.837944558591812,-0.2723327403412627,-0.39975513247227334,0.8302484327553079,-1.4709664579262207,-0.42320650400444443,-1.3511451090932747,-0.38183475449339044,0.18395942784685687,-0.1937475293412759,-1.0402727772957212,-1.2170357746784166,-0.1301324072104927,-0.2881694822844704,0.42546014301913787,-0.8374386742234057,0.5509851388200251,0.4666281128177526,0.09926340418736143,-0.7737740164215196,-0.34024321627913495,-0.4920736788124023,-0.3565849376795278,-0.34861273537677306,-0.3166497911193517,0.3369138466858071,-0.36394653551915,-0.9525728575580659,-0.12020208137954179,1.3275889353824324,0.4229890214589498,-1.4033204655184246,0.27917258248499016,-1.121755952819919,-0.010244057676615561,-0.5953301855491336
2025-08-01 07:27:18,-0.2065522882764898,0.7775429461634896,-0.6610783995416565,0.7552948485297938,0.4576079291798051,-1.1601902740250691,-0.6817797342417288,0.4163564659390555,0.3550860132265643,-1.0785773957860054,0.022293112168669228,0.05063461087540873,-0.5927687099735737,-1.3353434335906633,1.2693322270140273,0.37724588953804844,0.8920698739306984,-1.0112004197598066,0.2595035821235854,-1.053109703687434,-0.430835000362485,-0.5858873618015847,0.5373657989567608,1.1334036016493794,-0.24557326639485427,0.5428882134452842,0.5513991336082076,-1.0453025259069784,0.8927357559571204,0.6326788179737824,-0.9663164348259784,1.6105174966804754,0.6340931885666891,0.38216118626447015,1.821533535417094,-0.9109362664126112,1.1468046996365013,-0.9726733291041773,-0.5822562620783187,0.2607222639227469,-2.1735615779679076,-0.263845091943368,1.8579612505507839,-1.5556887675958067,1.0593857799710893
2025-08-01 08:27:18,-0.5766165913154567,-0.9094697162994373,0.3958822217010084,0.5274554742318143,1.305114044405057,2.0665100982591995,-1.4207136929229396,0.17251244370363264,0.5301582611006974,1.3045950084542985,0.06738278329896989,-0.2389783337082289,0.3345015388284866,0.3882457568265202,0.05270402774319915,1.16082555933311,-0.37040914722028245,0.7479798997865729,-0.39049882167526073,0.3670858202013154,1.6605115693977361,-0.26014021919819436,-1.2258132378062456,1.3012902586155783,0.1454318833227158,1.0191673102649075,-1.2172534753223059,-1.1331035673370315,-0.18636780819910215,0.2998698953211223,-0.20200755492680034,-0.30818781249070615,-0.661405177633201,0.8153709812892457,0.048519222144993095,-1.1182097726102458,0.5494485638810482,-0.5326581689693282,0.5312805636218544,-1.141024718501739,2.1433251825430686,2.350258546581704,-1.89040112239634,1.5113733354477694,-0.3307369697486407
2025-08-01 09:27:18,-0.34911679954431696,-1.6799099613400428,0.8778054704337818,-0.19448725014046506,-0.3195939759457445,0.2068195413841123,-1.728670010887575,0.39362099816716256,1.1338624912893418,0.25690718036439014,1.1301210584630124,-0.8030554695011257,1.3083274861414436,0.02907787918059863,1.1146155352318527,-0.16442669452101633,-0.4290677344318438,0.1755027414401249,-0.8687935048476755,0.399707399557526,-0.5923640403639454,-1.0246163909489332,0.5513859367340741,-0.8812879597589462,-0.047465879552151466,0.32453051359253526,-0.7085348477204518,1.0753688265069528,-0.025686050492519596,1.2872643581523295,0.42132030832246625,-0.8112732387740257,0.03467514897821308,1.3350854989766374,1.2481487032456062,-0.563324792009892,0.16702980378921664,-1.3418949350643399,-1.0261181802558927,0.03875629567256056,0.041037204448652644,-0.7585386048982331,-0.6400636979940045,-0.8926802376719556,-0.6771978408556638
2025-08-01 10:27:18,0.15098786845456205,0.43416037456148143,-0.2882755548974686,-1.5785376242374327,-0.3328226783328755,1.328221000776182,-0.47529362658686786,-2.006593792157174,0.14219058704229515,-0.3649301339806437,-0.529661751557438,0.9830817190824966,0.5232750250975152,1.4907101515555006,0.2514136575643834,0.3257428545581698,0.5908636113513254,0.9396963523267087,0.05017478088462136,0.9273108976148182,0.16792720792758406,-0.43126663750820887,-1.3455485780523861,0.5801937191909216,0.2011992093257085,0.019572159067049556,0.9283044095393747,-0.40542864740275586,0.9675386935829382,-0.42253672829089434,1.036667629994869,0.3652970317594462,-1.9175745103717907,-0.8740639807222744,-0.022828088346162026,-0.4220363563785616,-0.4485312615415504,0.05728944837591791,1.243303832617714,0.7044345398422801,-0.092783503195511,0.8470604876986805,-0.030364539509227937,1.1943868987773014,-0.10123568787732734
2025-08-01 11:27:18,0.3568461273936458,0.11103574299013298,0.7181319416524398,-0.3902261038483744,-0.6670241292723459,-0.731634994914239,-1.0187970684037753,1.2152704195035093,-1.6460974748768666,1.2903526783596053,0.45498925435716314,-1.1663902786282847,1.2040595348603966,-1.3641564250929898,1.5966041207789983,-0.6176181722668499,0.7745589390742303,2.3574021534064045,-0.07762050380691543,-0.5648075822586089,0.6758715556139241,0.03876005396189223,-0.44180808788448933,-0.2300810469541984,-0.7005709985792944,0.44070277910585465,1.4306873369592432,-1.0370929255414827,-0.9547323715494481,-0.8334681165207746,-1.3240788833210657,0.5956794414140094,-2.3048283216536247,-0.02690084497925841,-0.8534702099228663,0.11304091308951084,-1.2923899117026092,0.17906617334584735,0.4431048638430195,0.8312507300035661,0.2726283239947971,0.12215828664557525,-2.201915632708622,2.0043948625245966,0.3901528426468651
2025-08-01 12:27:18,-0.3282362176848581,-0.47781089142230004,-0.06585911354011305,0.6405627160799633,1.1245137367391362,0.5455627920084356,0.16637384457179083,-0.3694150478177493,-1.495660917250567,1.659652149148795,0.13666129264244384,0.4656678690061028,-0.21856847886757305,0.41361562082901066,0.23619000728440073,1.479357454238638,-1.5924623481643227,-1.8830864143721717,-0.46374934737549206,0.08139886822771107,-0.04699214556029131,-0.6251487888260654,-1.7625618661154614,-1.1051420632210862,0.18018999848436745,-0.04888742639436043,0.7021334099182134,-1.298856837702738,1.9462574462940871,-0.2565984338385131,-0.3127181533135254,1.9160986342152089,-0.015303015387200566,0.8441935653535024,1.4085501989255909,-0.15975839847293283,-1.45874707267353,-0.2860663036022652,-1.0276042466748654,0.7692624580905765,-0.5037910764709128,0.04876782769011085,0.6760288312166158,0.36106803619724936,-0.8767976763214758
2025-08-01 13:27:18,-0.24842482385115688,-0.946479154722954,0.05958026582647013,-1.7191619032640089,1.220999324234394,-0.8364362933818115,-0.5844034057667586,-0.12492545135727076,-0.06593591434963703,-0.08933752494757058,-0.5730820106367472,1.7584930717197789,-0.5196386586274251,-0.12625101881495684,0.5702794324710526,0.40530527495024354,-0.04599721661989332,-2.286694402523099,-0.8125039811338477,1.713699633717159,0.5980535461733334,-0.026508751264037473,-1.7385077205157407,-2.1100829057306325,0.6361170570383209,0.14208407600457396,0.29429117618128225,-0.4529217950249092,1.0624480383542934,1.2349875390218255,-0.8810476817210973,0.2514513022286498,-1.0668144655665819,-0.6819764843316383,-2.026634215389474,0.4364957284488383,0.5006689738469371,0.49353161283138297,-0.7965328106135563,-0.13898953091570343,-0.542783299992306,0.5317062386059489,-0.37891164001227196,1.0841826049311118,1.291370338417204
2025-08-01 14:27:18,0.5592368672526443,-0.6180868889470296,0.2536738617306622,2.2570856789885303,0.82854122877381,1.2657327717834175,0.9774570317588458,1.0595529917995863,2.2393022076889166,-0.22413472886773378,-0.4643182502917619,0.560476464136686,1.4806579609706685,-0.6674521812702631,0.4639402002238469,-0.48297834036729137,0.5276321423497576,0.20606321789604523,-0.5476196446452514,-0.11046322230120198,-1.3273946180548015,-0.5380385389928062,1.0497697307499037,-1.3270499497891866,-1.177976273709739,-0.008315782955587542,0.2997242885303584,1.1948540659428855,-0.889005323272687,0.22550830584975304,-0.18329708923199287,0.833764716974011,-0.8283304234809731,-0.2869833002066828,1.8550726871643235,-0.25897306267997877,-2.631538306944901,1.0800802540320285,0.506937387127653,-1.824688259732284,-0.604168442691015,-0.07428498914180429,-0.944541444198133,0.10914200905849365,-2.6172368879524956
2025-08-01 15:27:18,-0.13598642913018782,-0.502334036508909,-0.38045599406985603,0.32018163662284516,-0.9624253994852215,-2.075319944503053,-0.48337963407620915,0.10592615707510092,0.7702829117897174,1.3551025580450946,0.40213558334368443,-1.057167826294689,1.5408826345542437,0.6629789547223681,1.4457373490811083,1.2573897734490753,-2.4389234157028032,-1.1896495936828912,-0.4976090291061607,-0.7362944762358365,0.3557809139044701,-1.0103248722174734,-0.9049431467030417,-0.47431257078656774,-1.227838019066193,-1.9343812018872184,-0.19718719622252784,-0.6257729647392383,-2.578652453170511,0.038841485080376874,0.3857025167231812,-0.5036936527036878,-0.6422383746877978,-0.09663742826463909,-0.08023253107251278,-0.10026551715265851,-0.4047471747448633,0.40212607637996794,0.3905407080563665,0.48417733760650883,-0.4492416594526089,-0.5370050410561106,1.2456873789475924,-0.3024165442520367,-0.6560938291223734
2025-08-01 16:27:18,0.06422830889977514,-3.0270989723777975,0.6228285672676892,-0.6014142971846288,1.6993960111749709,1.2251984595439747,-0.049286838447024334,0.17318008027037005,0.9602001558485788,-0.031153138320342895,0.11289112902997053,1.1937433524307575,-0.5373239772813785,-0.25794893186878287,1.0553219458970184,-0.04926239987000972,-1.0524794770552268,0.306800098923416,-0.32660427007959303,0.5084622739907918,-0.49426325069745514,-0.6174695947313373,-0.7452995666841208,-0.9289191985895928,0.8982902935721266,-0.19995818313913044,0.3625419321288839,0.36242458774026737,-0.09802904579892613,0.22522128221963064,1.2122607386501743,1.3925701347335928,1.277360550047078,0.24858716567854738,-0.2350848323867656,0.16926975587950632,1.4321874743775596,0.043860569091692454,-0.3551211926964996,-0.5969555167850904,1.3620811884144357,-2.044854410911444,-0.6384789713390323,-0.8092853557550251,-0.31274942410529566
2025-08-01 17:27:18,0.8262498703248398,0.988960197713903,-1.2062829788138694,-0.8504565213003671,-0.24941597155370876,0.6971096619342273,-0.17163711544719598,-0.909819771908654,0.2727071849609394,-0.6029146175141609,1.2708052636989438,0.5262113523037932,0.877601703089856,-0.4547886717413958,-2.213139308305175,-0.1306914519936909,-0.4429740473161421,0.5758264475489597,1.24235171640741,-0.5116613109501376,1.4250086221103093,0.6475933212301277,-0.42954471476350065,0.3231728588320175,0.022295418912805943,0.31133950349130757,1.4005443300453941,0.47676257545278417,-0.47713182594394493,-0.38542721036788896,0.8734100836724255,0.17367431911845943,0.9473597177189901,-1.1539867291145511,-0.27149178298986604,1.3459643985164444,-0.7655246607327182,-0.36976074476180937,0.28453731843088326,-0.1464481503414082,0.7460021686969048,0.06445298319036966,-0.2692046612718107,1.2018435823503761,1.2517912874415213
2025-08-01 18:27:18,0.4928284287244834,-1.5074401663486057,0.2338530475216028,0.4781522581680236,-0.5518732896270452,-0.21373798581700504,0.21199652618928086,0.8393549292522768,0.6573966651136379,-1.3514732431107037,-0.509363177693721,0.0932835051245131,-1.9076559617331301,-0.4128335272340689,2.534945362496129,-0.6349598391017472,1.340716784844371,0.6410186103645235,0.22397271362984364,-0.8732145662604615,-2.274193518030116,0.02095836684318336,-1.3562142697467852,-1.0780034957273825,0.349325235271264,-1.405876543636531,1.8185824112536624,-1.0490235812234543,1.9158346102320265,1.270073945613874,1.035806610265111,-0.04697366456711296,-0.20756105092768454,-1.3459366464509135,1.1663571687687369,0.5355796194985081,0.925638721234325,-0.017294491968993245,-1.3976349601707567,0.05210519021444717,-0.48392326520499646,-0.9151765195067948,-1.5251337355052814,0.1692935084591557,-0.8646622602009091
2025-08-01 19:27:18,0.6717653909861515,0.20133161804494443,-0.5840343415704172,-1.0861825268423608,0.038664016749349515,-1.9631274001093135,2.5263532485815694,-1.0251050274462954,-1.031134881739874,0.8094439979765224,-0.8908911402360403,-1.3027564004577215,0.9228138523241619,-0.11759347566451647,0.6873100891827509,0.2935852471759599,-0.17405676413295848,0.41208080063416536,-0.6934487852197545,-0.578560370432396,0.07783420056857765,-1.4236591320008651,0.4752024792096063,-0.36629259089028904,1.1901657181406404,0.5992599273686026,0.1742455621308674,-0.4390591853913751,-0.9006474154433158,0.646934150684021,0.05244753795064696,-0.25796290172741904,-0.7024874374826166,-0.9030464590767663,0.09024548070613575,-1.7220388715989745,-1.128987011101612,-0.2556999168051949,1.303642454738003,-0.08624736867586541,0.5371966792363609,-0.04808337239614296,0.41368983501621165,1.1141610733984624,-1.9766162308134467
2025-08-01 20:27:18,-0.5864218634768944,-0.4028956122516995,0.7425661263794469,0.9748176397407827,0.3150869216240858,-0.7587306164730963,-0.3872382303786974,-0.9182732181655394,1.5838703857423446,1.3612608405672135,0.404868591837069,1.1474868873148971,1.8117073918156597,0.23318705844048448,-0.7541577148704826,-1.1809335490474848,-0.27108049907870596,-0.5561351909346824,-0.35185324341716906,0.9909096232361109,-1.5971762274389125,1.0295595232544414,0.06124873549687765,-0.014708771773796285,-0.424625433766554,1.4492833218070655,-1.8309788968226886,-0.3041172696058117,-0.5038242554409564,-0.5846638751549357,1.2328822899166927,0.9366722799357453,-0.30298524404499144,-0.561522940774585,-0.7393382561678685,-0.6058763975941355,0.6860695484177504,0.3434676788466548,-1.269327849294975,0.32776900475459475,-0.2726301876188975,0.22084961535262826,1.343932949921443,0.7634185957669758,0.321527059723748
2025-08-01 21:27:18,0.8767817394388256,0.613201386856765,-0.7318807302722171,-1.335927372303499,1.7345767397630547,1.396722846395051,1.2944386489679247,-0.6737127210110253,-0.8632480517809199,-1.2639191135109982,0.32990098254693406,0.12752180000026836,0.25762700462065696,1.4367150287301096,-0.835675429099402,-2.017090713336695,0.5453182710275108,1.3905467782831038,0.8057946948385842,1.4447525345658099,-2.415078629022905,-0.05436884676809656,0.5973088349552975,-0.7838152739600637,-0.1851740115361583,0.6698022336973589,1.7236543137534888,0.5614945181878453,1.1363508351033216,-1.826349893010002,0.8391368950323421,2.2456214746021277,-0.2610008864583469,0.6600992789826208,-0.9595386069862388,1.0802618255599905,-0.0993205374181375,-0.6621384991275557,1.079813991087702,0.980705660666622,-1.3239292561346103,0.016357708570251515,1.9290723295633059,-0.6207254227290092,-0.07850234165798989
2025-08-01 22:27:18,-1.6381346194538893,-1.2224395443708678,-1.881717075653824,0.13536395821340225,-0.2330599499799806,1.8263007001802862,-1.2318939239557851,-2.054522847820332,1.6679864756321914,1.263891795035332,-1.2994036761321137,-0.03683215339650244,-0.8559763790124504,0.7130349980010132,-0.33034958196374714,0.7421227192321166,-0.7088616757327004,0.4284487810430846,-0.019252426040360853,-0.8426515533590195,-0.3319733268852288,-0.25059300251605765,1.5583892549312277,2.1760200531260745,1.2159859123610142,-0.14807629460184454,0.715393790675409,-0.26635110070654877,-0.48750060668987677,-0.9581480593266282,-0.1180649125740268,-0.6506458505476791,1.2904181415109903,-0.4298578581735578,0.28124314268195555,0.1886521961293071,1.7853433052906251,-0.9365106647699809,0.2539745410142282,-2.2160241086123693,-0.32947915749811,-1.125897510453936,-0.7030397190653376,0.6528577042863455,1.104944608239
2025-08-01 23:27:18,-0.6377206084241526,-0.26130324769367863,1.3645278163599017,1.2105269346525336,0.6648710115511649,0.707984396873538,-1.0392261007491415,-1.2752236426547676,0.8201452191088897,-0.39998702063876046,-0.3370433511735636,0.5209923561064023,2.0801698848004206,1.0072568072163652,-0.24320368187200042,0.07223583491246136,-0.16744649311182244,-0.8970702949780037,-1.6025113047096453,0.785578393815889,0.6566953839131627,-1.5363769304492965,-0.0025112869796953324,-0.9369111357825975,-0.031047552264586376,-0.8204385904515072,1.2147591445190906,-0.2917510749171903,-1.0439603663905133,0.4150902734967902,0.20693890001542053,-1.3229120018111105,-0.014325192191276447,-0.6339426453670852,2.3448988046128587,-0.8974855505424565,0.41487008406490655,-0.7117765462675432,-1.4202453272537103,-0.257881214429941,-1.4349321561916424,0.12535621172026867,0.6868160637628193,-0.1944821306554447,-0.8396948061747237
2025-08-04 00:27:18,-2.8707075256474486,0.6759346986083739,0.49916068450600837,1.2234066876692906,2.6626588953129313,1.2945468643886167,0.6659929281924218,0.4395498166226683,-1.1356952885098355,1.3098472452238936,1.4074238838479651,-0.08950974828200738,2.331923523719311,-1.4234429854419233,-0.9874441990161393,1.535297084272984,-0.4571228795514977,-1.2875352789693726,1.5088412188758147,1.1106395190634755,0.2538536952590784,0.7414773523388687,0.10926557669558248,-0.2627173842656337,0.48458979671253366,-0.2362266096731195,-0.45448766457412404,0.27075398129490114,-0.7467877759370876,0.23911216801936996,-1.002125442786791,1.551645055577326,0.12021781165216323,1.2247715255624192,0.5041875340047811,1.1965373138589106,0.10835125802671351,-0.8701455810654255,-0.42323851028694964,-0.026904879646139912,0.9492750096634333,0.9126072696454178,0.17667910238182397,0.7662431565770939,-0.5443962677129298
2025-08-04 01:27:18,0.735448895734595,-0.018337610631008784,1.7882587392022007,0.8725284533877974,0.20562370904138397,0.5271153019661128,-0.649802446532545,-0.9486851668714646,1.3740283557199426,-0.740457826375998,-1.3909118683913355,0.049618394278616786,1.105239869800873,0.0862840725542841,-0.35588031990521996,0.2115035802822925,1.4645457752449311,-0.9277758628822956,-0.39392700409894066,0.9616638478508434,0.07749154550333866,-0.48911928669359545,-0.3613828307317701,-0.9745984199474601,0.21576215149466976,1.278501423973681,0.002151095296167489,1.6815483451196993,-0.30518644100243714,0.6323897928764539,-0.37232252580947206,-0.584700418579459,-0.9612962427939552,1.6495582575391234,0.44213311339728634,-0.4540849704369791,-0.42707075486705504,0.4565777478813543,-1.8240461778339794,-0.44535484655996566,0.47520398641516254,-0.4212561766819884,-0.05031354970310658,1.8283097751258974,1.6208153353446437
2025-08-04 02:27:18,-0.8918692931199969,-0.2993651736935455,0.11116503252417577,-0.9888814812812687,0.5184388276799614,-0.13813928719981025,0.5993450829692036,-0.2207165163065924,1.687165576502289,-0.8292603072485386,-1.2252322258303172,0.35756504274508394,0.675863335087273,0.11411181929880318,0.255963301708493,0.5548560706819423,0.06650178970830549,0.03390789681205997,-1.1625157089339722,0.9784406509714205,-0.09771976111859947,-0.18858724453466033,-2.7904459953220497,0.2956773583324691,-1.0469990861970193,-0.1369079225492307,-0.8470654411651103,-0.010992858706627539,0.8286867355651562,-1.4158927795134963,0.41354295826731646,1.897531326244147,-0.5121511024174444,1.414329702539524,0.35219286544928385,-0.7655955275158235,0.9673204460166632,0.7149893809608125,1.2508128354468326,-2.0377423955478386,-0.8972583847082123,-0.5323591336431247,-0.915547541952974,0.0059374064468436846,0.003048459555564015
2025-08-04 03:27:18,1.6729659746896905,-1.027918930749073,0.6252070349298431,-1.0932023282433407,-0.606155676245061,0.8201539350628879,2.170893150794375,0.7813918866289297,1.5300334136420266,-1.1205692869806905,-0.9973980610027953,1.4309908188652867,-1.2795148645659735,0.5394589127590147,1.5119339345557399,0.44644212076410716,-0.8223819199281591,-0.9955322307166996,-0.4885148500833109,0.5825603719824052,0.4289826466462697,1.2526803210415864,0.9274345199444999,0.2408044512495873,0.9477292609733681,-1.1123157772392043,-1.9470717240936068,-1.0269641805684837,-0.6351733532181125,-0.6284638267532194,0.045199661504998025,1.1141395994156265,0.6260664672277608,-0.22479642264269972,-0.1081745897065178,0.4997458353686775,-0.3357502691719583,-0.6899700486314159,-0.022141149795892885,1.0512181221570498,0.26015331973874584,0.20854999631845028,-1.899889072097718,-0.012853753316803437,-0.2378980648883774
2025-08-04 04:27:18,-2.7212416872459757,0.2663236288350011,1.0391990810472527,-0.9251191508547926,-0.10398957305633522,0.4004765536201239,0.24069690770170013,-0.9713068037840273,0.15153674322743826,0.2474462834420661,-2.451310055001496,-1.2431904913855434,-0.8776849788564166,-0.5577477072350333,1.1817646572614295,-0.9878132737209742,0.17322684068145763,-0.9791889851700111,-0.039450426566457836,-0.036414758400652704,0.22622753280217753,0.33468400558939454,0.19138249205573007,1.606479213781055,0.6072027125705889,-0.9908253935096967,0.006531725647724036,0.5894255842668462,-0.3424478377681215,0.5020860402067219,1.0755966301584046,1.5064000812284082,-0.6186606868875194,-0.9522192293748556,0.993773722451436,-0.5076135123331211,-1.9275677035411305,0.13804423532671448,1.3692401627133541,-0.3179821399798281,0.27768328233946915,-0.6270259636673814,-0.36853745259270226,1.1550403240641351,0.9734668413206594
2025-08-04 05:27:18,1.2288606652637009,-1.4229842248196132,0.12298048400179643,0.11519910965762871,2.5135005918926954,0.20528473220063728,0.667527987797636,1.6903353134939478,-1.8827971360976208,1.3403072076243432,-0.5906008482280433,-2.0062119072403606,-1.7428609514239322,-1.4282079039686884,1.4834811552620975,-0.04587905272551228,-0.213480603058788,1.9766026883781787,-0.8561426910811752,1.3488559847399646,-0.4518876710299655,0.4402615847177259,0.3424515849169569,1.5450820094529394,-0.726182337173734,0.21322989503467304,-0.9891048608602863,-2.3600353222782973,-1.4360337157616136,0.25255575081138176,0.4928555678409746,-0.20606785873956268,-1.2950273270274086,0.5537267349562608,-0.3871055760313845,0.19842536686655768,0.5087440354775833,-0.12984273918583897,0.10750642327459281,1.6446153086120396,-0.9166867598622461,-1.0286491615712714,0.09184370062280019,-0.17055306061688816,0.9406710238368281
2025-08-04 06:27:18,-1.1727856980349651,-0.37645500289541,0.6629350704658388,-0.7524211796474971,0.06025698211669222,1.254305971501279,-0.8651239139678439,0.34985131941221276,0.7672749042283906,0.440252025236829,0.8181011824562378,-0.6613430657454329,0.06374921203017263,-0.13398569997024654,-0.1460435889096163,-0.01192739809231189,0.9011495566142639,0.5598431262935365,0.8226843824048727,-0.5891879527963388,-1.2375308144206008,-0.8460383314439134,-0.12812548487888537,-0.14550970145026845,0.8727920309658274,-0.8346767133885551,0.2183804301685993,-0.903110985668149,0.2548971787989177,-0.9916598546739115,-0.10366917382636513,-0.31801143911881496,-0.6442999403018017,0.1625520386452886,-1.2358000587036708,-2.26381827536942,0.18679443402847756,1.4223281294583525,1.4238147482903662,-1.2295240652702435,0.3205805542267439,0.0712423857931374,-0.494235478590805,-0.3602143970561661,-1.0802095699768244
2025-08-04 07:27:18,-0.1662978626475868,0.023850645145972182,0.003743020957042767,-1.410165363382314,0.7300993077204005,-0.10730803965004813,-1.4932573481018332,0.31511763238737817,-2.2815224853739675,1.68415740022279,-0.47220319490895946,1.3343134724454129,1.7951052863050103,-0.16518668203587858,-0.15048461752031184,-2.2497584854111166,1.0864229601752422,1.8717688935485026,0.4353675627770677,-0.06974435355824422,-0.18957935308251295,0.04629095119666712,-0.22807643989340942,1.9284745396328449,0.09561340715193804,-0.8434982997675611,-0.3451283870862637,1.2363199606859996,0.3061967995064169,0.369460017687262,0.4115111478069904,0.769690795715942,-0.14108146556153153,-1.0928072549802141,1.8974323452891053,-0.6459143947184248,-2.0292714227696407,3.1084905684458137,-0.8007721657388711,1.6497501365295066,-0.5994211231846873,-1.8125088368316609,-1.4173474933587205,1.1344216265478975,0.463243076377864
2025-08-04 08:27:18,1.463342142420741,-0.2443130150090296,0.6106484275080415,0.7805632894186859,1.029961659027693,2.5400986460127752,0.46634275344973886,-0.3351648049077275,-0.9993836461159985,-0.5495405102449349,0.3868430517456117,0.15625234358297166,-3.0320445592764327,-2.368048647443191,-0.40510125485411613,1.1451323444482946,-0.6697197120606496,-0.8575226113556507,1.2314486484254277,0.418627202009029,0.3959737675826225,-0.038134119658943574,2.889087988262263,1.1014959722004127,-0.31606963163040663,0.33147464237208174,-0.9294535059487593,0.009195618949789965,0.01528399909582923,-0.5468466085665762,-0.30894470954396036,-0.43636928394778307,-0.6698062472502399,-0.8074594898292337,0.9206042206825427,0.07815544097384311,-0.29342326656114387,-1.4918531385722795,-1.4544227184428205,-0.6089378438762528,0.9652716887059443,1.1180881458064804,-0.45994326106321,0.405980170298873,-2.007434587865526
2025-08-04 09:27:18,-0.10135922825597082,0.4261460485526216,0.570679131424633,0.603770128493213,-0.9607226825112009,1.010585311936457,0.2379455038029992,0.7454382624662788,-0.9718942823597809,-0.1256556718809722,0.35357500025992966,1.2034342039280466,-0.43457622624587006,1.9117315474165433,-0.18211244307966387,0.7198083805813997,-1.2138203617899301,-0.23243845995448945,1.2468293587597064,0.5905729559642459,0.09921559162476974,-1.8909302300978652,-0.7312300058812483,-0.8707832138761809,-0.14955214900444508,-0.8434610465759668,0.9533114572046353,-2.297239754274155,-1.6079309318513737,-1.680034684860234,-2.0946852732969723,0.4581087554918258,1.121236861342236,-1.1541960636839128,0.8127185971585779,1.10125505358899,-0.11687354052872688,0.08572726059975455,-0.5181047046840297,-0.9326542722774298,-0.3960106392498771,-0.6886268059288764,-0.8696358964755331,0.10131987067826978,-0.3180138293846834
2025-08-04 10:27:18,-0.32939667273335616,0.2623217279971996,0.4985364713043061,-0.07541220187344215,0.6389314552551065,0.7163207322075335,0.6571997921031492,0.3664878812102543,1.2650423117988259,-0.6425063768051485,-0.16575866336392872,-0.3322381863223234,-0.4491387084360025,-0.6229511479824915,0.1278706726289717,0.2522662572218658,1.1045491068897444,0.2056117499840069,-0.040879777381900864,0.6752219204837517,-0.9824406763126015,1.326243583423605,-0.5906475562364961,0.3996250080241615,0.3916262508464544,1.4762602088715355,-0.4787129982539183,-0.11930498215909978,0.006564918261955835,-1.279314862837989,-0.27259136006552454,-0.05598022621917603,0.3884824530683066,0.5586234093435012,0.9650828741742989,1.5534702984223876,-0.7105488446083095,2.799463909541726,0.3105165292574491,0.7175626714986356,-0.10034847367858067,-0.05920137883899601,-1.439187461950982,-2.191885644458696,-0.3412223605216389
2025-08-04 11:27:18,0.4147451876173152,0.725336553438609,-1.6985316769011445,-0.5078148142398587,0.19995156828406177,1.9294926793307274,-1.510917848314369,0.5294682170654169,-1.5939983216880576,0.12579177250635792,-0.23069788541040692,0.010002859687455571,-1.5753216600354303,-0.5498614592643084,0.13672482565160232,1.480271719668458,-0.3543404622097773,-1.0429647224118115,0.20840066373374916,0.11839734444776902,-0.0781085650658575,-0.823475994459401,0.5406485404879139,-1.031685566511214,-0.23503314475870574,-1.0014276674732083,-0.6840183613771206,1.342452839271962,1.7018917229913886,0.09827930655853066,0.7591139221367424,0.053228380263002625,0.44714482929962157,0.02673066328773876,-0.3288606619212788,-1.3367048226306852,-0.6653119695938532,-0.3620508565209107,1.9579149290350302,-1.3690821428769613,-1.9193928616609703,-1.1233183264673103,0.5003818987275807,-0.8998105629001273,-1.2671884148337458
2025-08-04 12:27:18,0.0990598546039029,-0.3471100668989282,0.11753986136434781,0.4518989828294666,-0.11379710722304635,-0.5388771681174938,1.7230209592744414,-0.36880315371973493,1.2517490698674911,-1.7445998006225394,0.10845370036184111,1.2217837414296617,-0.19236820203306434,0.06789439946529409,-0.007446588203022064,-1.0543824036227087,0.13556660682901273,0.3210324923346454,2.0597334249487136,1.409102555369321,0.07278857350361234,0.9942416885880997,0.7993261036324754,1.5482999136433695,-1.1761468656741145,-0.13159272258789226,2.109637435466466,-0.10114603263305952,0.3206660551384707,0.48888240263402,-1.5461683985360104,-1.494774149293592,0.9776005818817972,1.1773557616222352,-0.25496063182643386,-0.09620961136572598,-0.2005572940434584,0.4827200166968925,0.46365332458791164,0.6298941850083696,1.6040344656321242,-0.034996651015051984,-0.018043480014320653,-1.3062622115149956,-0.8932881657924584
2025-08-04 13:27:18,0.769238907260558,0.03523356611976229,-1.1168105530501844,-1.603917601778776,1.0226304858791473,0.7289987142463299,-1.3240696683675335,-0.6990128080377487,0.10814164370537858,1.2951760416626665,2.3245192931662446,0.015191919334306499,-0.31345343542671467,-0.10714064291563229,1.0757773977109437,0.3104365403863544,0.8302332339823305,-1.039375622413961,0.07977433648590436,-0.04968179998942156,1.082156444129859,1.2005310729855652,0.3460707939465342,0.8625627926841206,-0.3707940580445102,-0.39192693589206223,-0.8841615520069163,0.6581552880629888,-0.9381004076734278,-0.8380819180720754,0.4547065457532316,-1.4697968732139581,-0.9690977829170007,-0.16091529936481955,0.10884278328137192,-0.08765152902772043,0.1494167077464867,-0.482209331436562,-1.3513864863073595,1.6057510609725216,0.8178242453734466,2.5741504299163864,-0.806993542144359,-1.1311781782924684,0.4779837865353739
2025-08-04 14:27:18,1.3524379804452165,1.3099912678744112,0.34563856642997776,1.3784350566128103,1.3574057387564888,-1.2513115859545807,-0.3569280581465016,-0.4644122335445,0.5385273198575539,0.8119820485111277,-0.8044261992311762,0.7324027275867118,0.770741818486987,0.7640668598878666,-0.30001879219516886,-0.037324673285787244,-1.6912194581449433,0.22112667935155922,-0.9082575913547367,-0.7565300677457256,-1.246469671036334,-1.5796402477017986,-1.2445205566893844,0.6767377917645868,0.15456190197334202,-0.8078464833196746,0.2659139256931065,-3.3584989777324603,-0.06138834588373741,0.08812960773045718,0.9286463305052467,0.30963696592274387,-0.029948766176023267,-0.28934000361991374,0.39376725866008494,-1.5982722261654843,-0.18092400871599648,-0.9154167571664261,-1.1610889319817315,1.2484594796791486,-0.019078020432012545,-0.7451010363213143,0.4249334988340428,-0.9250385060775116,1.3380987312593533
2025-08-04 15:27:18,-0.4764652016955082,0.457940124567241,0.729937908758854,0.5669710204763593,0.3398310595479291,0.13703237654064704,0.3704349325380683,0.04017824800587614,2.3998452320164185,-0.5151252098353991,-0.5752566091478415,-0.4523547288253652,-2.2917903626314833,-0.10074208725116256,-0.30713125076366765,0.41551543851358197,0.06227567319044474,0.5882038768396014,-0.19218114672626926,2.1107710205616033,0.1462772988065288,-0.08652519141969263,0.963528366491424,2.299523024998016,-2.3073775178339,-0.3230003217552129,0.2593807663432136,1.7879032623616797,2.032716381771961,-0.9450317254410617,0.250031596879884,2.2475738134597587,-0.3875554109030396,-2.3894755607027136,-0.7723071214488276,-1.0511840979346228,-1.0483086010949745,-0.004599927685276011,0.06895021704550165,-1.4034721160223351,-0.5825829871573373,-0.20755439995899239,1.5202997339149276,2.2598278366249716,-0.9115411511314647
2025-08-04 16:27:18,0.9480676313304612,0.030365848180303516,-1.1445291159799378,-0.36161631478158146,-2.1888395777972707,0.7496299918054451,0.1264805877089649,0.5101488879296735,-0.06451827257709851,-0.1391107024685246,-0.3934079256385163,-0.3589868579439351,-1.1071171481719189,1.9257728496123991,-1.5023749084842057,0.005503246360884637,-1.3515669646736823,0.8335328181726993,-0.5619036480579169,-1.4570191626413425,-1.471896201613862,0.7333132355385291,0.6443902872932363,-2.782927366377869,1.279752901029285,0.08537832444428381,0.12965614314194535,-0.5961984923765977,0.32912736338478293,-0.32777634933896277,0.5698916430141611,-0.30600697697617785,-0.15646339903722556,1.4174767631474554,2.109009975074042,-0.4347813081811608,0.7604234133734541,0.5968110620626296,-0.24502632822166726,-0.013253313662656878,-0.9831604878496265,-1.3629751983821174,-0.37497411495553684,0.43476883299729396,0.5558472208664372
2025-08-04 17:27:18,-1.114187535649248,1.1054151645234391,-0.08181063751554395,2.6052861470838646,2.2180886974777994,0.711260117655324,-0.9789626443316013,2.45356252049392,0.32923491621094014,-0.28747056442906377,0.8216407771805454,-0.5023920655115016,0.22051558418932007,-1.082036517569096,1.3784307553180135,-0.7847255687057848,-0.6824033264155838,0.2528248225659994,1.5521302688312522,-1.1135477187326328,-1.1692986860940322,-2.9862170356123814,-0.7504938128678368,0.6688993043269611,-0.2096414429775856,0.20729009526609937,1.098291688017236,0.7210230812663134,-0.5605852841252933,0.6562886732012406,0.4253196975740632,-0.9235984079324859,0.13070879314750866,1.5063441178704942,-1.1053722465838312,-0.9501704055452821,1.4186262067706272,-0.08412937643293862,-2.7276726129929165,0.756357884353856,0.46172970294314386,-1.3286269934263042,-1.4902350257813777,0.840176735080212,-1.1499927922414728
2025-08-04 18:27:18,-0.4814838172269374,0.36392862454569297,0.35844802978183216,0.0369953283998929,0.1777574674531668,0.039205333555202296,0.6708375527882411,1.990798602710738,-0.3947732879441788,-0.22957516120651184,-0.8626554455389001,-2.127820389735407,2.8870663271406554,0.8802046375699935,1.0467086430139771,-0.6596918820155737,0.045451739131052736,-0.8466825880040456,0.6365700084584531,-0.5854084126030727,-0.2087536939678283,-1.4948208140905326,1.4000417347261922,0.24844523486135975,-0.8365831584569836,-0.18407440275985462,0.24422308632751935,0.9984366386965952,1.9142163964548031,0.5099984846293533,1.1276013741291662,-0.2072625290762417,-0.5322172337378617,0.9288000760254336,1.7279207823016867,-0.670831273534787,1.018683677551347,-0.9915102081701259,-1.1807228079373908,-0.12301192188600142,0.39877400149634024,1.672541600732696,-2.6613572321797183,-0.14668183241366503,-1.9708778496153811
2025-08-04 19:27:18,-0.30460509945113623,0.5206504806154614,0.5116592954400793,-1.0682601604061364,-0.05629060991589928,-0.04688771992455086,-0.35354629677400623,-0.3886192397978952,-1.5389466273975294,-0.17771572612527403,0.09481049072060507,-0.3064343911355725,0.9769571447804484,-2.905494478674167,0.8022898052079255,-1.5725471997989757,-0.5732808034348031,-0.6469273109293066,0.7230124936144805,1.1721733783420887,0.04743876026758473,0.7398572979571745,0.9242343295682552,0.013267010960168869,1.7474002701083131,0.9488601962084834,0.6950486225561484,1.4927830401359001,-0.03164563461132304,-0.3667344870427301,2.011471673008017,1.7726695720199264,0.7943654863727551,-1.3187090037480298,-0.5362257102539829,0.291020630458419,0.47296994266459247,-2.099859802483719,-1.2077617163942622,0.21205661236375942,-0.010262903487296623,1.3407639359744197,-1.7789194033221236,0.2347903740064105,-1.4826129482079586
2025-08-04 20:27:18,-0.5723901877622204,1.224396115087076,-0.7822556296169039,0.7493479911086578,0.23451603796181453,-1.3937907738953397,-0.13911696516238253,-0.9023754175524227,-0.9383514855155071,0.5123362519042539,0.9570300413937504,0.45551017991215054,0.47155376181259917,1.9557001933749945,-0.040091281708108925,-1.4440586878103339,-1.2409704494652998,-0.16338143150983317,-0.19682781487933773,2.193304521258504,1.21025051568259,1.6586986870440688,-1.852825470574953,1.1474994807382355,-0.025045873414402068,0.8449498605457876,0.6162354055449855,0.07927459603497393,0.5280410019140495,0.7865358667942239,0.5770107108091372,-0.4858766711345799,1.2585600876384,-1.218808114415872,0.8914787454772877,-0.04642992440213048,1.0328783489997202,0.14928954025021168,-0.40354637622386363,-0.18498967633690444,-1.2336106547938217,0.790109826302116,-0.5223165062577583,0.2795643593362022,1.5282237195294328
2025-08-04 21:27:18,-1.728804734479555,-0.4866512327467888,-0.9976541667567307,-0.6349593527997368,-0.173927929714112,0.3257758519818737,-0.4841645018730181,0.4659930263930682,-0.9007460629004684,0.16481047782327946,-0.4128405121399717,0.5325520114754072,-0.5768037779792996,-0.010777007605010467,1.50319668311935,0.0352078628588478,-1.5221997952002857,1.0149109284307676,-0.3963733854288493,-0.5535070080187221,-0.12177184084577848,0.7648444145659788,-0.14931723706833125,-0.5431130883697457,0.3406674314526029,0.13599427138497613,0.34745212502425793,-2.6664212440319868,-0.6273069201573578,0.4652326517417687,0.10842853703085825,0.9202701617610998,-0.06364165879971873,-0.9804236135566525,-1.3671624238498723,0.2533148468460989,-1.6832779470891341,-2.567340601399563,-0.04400436317605191,0.2073575015629898,1.2352437849533653,1.0939082618847147,-0.5965348038476689,-0.5162254773890032,-0.5287988945475852
2025-08-04 22:27:18,2.53985026424558,-0.7682946553420397,0.3922277174280961,-0.1129096534615972,-0.915927546228456,-0.3570642806311459,-0.30986632270566544,-1.1728202350884553,-0.13088809940654156,-1.422403004402182,1.4191360815724896,-0.9106775332643553,0.06208041834359556,1.3586905253487418,-0.48649515265607685,0.6028964380994253,-0.9283232219844731,0.358770959087448,-0.0891610385236826,0.1787026663701175,0.62899458336477,-1.1798178744285581,-0.1243827078197121,0.36856853948038426,-0.6956458612598238,0.9162912153030017,1.1361200841521035,-0.1351249214867761,-2.7027044140531324,-0.5768128372436873,0.9455495991430335,0.16847779824779582,-0.2910701008965994,-0.1837054139762731,-0.8394531600969083,1.0171336208957562,0.12346183702961225,-2.5071447061672405,-0.21523274734240627,-1.4168517551717073,0.43025531336910217,0.09404772908462047,-0.74049275224889,-0.8422441292588726,-0.051071850489006004
2025-08-04 23:27:18,0.31562207870976766,-0.2293605690999386,-0.43706600434133325,-1.0425957292333752,0.7755860017976609,-1.1931157010025701,-0.651364039397661,0.5931455293056748,-0.05894258487689356,0.5376247454268213,-1.3241653636812492,1.7187683444548487,-0.7059260231091463,1.5250095344405832,-0.43570853681009286,-0.4875278493103952,-1.1423600990889076,-1.3231795719144326,-1.3817603836980097,1.2777254410472985,-1.068095380353382,-0.9594459140175005,0.48648649735632293,0.8950983220668618,1.729380621815945,2.424367795305313,-0.013224763074616914,-0.7095275050034341,-0.20207038215552395,-0.029213547401580612,1.5688648736540056,0.9386534938394285,0.3803947477094845,-0.19175297231525404,0.9560009728027283,-0.06498662375141281,1.2709489556288587,-0.6028950717717593,-0.3508856858157772,-0.45188190058980127,0.5685881264081021,0.291711549787547,-1.321333600126178,0.6127790751913075,-1.3166660348914845
2025-08-05 00:27:18,1.5159203597509914,-0.5524461113951169,-0.397864892932296,0.5417069778178415,2.287558150228268,0.3557000117720537,0.6615059058894359,-0.23428476535149198,0.46798652310733746,-0.25985724018865614,-0.7201127323774993,-0.01772706014882488,0.059323360979301576,0.180401077250192,0.6519440228651251,-0.3504788179981836,0.7987508327701164,-1.926211923606899,1.6915388891363066,2.0857095046305627,-0.3022550893663054,0.042125593777771204,-0.646750924915225,-0.2953026938545084,0.5793878213292796,-0.6371390735206128,-0.08772543176906195,-1.387042045738194,0.4961184934322078,-0.40310880192188653,0.7452637666681763,1.6151171262083917,1.064315084096194,-0.8008777921926667,1.5535813848625333,0.7512145503523138,1.5521068561324936,1.8629331722266569,-0.2204942709080825,1.3230957200602207,0.35096701824036464,0.6628138923220533,-1.5525484131861222,0.32487740731211034,2.0137330435860337
2025-08-05 01:27:18,-0.2874625950374157,-0.058543262801123395,0.2702679064109798,-0.8159941323252973,-0.6117482366350149,-0.09256893470946628,-0.2346763890529403,-0.5783975680656781,2.038757520514863,-0.847574497158851,1.1766120875949149,0.881348307908093,0.6744234375576084,-0.36936211707833605,-1.111124064878784,3.0569156900925196,-0.9387697252860986,-0.38983573414662637,1.436393857242681,-1.052044495404806,0.2810437489039604,0.26635990884860616,-0.33482675159171255,-0.6940351197188256,-0.3466521501076837,2.3497478291502936,0.33819919084487393,0.2126582757623827,0.6072943598949345,1.420715308699165,-0.29774686359642444,1.1864775463864907,0.5284215410394507,0.36558425006809925,1.5844320723221297,0.023261691376927532,2.568387738416464,0.4174046794188269,1.348244776434115,-0.9084611732560812,1.1464796722677089,0.3381374382686712,0.5548484568410641,-1.3731805763654112,-1.35123971698468
2025-08-05 02:27:18,-0.7763344679165644,0.9427918057229405,1.1817026641294135,2.3954766200938966,-1.547461718903359,0.7536780511449771,-0.12870854321855935,-0.42126685279993786,0.42658394846060865,0.6574514015559025,0.5503333786313701,0.02277034190921616,-0.3423221968085365,-0.9312746760044445,-0.7045525485765484,-0.7679492472056056,0.2449990116917126,0.6105641297428506,-0.22776461689884442,-0.1740355994239637,-1.2892435402496383,-0.20349302305947528,-0.7029828446452421,-0.6673146672572596,0.17281786432407992,0.8656738531207181,0.5949950046687322,0.7234129393308889,-0.6983414058594319,1.3329809866031976,1.301777988061151,-0.7209709210825648,-0.49403382653340266,0.01694515657611016,0.010155308887456244,-0.36937543031934045,0.7211393297226334,0.7372493937322795,0.638615892045278,-0.12181105206547527,-0.6074067139744849,0.8555349526238029,1.4555325658226421,1.5839615578095383,0.9025956284799275
2025-08-05 03:27:18,1.5990299207490626,-0.23166007557622265,-0.056477254313842706,-0.011895974962819097,-0.5594306792933494,0.38297767393938803,-0.4705522294619895,0.5551277544293647,2.473574515980697,2.206747498085789,0.6888022364429961,1.0827008166342647,0.3074193284650527,-1.6633421257022418,-1.8875983654309438,-0.6302054948379953,-0.6261932528701089,0.5675712777842669,1.143459212613442,0.9893603685339049,-0.8620545457897636,0.7694268374513603,0.9789090797208287,-0.9632416249169855,0.15984220987761397,0.37775120127795936,0.23177933175679716,-0.9091953925215608,0.5053604651866936,-0.9312968381151687,-1.0080504562334882,0.42505084759387973,-1.3964978427738148,0.5806548557599013,-0.2783519369844309,-2.5222270105307003,-0.9395956821519591,-0.48495624627962325,-1.3013583674598306,-0.2735072750130113,0.543174221503274,1.3007981645152606,1.1834727741793492,-0.5651036010145769,1.0649318861716943
2025-08-05 04:27:18,0.381459603444706,0.40811208190649234,-0.8161839834276078,1.2380031432204437,1.8738009223941035,0.1602510346128712,0.25572705616876146,0.33975419485408703,0.950022450411533,1.1643806108114256,-0.7152558551594264,0.24296842220742176,0.28253082678557706,1.9296623316068613,-0.4003369997987721,1.2131631927536577,1.176989683441235,1.1231666870640027,0.23405593731494323,-0.6261450502690968,0.06206271888174323,0.21084410847220864,1.429257760955421,0.6986461808756341,-0.30709342249111227,-1.1535462929226163,-0.15958716638437279,-0.7082640341077447,0.21561247043891235,-1.5466676430241224,1.198062683913531,1.0917381283478087,-0.29568099196213765,1.0847218547452484,0.30030316330899337,0.33666993347498886,-0.3868023506660944,-0.19065109568751465,-0.1870498394518246,1.5432844712799727,0.5127394070901474,0.23763117110680343,0.38122932719687724,0.42186565587974856,1.4570929830328239
2025-08-05 05:27:18,0.26760875183261934,0.4415892658696312,-0.08104460558657692,-0.5454983042836132,0.854807187372505,-0.6542602456260317,-0.9699953359860489,0.6367246930058812,-0.9198395096319482,-0.9439016079756536,-1.4235098802411845,-0.1670448510992168,-0.46663606496537435,-0.8377670088455107,-0.013325835790959507,0.2519548573635627,0.8476661097716809,2.080146683852859,0.3286457600908506,-0.6978939255030425,-1.565922055641274,0.5909302972311055,-0.08426377281954874,-0.4944977038162889,-0.652694376114479,0.6354938557587135,-1.2416542375766775,-0.584622290189622,0.935586686804927,0.037520720936842465,1.321148979078444,1.2680681348965608,0.2535035541301523,-0.6087299952655758,1.236593222728163,0.1493966305720944,-0.4276731329183245,0.9429366879655825,0.6774383757375942,1.8351320541617382,-0.3693906433638703,1.3340251672752836,-0.1826658907713915,0.3633230793806806,-0.9504832212589474
2025-08-05 06:27:18,-0.07538637394143942,-1.7701630989680681,-1.2027243805467926,-0.604829165294688,0.04657561617351888,-0.7235730024706925,-1.422485485590417,-0.7318435046180969,0.8938465637264393,1.7333048642506879,1.1075295927328674,1.0503523909485515,-0.7214482437344797,0.4965309342427153,-0.18970893043352924,-1.283992042850769,-0.8154464949482109,-0.6291994737996368,-0.16299245484989486,-0.6353857860131675,-0.6473412072118078,-2.019104180004741,-1.181515262773998,-1.7436067190860933,0.758118896334913,0.5358663894160027,-0.9464353185096048,0.8772180461203437,-0.016176517545645263,1.0058457632974502,-1.6621428232158146,-1.3210266077101949,1.5367854904012304,-0.011126307037561187,0.611093997495753,0.9050427419148532,1.8622492044327705,1.3231780143421716,0.7093703646257298,-0.4345542605080769,-0.28941374242207385,-1.2618820545182503,-1.3691827950329938,0.195878955977908,2.6440615789792785
2025-08-05 07:27:18,-1.1942032480769063,-0.9096926083286494,0.2162426157912251,-0.8041103976428613,-0.8085763875744995,0.8889656718182424,-0.8386309453106013,0.7479600586850839,-1.0251897551030957,-0.3532915530889442,0.25864784233862254,-0.7280208846561665,0.8564057256620784,-0.4165592908888792,-1.9612254521904011,0.09134231706084152,2.2926219211202903,0.05952138638457285,0.4050732436506655,-0.8565665513885637,-1.2390789524028332,1.1282752577808952,-1.0816922572454666,1.770477498466567,-0.3479261017956623,0.6412533498290247,-0.9117423444867647,0.5534663266066848,0.07503023785577789,0.047912420844581756,0.5387259055241909,-0.04607307364742077,-2.0274559318241034,-0.2988830617888584,-0.13083129576677252,-1.070486824614443,-0.7930395091877716,0.9978739904557645,2.4371760038140953,0.9934167481411915,-1.1866749108661634,0.12231659279413234,-0.9128529422187669,1.929746899262135,0.9364632800540009
2025-08-05 08:27:18,0.46011170325478623,-1.132035039811932,-0.2528461762142374,-0.06952560087700091,0.3856445920430002,0.1603643169870425,1.5795816778786909,-1.218607260349265,-0.9286741597875896,-0.7879432224763881,-1.4150692201733386,-0.1952416216684461,-0.8573471865799677,-1.057779021258756,-0.40696639067658524,-0.7027696253038522,-1.207455546037473,0.6391900951645073,-0.5771012522539234,1.5656665042342677,-1.1508810564781666,-0.9518495299566226,-0.7066251464783344,0.42491161290110996,-1.01634878631259,0.36028300356693893,-1.319938517497342,-0.35977637886204833,-0.28203406843051093,1.436474326981825,0.3340578150568213,0.33845042972713535,-0.4916820098478457,-0.06790031428910864,0.7709260098527119,0.012399831722114223,1.6248828616575313,0.5387153779413635,-0.5537903915762357,-0.9945565646369459,0.017598352323655402,-1.894744481439805,-0.20747305989011341,-0.9045830704692934,0.2989760621332397
2025-08-05 09:27:18,-0.6690931397167071,-0.6525282828841079,-0.3449181007790498,-0.688194674720684,-0.8912619908177295,0.00760797236257764,-0.2928688830230172,0.8498977415357248,-2.914078743492775,1.7151593200895825,0.9328343661877221,-0.6693305121835331,1.6740397949349568,-0.4045974582425664,-0.5389190721683176,-1.1564177167748564,0.4110884289521269,-0.5654520674095371,0.15606846248129788,1.2780796108517432,0.7787943179850139,0.11541046359316298,1.0075256748357881,-0.8369891640928039,-0.18196220337333566,-0.9743724585171128,-1.0404701810081334,0.2904997045576601,1.1321841680479,-2.376391194925817,-0.8849715665431985,0.23443675555087792,0.4020617946266563,-1.7888807249789356,-0.3113433138234367,-1.0723436715712593,-1.7732570459923482,-1.0263149901393673,1.190059553331949,1.1918203973244044,0.5967784525301049,0.0558742945586509,-0.8229618177150972,-0.01751787488926555,-1.0248610867361152
2025-08-05 10:27:18,0.14299922147129734,-0.24207040583749365,-2.277022831842976,0.5080033837590294,-1.6149680173334935,-0.06538621260172044,-0.29500113821920254,2.14540708965169,-0.9785790039869015,1.0516967945913647,-1.0023554585069014,-0.9492186163643458,-0.979633067456896,0.27775099636928796,-0.5922014086813366,0.317276626063015,0.2802062863387957,-1.0030725608505449,-0.6438848156415523,1.2640536955849624,1.4438931432497188,0.22054585945971517,1.9087737685289576,-0.07527274789069517,0.6959620400067938,1.4181170619021557,1.3297284239010314,-1.3512221139009066,-1.370131618178082,0.23690055834128312,-1.311694384837771,0.5493183204576649,-0.12756160657944354,0.7216854579223371,-0.07171529036889923,1.5385371371422853,-0.7770515958775275,-0.3128671347474477,0.20452681590798838,-1.8431193884082377,-0.30519261328686736,-0.5235682366081537,-0.14510681030438202,-1.180436804209949,0.3313136298466365
2025-08-05 11:27:18,-1.018788715765614,-0.12233555867632782,-0.7124203007426768,0.5857209698223882,-0.5091783440464615,-0.08075735621631742,0.646180489423853,-0.6883913586665786,-0.35012763130909363,0.14112053266094987,-0.15208040698804737,-2.3018176268918675,2.1151120795861957,0.8347235547317368,0.5264695572523762,0.4067987854521621,-3.393666589850574,0.489425300694466,1.4404723019469514,0.36949879402645575,-1.2590735013247005,-0.965026060474838,-1.041333221810764,0.6136486579297548,-1.1666498269847356,-0.1950314372734227,0.759557427763862,0.9488962005603696,-0.19422463302592569,1.3036215123555168,-1.118141595353602,1.0515145490606739,-1.837799389680418,1.0663317191097743,-0.8579641284880681,-2.721038593230438,1.8974273893308102,-0.3059964235982075,0.3289574889669781,-2.1577654363439867,-1.8790585651743885,1.229864041289917,1.43622622214818,0.7434721935988726,-0.07079027534768535
2025-08-05 12:27:18,-0.9603791027579104,-1.6011468096503023,-1.3783287377302256,0.9831488032599818,0.6113377933161691,2.4168460932265687,0.5186851217868597,-0.7326778384958548,1.4125553208678387,1.3404216001594982,0.7254521792414248,-0.1437532010485654,-0.884493520116692,0.5169601694818181,-0.6195006558962987,-1.3254689428872983,-0.08830814250319005,-0.8021894982255183,2.365028136637837,1.0631369668947042,-0.5386147134842189,0.5133329597162571,-1.713151270043298,-0.021575573142273947,-1.194741765671476,-0.10435842729769898,0.2996890799645261,1.0520934204069943,0.5170542799529964,-0.1846963339316545,1.228361738607173,-0.9370406629737557,-1.2661553826800467,0.547413800501989,1.834428709818755,0.7386316301995149,-1.631869381744596,1.3169471376141209,-1.017127303074635,-0.4216426017251513,1.143851236063773,0.014180371646480493,-1.3582066884731794,-1.1017929596708136,-1.2353320007030133
2025-08-05 13:27:18,0.7468078199975201,1.6196878621891115,1.1993718719226645,0.7470421130558234,-1.6180094561009095,0.09132728156645102,-0.5928955878879243,0.9769906394195805,0.14091259648069282,-1.8741657153142888,0.7382175149549088,-0.08768861747989884,-0.6852567123226505,-0.9754653330319937,-0.16974132208098977,-1.0157059690524455,0.6870075418999342,0.17975077593571037,0.6843921603702272,-1.0586287914339387,-0.3858795895402415,0.4229397243653795,-0.40343906850913286,0.7921946667272488,1.5801438190596813,0.0380768469789032,0.47024204305234574,-0.07975243402511983,-0.284785550054056,-1.8925118183420753,-0.08034011184874777,-0.4220636667138917,-0.3042085720243467,-1.196630911679361,0.8647495439667889,0.6345697300032083,0.38775160732227915,-1.4248634277273264,1.3956704480311024,1.51770522576225,-2.2404607861610772,-1.6020510129140502,-0.16336396259869013,0.838439179283258,-0.03606423199580273
2025-08-05 14:27:18,0.418811188384008,2.4834345183716167,-1.1393197738655843,0.07482965221754871,1.8003706314198484,-0.3053552901240899,0.8976327238466059,0.3779647551678099,-0.048546919729574534,0.5880475010707752,-0.6054683305400221,0.32978159447491384,-0.5591092572190886,0.5858616149696652,-2.195275370217672,0.3308586327305143,0.7551986378402823,0.16928998484923846,-1.1829542361529395,0.25854919160818607,-0.3284418323511919,-1.8134686554624533,-0.2992320734699302,0.3385564628528971,1.5654212926199598,-0.22659101403901757,0.9705201043977832,-0.17764230463033145,-0.4038986367683426,-1.8129797092212063,0.17744916768624475,0.9043298901521125,1.2941952236065402,-1.1123359861898365,0.07675164780822126,0.7047774081149618,-0.032217911173396174,-2.334202476790304,-1.5958884580657597,-0.4363036538955836,-0.050579072500965175,0.514509003449763,-1.585498819231402,0.5131111440746642,1.0149575079210966
2025-08-05 15:27:18,0.011888134806564235,-0.5051462579818994,-0.36926345739188643,-0.8900546955517676,0.18684912579453508,0.7220879708926436,0.9275275975158735,1.6024812482878887,0.11373778342414069,0.6103867527464446,0.6073818055430786,0.9625679918975313,1.6297989415211545,-1.2147294984175274,1.7298969045830044,-1.1161114223130444,-0.5606659074748789,0.6318895446871038,-0.781367450367982,-0.7008434432431776,0.4763651453367096,-0.7400653831850813,0.9654838847437478,0.505559890509777,0.10881845626820087,0.5430611674803697,1.0128518153392263,0.4489197952335296,-2.215572237174645,-1.0860379748884557,-0.24454282295351573,1.013842995715561,-0.03395654685723188,-1.3113763601889261,-0.7660721379197238,-0.23784117665229437,-0.15603280043778409,-0.6182268033437327,-0.4547136340058077,-0.31911809573949357,-0.3673339205717494,-0.9005965113443825,0.4740391326432215,-0.015842995802780292,0.2446533266494093
2025-08-05 16:27:18,0.501189527207353,-0.06343486234899168,-1.2789851557113334,0.5530211873972023,1.616566417811707,-2.4174399700309195,1.1908865770887342,-0.1523832749689754,-2.0310647392355365,0.8945282587422542,-0.4696519480142689,0.5824430726848776,0.7295142603701303,-0.8895924076835718,-1.4109569898560628,-0.5110688462088201,-1.786259870668868,0.429190767640055,0.13535420334201792,0.46432858496175394,-1.3155232188321493,-0.029472420702292335,0.9008830673220423,0.6488824941288138,1.3103063776907016,1.089919442987221,-1.8525978844870987,1.1780119686962474,-0.1930447138736134,-1.4096115394874382,0.7534387248890231,-1.5851692008461398,0.7443111915028233,1.0974435489125869,-0.4653841090097739,0.8451610777144729,-0.5944843096879792,-0.1897095758655625,0.6922659621413139,-0.1968302385575591,-1.471260526267928,0.9312067672996333,-0.8385786833863733,-0.5991040995396292,1.7427393893534924
